24.0,0.1,1.94444439,0.8571428571428572
24.0,0.1,1.94444439,0.9142857142857143
24.0,0.1,1.94444439,0.9714285714285714
24.0,0.1,1.94444439,1.0285714285714285
24.0,0.1,1.94444439,1.0857142857142856
24.0,0.1,1.94444439,1.1428571428571428
24.0,0.1,1.94444439,1.2
24.0,0.1,2.1825396214285715,0.8
24.0,0.1,2.1825396214285715,0.8571428571428572
24.0,0.1,2.1825396214285715,0.9142857142857143
24.0,0.1,2.1825396214285715,0.9714285714285714
24.0,0.1,2.1825396214285715,1.0285714285714285
24.0,0.1,2.1825396214285715,1.0857142857142856
24.0,0.1,2.1825396214285715,1.1428571428571428
24.0,0.1,2.1825396214285715,1.2
24.0,0.1,2.420634852857143,0.8
24.0,0.1,2.420634852857143,0.8571428571428572
24.0,0.1,2.420634852857143,0.9142857142857143
24.0,0.1,2.420634852857143,0.9714285714285714
24.0,0.1,2.420634852857143,1.0285714285714285
24.0,0.1,2.420634852857143,1.0857142857142856
24.0,0.1,2.420634852857143,1.1428571428571428
24.0,0.1,2.420634852857143,1.2
24.0,0.1,2.6587300842857142,0.8
24.0,0.1,2.6587300842857142,0.8571428571428572
24.0,0.1,2.6587300842857142,0.9142857142857143
24.0,0.1,2.6587300842857142,0.9714285714285714
24.0,0.1,2.6587300842857142,1.0285714285714285
24.0,0.1,2.6587300842857142,1.0857142857142856
24.0,0.1,2.6587300842857142,1.1428571428571428
24.0,0.1,2.6587300842857142,1.2
24.0,0.1,2.896825315714286,0.8
24.0,0.1,2.896825315714286,0.8571428571428572
24.0,0.1,2.896825315714286,0.9142857142857143
24.0,0.1,2.896825315714286,0.9714285714285714
24.0,0.1,2.896825315714286,1.0285714285714285
24.0,0.1,2.896825315714286,1.0857142857142856
24.0,0.1,2.896825315714286,1.1428571428571428
24.0,0.1,2.896825315714286,1.2
24.0,0.1,3.1349205471428574,0.8
24.0,0.1,3.1349205471428574,0.8571428571428572
24.0,0.1,3.1349205471428574,0.9142857142857143
24.0,0.1,3.1349205471428574,0.9714285714285714
24.0,0.1,3.1349205471428574,1.0285714285714285
24.0,0.1,3.1349205471428574,1.0857142857142856
24.0,0.1,3.1349205471428574,1.1428571428571428
24.0,0.1,3.1349205471428574,1.2
24.0,0.1,3.373015778571429,0.8
24.0,0.1,3.373015778571429,0.8571428571428572
24.0,0.1,3.373015778571429,0.9142857142857143
24.0,0.1,3.373015778571429,0.9714285714285714
24.0,0.1,3.373015778571429,1.0285714285714285
24.0,0.1,3.373015778571429,1.0857142857142856
24.0,0.1,3.373015778571429,1.1428571428571428
24.0,0.1,3.373015778571429,1.2
24.0,0.1,3.61111101,0.8
24.0,0.1,3.61111101,0.8571428571428572
24.0,0.1,3.61111101,0.9142857142857143
24.0,0.1,3.61111101,0.9714285714285714
24.0,0.1,3.61111101,1.0285714285714285
24.0,0.1,3.61111101,1.0857142857142856
24.0,0.1,3.61111101,1.1428571428571428
24.0,0.1,3.61111101,1.2
24.0,0.12190136542044755,1.94444439,0.8
24.0,0.12190136542044755,1.94444439,0.8571428571428572
24.0,0.12190136542044755,1.94444439,0.9142857142857143
24.0,0.12190136542044755,1.94444439,0.9714285714285714
24.0,0.12190136542044755,1.94444439,1.0285714285714285
24.0,0.12190136542044755,1.94444439,1.0857142857142856
24.0,0.12190136542044755,1.94444439,1.1428571428571428
24.0,0.12190136542044755,1.94444439,1.2
24.0,0.12190136542044755,2.1825396214285715,0.8
24.0,0.12190136542044755,2.1825396214285715,0.8571428571428572
24.0,0.12190136542044755,2.1825396214285715,0.9142857142857143
24.0,0.12190136542044755,2.1825396214285715,0.9714285714285714
24.0,0.12190136542044755,2.1825396214285715,1.0285714285714285
24.0,0.12190136542044755,2.1825396214285715,1.0857142857142856
24.0,0.12190136542044755,2.1825396214285715,1.1428571428571428
24.0,0.12190136542044755,2.1825396214285715,1.2
24.0,0.12190136542044755,2.420634852857143,0.8
24.0,0.12190136542044755,2.420634852857143,0.8571428571428572
24.0,0.12190136542044755,2.420634852857143,0.9142857142857143
24.0,0.12190136542044755,2.420634852857143,0.9714285714285714
24.0,0.12190136542044755,2.420634852857143,1.0285714285714285
24.0,0.12190136542044755,2.420634852857143,1.0857142857142856
24.0,0.12190136542044755,2.420634852857143,1.1428571428571428
24.0,0.12190136542044755,2.420634852857143,1.2
24.0,0.12190136542044755,2.6587300842857142,0.8
24.0,0.12190136542044755,2.6587300842857142,0.8571428571428572
24.0,0.12190136542044755,2.6587300842857142,0.9142857142857143
24.0,0.12190136542044755,2.6587300842857142,0.9714285714285714
24.0,0.12190136542044755,2.6587300842857142,1.0285714285714285
24.0,0.12190136542044755,2.6587300842857142,1.0857142857142856
24.0,0.12190136542044755,2.6587300842857142,1.1428571428571428
24.0,0.12190136542044755,2.6587300842857142,1.2
24.0,0.12190136542044755,2.896825315714286,0.8
24.0,0.12190136542044755,2.896825315714286,0.8571428571428572
24.0,0.12190136542044755,2.896825315714286,0.9142857142857143
24.0,0.12190136542044755,2.896825315714286,0.9714285714285714
24.0,0.12190136542044755,2.896825315714286,1.0285714285714285
24.0,0.12190136542044755,2.896825315714286,1.0857142857142856
24.0,0.12190136542044755,2.896825315714286,1.1428571428571428
24.0,0.12190136542044755,2.896825315714286,1.2
24.0,0.12190136542044755,3.1349205471428574,0.8
24.0,0.12190136542044755,3.1349205471428574,0.8571428571428572
24.0,0.12190136542044755,3.1349205471428574,0.9142857142857143
24.0,0.12190136542044755,3.1349205471428574,0.9714285714285714
24.0,0.12190136542044755,3.1349205471428574,1.0285714285714285
24.0,0.12190136542044755,3.1349205471428574,1.0857142857142856
24.0,0.12190136542044755,3.1349205471428574,1.1428571428571428
24.0,0.12190136542044755,3.1349205471428574,1.2
24.0,0.12190136542044755,3.373015778571429,0.8
24.0,0.12190136542044755,3.373015778571429,0.8571428571428572
24.0,0.12190136542044755,3.373015778571429,0.9142857142857143
24.0,0.12190136542044755,3.373015778571429,0.9714285714285714
24.0,0.12190136542044755,3.373015778571429,1.0285714285714285
24.0,0.12190136542044755,3.373015778571429,1.0857142857142856
24.0,0.12190136542044755,3.373015778571429,1.1428571428571428
24.0,0.12190136542044755,3.373015778571429,1.2
24.0,0.12190136542044755,3.61111101,0.8
24.0,0.12190136542044755,3.61111101,0.8571428571428572
24.0,0.12190136542044755,3.61111101,0.9142857142857143
24.0,0.12190136542044755,3.61111101,0.9714285714285714
24.0,0.12190136542044755,3.61111101,1.0285714285714285
24.0,0.12190136542044755,3.61111101,1.0857142857142856
24.0,0.12190136542044755,3.61111101,1.1428571428571428
24.0,0.12190136542044755,3.61111101,1.2
24.0,0.14859942891369485,1.94444439,0.8
24.0,0.14859942891369485,1.94444439,0.8571428571428572
24.0,0.14859942891369485,1.94444439,0.9142857142857143
24.0,0.14859942891369485,1.94444439,0.9714285714285714
24.0,0.14859942891369485,1.94444439,1.0285714285714285
24.0,0.14859942891369485,1.94444439,1.0857142857142856
24.0,0.14859942891369485,1.94444439,1.1428571428571428
24.0,0.14859942891369485,1.94444439,1.2
24.0,0.14859942891369485,2.1825396214285715,0.8
24.0,0.14859942891369485,2.1825396214285715,0.8571428571428572
24.0,0.14859942891369485,2.1825396214285715,0.9142857142857143
24.0,0.14859942891369485,2.1825396214285715,0.9714285714285714
24.0,0.14859942891369485,2.1825396214285715,1.0285714285714285
24.0,0.14859942891369485,2.1825396214285715,1.0857142857142856
24.0,0.14859942891369485,2.1825396214285715,1.1428571428571428
24.0,0.14859942891369485,2.1825396214285715,1.2
24.0,0.14859942891369485,2.420634852857143,0.8
24.0,0.14859942891369485,2.420634852857143,0.8571428571428572
24.0,0.14859942891369485,2.420634852857143,0.9142857142857143
24.0,0.14859942891369485,2.420634852857143,0.9714285714285714
24.0,0.14859942891369485,2.420634852857143,1.0285714285714285
24.0,0.14859942891369485,2.420634852857143,1.0857142857142856
24.0,0.14859942891369485,2.420634852857143,1.1428571428571428
24.0,0.14859942891369485,2.420634852857143,1.2
24.0,0.14859942891369485,2.6587300842857142,0.8
24.0,0.14859942891369485,2.6587300842857142,0.8571428571428572
24.0,0.14859942891369485,2.6587300842857142,0.9142857142857143
24.0,0.14859942891369485,2.6587300842857142,0.9714285714285714
24.0,0.14859942891369485,2.6587300842857142,1.0285714285714285
24.0,0.14859942891369485,2.6587300842857142,1.0857142857142856
24.0,0.14859942891369485,2.6587300842857142,1.1428571428571428
24.0,0.14859942891369485,2.6587300842857142,1.2
24.0,0.14859942891369485,2.896825315714286,0.8
24.0,0.14859942891369485,2.896825315714286,0.8571428571428572
24.0,0.14859942891369485,2.896825315714286,0.9142857142857143
24.0,0.14859942891369485,2.896825315714286,0.9714285714285714
24.0,0.14859942891369485,2.896825315714286,1.0285714285714285
24.0,0.14859942891369485,2.896825315714286,1.0857142857142856
24.0,0.14859942891369485,2.896825315714286,1.1428571428571428
24.0,0.14859942891369485,2.896825315714286,1.2
24.0,0.14859942891369485,3.1349205471428574,0.8
24.0,0.14859942891369485,3.1349205471428574,0.8571428571428572
24.0,0.14859942891369485,3.1349205471428574,0.9142857142857143
24.0,0.14859942891369485,3.1349205471428574,0.9714285714285714
24.0,0.14859942891369485,3.1349205471428574,1.0285714285714285
24.0,0.14859942891369485,3.1349205471428574,1.0857142857142856
24.0,0.14859942891369485,3.1349205471428574,1.1428571428571428
24.0,0.14859942891369485,3.1349205471428574,1.2
24.0,0.14859942891369485,3.373015778571429,0.8
24.0,0.14859942891369485,3.373015778571429,0.8571428571428572
24.0,0.14859942891369485,3.373015778571429,0.9142857142857143
24.0,0.14859942891369485,3.373015778571429,0.9714285714285714
24.0,0.14859942891369485,3.373015778571429,1.0285714285714285
24.0,0.14859942891369485,3.373015778571429,1.0857142857142856
24.0,0.14859942891369485,3.373015778571429,1.1428571428571428
24.0,0.14859942891369485,3.373015778571429,1.2
24.0,0.14859942891369485,3.61111101,0.8
24.0,0.14859942891369485,3.61111101,0.8571428571428572
24.0,0.14859942891369485,3.61111101,0.9142857142857143
24.0,0.14859942891369485,3.61111101,0.9714285714285714
24.0,0.14859942891369485,3.61111101,1.0285714285714285
24.0,0.14859942891369485,3.61111101,1.0857142857142856
24.0,0.14859942891369485,3.61111101,1.1428571428571428
24.0,0.14859942891369485,3.61111101,1.2
24.0,0.18114473285278132,1.94444439,0.8
24.0,0.18114473285278132,1.94444439,0.8571428571428572
24.0,0.18114473285278132,1.94444439,0.9142857142857143
24.0,0.18114473285278132,1.94444439,0.9714285714285714
24.0,0.18114473285278132,1.94444439,1.0285714285714285
24.0,0.18114473285278132,1.94444439,1.0857142857142856
24.0,0.18114473285278132,1.94444439,1.1428571428571428
24.0,0.18114473285278132,1.94444439,1.2
24.0,0.18114473285278132,2.1825396214285715,0.8
24.0,0.18114473285278132,2.1825396214285715,0.8571428571428572
24.0,0.18114473285278132,2.1825396214285715,0.9142857142857143
24.0,0.18114473285278132,2.1825396214285715,0.9714285714285714
24.0,0.18114473285278132,2.1825396214285715,1.0285714285714285
24.0,0.18114473285278132,2.1825396214285715,1.0857142857142856
24.0,0.18114473285278132,2.1825396214285715,1.1428571428571428
24.0,0.18114473285278132,2.1825396214285715,1.2
24.0,0.18114473285278132,2.420634852857143,0.8
24.0,0.18114473285278132,2.420634852857143,0.8571428571428572
24.0,0.18114473285278132,2.420634852857143,0.9142857142857143
24.0,0.18114473285278132,2.420634852857143,0.9714285714285714
24.0,0.18114473285278132,2.420634852857143,1.0285714285714285
24.0,0.18114473285278132,2.420634852857143,1.0857142857142856
24.0,0.18114473285278132,2.420634852857143,1.1428571428571428
24.0,0.18114473285278132,2.420634852857143,1.2
24.0,0.18114473285278132,2.6587300842857142,0.8
24.0,0.18114473285278132,2.6587300842857142,0.8571428571428572
24.0,0.18114473285278132,2.6587300842857142,0.9142857142857143
24.0,0.18114473285278132,2.6587300842857142,0.9714285714285714
24.0,0.18114473285278132,2.6587300842857142,1.0285714285714285
24.0,0.18114473285278132,2.6587300842857142,1.0857142857142856
24.0,0.18114473285278132,2.6587300842857142,1.1428571428571428
24.0,0.18114473285278132,2.6587300842857142,1.2
24.0,0.18114473285278132,2.896825315714286,0.8
24.0,0.18114473285278132,2.896825315714286,0.8571428571428572
24.0,0.18114473285278132,2.896825315714286,0.9142857142857143
24.0,0.18114473285278132,2.896825315714286,0.9714285714285714
24.0,0.18114473285278132,2.896825315714286,1.0285714285714285
24.0,0.18114473285278132,2.896825315714286,1.0857142857142856
24.0,0.18114473285278132,2.896825315714286,1.1428571428571428
24.0,0.18114473285278132,2.896825315714286,1.2
24.0,0.18114473285278132,3.1349205471428574,0.8
24.0,0.18114473285278132,3.1349205471428574,0.8571428571428572
24.0,0.18114473285278132,3.1349205471428574,0.9142857142857143
24.0,0.18114473285278132,3.1349205471428574,0.9714285714285714
24.0,0.18114473285278132,3.1349205471428574,1.0285714285714285
24.0,0.18114473285278132,3.1349205471428574,1.0857142857142856
24.0,0.18114473285278132,3.1349205471428574,1.1428571428571428
24.0,0.18114473285278132,3.1349205471428574,1.2
24.0,0.18114473285278132,3.373015778571429,0.8
24.0,0.18114473285278132,3.373015778571429,0.8571428571428572
24.0,0.18114473285278132,3.373015778571429,0.9142857142857143
24.0,0.18114473285278132,3.373015778571429,0.9714285714285714
24.0,0.18114473285278132,3.373015778571429,1.0285714285714285
24.0,0.18114473285278132,3.373015778571429,1.0857142857142856
24.0,0.18114473285278132,3.373015778571429,1.1428571428571428
24.0,0.18114473285278132,3.373015778571429,1.2
24.0,0.18114473285278132,3.61111101,0.8
24.0,0.18114473285278132,3.61111101,0.8571428571428572
24.0,0.18114473285278132,3.61111101,0.9142857142857143
24.0,0.18114473285278132,3.61111101,0.9714285714285714
24.0,0.18114473285278132,3.61111101,1.0285714285714285
24.0,0.18114473285278132,3.61111101,1.0857142857142856
24.0,0.18114473285278132,3.61111101,1.1428571428571428
24.0,0.18114473285278132,3.61111101,1.2
24.0,0.22081790273476246,1.94444439,0.8
24.0,0.22081790273476246,1.94444439,0.8571428571428572
24.0,0.22081790273476246,1.94444439,0.9142857142857143
24.0,0.22081790273476246,1.94444439,0.9714285714285714
24.0,0.22081790273476246,1.94444439,1.0285714285714285
24.0,0.22081790273476246,1.94444439,1.0857142857142856
24.0,0.22081790273476246,1.94444439,1.1428571428571428
24.0,0.22081790273476246,1.94444439,1.2
24.0,0.22081790273476246,2.1825396214285715,0.8
24.0,0.22081790273476246,2.1825396214285715,0.8571428571428572
24.0,0.22081790273476246,2.1825396214285715,0.9142857142857143
24.0,0.22081790273476246,2.1825396214285715,0.9714285714285714
24.0,0.22081790273476246,2.1825396214285715,1.0285714285714285
24.0,0.22081790273476246,2.1825396214285715,1.0857142857142856
24.0,0.22081790273476246,2.1825396214285715,1.1428571428571428
24.0,0.22081790273476246,2.1825396214285715,1.2
24.0,0.22081790273476246,2.420634852857143,0.8
24.0,0.22081790273476246,2.420634852857143,0.8571428571428572
24.0,0.22081790273476246,2.420634852857143,0.9142857142857143
24.0,0.22081790273476246,2.420634852857143,0.9714285714285714
24.0,0.22081790273476246,2.420634852857143,1.0285714285714285
24.0,0.22081790273476246,2.420634852857143,1.0857142857142856
24.0,0.22081790273476246,2.420634852857143,1.1428571428571428
24.0,0.22081790273476246,2.420634852857143,1.2
24.0,0.22081790273476246,2.6587300842857142,0.8
24.0,0.22081790273476246,2.6587300842857142,0.8571428571428572
24.0,0.22081790273476246,2.6587300842857142,0.9142857142857143
24.0,0.22081790273476246,2.6587300842857142,0.9714285714285714
24.0,0.22081790273476246,2.6587300842857142,1.0285714285714285
24.0,0.22081790273476246,2.6587300842857142,1.0857142857142856
24.0,0.22081790273476246,2.6587300842857142,1.1428571428571428
24.0,0.22081790273476246,2.6587300842857142,1.2
24.0,0.22081790273476246,2.896825315714286,0.8
24.0,0.22081790273476246,2.896825315714286,0.8571428571428572
24.0,0.22081790273476246,2.896825315714286,0.9142857142857143
24.0,0.22081790273476246,2.896825315714286,0.9714285714285714
24.0,0.22081790273476246,2.896825315714286,1.0285714285714285
24.0,0.22081790273476246,2.896825315714286,1.0857142857142856
24.0,0.22081790273476246,2.896825315714286,1.1428571428571428
24.0,0.22081790273476246,2.896825315714286,1.2
24.0,0.22081790273476246,3.1349205471428574,0.8
24.0,0.22081790273476246,3.1349205471428574,0.8571428571428572
24.0,0.22081790273476246,3.1349205471428574,0.9142857142857143
24.0,0.22081790273476246,3.1349205471428574,0.9714285714285714
24.0,0.22081790273476246,3.1349205471428574,1.0285714285714285
24.0,0.22081790273476246,3.1349205471428574,1.0857142857142856
24.0,0.22081790273476246,3.1349205471428574,1.1428571428571428
24.0,0.22081790273476246,3.1349205471428574,1.2
24.0,0.22081790273476246,3.373015778571429,0.8
24.0,0.22081790273476246,3.373015778571429,0.8571428571428572
24.0,0.22081790273476246,3.373015778571429,0.9142857142857143
24.0,0.22081790273476246,3.373015778571429,0.9714285714285714
24.0,0.22081790273476246,3.373015778571429,1.0285714285714285
24.0,0.22081790273476246,3.373015778571429,1.0857142857142856
24.0,0.22081790273476246,3.373015778571429,1.1428571428571428
24.0,0.22081790273476246,3.373015778571429,1.2
24.0,0.22081790273476246,3.61111101,0.8
24.0,0.22081790273476246,3.61111101,0.8571428571428572
24.0,0.22081790273476246,3.61111101,0.9142857142857143
24.0,0.22081790273476246,3.61111101,0.9714285714285714
24.0,0.22081790273476246,3.61111101,1.0285714285714285
24.0,0.22081790273476246,3.61111101,1.0857142857142856
24.0,0.22081790273476246,3.61111101,1.1428571428571428
24.0,0.22081790273476246,3.61111101,1.2
24.0,0.26918003852647127,1.94444439,0.8
24.0,0.26918003852647127,1.94444439,0.8571428571428572
24.0,0.26918003852647127,1.94444439,0.9142857142857143
24.0,0.26918003852647127,1.94444439,0.9714285714285714
24.0,0.26918003852647127,1.94444439,1.0285714285714285
24.0,0.26918003852647127,1.94444439,1.0857142857142856
24.0,0.26918003852647127,1.94444439,1.1428571428571428
24.0,0.26918003852647127,1.94444439,1.2
24.0,0.26918003852647127,2.1825396214285715,0.8
24.0,0.26918003852647127,2.1825396214285715,0.8571428571428572
24.0,0.26918003852647127,2.1825396214285715,0.9142857142857143
24.0,0.26918003852647127,2.1825396214285715,0.9714285714285714
24.0,0.26918003852647127,2.1825396214285715,1.0285714285714285
24.0,0.26918003852647127,2.1825396214285715,1.0857142857142856
24.0,0.26918003852647127,2.1825396214285715,1.1428571428571428
24.0,0.26918003852647127,2.1825396214285715,1.2
24.0,0.26918003852647127,2.420634852857143,0.8
24.0,0.26918003852647127,2.420634852857143,0.8571428571428572
24.0,0.26918003852647127,2.420634852857143,0.9142857142857143
24.0,0.26918003852647127,2.420634852857143,0.9714285714285714
24.0,0.26918003852647127,2.420634852857143,1.0285714285714285
24.0,0.26918003852647127,2.420634852857143,1.0857142857142856
24.0,0.26918003852647127,2.420634852857143,1.1428571428571428
24.0,0.26918003852647127,2.420634852857143,1.2
24.0,0.26918003852647127,2.6587300842857142,0.8
24.0,0.26918003852647127,2.6587300842857142,0.8571428571428572
24.0,0.26918003852647127,2.6587300842857142,0.9142857142857143
24.0,0.26918003852647127,2.6587300842857142,0.9714285714285714
24.0,0.26918003852647127,2.6587300842857142,1.0285714285714285
24.0,0.26918003852647127,2.6587300842857142,1.0857142857142856
24.0,0.26918003852647127,2.6587300842857142,1.1428571428571428
24.0,0.26918003852647127,2.6587300842857142,1.2
24.0,0.26918003852647127,2.896825315714286,0.8
24.0,0.26918003852647127,2.896825315714286,0.8571428571428572
24.0,0.26918003852647127,2.896825315714286,0.9142857142857143
24.0,0.26918003852647127,2.896825315714286,0.9714285714285714
24.0,0.26918003852647127,2.896825315714286,1.0285714285714285
24.0,0.26918003852647127,2.896825315714286,1.0857142857142856
24.0,0.26918003852647127,2.896825315714286,1.1428571428571428
24.0,0.26918003852647127,2.896825315714286,1.2
24.0,0.26918003852647127,3.1349205471428574,0.8
24.0,0.26918003852647127,3.1349205471428574,0.8571428571428572
24.0,0.26918003852647127,3.1349205471428574,0.9142857142857143
24.0,0.26918003852647127,3.1349205471428574,0.9714285714285714
24.0,0.26918003852647127,3.1349205471428574,1.0285714285714285
24.0,0.26918003852647127,3.1349205471428574,1.0857142857142856
24.0,0.26918003852647127,3.1349205471428574,1.1428571428571428
24.0,0.26918003852647127,3.1349205471428574,1.2
24.0,0.26918003852647127,3.373015778571429,0.8
24.0,0.26918003852647127,3.373015778571429,0.8571428571428572
24.0,0.26918003852647127,3.373015778571429,0.9142857142857143
24.0,0.26918003852647127,3.373015778571429,0.9714285714285714
24.0,0.26918003852647127,3.373015778571429,1.0285714285714285
24.0,0.26918003852647127,3.373015778571429,1.0857142857142856
24.0,0.26918003852647127,3.373015778571429,1.1428571428571428
24.0,0.26918003852647127,3.373015778571429,1.2
24.0,0.26918003852647127,3.61111101,0.8
24.0,0.26918003852647127,3.61111101,0.8571428571428572
24.0,0.26918003852647127,3.61111101,0.9142857142857143
24.0,0.26918003852647127,3.61111101,0.9714285714285714
24.0,0.26918003852647127,3.61111101,1.0285714285714285
24.0,0.26918003852647127,3.61111101,1.0857142857142856
24.0,0.26918003852647127,3.61111101,1.1428571428571428
24.0,0.26918003852647127,3.61111101,1.2
24.0,0.32813414240305516,1.94444439,0.8
24.0,0.32813414240305516,1.94444439,0.8571428571428572
24.0,0.32813414240305516,1.94444439,0.9142857142857143
24.0,0.32813414240305516,1.94444439,0.9714285714285714
24.0,0.32813414240305516,1.94444439,1.0285714285714285
24.0,0.32813414240305516,1.94444439,1.0857142857142856
24.0,0.32813414240305516,1.94444439,1.1428571428571428
24.0,0.32813414240305516,1.94444439,1.2
24.0,0.32813414240305516,2.1825396214285715,0.8
24.0,0.32813414240305516,2.1825396214285715,0.8571428571428572
24.0,0.32813414240305516,2.1825396214285715,0.9142857142857143
24.0,0.32813414240305516,2.1825396214285715,0.9714285714285714
24.0,0.32813414240305516,2.1825396214285715,1.0285714285714285
24.0,0.32813414240305516,2.1825396214285715,1.0857142857142856
24.0,0.32813414240305516,2.1825396214285715,1.1428571428571428
24.0,0.32813414240305516,2.1825396214285715,1.2
24.0,0.32813414240305516,2.420634852857143,0.8
24.0,0.32813414240305516,2.420634852857143,0.8571428571428572
24.0,0.32813414240305516,2.420634852857143,0.9142857142857143
24.0,0.32813414240305516,2.420634852857143,0.9714285714285714
24.0,0.32813414240305516,2.420634852857143,1.0285714285714285
24.0,0.32813414240305516,2.420634852857143,1.0857142857142856
24.0,0.32813414240305516,2.420634852857143,1.1428571428571428
24.0,0.32813414240305516,2.420634852857143,1.2
24.0,0.32813414240305516,2.6587300842857142,0.8
24.0,0.32813414240305516,2.6587300842857142,0.8571428571428572
24.0,0.32813414240305516,2.6587300842857142,0.9142857142857143
24.0,0.32813414240305516,2.6587300842857142,0.9714285714285714
24.0,0.32813414240305516,2.6587300842857142,1.0285714285714285
24.0,0.32813414240305516,2.6587300842857142,1.0857142857142856
24.0,0.32813414240305516,2.6587300842857142,1.1428571428571428
24.0,0.32813414240305516,2.6587300842857142,1.2
24.0,0.32813414240305516,2.896825315714286,0.8
24.0,0.32813414240305516,2.896825315714286,0.8571428571428572
24.0,0.32813414240305516,2.896825315714286,0.9142857142857143
24.0,0.32813414240305516,2.896825315714286,0.9714285714285714
24.0,0.32813414240305516,2.896825315714286,1.0285714285714285
24.0,0.32813414240305516,2.896825315714286,1.0857142857142856
24.0,0.32813414240305516,2.896825315714286,1.1428571428571428
24.0,0.32813414240305516,2.896825315714286,1.2
24.0,0.32813414240305516,3.1349205471428574,0.8
24.0,0.32813414240305516,3.1349205471428574,0.8571428571428572
24.0,0.32813414240305516,3.1349205471428574,0.9142857142857143
24.0,0.32813414240305516,3.1349205471428574,0.9714285714285714
24.0,0.32813414240305516,3.1349205471428574,1.0285714285714285
24.0,0.32813414240305516,3.1349205471428574,1.0857142857142856
24.0,0.32813414240305516,3.1349205471428574,1.1428571428571428
24.0,0.32813414240305516,3.1349205471428574,1.2
24.0,0.32813414240305516,3.373015778571429,0.8
24.0,0.32813414240305516,3.373015778571429,0.8571428571428572
24.0,0.32813414240305516,3.373015778571429,0.9142857142857143
24.0,0.32813414240305516,3.373015778571429,0.9714285714285714
24.0,0.32813414240305516,3.373015778571429,1.0285714285714285
24.0,0.32813414240305516,3.373015778571429,1.0857142857142856
24.0,0.32813414240305516,3.373015778571429,1.1428571428571428
24.0,0.32813414240305516,3.373015778571429,1.2
24.0,0.32813414240305516,3.61111101,0.8
24.0,0.32813414240305516,3.61111101,0.8571428571428572
24.0,0.32813414240305516,3.61111101,0.9142857142857143
24.0,0.32813414240305516,3.61111101,0.9714285714285714
24.0,0.32813414240305516,3.61111101,1.0285714285714285
24.0,0.32813414240305516,3.61111101,1.0857142857142856
24.0,0.32813414240305516,3.61111101,1.1428571428571428
24.0,0.32813414240305516,3.61111101,1.2
24.0,0.4,1.94444439,0.8
24.0,0.4,1.94444439,0.8571428571428572
24.0,0.4,1.94444439,0.9142857142857143
24.0,0.4,1.94444439,0.9714285714285714
24.0,0.4,1.94444439,1.0285714285714285
24.0,0.4,1.94444439,1.0857142857142856
24.0,0.4,1.94444439,1.1428571428571428
24.0,0.4,1.94444439,1.2
24.0,0.4,2.1825396214285715,0.8
24.0,0.4,2.1825396214285715,0.8571428571428572
24.0,0.4,2.1825396214285715,0.9142857142857143
24.0,0.4,2.1825396214285715,0.9714285714285714
24.0,0.4,2.1825396214285715,1.0285714285714285
24.0,0.4,2.1825396214285715,1.0857142857142856
24.0,0.4,2.1825396214285715,1.1428571428571428
24.0,0.4,2.1825396214285715,1.2
24.0,0.4,2.420634852857143,0.8
24.0,0.4,2.420634852857143,0.8571428571428572
24.0,0.4,2.420634852857143,0.9142857142857143
24.0,0.4,2.420634852857143,0.9714285714285714
24.0,0.4,2.420634852857143,1.0285714285714285
24.0,0.4,2.420634852857143,1.0857142857142856
24.0,0.4,2.420634852857143,1.1428571428571428
24.0,0.4,2.420634852857143,1.2
24.0,0.4,2.6587300842857142,0.8
24.0,0.4,2.6587300842857142,0.8571428571428572
24.0,0.4,2.6587300842857142,0.9142857142857143
24.0,0.4,2.6587300842857142,0.9714285714285714
24.0,0.4,2.6587300842857142,1.0285714285714285
24.0,0.4,2.6587300842857142,1.0857142857142856
24.0,0.4,2.6587300842857142,1.1428571428571428
24.0,0.4,2.6587300842857142,1.2
24.0,0.4,2.896825315714286,0.8
24.0,0.4,2.896825315714286,0.8571428571428572
24.0,0.4,2.896825315714286,0.9142857142857143
24.0,0.4,2.896825315714286,0.9714285714285714
24.0,0.4,2.896825315714286,1.0285714285714285
24.0,0.4,2.896825315714286,1.0857142857142856
24.0,0.4,2.896825315714286,1.1428571428571428
24.0,0.4,2.896825315714286,1.2
24.0,0.4,3.1349205471428574,0.8
24.0,0.4,3.1349205471428574,0.8571428571428572
24.0,0.4,3.1349205471428574,0.9142857142857143
24.0,0.4,3.1349205471428574,0.9714285714285714
24.0,0.4,3.1349205471428574,1.0285714285714285
24.0,0.4,3.1349205471428574,1.0857142857142856
24.0,0.4,3.1349205471428574,1.1428571428571428
24.0,0.4,3.1349205471428574,1.2
24.0,0.4,3.373015778571429,0.8
24.0,0.4,3.373015778571429,0.8571428571428572
24.0,0.4,3.373015778571429,0.9142857142857143
24.0,0.4,3.373015778571429,0.9714285714285714
24.0,0.4,3.373015778571429,1.0285714285714285
24.0,0.4,3.373015778571429,1.0857142857142856
24.0,0.4,3.373015778571429,1.1428571428571428
24.0,0.4,3.373015778571429,1.2
24.0,0.4,3.61111101,0.8
24.0,0.4,3.61111101,0.8571428571428572
24.0,0.4,3.61111101,0.9142857142857143
24.0,0.4,3.61111101,0.9714285714285714
24.0,0.4,3.61111101,1.0285714285714285
24.0,0.4,3.61111101,1.0857142857142856
24.0,0.4,3.61111101,1.1428571428571428
24.0,0.4,3.61111101,1.2
25.71428571428571,0.1,1.94444439,0.8
25.71428571428571,0.1,1.94444439,0.8571428571428572
25.71428571428571,0.1,1.94444439,0.9142857142857143
25.71428571428571,0.1,1.94444439,0.9714285714285714
25.71428571428571,0.1,1.94444439,1.0285714285714285
25.71428571428571,0.1,1.94444439,1.0857142857142856
25.71428571428571,0.1,1.94444439,1.1428571428571428
25.71428571428571,0.1,1.94444439,1.2
25.71428571428571,0.1,2.1825396214285715,0.8
25.71428571428571,0.1,2.1825396214285715,0.8571428571428572
25.71428571428571,0.1,2.1825396214285715,0.9142857142857143
25.71428571428571,0.1,2.1825396214285715,0.9714285714285714
25.71428571428571,0.1,2.1825396214285715,1.0285714285714285
25.71428571428571,0.1,2.1825396214285715,1.0857142857142856
25.71428571428571,0.1,2.1825396214285715,1.1428571428571428
25.71428571428571,0.1,2.1825396214285715,1.2
25.71428571428571,0.1,2.420634852857143,0.8
25.71428571428571,0.1,2.420634852857143,0.8571428571428572
25.71428571428571,0.1,2.420634852857143,0.9142857142857143
25.71428571428571,0.1,2.420634852857143,0.9714285714285714
25.71428571428571,0.1,2.420634852857143,1.0285714285714285
25.71428571428571,0.1,2.420634852857143,1.0857142857142856
25.71428571428571,0.1,2.420634852857143,1.1428571428571428
25.71428571428571,0.1,2.420634852857143,1.2
25.71428571428571,0.1,2.6587300842857142,0.8
25.71428571428571,0.1,2.6587300842857142,0.8571428571428572
25.71428571428571,0.1,2.6587300842857142,0.9142857142857143
25.71428571428571,0.1,2.6587300842857142,0.9714285714285714
25.71428571428571,0.1,2.6587300842857142,1.0285714285714285
25.71428571428571,0.1,2.6587300842857142,1.0857142857142856
25.71428571428571,0.1,2.6587300842857142,1.1428571428571428
25.71428571428571,0.1,2.6587300842857142,1.2
25.71428571428571,0.1,2.896825315714286,0.8
25.71428571428571,0.1,2.896825315714286,0.8571428571428572
25.71428571428571,0.1,2.896825315714286,0.9142857142857143
25.71428571428571,0.1,2.896825315714286,0.9714285714285714
25.71428571428571,0.1,2.896825315714286,1.0285714285714285
25.71428571428571,0.1,2.896825315714286,1.0857142857142856
25.71428571428571,0.1,2.896825315714286,1.1428571428571428
25.71428571428571,0.1,2.896825315714286,1.2
25.71428571428571,0.1,3.1349205471428574,0.8
25.71428571428571,0.1,3.1349205471428574,0.8571428571428572
25.71428571428571,0.1,3.1349205471428574,0.9142857142857143
25.71428571428571,0.1,3.1349205471428574,0.9714285714285714
25.71428571428571,0.1,3.1349205471428574,1.0285714285714285
25.71428571428571,0.1,3.1349205471428574,1.0857142857142856
25.71428571428571,0.1,3.1349205471428574,1.1428571428571428
25.71428571428571,0.1,3.1349205471428574,1.2
25.71428571428571,0.1,3.373015778571429,0.8
25.71428571428571,0.1,3.373015778571429,0.8571428571428572
25.71428571428571,0.1,3.373015778571429,0.9142857142857143
25.71428571428571,0.1,3.373015778571429,0.9714285714285714
25.71428571428571,0.1,3.373015778571429,1.0285714285714285
25.71428571428571,0.1,3.373015778571429,1.0857142857142856
25.71428571428571,0.1,3.373015778571429,1.1428571428571428
25.71428571428571,0.1,3.373015778571429,1.2
25.71428571428571,0.1,3.61111101,0.8
25.71428571428571,0.1,3.61111101,0.8571428571428572
25.71428571428571,0.1,3.61111101,0.9142857142857143
25.71428571428571,0.1,3.61111101,0.9714285714285714
25.71428571428571,0.1,3.61111101,1.0285714285714285
25.71428571428571,0.1,3.61111101,1.0857142857142856
25.71428571428571,0.1,3.61111101,1.1428571428571428
25.71428571428571,0.1,3.61111101,1.2
25.71428571428571,0.12190136542044755,1.94444439,0.8
25.71428571428571,0.12190136542044755,1.94444439,0.8571428571428572
25.71428571428571,0.12190136542044755,1.94444439,0.9142857142857143
25.71428571428571,0.12190136542044755,1.94444439,0.9714285714285714
25.71428571428571,0.12190136542044755,1.94444439,1.0285714285714285
25.71428571428571,0.12190136542044755,1.94444439,1.0857142857142856
25.71428571428571,0.12190136542044755,1.94444439,1.1428571428571428
25.71428571428571,0.12190136542044755,1.94444439,1.2
25.71428571428571,0.12190136542044755,2.1825396214285715,0.8
25.71428571428571,0.12190136542044755,2.1825396214285715,0.8571428571428572
25.71428571428571,0.12190136542044755,2.1825396214285715,0.9142857142857143
25.71428571428571,0.12190136542044755,2.1825396214285715,0.9714285714285714
25.71428571428571,0.12190136542044755,2.1825396214285715,1.0285714285714285
25.71428571428571,0.12190136542044755,2.1825396214285715,1.0857142857142856
25.71428571428571,0.12190136542044755,2.1825396214285715,1.1428571428571428
25.71428571428571,0.12190136542044755,2.1825396214285715,1.2
25.71428571428571,0.12190136542044755,2.420634852857143,0.8
25.71428571428571,0.12190136542044755,2.420634852857143,0.8571428571428572
25.71428571428571,0.12190136542044755,2.420634852857143,0.9142857142857143
25.71428571428571,0.12190136542044755,2.420634852857143,0.9714285714285714
25.71428571428571,0.12190136542044755,2.420634852857143,1.0285714285714285
25.71428571428571,0.12190136542044755,2.420634852857143,1.0857142857142856
25.71428571428571,0.12190136542044755,2.420634852857143,1.1428571428571428
25.71428571428571,0.12190136542044755,2.420634852857143,1.2
25.71428571428571,0.12190136542044755,2.6587300842857142,0.8
25.71428571428571,0.12190136542044755,2.6587300842857142,0.8571428571428572
25.71428571428571,0.12190136542044755,2.6587300842857142,0.9142857142857143
25.71428571428571,0.12190136542044755,2.6587300842857142,0.9714285714285714
25.71428571428571,0.12190136542044755,2.6587300842857142,1.0285714285714285
25.71428571428571,0.12190136542044755,2.6587300842857142,1.0857142857142856
25.71428571428571,0.12190136542044755,2.6587300842857142,1.1428571428571428
25.71428571428571,0.12190136542044755,2.6587300842857142,1.2
25.71428571428571,0.12190136542044755,2.896825315714286,0.8
25.71428571428571,0.12190136542044755,2.896825315714286,0.8571428571428572
25.71428571428571,0.12190136542044755,2.896825315714286,0.9142857142857143
25.71428571428571,0.12190136542044755,2.896825315714286,0.9714285714285714
25.71428571428571,0.12190136542044755,2.896825315714286,1.0285714285714285
25.71428571428571,0.12190136542044755,2.896825315714286,1.0857142857142856
25.71428571428571,0.12190136542044755,2.896825315714286,1.1428571428571428
25.71428571428571,0.12190136542044755,2.896825315714286,1.2
25.71428571428571,0.12190136542044755,3.1349205471428574,0.8
25.71428571428571,0.12190136542044755,3.1349205471428574,0.8571428571428572
25.71428571428571,0.12190136542044755,3.1349205471428574,0.9142857142857143
25.71428571428571,0.12190136542044755,3.1349205471428574,0.9714285714285714
25.71428571428571,0.12190136542044755,3.1349205471428574,1.0285714285714285
25.71428571428571,0.12190136542044755,3.1349205471428574,1.0857142857142856
25.71428571428571,0.12190136542044755,3.1349205471428574,1.1428571428571428
25.71428571428571,0.12190136542044755,3.1349205471428574,1.2
25.71428571428571,0.12190136542044755,3.373015778571429,0.8
25.71428571428571,0.12190136542044755,3.373015778571429,0.8571428571428572
25.71428571428571,0.12190136542044755,3.373015778571429,0.9142857142857143
25.71428571428571,0.12190136542044755,3.373015778571429,0.9714285714285714
25.71428571428571,0.12190136542044755,3.373015778571429,1.0285714285714285
25.71428571428571,0.12190136542044755,3.373015778571429,1.0857142857142856
25.71428571428571,0.12190136542044755,3.373015778571429,1.1428571428571428
25.71428571428571,0.12190136542044755,3.373015778571429,1.2
25.71428571428571,0.12190136542044755,3.61111101,0.8
25.71428571428571,0.12190136542044755,3.61111101,0.8571428571428572
25.71428571428571,0.12190136542044755,3.61111101,0.9142857142857143
25.71428571428571,0.12190136542044755,3.61111101,0.9714285714285714
25.71428571428571,0.12190136542044755,3.61111101,1.0285714285714285
25.71428571428571,0.12190136542044755,3.61111101,1.0857142857142856
25.71428571428571,0.12190136542044755,3.61111101,1.1428571428571428
25.71428571428571,0.12190136542044755,3.61111101,1.2
25.71428571428571,0.14859942891369485,1.94444439,0.8
25.71428571428571,0.14859942891369485,1.94444439,0.8571428571428572
25.71428571428571,0.14859942891369485,1.94444439,0.9142857142857143
25.71428571428571,0.14859942891369485,1.94444439,0.9714285714285714
25.71428571428571,0.14859942891369485,1.94444439,1.0285714285714285
25.71428571428571,0.14859942891369485,1.94444439,1.0857142857142856
25.71428571428571,0.14859942891369485,1.94444439,1.1428571428571428
25.71428571428571,0.14859942891369485,1.94444439,1.2
25.71428571428571,0.14859942891369485,2.1825396214285715,0.8
25.71428571428571,0.14859942891369485,2.1825396214285715,0.8571428571428572
25.71428571428571,0.14859942891369485,2.1825396214285715,0.9142857142857143
25.71428571428571,0.14859942891369485,2.1825396214285715,0.9714285714285714
25.71428571428571,0.14859942891369485,2.1825396214285715,1.0285714285714285
25.71428571428571,0.14859942891369485,2.1825396214285715,1.0857142857142856
25.71428571428571,0.14859942891369485,2.1825396214285715,1.1428571428571428
25.71428571428571,0.14859942891369485,2.1825396214285715,1.2
25.71428571428571,0.14859942891369485,2.420634852857143,0.8
25.71428571428571,0.14859942891369485,2.420634852857143,0.8571428571428572
25.71428571428571,0.14859942891369485,2.420634852857143,0.9142857142857143
25.71428571428571,0.14859942891369485,2.420634852857143,0.9714285714285714
25.71428571428571,0.14859942891369485,2.420634852857143,1.0285714285714285
25.71428571428571,0.14859942891369485,2.420634852857143,1.0857142857142856
25.71428571428571,0.14859942891369485,2.420634852857143,1.1428571428571428
25.71428571428571,0.14859942891369485,2.420634852857143,1.2
25.71428571428571,0.14859942891369485,2.6587300842857142,0.8
25.71428571428571,0.14859942891369485,2.6587300842857142,0.8571428571428572
25.71428571428571,0.14859942891369485,2.6587300842857142,0.9142857142857143
25.71428571428571,0.14859942891369485,2.6587300842857142,0.9714285714285714
25.71428571428571,0.14859942891369485,2.6587300842857142,1.0285714285714285
25.71428571428571,0.14859942891369485,2.6587300842857142,1.0857142857142856
25.71428571428571,0.14859942891369485,2.6587300842857142,1.1428571428571428
25.71428571428571,0.14859942891369485,2.6587300842857142,1.2
25.71428571428571,0.14859942891369485,2.896825315714286,0.8
25.71428571428571,0.14859942891369485,2.896825315714286,0.8571428571428572
25.71428571428571,0.14859942891369485,2.896825315714286,0.9142857142857143
25.71428571428571,0.14859942891369485,2.896825315714286,0.9714285714285714
25.71428571428571,0.14859942891369485,2.896825315714286,1.0285714285714285
25.71428571428571,0.14859942891369485,2.896825315714286,1.0857142857142856
25.71428571428571,0.14859942891369485,2.896825315714286,1.1428571428571428
25.71428571428571,0.14859942891369485,2.896825315714286,1.2
25.71428571428571,0.14859942891369485,3.1349205471428574,0.8
25.71428571428571,0.14859942891369485,3.1349205471428574,0.8571428571428572
25.71428571428571,0.14859942891369485,3.1349205471428574,0.9142857142857143
25.71428571428571,0.14859942891369485,3.1349205471428574,0.9714285714285714
25.71428571428571,0.14859942891369485,3.1349205471428574,1.0285714285714285
25.71428571428571,0.14859942891369485,3.1349205471428574,1.0857142857142856
25.71428571428571,0.14859942891369485,3.1349205471428574,1.1428571428571428
25.71428571428571,0.14859942891369485,3.1349205471428574,1.2
25.71428571428571,0.14859942891369485,3.373015778571429,0.8
25.71428571428571,0.14859942891369485,3.373015778571429,0.8571428571428572
25.71428571428571,0.14859942891369485,3.373015778571429,0.9142857142857143
25.71428571428571,0.14859942891369485,3.373015778571429,0.9714285714285714
25.71428571428571,0.14859942891369485,3.373015778571429,1.0285714285714285
25.71428571428571,0.14859942891369485,3.373015778571429,1.0857142857142856
25.71428571428571,0.14859942891369485,3.373015778571429,1.1428571428571428
25.71428571428571,0.14859942891369485,3.373015778571429,1.2
25.71428571428571,0.14859942891369485,3.61111101,0.8
25.71428571428571,0.14859942891369485,3.61111101,0.8571428571428572
25.71428571428571,0.14859942891369485,3.61111101,0.9142857142857143
25.71428571428571,0.14859942891369485,3.61111101,0.9714285714285714
25.71428571428571,0.14859942891369485,3.61111101,1.0285714285714285
25.71428571428571,0.14859942891369485,3.61111101,1.0857142857142856
25.71428571428571,0.14859942891369485,3.61111101,1.1428571428571428
25.71428571428571,0.14859942891369485,3.61111101,1.2
25.71428571428571,0.18114473285278132,1.94444439,0.8
25.71428571428571,0.18114473285278132,1.94444439,0.8571428571428572
25.71428571428571,0.18114473285278132,1.94444439,0.9142857142857143
25.71428571428571,0.18114473285278132,1.94444439,0.9714285714285714
25.71428571428571,0.18114473285278132,1.94444439,1.0285714285714285
25.71428571428571,0.18114473285278132,1.94444439,1.0857142857142856
25.71428571428571,0.18114473285278132,1.94444439,1.1428571428571428
25.71428571428571,0.18114473285278132,1.94444439,1.2
25.71428571428571,0.18114473285278132,2.1825396214285715,0.8
25.71428571428571,0.18114473285278132,2.1825396214285715,0.8571428571428572
25.71428571428571,0.18114473285278132,2.1825396214285715,0.9142857142857143
25.71428571428571,0.18114473285278132,2.1825396214285715,0.9714285714285714
25.71428571428571,0.18114473285278132,2.1825396214285715,1.0285714285714285
25.71428571428571,0.18114473285278132,2.1825396214285715,1.0857142857142856
25.71428571428571,0.18114473285278132,2.1825396214285715,1.1428571428571428
25.71428571428571,0.18114473285278132,2.1825396214285715,1.2
25.71428571428571,0.18114473285278132,2.420634852857143,0.8
25.71428571428571,0.18114473285278132,2.420634852857143,0.8571428571428572
25.71428571428571,0.18114473285278132,2.420634852857143,0.9142857142857143
25.71428571428571,0.18114473285278132,2.420634852857143,0.9714285714285714
25.71428571428571,0.18114473285278132,2.420634852857143,1.0285714285714285
25.71428571428571,0.18114473285278132,2.420634852857143,1.0857142857142856
25.71428571428571,0.18114473285278132,2.420634852857143,1.1428571428571428
25.71428571428571,0.18114473285278132,2.420634852857143,1.2
25.71428571428571,0.18114473285278132,2.6587300842857142,0.8
25.71428571428571,0.18114473285278132,2.6587300842857142,0.8571428571428572
25.71428571428571,0.18114473285278132,2.6587300842857142,0.9142857142857143
25.71428571428571,0.18114473285278132,2.6587300842857142,0.9714285714285714
25.71428571428571,0.18114473285278132,2.6587300842857142,1.0285714285714285
25.71428571428571,0.18114473285278132,2.6587300842857142,1.0857142857142856
25.71428571428571,0.18114473285278132,2.6587300842857142,1.1428571428571428
25.71428571428571,0.18114473285278132,2.6587300842857142,1.2
25.71428571428571,0.18114473285278132,2.896825315714286,0.8
25.71428571428571,0.18114473285278132,2.896825315714286,0.8571428571428572
25.71428571428571,0.18114473285278132,2.896825315714286,0.9142857142857143
25.71428571428571,0.18114473285278132,2.896825315714286,0.9714285714285714
25.71428571428571,0.18114473285278132,2.896825315714286,1.0285714285714285
25.71428571428571,0.18114473285278132,2.896825315714286,1.0857142857142856
25.71428571428571,0.18114473285278132,2.896825315714286,1.1428571428571428
25.71428571428571,0.18114473285278132,2.896825315714286,1.2
25.71428571428571,0.18114473285278132,3.1349205471428574,0.8
25.71428571428571,0.18114473285278132,3.1349205471428574,0.8571428571428572
25.71428571428571,0.18114473285278132,3.1349205471428574,0.9142857142857143
25.71428571428571,0.18114473285278132,3.1349205471428574,0.9714285714285714
25.71428571428571,0.18114473285278132,3.1349205471428574,1.0285714285714285
25.71428571428571,0.18114473285278132,3.1349205471428574,1.0857142857142856
25.71428571428571,0.18114473285278132,3.1349205471428574,1.1428571428571428
25.71428571428571,0.18114473285278132,3.1349205471428574,1.2
25.71428571428571,0.18114473285278132,3.373015778571429,0.8
25.71428571428571,0.18114473285278132,3.373015778571429,0.8571428571428572
25.71428571428571,0.18114473285278132,3.373015778571429,0.9142857142857143
25.71428571428571,0.18114473285278132,3.373015778571429,0.9714285714285714
25.71428571428571,0.18114473285278132,3.373015778571429,1.0285714285714285
25.71428571428571,0.18114473285278132,3.373015778571429,1.0857142857142856
25.71428571428571,0.18114473285278132,3.373015778571429,1.1428571428571428
25.71428571428571,0.18114473285278132,3.373015778571429,1.2
25.71428571428571,0.18114473285278132,3.61111101,0.8
25.71428571428571,0.18114473285278132,3.61111101,0.8571428571428572
25.71428571428571,0.18114473285278132,3.61111101,0.9142857142857143
25.71428571428571,0.18114473285278132,3.61111101,0.9714285714285714
25.71428571428571,0.18114473285278132,3.61111101,1.0285714285714285
25.71428571428571,0.18114473285278132,3.61111101,1.0857142857142856
25.71428571428571,0.18114473285278132,3.61111101,1.1428571428571428
25.71428571428571,0.18114473285278132,3.61111101,1.2
25.71428571428571,0.22081790273476246,1.94444439,0.8
25.71428571428571,0.22081790273476246,1.94444439,0.8571428571428572
25.71428571428571,0.22081790273476246,1.94444439,0.9142857142857143
25.71428571428571,0.22081790273476246,1.94444439,0.9714285714285714
25.71428571428571,0.22081790273476246,1.94444439,1.0285714285714285
25.71428571428571,0.22081790273476246,1.94444439,1.0857142857142856
25.71428571428571,0.22081790273476246,1.94444439,1.1428571428571428
25.71428571428571,0.22081790273476246,1.94444439,1.2
25.71428571428571,0.22081790273476246,2.1825396214285715,0.8
25.71428571428571,0.22081790273476246,2.1825396214285715,0.8571428571428572
25.71428571428571,0.22081790273476246,2.1825396214285715,0.9142857142857143
25.71428571428571,0.22081790273476246,2.1825396214285715,0.9714285714285714
25.71428571428571,0.22081790273476246,2.1825396214285715,1.0285714285714285
25.71428571428571,0.22081790273476246,2.1825396214285715,1.0857142857142856
25.71428571428571,0.22081790273476246,2.1825396214285715,1.1428571428571428
25.71428571428571,0.22081790273476246,2.1825396214285715,1.2
25.71428571428571,0.22081790273476246,2.420634852857143,0.8
25.71428571428571,0.22081790273476246,2.420634852857143,0.8571428571428572
25.71428571428571,0.22081790273476246,2.420634852857143,0.9142857142857143
25.71428571428571,0.22081790273476246,2.420634852857143,0.9714285714285714
25.71428571428571,0.22081790273476246,2.420634852857143,1.0285714285714285
25.71428571428571,0.22081790273476246,2.420634852857143,1.0857142857142856
25.71428571428571,0.22081790273476246,2.420634852857143,1.1428571428571428
25.71428571428571,0.22081790273476246,2.420634852857143,1.2
25.71428571428571,0.22081790273476246,2.6587300842857142,0.8
25.71428571428571,0.22081790273476246,2.6587300842857142,0.8571428571428572
25.71428571428571,0.22081790273476246,2.6587300842857142,0.9142857142857143
25.71428571428571,0.22081790273476246,2.6587300842857142,0.9714285714285714
25.71428571428571,0.22081790273476246,2.6587300842857142,1.0285714285714285
25.71428571428571,0.22081790273476246,2.6587300842857142,1.0857142857142856
25.71428571428571,0.22081790273476246,2.6587300842857142,1.1428571428571428
25.71428571428571,0.22081790273476246,2.6587300842857142,1.2
25.71428571428571,0.22081790273476246,2.896825315714286,0.8
25.71428571428571,0.22081790273476246,2.896825315714286,0.8571428571428572
25.71428571428571,0.22081790273476246,2.896825315714286,0.9142857142857143
25.71428571428571,0.22081790273476246,2.896825315714286,0.9714285714285714
25.71428571428571,0.22081790273476246,2.896825315714286,1.0285714285714285
25.71428571428571,0.22081790273476246,2.896825315714286,1.0857142857142856
25.71428571428571,0.22081790273476246,2.896825315714286,1.1428571428571428
25.71428571428571,0.22081790273476246,2.896825315714286,1.2
25.71428571428571,0.22081790273476246,3.1349205471428574,0.8
25.71428571428571,0.22081790273476246,3.1349205471428574,0.8571428571428572
25.71428571428571,0.22081790273476246,3.1349205471428574,0.9142857142857143
25.71428571428571,0.22081790273476246,3.1349205471428574,0.9714285714285714
25.71428571428571,0.22081790273476246,3.1349205471428574,1.0285714285714285
25.71428571428571,0.22081790273476246,3.1349205471428574,1.0857142857142856
25.71428571428571,0.22081790273476246,3.1349205471428574,1.1428571428571428
25.71428571428571,0.22081790273476246,3.1349205471428574,1.2
25.71428571428571,0.22081790273476246,3.373015778571429,0.8
25.71428571428571,0.22081790273476246,3.373015778571429,0.8571428571428572
25.71428571428571,0.22081790273476246,3.373015778571429,0.9142857142857143
25.71428571428571,0.22081790273476246,3.373015778571429,0.9714285714285714
25.71428571428571,0.22081790273476246,3.373015778571429,1.0285714285714285
25.71428571428571,0.22081790273476246,3.373015778571429,1.0857142857142856
25.71428571428571,0.22081790273476246,3.373015778571429,1.1428571428571428
25.71428571428571,0.22081790273476246,3.373015778571429,1.2
25.71428571428571,0.22081790273476246,3.61111101,0.8
25.71428571428571,0.22081790273476246,3.61111101,0.8571428571428572
25.71428571428571,0.22081790273476246,3.61111101,0.9142857142857143
25.71428571428571,0.22081790273476246,3.61111101,0.9714285714285714
25.71428571428571,0.22081790273476246,3.61111101,1.0285714285714285
25.71428571428571,0.22081790273476246,3.61111101,1.0857142857142856
25.71428571428571,0.22081790273476246,3.61111101,1.1428571428571428
25.71428571428571,0.22081790273476246,3.61111101,1.2
25.71428571428571,0.26918003852647127,1.94444439,0.8
25.71428571428571,0.26918003852647127,1.94444439,0.8571428571428572
25.71428571428571,0.26918003852647127,1.94444439,0.9142857142857143
25.71428571428571,0.26918003852647127,1.94444439,0.9714285714285714
25.71428571428571,0.26918003852647127,1.94444439,1.0285714285714285
25.71428571428571,0.26918003852647127,1.94444439,1.0857142857142856
25.71428571428571,0.26918003852647127,1.94444439,1.1428571428571428
25.71428571428571,0.26918003852647127,1.94444439,1.2
25.71428571428571,0.26918003852647127,2.1825396214285715,0.8
25.71428571428571,0.26918003852647127,2.1825396214285715,0.8571428571428572
25.71428571428571,0.26918003852647127,2.1825396214285715,0.9142857142857143
25.71428571428571,0.26918003852647127,2.1825396214285715,0.9714285714285714
25.71428571428571,0.26918003852647127,2.1825396214285715,1.0285714285714285
25.71428571428571,0.26918003852647127,2.1825396214285715,1.0857142857142856
25.71428571428571,0.26918003852647127,2.1825396214285715,1.1428571428571428
25.71428571428571,0.26918003852647127,2.1825396214285715,1.2
25.71428571428571,0.26918003852647127,2.420634852857143,0.8
25.71428571428571,0.26918003852647127,2.420634852857143,0.8571428571428572
25.71428571428571,0.26918003852647127,2.420634852857143,0.9142857142857143
25.71428571428571,0.26918003852647127,2.420634852857143,0.9714285714285714
25.71428571428571,0.26918003852647127,2.420634852857143,1.0285714285714285
25.71428571428571,0.26918003852647127,2.420634852857143,1.0857142857142856
25.71428571428571,0.26918003852647127,2.420634852857143,1.1428571428571428
25.71428571428571,0.26918003852647127,2.420634852857143,1.2
25.71428571428571,0.26918003852647127,2.6587300842857142,0.8
25.71428571428571,0.26918003852647127,2.6587300842857142,0.8571428571428572
25.71428571428571,0.26918003852647127,2.6587300842857142,0.9142857142857143
25.71428571428571,0.26918003852647127,2.6587300842857142,0.9714285714285714
25.71428571428571,0.26918003852647127,2.6587300842857142,1.0285714285714285
25.71428571428571,0.26918003852647127,2.6587300842857142,1.0857142857142856
25.71428571428571,0.26918003852647127,2.6587300842857142,1.1428571428571428
25.71428571428571,0.26918003852647127,2.6587300842857142,1.2
25.71428571428571,0.26918003852647127,2.896825315714286,0.8
25.71428571428571,0.26918003852647127,2.896825315714286,0.8571428571428572
25.71428571428571,0.26918003852647127,2.896825315714286,0.9142857142857143
25.71428571428571,0.26918003852647127,2.896825315714286,0.9714285714285714
25.71428571428571,0.26918003852647127,2.896825315714286,1.0285714285714285
25.71428571428571,0.26918003852647127,2.896825315714286,1.0857142857142856
25.71428571428571,0.26918003852647127,2.896825315714286,1.1428571428571428
25.71428571428571,0.26918003852647127,2.896825315714286,1.2
25.71428571428571,0.26918003852647127,3.1349205471428574,0.8
25.71428571428571,0.26918003852647127,3.1349205471428574,0.8571428571428572
25.71428571428571,0.26918003852647127,3.1349205471428574,0.9142857142857143
25.71428571428571,0.26918003852647127,3.1349205471428574,0.9714285714285714
25.71428571428571,0.26918003852647127,3.1349205471428574,1.0285714285714285
25.71428571428571,0.26918003852647127,3.1349205471428574,1.0857142857142856
25.71428571428571,0.26918003852647127,3.1349205471428574,1.1428571428571428
25.71428571428571,0.26918003852647127,3.1349205471428574,1.2
25.71428571428571,0.26918003852647127,3.373015778571429,0.8
25.71428571428571,0.26918003852647127,3.373015778571429,0.8571428571428572
25.71428571428571,0.26918003852647127,3.373015778571429,0.9142857142857143
25.71428571428571,0.26918003852647127,3.373015778571429,0.9714285714285714
25.71428571428571,0.26918003852647127,3.373015778571429,1.0285714285714285
25.71428571428571,0.26918003852647127,3.373015778571429,1.0857142857142856
25.71428571428571,0.26918003852647127,3.373015778571429,1.1428571428571428
25.71428571428571,0.26918003852647127,3.373015778571429,1.2
25.71428571428571,0.26918003852647127,3.61111101,0.8
25.71428571428571,0.26918003852647127,3.61111101,0.8571428571428572
25.71428571428571,0.26918003852647127,3.61111101,0.9142857142857143
25.71428571428571,0.26918003852647127,3.61111101,0.9714285714285714
25.71428571428571,0.26918003852647127,3.61111101,1.0285714285714285
25.71428571428571,0.26918003852647127,3.61111101,1.0857142857142856
25.71428571428571,0.26918003852647127,3.61111101,1.1428571428571428
25.71428571428571,0.26918003852647127,3.61111101,1.2
25.71428571428571,0.32813414240305516,1.94444439,0.8
25.71428571428571,0.32813414240305516,1.94444439,0.8571428571428572
25.71428571428571,0.32813414240305516,1.94444439,0.9142857142857143
25.71428571428571,0.32813414240305516,1.94444439,0.9714285714285714
25.71428571428571,0.32813414240305516,1.94444439,1.0285714285714285
25.71428571428571,0.32813414240305516,1.94444439,1.0857142857142856
25.71428571428571,0.32813414240305516,1.94444439,1.1428571428571428
25.71428571428571,0.32813414240305516,1.94444439,1.2
25.71428571428571,0.32813414240305516,2.1825396214285715,0.8
25.71428571428571,0.32813414240305516,2.1825396214285715,0.8571428571428572
25.71428571428571,0.32813414240305516,2.1825396214285715,0.9142857142857143
25.71428571428571,0.32813414240305516,2.1825396214285715,0.9714285714285714
25.71428571428571,0.32813414240305516,2.1825396214285715,1.0285714285714285
25.71428571428571,0.32813414240305516,2.1825396214285715,1.0857142857142856
25.71428571428571,0.32813414240305516,2.1825396214285715,1.1428571428571428
25.71428571428571,0.32813414240305516,2.1825396214285715,1.2
25.71428571428571,0.32813414240305516,2.420634852857143,0.8
25.71428571428571,0.32813414240305516,2.420634852857143,0.8571428571428572
25.71428571428571,0.32813414240305516,2.420634852857143,0.9142857142857143
25.71428571428571,0.32813414240305516,2.420634852857143,0.9714285714285714
25.71428571428571,0.32813414240305516,2.420634852857143,1.0285714285714285
25.71428571428571,0.32813414240305516,2.420634852857143,1.0857142857142856
25.71428571428571,0.32813414240305516,2.420634852857143,1.1428571428571428
25.71428571428571,0.32813414240305516,2.420634852857143,1.2
25.71428571428571,0.32813414240305516,2.6587300842857142,0.8
25.71428571428571,0.32813414240305516,2.6587300842857142,0.8571428571428572
25.71428571428571,0.32813414240305516,2.6587300842857142,0.9142857142857143
25.71428571428571,0.32813414240305516,2.6587300842857142,0.9714285714285714
25.71428571428571,0.32813414240305516,2.6587300842857142,1.0285714285714285
25.71428571428571,0.32813414240305516,2.6587300842857142,1.0857142857142856
25.71428571428571,0.32813414240305516,2.6587300842857142,1.1428571428571428
25.71428571428571,0.32813414240305516,2.6587300842857142,1.2
25.71428571428571,0.32813414240305516,2.896825315714286,0.8
25.71428571428571,0.32813414240305516,2.896825315714286,0.8571428571428572
25.71428571428571,0.32813414240305516,2.896825315714286,0.9142857142857143
25.71428571428571,0.32813414240305516,2.896825315714286,0.9714285714285714
25.71428571428571,0.32813414240305516,2.896825315714286,1.0285714285714285
25.71428571428571,0.32813414240305516,2.896825315714286,1.0857142857142856
25.71428571428571,0.32813414240305516,2.896825315714286,1.1428571428571428
25.71428571428571,0.32813414240305516,2.896825315714286,1.2
25.71428571428571,0.32813414240305516,3.1349205471428574,0.8
25.71428571428571,0.32813414240305516,3.1349205471428574,0.8571428571428572
25.71428571428571,0.32813414240305516,3.1349205471428574,0.9142857142857143
25.71428571428571,0.32813414240305516,3.1349205471428574,0.9714285714285714
25.71428571428571,0.32813414240305516,3.1349205471428574,1.0285714285714285
25.71428571428571,0.32813414240305516,3.1349205471428574,1.0857142857142856
25.71428571428571,0.32813414240305516,3.1349205471428574,1.1428571428571428
25.71428571428571,0.32813414240305516,3.1349205471428574,1.2
25.71428571428571,0.32813414240305516,3.373015778571429,0.8
25.71428571428571,0.32813414240305516,3.373015778571429,0.8571428571428572
25.71428571428571,0.32813414240305516,3.373015778571429,0.9142857142857143
25.71428571428571,0.32813414240305516,3.373015778571429,0.9714285714285714
25.71428571428571,0.32813414240305516,3.373015778571429,1.0285714285714285
25.71428571428571,0.32813414240305516,3.373015778571429,1.0857142857142856
25.71428571428571,0.32813414240305516,3.373015778571429,1.1428571428571428
25.71428571428571,0.32813414240305516,3.373015778571429,1.2
25.71428571428571,0.32813414240305516,3.61111101,0.8
25.71428571428571,0.32813414240305516,3.61111101,0.8571428571428572
25.71428571428571,0.32813414240305516,3.61111101,0.9142857142857143
25.71428571428571,0.32813414240305516,3.61111101,0.9714285714285714
25.71428571428571,0.32813414240305516,3.61111101,1.0285714285714285
25.71428571428571,0.32813414240305516,3.61111101,1.0857142857142856
25.71428571428571,0.32813414240305516,3.61111101,1.1428571428571428
25.71428571428571,0.32813414240305516,3.61111101,1.2
25.71428571428571,0.4,1.94444439,0.8
25.71428571428571,0.4,1.94444439,0.8571428571428572
25.71428571428571,0.4,1.94444439,0.9142857142857143
25.71428571428571,0.4,1.94444439,0.9714285714285714
25.71428571428571,0.4,1.94444439,1.0285714285714285
25.71428571428571,0.4,1.94444439,1.0857142857142856
25.71428571428571,0.4,1.94444439,1.1428571428571428
25.71428571428571,0.4,1.94444439,1.2
25.71428571428571,0.4,2.1825396214285715,0.8
25.71428571428571,0.4,2.1825396214285715,0.8571428571428572
25.71428571428571,0.4,2.1825396214285715,0.9142857142857143
25.71428571428571,0.4,2.1825396214285715,0.9714285714285714
25.71428571428571,0.4,2.1825396214285715,1.0285714285714285
25.71428571428571,0.4,2.1825396214285715,1.0857142857142856
25.71428571428571,0.4,2.1825396214285715,1.1428571428571428
25.71428571428571,0.4,2.1825396214285715,1.2
25.71428571428571,0.4,2.420634852857143,0.8
25.71428571428571,0.4,2.420634852857143,0.8571428571428572
25.71428571428571,0.4,2.420634852857143,0.9142857142857143
25.71428571428571,0.4,2.420634852857143,0.9714285714285714
25.71428571428571,0.4,2.420634852857143,1.0285714285714285
25.71428571428571,0.4,2.420634852857143,1.0857142857142856
25.71428571428571,0.4,2.420634852857143,1.1428571428571428
25.71428571428571,0.4,2.420634852857143,1.2
25.71428571428571,0.4,2.6587300842857142,0.8
25.71428571428571,0.4,2.6587300842857142,0.8571428571428572
25.71428571428571,0.4,2.6587300842857142,0.9142857142857143
25.71428571428571,0.4,2.6587300842857142,0.9714285714285714
25.71428571428571,0.4,2.6587300842857142,1.0285714285714285
25.71428571428571,0.4,2.6587300842857142,1.0857142857142856
25.71428571428571,0.4,2.6587300842857142,1.1428571428571428
25.71428571428571,0.4,2.6587300842857142,1.2
25.71428571428571,0.4,2.896825315714286,0.8
25.71428571428571,0.4,2.896825315714286,0.8571428571428572
25.71428571428571,0.4,2.896825315714286,0.9142857142857143
25.71428571428571,0.4,2.896825315714286,0.9714285714285714
25.71428571428571,0.4,2.896825315714286,1.0285714285714285
25.71428571428571,0.4,2.896825315714286,1.0857142857142856
25.71428571428571,0.4,2.896825315714286,1.1428571428571428
25.71428571428571,0.4,2.896825315714286,1.2
25.71428571428571,0.4,3.1349205471428574,0.8
25.71428571428571,0.4,3.1349205471428574,0.8571428571428572
25.71428571428571,0.4,3.1349205471428574,0.9142857142857143
25.71428571428571,0.4,3.1349205471428574,0.9714285714285714
25.71428571428571,0.4,3.1349205471428574,1.0285714285714285
25.71428571428571,0.4,3.1349205471428574,1.0857142857142856
25.71428571428571,0.4,3.1349205471428574,1.1428571428571428
25.71428571428571,0.4,3.1349205471428574,1.2
25.71428571428571,0.4,3.373015778571429,0.8
25.71428571428571,0.4,3.373015778571429,0.8571428571428572
25.71428571428571,0.4,3.373015778571429,0.9142857142857143
25.71428571428571,0.4,3.373015778571429,0.9714285714285714
25.71428571428571,0.4,3.373015778571429,1.0285714285714285
25.71428571428571,0.4,3.373015778571429,1.0857142857142856
25.71428571428571,0.4,3.373015778571429,1.1428571428571428
25.71428571428571,0.4,3.373015778571429,1.2
25.71428571428571,0.4,3.61111101,0.8
25.71428571428571,0.4,3.61111101,0.8571428571428572
25.71428571428571,0.4,3.61111101,0.9142857142857143
25.71428571428571,0.4,3.61111101,0.9714285714285714
25.71428571428571,0.4,3.61111101,1.0285714285714285
25.71428571428571,0.4,3.61111101,1.0857142857142856
25.71428571428571,0.4,3.61111101,1.1428571428571428
25.71428571428571,0.4,3.61111101,1.2
27.428571428571423,0.1,1.94444439,0.8
27.428571428571423,0.1,1.94444439,0.8571428571428572
27.428571428571423,0.1,1.94444439,0.9142857142857143
27.428571428571423,0.1,1.94444439,0.9714285714285714
27.428571428571423,0.1,1.94444439,1.0285714285714285
27.428571428571423,0.1,1.94444439,1.0857142857142856
27.428571428571423,0.1,1.94444439,1.1428571428571428
27.428571428571423,0.1,1.94444439,1.2
27.428571428571423,0.1,2.1825396214285715,0.8
27.428571428571423,0.1,2.1825396214285715,0.8571428571428572
27.428571428571423,0.1,2.1825396214285715,0.9142857142857143
27.428571428571423,0.1,2.1825396214285715,0.9714285714285714
27.428571428571423,0.1,2.1825396214285715,1.0285714285714285
27.428571428571423,0.1,2.1825396214285715,1.0857142857142856
27.428571428571423,0.1,2.1825396214285715,1.1428571428571428
27.428571428571423,0.1,2.1825396214285715,1.2
27.428571428571423,0.1,2.420634852857143,0.8
27.428571428571423,0.1,2.420634852857143,0.8571428571428572
27.428571428571423,0.1,2.420634852857143,0.9142857142857143
27.428571428571423,0.1,2.420634852857143,0.9714285714285714
27.428571428571423,0.1,2.420634852857143,1.0285714285714285
27.428571428571423,0.1,2.420634852857143,1.0857142857142856
27.428571428571423,0.1,2.420634852857143,1.1428571428571428
27.428571428571423,0.1,2.420634852857143,1.2
27.428571428571423,0.1,2.6587300842857142,0.8
27.428571428571423,0.1,2.6587300842857142,0.8571428571428572
27.428571428571423,0.1,2.6587300842857142,0.9142857142857143
27.428571428571423,0.1,2.6587300842857142,0.9714285714285714
27.428571428571423,0.1,2.6587300842857142,1.0285714285714285
27.428571428571423,0.1,2.6587300842857142,1.0857142857142856
27.428571428571423,0.1,2.6587300842857142,1.1428571428571428
27.428571428571423,0.1,2.6587300842857142,1.2
27.428571428571423,0.1,2.896825315714286,0.8
27.428571428571423,0.1,2.896825315714286,0.8571428571428572
27.428571428571423,0.1,2.896825315714286,0.9142857142857143
27.428571428571423,0.1,2.896825315714286,0.9714285714285714
27.428571428571423,0.1,2.896825315714286,1.0285714285714285
27.428571428571423,0.1,2.896825315714286,1.0857142857142856
27.428571428571423,0.1,2.896825315714286,1.1428571428571428
27.428571428571423,0.1,2.896825315714286,1.2
27.428571428571423,0.1,3.1349205471428574,0.8
27.428571428571423,0.1,3.1349205471428574,0.8571428571428572
27.428571428571423,0.1,3.1349205471428574,0.9142857142857143
27.428571428571423,0.1,3.1349205471428574,0.9714285714285714
27.428571428571423,0.1,3.1349205471428574,1.0285714285714285
27.428571428571423,0.1,3.1349205471428574,1.0857142857142856
27.428571428571423,0.1,3.1349205471428574,1.1428571428571428
27.428571428571423,0.1,3.1349205471428574,1.2
27.428571428571423,0.1,3.373015778571429,0.8
27.428571428571423,0.1,3.373015778571429,0.8571428571428572
27.428571428571423,0.1,3.373015778571429,0.9142857142857143
27.428571428571423,0.1,3.373015778571429,0.9714285714285714
27.428571428571423,0.1,3.373015778571429,1.0285714285714285
27.428571428571423,0.1,3.373015778571429,1.0857142857142856
27.428571428571423,0.1,3.373015778571429,1.1428571428571428
27.428571428571423,0.1,3.373015778571429,1.2
27.428571428571423,0.1,3.61111101,0.8
27.428571428571423,0.1,3.61111101,0.8571428571428572
27.428571428571423,0.1,3.61111101,0.9142857142857143
27.428571428571423,0.1,3.61111101,0.9714285714285714
27.428571428571423,0.1,3.61111101,1.0285714285714285
27.428571428571423,0.1,3.61111101,1.0857142857142856
27.428571428571423,0.1,3.61111101,1.1428571428571428
27.428571428571423,0.1,3.61111101,1.2
27.428571428571423,0.12190136542044755,1.94444439,0.8
27.428571428571423,0.12190136542044755,1.94444439,0.8571428571428572
27.428571428571423,0.12190136542044755,1.94444439,0.9142857142857143
27.428571428571423,0.12190136542044755,1.94444439,0.9714285714285714
27.428571428571423,0.12190136542044755,1.94444439,1.0285714285714285
27.428571428571423,0.12190136542044755,1.94444439,1.0857142857142856
27.428571428571423,0.12190136542044755,1.94444439,1.1428571428571428
27.428571428571423,0.12190136542044755,1.94444439,1.2
27.428571428571423,0.12190136542044755,2.1825396214285715,0.8
27.428571428571423,0.12190136542044755,2.1825396214285715,0.8571428571428572
27.428571428571423,0.12190136542044755,2.1825396214285715,0.9142857142857143
27.428571428571423,0.12190136542044755,2.1825396214285715,0.9714285714285714
27.428571428571423,0.12190136542044755,2.1825396214285715,1.0285714285714285
27.428571428571423,0.12190136542044755,2.1825396214285715,1.0857142857142856
27.428571428571423,0.12190136542044755,2.1825396214285715,1.1428571428571428
27.428571428571423,0.12190136542044755,2.1825396214285715,1.2
27.428571428571423,0.12190136542044755,2.420634852857143,0.8
27.428571428571423,0.12190136542044755,2.420634852857143,0.8571428571428572
27.428571428571423,0.12190136542044755,2.420634852857143,0.9142857142857143
27.428571428571423,0.12190136542044755,2.420634852857143,0.9714285714285714
27.428571428571423,0.12190136542044755,2.420634852857143,1.0285714285714285
27.428571428571423,0.12190136542044755,2.420634852857143,1.0857142857142856
27.428571428571423,0.12190136542044755,2.420634852857143,1.1428571428571428
27.428571428571423,0.12190136542044755,2.420634852857143,1.2
27.428571428571423,0.12190136542044755,2.6587300842857142,0.8
27.428571428571423,0.12190136542044755,2.6587300842857142,0.8571428571428572
27.428571428571423,0.12190136542044755,2.6587300842857142,0.9142857142857143
27.428571428571423,0.12190136542044755,2.6587300842857142,0.9714285714285714
27.428571428571423,0.12190136542044755,2.6587300842857142,1.0285714285714285
27.428571428571423,0.12190136542044755,2.6587300842857142,1.0857142857142856
27.428571428571423,0.12190136542044755,2.6587300842857142,1.1428571428571428
27.428571428571423,0.12190136542044755,2.6587300842857142,1.2
27.428571428571423,0.12190136542044755,2.896825315714286,0.8
27.428571428571423,0.12190136542044755,2.896825315714286,0.8571428571428572
27.428571428571423,0.12190136542044755,2.896825315714286,0.9142857142857143
27.428571428571423,0.12190136542044755,2.896825315714286,0.9714285714285714
27.428571428571423,0.12190136542044755,2.896825315714286,1.0285714285714285
27.428571428571423,0.12190136542044755,2.896825315714286,1.0857142857142856
27.428571428571423,0.12190136542044755,2.896825315714286,1.1428571428571428
27.428571428571423,0.12190136542044755,2.896825315714286,1.2
27.428571428571423,0.12190136542044755,3.1349205471428574,0.8
27.428571428571423,0.12190136542044755,3.1349205471428574,0.8571428571428572
27.428571428571423,0.12190136542044755,3.1349205471428574,0.9142857142857143
27.428571428571423,0.12190136542044755,3.1349205471428574,0.9714285714285714
27.428571428571423,0.12190136542044755,3.1349205471428574,1.0285714285714285
27.428571428571423,0.12190136542044755,3.1349205471428574,1.0857142857142856
27.428571428571423,0.12190136542044755,3.1349205471428574,1.1428571428571428
27.428571428571423,0.12190136542044755,3.1349205471428574,1.2
27.428571428571423,0.12190136542044755,3.373015778571429,0.8
27.428571428571423,0.12190136542044755,3.373015778571429,0.8571428571428572
27.428571428571423,0.12190136542044755,3.373015778571429,0.9142857142857143
27.428571428571423,0.12190136542044755,3.373015778571429,0.9714285714285714
27.428571428571423,0.12190136542044755,3.373015778571429,1.0285714285714285
27.428571428571423,0.12190136542044755,3.373015778571429,1.0857142857142856
27.428571428571423,0.12190136542044755,3.373015778571429,1.1428571428571428
27.428571428571423,0.12190136542044755,3.373015778571429,1.2
27.428571428571423,0.12190136542044755,3.61111101,0.8
27.428571428571423,0.12190136542044755,3.61111101,0.8571428571428572
27.428571428571423,0.12190136542044755,3.61111101,0.9142857142857143
27.428571428571423,0.12190136542044755,3.61111101,0.9714285714285714
27.428571428571423,0.12190136542044755,3.61111101,1.0285714285714285
27.428571428571423,0.12190136542044755,3.61111101,1.0857142857142856
27.428571428571423,0.12190136542044755,3.61111101,1.1428571428571428
27.428571428571423,0.12190136542044755,3.61111101,1.2
27.428571428571423,0.14859942891369485,1.94444439,0.8
27.428571428571423,0.14859942891369485,1.94444439,0.8571428571428572
27.428571428571423,0.14859942891369485,1.94444439,0.9142857142857143
27.428571428571423,0.14859942891369485,1.94444439,0.9714285714285714
27.428571428571423,0.14859942891369485,1.94444439,1.0285714285714285
27.428571428571423,0.14859942891369485,1.94444439,1.0857142857142856
27.428571428571423,0.14859942891369485,1.94444439,1.1428571428571428
27.428571428571423,0.14859942891369485,1.94444439,1.2
27.428571428571423,0.14859942891369485,2.1825396214285715,0.8
27.428571428571423,0.14859942891369485,2.1825396214285715,0.8571428571428572
27.428571428571423,0.14859942891369485,2.1825396214285715,0.9142857142857143
27.428571428571423,0.14859942891369485,2.1825396214285715,0.9714285714285714
27.428571428571423,0.14859942891369485,2.1825396214285715,1.0285714285714285
27.428571428571423,0.14859942891369485,2.1825396214285715,1.0857142857142856
27.428571428571423,0.14859942891369485,2.1825396214285715,1.1428571428571428
27.428571428571423,0.14859942891369485,2.1825396214285715,1.2
27.428571428571423,0.14859942891369485,2.420634852857143,0.8
27.428571428571423,0.14859942891369485,2.420634852857143,0.8571428571428572
27.428571428571423,0.14859942891369485,2.420634852857143,0.9142857142857143
27.428571428571423,0.14859942891369485,2.420634852857143,0.9714285714285714
27.428571428571423,0.14859942891369485,2.420634852857143,1.0285714285714285
27.428571428571423,0.14859942891369485,2.420634852857143,1.0857142857142856
27.428571428571423,0.14859942891369485,2.420634852857143,1.1428571428571428
27.428571428571423,0.14859942891369485,2.420634852857143,1.2
27.428571428571423,0.14859942891369485,2.6587300842857142,0.8
27.428571428571423,0.14859942891369485,2.6587300842857142,0.8571428571428572
27.428571428571423,0.14859942891369485,2.6587300842857142,0.9142857142857143
27.428571428571423,0.14859942891369485,2.6587300842857142,0.9714285714285714
27.428571428571423,0.14859942891369485,2.6587300842857142,1.0285714285714285
27.428571428571423,0.14859942891369485,2.6587300842857142,1.0857142857142856
27.428571428571423,0.14859942891369485,2.6587300842857142,1.1428571428571428
27.428571428571423,0.14859942891369485,2.6587300842857142,1.2
27.428571428571423,0.14859942891369485,2.896825315714286,0.8
27.428571428571423,0.14859942891369485,2.896825315714286,0.8571428571428572
27.428571428571423,0.14859942891369485,2.896825315714286,0.9142857142857143
27.428571428571423,0.14859942891369485,2.896825315714286,0.9714285714285714
27.428571428571423,0.14859942891369485,2.896825315714286,1.0285714285714285
27.428571428571423,0.14859942891369485,2.896825315714286,1.0857142857142856
27.428571428571423,0.14859942891369485,2.896825315714286,1.1428571428571428
27.428571428571423,0.14859942891369485,2.896825315714286,1.2
27.428571428571423,0.14859942891369485,3.1349205471428574,0.8
27.428571428571423,0.14859942891369485,3.1349205471428574,0.8571428571428572
27.428571428571423,0.14859942891369485,3.1349205471428574,0.9142857142857143
27.428571428571423,0.14859942891369485,3.1349205471428574,0.9714285714285714
27.428571428571423,0.14859942891369485,3.1349205471428574,1.0285714285714285
27.428571428571423,0.14859942891369485,3.1349205471428574,1.0857142857142856
27.428571428571423,0.14859942891369485,3.1349205471428574,1.1428571428571428
27.428571428571423,0.14859942891369485,3.1349205471428574,1.2
27.428571428571423,0.14859942891369485,3.373015778571429,0.8
27.428571428571423,0.14859942891369485,3.373015778571429,0.8571428571428572
27.428571428571423,0.14859942891369485,3.373015778571429,0.9142857142857143
27.428571428571423,0.14859942891369485,3.373015778571429,0.9714285714285714
27.428571428571423,0.14859942891369485,3.373015778571429,1.0285714285714285
27.428571428571423,0.14859942891369485,3.373015778571429,1.0857142857142856
27.428571428571423,0.14859942891369485,3.373015778571429,1.1428571428571428
27.428571428571423,0.14859942891369485,3.373015778571429,1.2
27.428571428571423,0.14859942891369485,3.61111101,0.8
27.428571428571423,0.14859942891369485,3.61111101,0.8571428571428572
27.428571428571423,0.14859942891369485,3.61111101,0.9142857142857143
27.428571428571423,0.14859942891369485,3.61111101,0.9714285714285714
27.428571428571423,0.14859942891369485,3.61111101,1.0285714285714285
27.428571428571423,0.14859942891369485,3.61111101,1.0857142857142856
27.428571428571423,0.14859942891369485,3.61111101,1.1428571428571428
27.428571428571423,0.14859942891369485,3.61111101,1.2
27.428571428571423,0.18114473285278132,1.94444439,0.8
27.428571428571423,0.18114473285278132,1.94444439,0.8571428571428572
27.428571428571423,0.18114473285278132,1.94444439,0.9142857142857143
27.428571428571423,0.18114473285278132,1.94444439,0.9714285714285714
27.428571428571423,0.18114473285278132,1.94444439,1.0285714285714285
27.428571428571423,0.18114473285278132,1.94444439,1.0857142857142856
27.428571428571423,0.18114473285278132,1.94444439,1.1428571428571428
27.428571428571423,0.18114473285278132,1.94444439,1.2
27.428571428571423,0.18114473285278132,2.1825396214285715,0.8
27.428571428571423,0.18114473285278132,2.1825396214285715,0.8571428571428572
27.428571428571423,0.18114473285278132,2.1825396214285715,0.9142857142857143
27.428571428571423,0.18114473285278132,2.1825396214285715,0.9714285714285714
27.428571428571423,0.18114473285278132,2.1825396214285715,1.0285714285714285
27.428571428571423,0.18114473285278132,2.1825396214285715,1.0857142857142856
27.428571428571423,0.18114473285278132,2.1825396214285715,1.1428571428571428
27.428571428571423,0.18114473285278132,2.1825396214285715,1.2
27.428571428571423,0.18114473285278132,2.420634852857143,0.8
27.428571428571423,0.18114473285278132,2.420634852857143,0.8571428571428572
27.428571428571423,0.18114473285278132,2.420634852857143,0.9142857142857143
27.428571428571423,0.18114473285278132,2.420634852857143,0.9714285714285714
27.428571428571423,0.18114473285278132,2.420634852857143,1.0285714285714285
27.428571428571423,0.18114473285278132,2.420634852857143,1.0857142857142856
27.428571428571423,0.18114473285278132,2.420634852857143,1.1428571428571428
27.428571428571423,0.18114473285278132,2.420634852857143,1.2
27.428571428571423,0.18114473285278132,2.6587300842857142,0.8
27.428571428571423,0.18114473285278132,2.6587300842857142,0.8571428571428572
27.428571428571423,0.18114473285278132,2.6587300842857142,0.9142857142857143
27.428571428571423,0.18114473285278132,2.6587300842857142,0.9714285714285714
27.428571428571423,0.18114473285278132,2.6587300842857142,1.0285714285714285
27.428571428571423,0.18114473285278132,2.6587300842857142,1.0857142857142856
27.428571428571423,0.18114473285278132,2.6587300842857142,1.1428571428571428
27.428571428571423,0.18114473285278132,2.6587300842857142,1.2
27.428571428571423,0.18114473285278132,2.896825315714286,0.8
27.428571428571423,0.18114473285278132,2.896825315714286,0.8571428571428572
27.428571428571423,0.18114473285278132,2.896825315714286,0.9142857142857143
27.428571428571423,0.18114473285278132,2.896825315714286,0.9714285714285714
27.428571428571423,0.18114473285278132,2.896825315714286,1.0285714285714285
27.428571428571423,0.18114473285278132,2.896825315714286,1.0857142857142856
27.428571428571423,0.18114473285278132,2.896825315714286,1.1428571428571428
27.428571428571423,0.18114473285278132,2.896825315714286,1.2
27.428571428571423,0.18114473285278132,3.1349205471428574,0.8
27.428571428571423,0.18114473285278132,3.1349205471428574,0.8571428571428572
27.428571428571423,0.18114473285278132,3.1349205471428574,0.9142857142857143
27.428571428571423,0.18114473285278132,3.1349205471428574,0.9714285714285714
27.428571428571423,0.18114473285278132,3.1349205471428574,1.0285714285714285
27.428571428571423,0.18114473285278132,3.1349205471428574,1.0857142857142856
27.428571428571423,0.18114473285278132,3.1349205471428574,1.1428571428571428
27.428571428571423,0.18114473285278132,3.1349205471428574,1.2
27.428571428571423,0.18114473285278132,3.373015778571429,0.8
27.428571428571423,0.18114473285278132,3.373015778571429,0.8571428571428572
27.428571428571423,0.18114473285278132,3.373015778571429,0.9142857142857143
27.428571428571423,0.18114473285278132,3.373015778571429,0.9714285714285714
27.428571428571423,0.18114473285278132,3.373015778571429,1.0285714285714285
27.428571428571423,0.18114473285278132,3.373015778571429,1.0857142857142856
27.428571428571423,0.18114473285278132,3.373015778571429,1.1428571428571428
27.428571428571423,0.18114473285278132,3.373015778571429,1.2
27.428571428571423,0.18114473285278132,3.61111101,0.8
27.428571428571423,0.18114473285278132,3.61111101,0.8571428571428572
27.428571428571423,0.18114473285278132,3.61111101,0.9142857142857143
27.428571428571423,0.18114473285278132,3.61111101,0.9714285714285714
27.428571428571423,0.18114473285278132,3.61111101,1.0285714285714285
27.428571428571423,0.18114473285278132,3.61111101,1.0857142857142856
27.428571428571423,0.18114473285278132,3.61111101,1.1428571428571428
27.428571428571423,0.18114473285278132,3.61111101,1.2
27.428571428571423,0.22081790273476246,1.94444439,0.8
27.428571428571423,0.22081790273476246,1.94444439,0.8571428571428572
27.428571428571423,0.22081790273476246,1.94444439,0.9142857142857143
27.428571428571423,0.22081790273476246,1.94444439,0.9714285714285714
27.428571428571423,0.22081790273476246,1.94444439,1.0285714285714285
27.428571428571423,0.22081790273476246,1.94444439,1.0857142857142856
27.428571428571423,0.22081790273476246,1.94444439,1.1428571428571428
27.428571428571423,0.22081790273476246,1.94444439,1.2
27.428571428571423,0.22081790273476246,2.1825396214285715,0.8
27.428571428571423,0.22081790273476246,2.1825396214285715,0.8571428571428572
27.428571428571423,0.22081790273476246,2.1825396214285715,0.9142857142857143
27.428571428571423,0.22081790273476246,2.1825396214285715,0.9714285714285714
27.428571428571423,0.22081790273476246,2.1825396214285715,1.0285714285714285
27.428571428571423,0.22081790273476246,2.1825396214285715,1.0857142857142856
27.428571428571423,0.22081790273476246,2.1825396214285715,1.1428571428571428
27.428571428571423,0.22081790273476246,2.1825396214285715,1.2
27.428571428571423,0.22081790273476246,2.420634852857143,0.8
27.428571428571423,0.22081790273476246,2.420634852857143,0.8571428571428572
27.428571428571423,0.22081790273476246,2.420634852857143,0.9142857142857143
27.428571428571423,0.22081790273476246,2.420634852857143,0.9714285714285714
27.428571428571423,0.22081790273476246,2.420634852857143,1.0285714285714285
27.428571428571423,0.22081790273476246,2.420634852857143,1.0857142857142856
27.428571428571423,0.22081790273476246,2.420634852857143,1.1428571428571428
27.428571428571423,0.22081790273476246,2.420634852857143,1.2
27.428571428571423,0.22081790273476246,2.6587300842857142,0.8
27.428571428571423,0.22081790273476246,2.6587300842857142,0.8571428571428572
27.428571428571423,0.22081790273476246,2.6587300842857142,0.9142857142857143
27.428571428571423,0.22081790273476246,2.6587300842857142,0.9714285714285714
27.428571428571423,0.22081790273476246,2.6587300842857142,1.0285714285714285
27.428571428571423,0.22081790273476246,2.6587300842857142,1.0857142857142856
27.428571428571423,0.22081790273476246,2.6587300842857142,1.1428571428571428
27.428571428571423,0.22081790273476246,2.6587300842857142,1.2
27.428571428571423,0.22081790273476246,2.896825315714286,0.8
27.428571428571423,0.22081790273476246,2.896825315714286,0.8571428571428572
27.428571428571423,0.22081790273476246,2.896825315714286,0.9142857142857143
27.428571428571423,0.22081790273476246,2.896825315714286,0.9714285714285714
27.428571428571423,0.22081790273476246,2.896825315714286,1.0285714285714285
27.428571428571423,0.22081790273476246,2.896825315714286,1.0857142857142856
27.428571428571423,0.22081790273476246,2.896825315714286,1.1428571428571428
27.428571428571423,0.22081790273476246,2.896825315714286,1.2
27.428571428571423,0.22081790273476246,3.1349205471428574,0.8
27.428571428571423,0.22081790273476246,3.1349205471428574,0.8571428571428572
27.428571428571423,0.22081790273476246,3.1349205471428574,0.9142857142857143
27.428571428571423,0.22081790273476246,3.1349205471428574,0.9714285714285714
27.428571428571423,0.22081790273476246,3.1349205471428574,1.0285714285714285
27.428571428571423,0.22081790273476246,3.1349205471428574,1.0857142857142856
27.428571428571423,0.22081790273476246,3.1349205471428574,1.1428571428571428
27.428571428571423,0.22081790273476246,3.1349205471428574,1.2
27.428571428571423,0.22081790273476246,3.373015778571429,0.8
27.428571428571423,0.22081790273476246,3.373015778571429,0.8571428571428572
27.428571428571423,0.22081790273476246,3.373015778571429,0.9142857142857143
27.428571428571423,0.22081790273476246,3.373015778571429,0.9714285714285714
27.428571428571423,0.22081790273476246,3.373015778571429,1.0285714285714285
27.428571428571423,0.22081790273476246,3.373015778571429,1.0857142857142856
27.428571428571423,0.22081790273476246,3.373015778571429,1.1428571428571428
27.428571428571423,0.22081790273476246,3.373015778571429,1.2
27.428571428571423,0.22081790273476246,3.61111101,0.8
27.428571428571423,0.22081790273476246,3.61111101,0.8571428571428572
27.428571428571423,0.22081790273476246,3.61111101,0.9142857142857143
27.428571428571423,0.22081790273476246,3.61111101,0.9714285714285714
27.428571428571423,0.22081790273476246,3.61111101,1.0285714285714285
27.428571428571423,0.22081790273476246,3.61111101,1.0857142857142856
27.428571428571423,0.22081790273476246,3.61111101,1.1428571428571428
27.428571428571423,0.22081790273476246,3.61111101,1.2
27.428571428571423,0.26918003852647127,1.94444439,0.8
27.428571428571423,0.26918003852647127,1.94444439,0.8571428571428572
27.428571428571423,0.26918003852647127,1.94444439,0.9142857142857143
27.428571428571423,0.26918003852647127,1.94444439,0.9714285714285714
27.428571428571423,0.26918003852647127,1.94444439,1.0285714285714285
27.428571428571423,0.26918003852647127,1.94444439,1.0857142857142856
27.428571428571423,0.26918003852647127,1.94444439,1.1428571428571428
27.428571428571423,0.26918003852647127,1.94444439,1.2
27.428571428571423,0.26918003852647127,2.1825396214285715,0.8
27.428571428571423,0.26918003852647127,2.1825396214285715,0.8571428571428572
27.428571428571423,0.26918003852647127,2.1825396214285715,0.9142857142857143
27.428571428571423,0.26918003852647127,2.1825396214285715,0.9714285714285714
27.428571428571423,0.26918003852647127,2.1825396214285715,1.0285714285714285
27.428571428571423,0.26918003852647127,2.1825396214285715,1.0857142857142856
27.428571428571423,0.26918003852647127,2.1825396214285715,1.1428571428571428
27.428571428571423,0.26918003852647127,2.1825396214285715,1.2
27.428571428571423,0.26918003852647127,2.420634852857143,0.8
27.428571428571423,0.26918003852647127,2.420634852857143,0.8571428571428572
27.428571428571423,0.26918003852647127,2.420634852857143,0.9142857142857143
27.428571428571423,0.26918003852647127,2.420634852857143,0.9714285714285714
27.428571428571423,0.26918003852647127,2.420634852857143,1.0285714285714285
27.428571428571423,0.26918003852647127,2.420634852857143,1.0857142857142856
27.428571428571423,0.26918003852647127,2.420634852857143,1.1428571428571428
27.428571428571423,0.26918003852647127,2.420634852857143,1.2
27.428571428571423,0.26918003852647127,2.6587300842857142,0.8
27.428571428571423,0.26918003852647127,2.6587300842857142,0.8571428571428572
27.428571428571423,0.26918003852647127,2.6587300842857142,0.9142857142857143
27.428571428571423,0.26918003852647127,2.6587300842857142,0.9714285714285714
27.428571428571423,0.26918003852647127,2.6587300842857142,1.0285714285714285
27.428571428571423,0.26918003852647127,2.6587300842857142,1.0857142857142856
27.428571428571423,0.26918003852647127,2.6587300842857142,1.1428571428571428
27.428571428571423,0.26918003852647127,2.6587300842857142,1.2
27.428571428571423,0.26918003852647127,2.896825315714286,0.8
27.428571428571423,0.26918003852647127,2.896825315714286,0.8571428571428572
27.428571428571423,0.26918003852647127,2.896825315714286,0.9142857142857143
27.428571428571423,0.26918003852647127,2.896825315714286,0.9714285714285714
27.428571428571423,0.26918003852647127,2.896825315714286,1.0285714285714285
27.428571428571423,0.26918003852647127,2.896825315714286,1.0857142857142856
27.428571428571423,0.26918003852647127,2.896825315714286,1.1428571428571428
27.428571428571423,0.26918003852647127,2.896825315714286,1.2
27.428571428571423,0.26918003852647127,3.1349205471428574,0.8
27.428571428571423,0.26918003852647127,3.1349205471428574,0.8571428571428572
27.428571428571423,0.26918003852647127,3.1349205471428574,0.9142857142857143
27.428571428571423,0.26918003852647127,3.1349205471428574,0.9714285714285714
27.428571428571423,0.26918003852647127,3.1349205471428574,1.0285714285714285
27.428571428571423,0.26918003852647127,3.1349205471428574,1.0857142857142856
27.428571428571423,0.26918003852647127,3.1349205471428574,1.1428571428571428
27.428571428571423,0.26918003852647127,3.1349205471428574,1.2
27.428571428571423,0.26918003852647127,3.373015778571429,0.8
27.428571428571423,0.26918003852647127,3.373015778571429,0.8571428571428572
27.428571428571423,0.26918003852647127,3.373015778571429,0.9142857142857143
27.428571428571423,0.26918003852647127,3.373015778571429,0.9714285714285714
27.428571428571423,0.26918003852647127,3.373015778571429,1.0285714285714285
27.428571428571423,0.26918003852647127,3.373015778571429,1.0857142857142856
27.428571428571423,0.26918003852647127,3.373015778571429,1.1428571428571428
27.428571428571423,0.26918003852647127,3.373015778571429,1.2
27.428571428571423,0.26918003852647127,3.61111101,0.8
27.428571428571423,0.26918003852647127,3.61111101,0.8571428571428572
27.428571428571423,0.26918003852647127,3.61111101,0.9142857142857143
27.428571428571423,0.26918003852647127,3.61111101,0.9714285714285714
27.428571428571423,0.26918003852647127,3.61111101,1.0285714285714285
27.428571428571423,0.26918003852647127,3.61111101,1.0857142857142856
27.428571428571423,0.26918003852647127,3.61111101,1.1428571428571428
27.428571428571423,0.26918003852647127,3.61111101,1.2
27.428571428571423,0.32813414240305516,1.94444439,0.8
27.428571428571423,0.32813414240305516,1.94444439,0.8571428571428572
27.428571428571423,0.32813414240305516,1.94444439,0.9142857142857143
27.428571428571423,0.32813414240305516,1.94444439,0.9714285714285714
27.428571428571423,0.32813414240305516,1.94444439,1.0285714285714285
27.428571428571423,0.32813414240305516,1.94444439,1.0857142857142856
27.428571428571423,0.32813414240305516,1.94444439,1.1428571428571428
27.428571428571423,0.32813414240305516,1.94444439,1.2
27.428571428571423,0.32813414240305516,2.1825396214285715,0.8
27.428571428571423,0.32813414240305516,2.1825396214285715,0.8571428571428572
27.428571428571423,0.32813414240305516,2.1825396214285715,0.9142857142857143
27.428571428571423,0.32813414240305516,2.1825396214285715,0.9714285714285714
27.428571428571423,0.32813414240305516,2.1825396214285715,1.0285714285714285
27.428571428571423,0.32813414240305516,2.1825396214285715,1.0857142857142856
27.428571428571423,0.32813414240305516,2.1825396214285715,1.1428571428571428
27.428571428571423,0.32813414240305516,2.1825396214285715,1.2
27.428571428571423,0.32813414240305516,2.420634852857143,0.8
27.428571428571423,0.32813414240305516,2.420634852857143,0.8571428571428572
27.428571428571423,0.32813414240305516,2.420634852857143,0.9142857142857143
27.428571428571423,0.32813414240305516,2.420634852857143,0.9714285714285714
27.428571428571423,0.32813414240305516,2.420634852857143,1.0285714285714285
27.428571428571423,0.32813414240305516,2.420634852857143,1.0857142857142856
27.428571428571423,0.32813414240305516,2.420634852857143,1.1428571428571428
27.428571428571423,0.32813414240305516,2.420634852857143,1.2
27.428571428571423,0.32813414240305516,2.6587300842857142,0.8
27.428571428571423,0.32813414240305516,2.6587300842857142,0.8571428571428572
27.428571428571423,0.32813414240305516,2.6587300842857142,0.9142857142857143
27.428571428571423,0.32813414240305516,2.6587300842857142,0.9714285714285714
27.428571428571423,0.32813414240305516,2.6587300842857142,1.0285714285714285
27.428571428571423,0.32813414240305516,2.6587300842857142,1.0857142857142856
27.428571428571423,0.32813414240305516,2.6587300842857142,1.1428571428571428
27.428571428571423,0.32813414240305516,2.6587300842857142,1.2
27.428571428571423,0.32813414240305516,2.896825315714286,0.8
27.428571428571423,0.32813414240305516,2.896825315714286,0.8571428571428572
27.428571428571423,0.32813414240305516,2.896825315714286,0.9142857142857143
27.428571428571423,0.32813414240305516,2.896825315714286,0.9714285714285714
27.428571428571423,0.32813414240305516,2.896825315714286,1.0285714285714285
27.428571428571423,0.32813414240305516,2.896825315714286,1.0857142857142856
27.428571428571423,0.32813414240305516,2.896825315714286,1.1428571428571428
27.428571428571423,0.32813414240305516,2.896825315714286,1.2
27.428571428571423,0.32813414240305516,3.1349205471428574,0.8
27.428571428571423,0.32813414240305516,3.1349205471428574,0.8571428571428572
27.428571428571423,0.32813414240305516,3.1349205471428574,0.9142857142857143
27.428571428571423,0.32813414240305516,3.1349205471428574,0.9714285714285714
27.428571428571423,0.32813414240305516,3.1349205471428574,1.0285714285714285
27.428571428571423,0.32813414240305516,3.1349205471428574,1.0857142857142856
27.428571428571423,0.32813414240305516,3.1349205471428574,1.1428571428571428
27.428571428571423,0.32813414240305516,3.1349205471428574,1.2
27.428571428571423,0.32813414240305516,3.373015778571429,0.8
27.428571428571423,0.32813414240305516,3.373015778571429,0.8571428571428572
27.428571428571423,0.32813414240305516,3.373015778571429,0.9142857142857143
27.428571428571423,0.32813414240305516,3.373015778571429,0.9714285714285714
27.428571428571423,0.32813414240305516,3.373015778571429,1.0285714285714285
27.428571428571423,0.32813414240305516,3.373015778571429,1.0857142857142856
27.428571428571423,0.32813414240305516,3.373015778571429,1.1428571428571428
27.428571428571423,0.32813414240305516,3.373015778571429,1.2
27.428571428571423,0.32813414240305516,3.61111101,0.8
27.428571428571423,0.32813414240305516,3.61111101,0.8571428571428572
27.428571428571423,0.32813414240305516,3.61111101,0.9142857142857143
27.428571428571423,0.32813414240305516,3.61111101,0.9714285714285714
27.428571428571423,0.32813414240305516,3.61111101,1.0285714285714285
27.428571428571423,0.32813414240305516,3.61111101,1.0857142857142856
27.428571428571423,0.32813414240305516,3.61111101,1.1428571428571428
27.428571428571423,0.32813414240305516,3.61111101,1.2
27.428571428571423,0.4,1.94444439,0.8
27.428571428571423,0.4,1.94444439,0.8571428571428572
27.428571428571423,0.4,1.94444439,0.9142857142857143
27.428571428571423,0.4,1.94444439,0.9714285714285714
27.428571428571423,0.4,1.94444439,1.0285714285714285
27.428571428571423,0.4,1.94444439,1.0857142857142856
27.428571428571423,0.4,1.94444439,1.1428571428571428
27.428571428571423,0.4,1.94444439,1.2
27.428571428571423,0.4,2.1825396214285715,0.8
27.428571428571423,0.4,2.1825396214285715,0.8571428571428572
27.428571428571423,0.4,2.1825396214285715,0.9142857142857143
27.428571428571423,0.4,2.1825396214285715,0.9714285714285714
27.428571428571423,0.4,2.1825396214285715,1.0285714285714285
27.428571428571423,0.4,2.1825396214285715,1.0857142857142856
27.428571428571423,0.4,2.1825396214285715,1.1428571428571428
27.428571428571423,0.4,2.1825396214285715,1.2
27.428571428571423,0.4,2.420634852857143,0.8
27.428571428571423,0.4,2.420634852857143,0.8571428571428572
27.428571428571423,0.4,2.420634852857143,0.9142857142857143
27.428571428571423,0.4,2.420634852857143,0.9714285714285714
27.428571428571423,0.4,2.420634852857143,1.0285714285714285
27.428571428571423,0.4,2.420634852857143,1.0857142857142856
27.428571428571423,0.4,2.420634852857143,1.1428571428571428
27.428571428571423,0.4,2.420634852857143,1.2
27.428571428571423,0.4,2.6587300842857142,0.8
27.428571428571423,0.4,2.6587300842857142,0.8571428571428572
27.428571428571423,0.4,2.6587300842857142,0.9142857142857143
27.428571428571423,0.4,2.6587300842857142,0.9714285714285714
27.428571428571423,0.4,2.6587300842857142,1.0285714285714285
27.428571428571423,0.4,2.6587300842857142,1.0857142857142856
27.428571428571423,0.4,2.6587300842857142,1.1428571428571428
27.428571428571423,0.4,2.6587300842857142,1.2
27.428571428571423,0.4,2.896825315714286,0.8
27.428571428571423,0.4,2.896825315714286,0.8571428571428572
27.428571428571423,0.4,2.896825315714286,0.9142857142857143
27.428571428571423,0.4,2.896825315714286,0.9714285714285714
27.428571428571423,0.4,2.896825315714286,1.0285714285714285
27.428571428571423,0.4,2.896825315714286,1.0857142857142856
27.428571428571423,0.4,2.896825315714286,1.1428571428571428
27.428571428571423,0.4,2.896825315714286,1.2
27.428571428571423,0.4,3.1349205471428574,0.8
27.428571428571423,0.4,3.1349205471428574,0.8571428571428572
27.428571428571423,0.4,3.1349205471428574,0.9142857142857143
27.428571428571423,0.4,3.1349205471428574,0.9714285714285714
27.428571428571423,0.4,3.1349205471428574,1.0285714285714285
27.428571428571423,0.4,3.1349205471428574,1.0857142857142856
27.428571428571423,0.4,3.1349205471428574,1.1428571428571428
27.428571428571423,0.4,3.1349205471428574,1.2
27.428571428571423,0.4,3.373015778571429,0.8
27.428571428571423,0.4,3.373015778571429,0.8571428571428572
27.428571428571423,0.4,3.373015778571429,0.9142857142857143
27.428571428571423,0.4,3.373015778571429,0.9714285714285714
27.428571428571423,0.4,3.373015778571429,1.0285714285714285
27.428571428571423,0.4,3.373015778571429,1.0857142857142856
27.428571428571423,0.4,3.373015778571429,1.1428571428571428
27.428571428571423,0.4,3.373015778571429,1.2
27.428571428571423,0.4,3.61111101,0.8
27.428571428571423,0.4,3.61111101,0.8571428571428572
27.428571428571423,0.4,3.61111101,0.9142857142857143
27.428571428571423,0.4,3.61111101,0.9714285714285714
27.428571428571423,0.4,3.61111101,1.0285714285714285
27.428571428571423,0.4,3.61111101,1.0857142857142856
27.428571428571423,0.4,3.61111101,1.1428571428571428
27.428571428571423,0.4,3.61111101,1.2
29.14285714285714,0.1,1.94444439,0.8
29.14285714285714,0.1,1.94444439,0.8571428571428572
29.14285714285714,0.1,1.94444439,0.9142857142857143
29.14285714285714,0.1,1.94444439,0.9714285714285714
29.14285714285714,0.1,1.94444439,1.0285714285714285
29.14285714285714,0.1,1.94444439,1.0857142857142856
29.14285714285714,0.1,1.94444439,1.1428571428571428
29.14285714285714,0.1,1.94444439,1.2
29.14285714285714,0.1,2.1825396214285715,0.8
29.14285714285714,0.1,2.1825396214285715,0.8571428571428572
29.14285714285714,0.1,2.1825396214285715,0.9142857142857143
29.14285714285714,0.1,2.1825396214285715,0.9714285714285714
29.14285714285714,0.1,2.1825396214285715,1.0285714285714285
29.14285714285714,0.1,2.1825396214285715,1.0857142857142856
29.14285714285714,0.1,2.1825396214285715,1.1428571428571428
29.14285714285714,0.1,2.1825396214285715,1.2
29.14285714285714,0.1,2.420634852857143,0.8
29.14285714285714,0.1,2.420634852857143,0.8571428571428572
29.14285714285714,0.1,2.420634852857143,0.9142857142857143
29.14285714285714,0.1,2.420634852857143,0.9714285714285714
29.14285714285714,0.1,2.420634852857143,1.0285714285714285
29.14285714285714,0.1,2.420634852857143,1.0857142857142856
29.14285714285714,0.1,2.420634852857143,1.1428571428571428
29.14285714285714,0.1,2.420634852857143,1.2
29.14285714285714,0.1,2.6587300842857142,0.8
29.14285714285714,0.1,2.6587300842857142,0.8571428571428572
29.14285714285714,0.1,2.6587300842857142,0.9142857142857143
29.14285714285714,0.1,2.6587300842857142,0.9714285714285714
29.14285714285714,0.1,2.6587300842857142,1.0285714285714285
29.14285714285714,0.1,2.6587300842857142,1.0857142857142856
29.14285714285714,0.1,2.6587300842857142,1.1428571428571428
29.14285714285714,0.1,2.6587300842857142,1.2
29.14285714285714,0.1,2.896825315714286,0.8
29.14285714285714,0.1,2.896825315714286,0.8571428571428572
29.14285714285714,0.1,2.896825315714286,0.9142857142857143
29.14285714285714,0.1,2.896825315714286,0.9714285714285714
29.14285714285714,0.1,2.896825315714286,1.0285714285714285
29.14285714285714,0.1,2.896825315714286,1.0857142857142856
29.14285714285714,0.1,2.896825315714286,1.1428571428571428
29.14285714285714,0.1,2.896825315714286,1.2
29.14285714285714,0.1,3.1349205471428574,0.8
29.14285714285714,0.1,3.1349205471428574,0.8571428571428572
29.14285714285714,0.1,3.1349205471428574,0.9142857142857143
29.14285714285714,0.1,3.1349205471428574,0.9714285714285714
29.14285714285714,0.1,3.1349205471428574,1.0285714285714285
29.14285714285714,0.1,3.1349205471428574,1.0857142857142856
29.14285714285714,0.1,3.1349205471428574,1.1428571428571428
29.14285714285714,0.1,3.1349205471428574,1.2
29.14285714285714,0.1,3.373015778571429,0.8
29.14285714285714,0.1,3.373015778571429,0.8571428571428572
29.14285714285714,0.1,3.373015778571429,0.9142857142857143
29.14285714285714,0.1,3.373015778571429,0.9714285714285714
29.14285714285714,0.1,3.373015778571429,1.0285714285714285
29.14285714285714,0.1,3.373015778571429,1.0857142857142856
29.14285714285714,0.1,3.373015778571429,1.1428571428571428
29.14285714285714,0.1,3.373015778571429,1.2
29.14285714285714,0.1,3.61111101,0.8
29.14285714285714,0.1,3.61111101,0.8571428571428572
29.14285714285714,0.1,3.61111101,0.9142857142857143
29.14285714285714,0.1,3.61111101,0.9714285714285714
29.14285714285714,0.1,3.61111101,1.0285714285714285
29.14285714285714,0.1,3.61111101,1.0857142857142856
29.14285714285714,0.1,3.61111101,1.1428571428571428
29.14285714285714,0.1,3.61111101,1.2
29.14285714285714,0.12190136542044755,1.94444439,0.8
29.14285714285714,0.12190136542044755,1.94444439,0.8571428571428572
29.14285714285714,0.12190136542044755,1.94444439,0.9142857142857143
29.14285714285714,0.12190136542044755,1.94444439,0.9714285714285714
29.14285714285714,0.12190136542044755,1.94444439,1.0285714285714285
29.14285714285714,0.12190136542044755,1.94444439,1.0857142857142856
29.14285714285714,0.12190136542044755,1.94444439,1.1428571428571428
29.14285714285714,0.12190136542044755,1.94444439,1.2
29.14285714285714,0.12190136542044755,2.1825396214285715,0.8
29.14285714285714,0.12190136542044755,2.1825396214285715,0.8571428571428572
29.14285714285714,0.12190136542044755,2.1825396214285715,0.9142857142857143
29.14285714285714,0.12190136542044755,2.1825396214285715,0.9714285714285714
29.14285714285714,0.12190136542044755,2.1825396214285715,1.0285714285714285
29.14285714285714,0.12190136542044755,2.1825396214285715,1.0857142857142856
29.14285714285714,0.12190136542044755,2.1825396214285715,1.1428571428571428
29.14285714285714,0.12190136542044755,2.1825396214285715,1.2
29.14285714285714,0.12190136542044755,2.420634852857143,0.8
29.14285714285714,0.12190136542044755,2.420634852857143,0.8571428571428572
29.14285714285714,0.12190136542044755,2.420634852857143,0.9142857142857143
29.14285714285714,0.12190136542044755,2.420634852857143,0.9714285714285714
29.14285714285714,0.12190136542044755,2.420634852857143,1.0285714285714285
29.14285714285714,0.12190136542044755,2.420634852857143,1.0857142857142856
29.14285714285714,0.12190136542044755,2.420634852857143,1.1428571428571428
29.14285714285714,0.12190136542044755,2.420634852857143,1.2
29.14285714285714,0.12190136542044755,2.6587300842857142,0.8
29.14285714285714,0.12190136542044755,2.6587300842857142,0.8571428571428572
29.14285714285714,0.12190136542044755,2.6587300842857142,0.9142857142857143
29.14285714285714,0.12190136542044755,2.6587300842857142,0.9714285714285714
29.14285714285714,0.12190136542044755,2.6587300842857142,1.0285714285714285
29.14285714285714,0.12190136542044755,2.6587300842857142,1.0857142857142856
29.14285714285714,0.12190136542044755,2.6587300842857142,1.1428571428571428
29.14285714285714,0.12190136542044755,2.6587300842857142,1.2
29.14285714285714,0.12190136542044755,2.896825315714286,0.8
29.14285714285714,0.12190136542044755,2.896825315714286,0.8571428571428572
29.14285714285714,0.12190136542044755,2.896825315714286,0.9142857142857143
29.14285714285714,0.12190136542044755,2.896825315714286,0.9714285714285714
29.14285714285714,0.12190136542044755,2.896825315714286,1.0285714285714285
29.14285714285714,0.12190136542044755,2.896825315714286,1.0857142857142856
29.14285714285714,0.12190136542044755,2.896825315714286,1.1428571428571428
29.14285714285714,0.12190136542044755,2.896825315714286,1.2
29.14285714285714,0.12190136542044755,3.1349205471428574,0.8
29.14285714285714,0.12190136542044755,3.1349205471428574,0.8571428571428572
29.14285714285714,0.12190136542044755,3.1349205471428574,0.9142857142857143
29.14285714285714,0.12190136542044755,3.1349205471428574,0.9714285714285714
29.14285714285714,0.12190136542044755,3.1349205471428574,1.0285714285714285
29.14285714285714,0.12190136542044755,3.1349205471428574,1.0857142857142856
29.14285714285714,0.12190136542044755,3.1349205471428574,1.1428571428571428
29.14285714285714,0.12190136542044755,3.1349205471428574,1.2
29.14285714285714,0.12190136542044755,3.373015778571429,0.8
29.14285714285714,0.12190136542044755,3.373015778571429,0.8571428571428572
29.14285714285714,0.12190136542044755,3.373015778571429,0.9142857142857143
29.14285714285714,0.12190136542044755,3.373015778571429,0.9714285714285714
29.14285714285714,0.12190136542044755,3.373015778571429,1.0285714285714285
29.14285714285714,0.12190136542044755,3.373015778571429,1.0857142857142856
29.14285714285714,0.12190136542044755,3.373015778571429,1.1428571428571428
29.14285714285714,0.12190136542044755,3.373015778571429,1.2
29.14285714285714,0.12190136542044755,3.61111101,0.8
29.14285714285714,0.12190136542044755,3.61111101,0.8571428571428572
29.14285714285714,0.12190136542044755,3.61111101,0.9142857142857143
29.14285714285714,0.12190136542044755,3.61111101,0.9714285714285714
29.14285714285714,0.12190136542044755,3.61111101,1.0285714285714285
29.14285714285714,0.12190136542044755,3.61111101,1.0857142857142856
29.14285714285714,0.12190136542044755,3.61111101,1.1428571428571428
29.14285714285714,0.12190136542044755,3.61111101,1.2
29.14285714285714,0.14859942891369485,1.94444439,0.8
29.14285714285714,0.14859942891369485,1.94444439,0.8571428571428572
29.14285714285714,0.14859942891369485,1.94444439,0.9142857142857143
29.14285714285714,0.14859942891369485,1.94444439,0.9714285714285714
29.14285714285714,0.14859942891369485,1.94444439,1.0285714285714285
29.14285714285714,0.14859942891369485,1.94444439,1.0857142857142856
29.14285714285714,0.14859942891369485,1.94444439,1.1428571428571428
29.14285714285714,0.14859942891369485,1.94444439,1.2
29.14285714285714,0.14859942891369485,2.1825396214285715,0.8
29.14285714285714,0.14859942891369485,2.1825396214285715,0.8571428571428572
29.14285714285714,0.14859942891369485,2.1825396214285715,0.9142857142857143
29.14285714285714,0.14859942891369485,2.1825396214285715,0.9714285714285714
29.14285714285714,0.14859942891369485,2.1825396214285715,1.0285714285714285
29.14285714285714,0.14859942891369485,2.1825396214285715,1.0857142857142856
29.14285714285714,0.14859942891369485,2.1825396214285715,1.1428571428571428
29.14285714285714,0.14859942891369485,2.1825396214285715,1.2
29.14285714285714,0.14859942891369485,2.420634852857143,0.8
29.14285714285714,0.14859942891369485,2.420634852857143,0.8571428571428572
29.14285714285714,0.14859942891369485,2.420634852857143,0.9142857142857143
29.14285714285714,0.14859942891369485,2.420634852857143,0.9714285714285714
29.14285714285714,0.14859942891369485,2.420634852857143,1.0285714285714285
29.14285714285714,0.14859942891369485,2.420634852857143,1.0857142857142856
29.14285714285714,0.14859942891369485,2.420634852857143,1.1428571428571428
29.14285714285714,0.14859942891369485,2.420634852857143,1.2
29.14285714285714,0.14859942891369485,2.6587300842857142,0.8
29.14285714285714,0.14859942891369485,2.6587300842857142,0.8571428571428572
29.14285714285714,0.14859942891369485,2.6587300842857142,0.9142857142857143
29.14285714285714,0.14859942891369485,2.6587300842857142,0.9714285714285714
29.14285714285714,0.14859942891369485,2.6587300842857142,1.0285714285714285
29.14285714285714,0.14859942891369485,2.6587300842857142,1.0857142857142856
29.14285714285714,0.14859942891369485,2.6587300842857142,1.1428571428571428
29.14285714285714,0.14859942891369485,2.6587300842857142,1.2
29.14285714285714,0.14859942891369485,2.896825315714286,0.8
29.14285714285714,0.14859942891369485,2.896825315714286,0.8571428571428572
29.14285714285714,0.14859942891369485,2.896825315714286,0.9142857142857143
29.14285714285714,0.14859942891369485,2.896825315714286,0.9714285714285714
29.14285714285714,0.14859942891369485,2.896825315714286,1.0285714285714285
29.14285714285714,0.14859942891369485,2.896825315714286,1.0857142857142856
29.14285714285714,0.14859942891369485,2.896825315714286,1.1428571428571428
29.14285714285714,0.14859942891369485,2.896825315714286,1.2
29.14285714285714,0.14859942891369485,3.1349205471428574,0.8
29.14285714285714,0.14859942891369485,3.1349205471428574,0.8571428571428572
29.14285714285714,0.14859942891369485,3.1349205471428574,0.9142857142857143
29.14285714285714,0.14859942891369485,3.1349205471428574,0.9714285714285714
29.14285714285714,0.14859942891369485,3.1349205471428574,1.0285714285714285
29.14285714285714,0.14859942891369485,3.1349205471428574,1.0857142857142856
29.14285714285714,0.14859942891369485,3.1349205471428574,1.1428571428571428
29.14285714285714,0.14859942891369485,3.1349205471428574,1.2
29.14285714285714,0.14859942891369485,3.373015778571429,0.8
29.14285714285714,0.14859942891369485,3.373015778571429,0.8571428571428572
29.14285714285714,0.14859942891369485,3.373015778571429,0.9142857142857143
29.14285714285714,0.14859942891369485,3.373015778571429,0.9714285714285714
29.14285714285714,0.14859942891369485,3.373015778571429,1.0285714285714285
29.14285714285714,0.14859942891369485,3.373015778571429,1.0857142857142856
29.14285714285714,0.14859942891369485,3.373015778571429,1.1428571428571428
29.14285714285714,0.14859942891369485,3.373015778571429,1.2
29.14285714285714,0.14859942891369485,3.61111101,0.8
29.14285714285714,0.14859942891369485,3.61111101,0.8571428571428572
29.14285714285714,0.14859942891369485,3.61111101,0.9142857142857143
29.14285714285714,0.14859942891369485,3.61111101,0.9714285714285714
29.14285714285714,0.14859942891369485,3.61111101,1.0285714285714285
29.14285714285714,0.14859942891369485,3.61111101,1.0857142857142856
29.14285714285714,0.14859942891369485,3.61111101,1.1428571428571428
29.14285714285714,0.14859942891369485,3.61111101,1.2
29.14285714285714,0.18114473285278132,1.94444439,0.8
29.14285714285714,0.18114473285278132,1.94444439,0.8571428571428572
29.14285714285714,0.18114473285278132,1.94444439,0.9142857142857143
29.14285714285714,0.18114473285278132,1.94444439,0.9714285714285714
29.14285714285714,0.18114473285278132,1.94444439,1.0285714285714285
29.14285714285714,0.18114473285278132,1.94444439,1.0857142857142856
29.14285714285714,0.18114473285278132,1.94444439,1.1428571428571428
29.14285714285714,0.18114473285278132,1.94444439,1.2
29.14285714285714,0.18114473285278132,2.1825396214285715,0.8
29.14285714285714,0.18114473285278132,2.1825396214285715,0.8571428571428572
29.14285714285714,0.18114473285278132,2.1825396214285715,0.9142857142857143
29.14285714285714,0.18114473285278132,2.1825396214285715,0.9714285714285714
29.14285714285714,0.18114473285278132,2.1825396214285715,1.0285714285714285
29.14285714285714,0.18114473285278132,2.1825396214285715,1.0857142857142856
29.14285714285714,0.18114473285278132,2.1825396214285715,1.1428571428571428
29.14285714285714,0.18114473285278132,2.1825396214285715,1.2
29.14285714285714,0.18114473285278132,2.420634852857143,0.8
29.14285714285714,0.18114473285278132,2.420634852857143,0.8571428571428572
29.14285714285714,0.18114473285278132,2.420634852857143,0.9142857142857143
29.14285714285714,0.18114473285278132,2.420634852857143,0.9714285714285714
29.14285714285714,0.18114473285278132,2.420634852857143,1.0285714285714285
29.14285714285714,0.18114473285278132,2.420634852857143,1.0857142857142856
29.14285714285714,0.18114473285278132,2.420634852857143,1.1428571428571428
29.14285714285714,0.18114473285278132,2.420634852857143,1.2
29.14285714285714,0.18114473285278132,2.6587300842857142,0.8
29.14285714285714,0.18114473285278132,2.6587300842857142,0.8571428571428572
29.14285714285714,0.18114473285278132,2.6587300842857142,0.9142857142857143
29.14285714285714,0.18114473285278132,2.6587300842857142,0.9714285714285714
29.14285714285714,0.18114473285278132,2.6587300842857142,1.0285714285714285
29.14285714285714,0.18114473285278132,2.6587300842857142,1.0857142857142856
29.14285714285714,0.18114473285278132,2.6587300842857142,1.1428571428571428
29.14285714285714,0.18114473285278132,2.6587300842857142,1.2
29.14285714285714,0.18114473285278132,2.896825315714286,0.8
29.14285714285714,0.18114473285278132,2.896825315714286,0.8571428571428572
29.14285714285714,0.18114473285278132,2.896825315714286,0.9142857142857143
29.14285714285714,0.18114473285278132,2.896825315714286,0.9714285714285714
29.14285714285714,0.18114473285278132,2.896825315714286,1.0285714285714285
29.14285714285714,0.18114473285278132,2.896825315714286,1.0857142857142856
29.14285714285714,0.18114473285278132,2.896825315714286,1.1428571428571428
29.14285714285714,0.18114473285278132,2.896825315714286,1.2
29.14285714285714,0.18114473285278132,3.1349205471428574,0.8
29.14285714285714,0.18114473285278132,3.1349205471428574,0.8571428571428572
29.14285714285714,0.18114473285278132,3.1349205471428574,0.9142857142857143
29.14285714285714,0.18114473285278132,3.1349205471428574,0.9714285714285714
29.14285714285714,0.18114473285278132,3.1349205471428574,1.0285714285714285
29.14285714285714,0.18114473285278132,3.1349205471428574,1.0857142857142856
29.14285714285714,0.18114473285278132,3.1349205471428574,1.1428571428571428
29.14285714285714,0.18114473285278132,3.1349205471428574,1.2
29.14285714285714,0.18114473285278132,3.373015778571429,0.8
29.14285714285714,0.18114473285278132,3.373015778571429,0.8571428571428572
29.14285714285714,0.18114473285278132,3.373015778571429,0.9142857142857143
29.14285714285714,0.18114473285278132,3.373015778571429,0.9714285714285714
29.14285714285714,0.18114473285278132,3.373015778571429,1.0285714285714285
29.14285714285714,0.18114473285278132,3.373015778571429,1.0857142857142856
29.14285714285714,0.18114473285278132,3.373015778571429,1.1428571428571428
29.14285714285714,0.18114473285278132,3.373015778571429,1.2
29.14285714285714,0.18114473285278132,3.61111101,0.8
29.14285714285714,0.18114473285278132,3.61111101,0.8571428571428572
29.14285714285714,0.18114473285278132,3.61111101,0.9142857142857143
29.14285714285714,0.18114473285278132,3.61111101,0.9714285714285714
29.14285714285714,0.18114473285278132,3.61111101,1.0285714285714285
29.14285714285714,0.18114473285278132,3.61111101,1.0857142857142856
29.14285714285714,0.18114473285278132,3.61111101,1.1428571428571428
29.14285714285714,0.18114473285278132,3.61111101,1.2
29.14285714285714,0.22081790273476246,1.94444439,0.8
29.14285714285714,0.22081790273476246,1.94444439,0.8571428571428572
29.14285714285714,0.22081790273476246,1.94444439,0.9142857142857143
29.14285714285714,0.22081790273476246,1.94444439,0.9714285714285714
29.14285714285714,0.22081790273476246,1.94444439,1.0285714285714285
29.14285714285714,0.22081790273476246,1.94444439,1.0857142857142856
29.14285714285714,0.22081790273476246,1.94444439,1.1428571428571428
29.14285714285714,0.22081790273476246,1.94444439,1.2
29.14285714285714,0.22081790273476246,2.1825396214285715,0.8
29.14285714285714,0.22081790273476246,2.1825396214285715,0.8571428571428572
29.14285714285714,0.22081790273476246,2.1825396214285715,0.9142857142857143
29.14285714285714,0.22081790273476246,2.1825396214285715,0.9714285714285714
29.14285714285714,0.22081790273476246,2.1825396214285715,1.0285714285714285
29.14285714285714,0.22081790273476246,2.1825396214285715,1.0857142857142856
29.14285714285714,0.22081790273476246,2.1825396214285715,1.1428571428571428
29.14285714285714,0.22081790273476246,2.1825396214285715,1.2
29.14285714285714,0.22081790273476246,2.420634852857143,0.8
29.14285714285714,0.22081790273476246,2.420634852857143,0.8571428571428572
29.14285714285714,0.22081790273476246,2.420634852857143,0.9142857142857143
29.14285714285714,0.22081790273476246,2.420634852857143,0.9714285714285714
29.14285714285714,0.22081790273476246,2.420634852857143,1.0285714285714285
29.14285714285714,0.22081790273476246,2.420634852857143,1.0857142857142856
29.14285714285714,0.22081790273476246,2.420634852857143,1.1428571428571428
29.14285714285714,0.22081790273476246,2.420634852857143,1.2
29.14285714285714,0.22081790273476246,2.6587300842857142,0.8
29.14285714285714,0.22081790273476246,2.6587300842857142,0.8571428571428572
29.14285714285714,0.22081790273476246,2.6587300842857142,0.9142857142857143
29.14285714285714,0.22081790273476246,2.6587300842857142,0.9714285714285714
29.14285714285714,0.22081790273476246,2.6587300842857142,1.0285714285714285
29.14285714285714,0.22081790273476246,2.6587300842857142,1.0857142857142856
29.14285714285714,0.22081790273476246,2.6587300842857142,1.1428571428571428
29.14285714285714,0.22081790273476246,2.6587300842857142,1.2
29.14285714285714,0.22081790273476246,2.896825315714286,0.8
29.14285714285714,0.22081790273476246,2.896825315714286,0.8571428571428572
29.14285714285714,0.22081790273476246,2.896825315714286,0.9142857142857143
29.14285714285714,0.22081790273476246,2.896825315714286,0.9714285714285714
29.14285714285714,0.22081790273476246,2.896825315714286,1.0285714285714285
29.14285714285714,0.22081790273476246,2.896825315714286,1.0857142857142856
29.14285714285714,0.22081790273476246,2.896825315714286,1.1428571428571428
29.14285714285714,0.22081790273476246,2.896825315714286,1.2
29.14285714285714,0.22081790273476246,3.1349205471428574,0.8
29.14285714285714,0.22081790273476246,3.1349205471428574,0.8571428571428572
29.14285714285714,0.22081790273476246,3.1349205471428574,0.9142857142857143
29.14285714285714,0.22081790273476246,3.1349205471428574,0.9714285714285714
29.14285714285714,0.22081790273476246,3.1349205471428574,1.0285714285714285
29.14285714285714,0.22081790273476246,3.1349205471428574,1.0857142857142856
29.14285714285714,0.22081790273476246,3.1349205471428574,1.1428571428571428
29.14285714285714,0.22081790273476246,3.1349205471428574,1.2
29.14285714285714,0.22081790273476246,3.373015778571429,0.8
29.14285714285714,0.22081790273476246,3.373015778571429,0.8571428571428572
29.14285714285714,0.22081790273476246,3.373015778571429,0.9142857142857143
29.14285714285714,0.22081790273476246,3.373015778571429,0.9714285714285714
29.14285714285714,0.22081790273476246,3.373015778571429,1.0285714285714285
29.14285714285714,0.22081790273476246,3.373015778571429,1.0857142857142856
29.14285714285714,0.22081790273476246,3.373015778571429,1.1428571428571428
29.14285714285714,0.22081790273476246,3.373015778571429,1.2
29.14285714285714,0.22081790273476246,3.61111101,0.8
29.14285714285714,0.22081790273476246,3.61111101,0.8571428571428572
29.14285714285714,0.22081790273476246,3.61111101,0.9142857142857143
29.14285714285714,0.22081790273476246,3.61111101,0.9714285714285714
29.14285714285714,0.22081790273476246,3.61111101,1.0285714285714285
29.14285714285714,0.22081790273476246,3.61111101,1.0857142857142856
29.14285714285714,0.22081790273476246,3.61111101,1.1428571428571428
29.14285714285714,0.22081790273476246,3.61111101,1.2
29.14285714285714,0.26918003852647127,1.94444439,0.8
29.14285714285714,0.26918003852647127,1.94444439,0.8571428571428572
29.14285714285714,0.26918003852647127,1.94444439,0.9142857142857143
29.14285714285714,0.26918003852647127,1.94444439,0.9714285714285714
29.14285714285714,0.26918003852647127,1.94444439,1.0285714285714285
29.14285714285714,0.26918003852647127,1.94444439,1.0857142857142856
29.14285714285714,0.26918003852647127,1.94444439,1.1428571428571428
29.14285714285714,0.26918003852647127,1.94444439,1.2
29.14285714285714,0.26918003852647127,2.1825396214285715,0.8
29.14285714285714,0.26918003852647127,2.1825396214285715,0.8571428571428572
29.14285714285714,0.26918003852647127,2.1825396214285715,0.9142857142857143
29.14285714285714,0.26918003852647127,2.1825396214285715,0.9714285714285714
29.14285714285714,0.26918003852647127,2.1825396214285715,1.0285714285714285
29.14285714285714,0.26918003852647127,2.1825396214285715,1.0857142857142856
29.14285714285714,0.26918003852647127,2.1825396214285715,1.1428571428571428
29.14285714285714,0.26918003852647127,2.1825396214285715,1.2
29.14285714285714,0.26918003852647127,2.420634852857143,0.8
29.14285714285714,0.26918003852647127,2.420634852857143,0.8571428571428572
29.14285714285714,0.26918003852647127,2.420634852857143,0.9142857142857143
29.14285714285714,0.26918003852647127,2.420634852857143,0.9714285714285714
29.14285714285714,0.26918003852647127,2.420634852857143,1.0285714285714285
29.14285714285714,0.26918003852647127,2.420634852857143,1.0857142857142856
29.14285714285714,0.26918003852647127,2.420634852857143,1.1428571428571428
29.14285714285714,0.26918003852647127,2.420634852857143,1.2
29.14285714285714,0.26918003852647127,2.6587300842857142,0.8
29.14285714285714,0.26918003852647127,2.6587300842857142,0.8571428571428572
29.14285714285714,0.26918003852647127,2.6587300842857142,0.9142857142857143
29.14285714285714,0.26918003852647127,2.6587300842857142,0.9714285714285714
29.14285714285714,0.26918003852647127,2.6587300842857142,1.0285714285714285
29.14285714285714,0.26918003852647127,2.6587300842857142,1.0857142857142856
29.14285714285714,0.26918003852647127,2.6587300842857142,1.1428571428571428
29.14285714285714,0.26918003852647127,2.6587300842857142,1.2
29.14285714285714,0.26918003852647127,2.896825315714286,0.8
29.14285714285714,0.26918003852647127,2.896825315714286,0.8571428571428572
29.14285714285714,0.26918003852647127,2.896825315714286,0.9142857142857143
29.14285714285714,0.26918003852647127,2.896825315714286,0.9714285714285714
29.14285714285714,0.26918003852647127,2.896825315714286,1.0285714285714285
29.14285714285714,0.26918003852647127,2.896825315714286,1.0857142857142856
29.14285714285714,0.26918003852647127,2.896825315714286,1.1428571428571428
29.14285714285714,0.26918003852647127,2.896825315714286,1.2
29.14285714285714,0.26918003852647127,3.1349205471428574,0.8
29.14285714285714,0.26918003852647127,3.1349205471428574,0.8571428571428572
29.14285714285714,0.26918003852647127,3.1349205471428574,0.9142857142857143
29.14285714285714,0.26918003852647127,3.1349205471428574,0.9714285714285714
29.14285714285714,0.26918003852647127,3.1349205471428574,1.0285714285714285
29.14285714285714,0.26918003852647127,3.1349205471428574,1.0857142857142856
29.14285714285714,0.26918003852647127,3.1349205471428574,1.1428571428571428
29.14285714285714,0.26918003852647127,3.1349205471428574,1.2
29.14285714285714,0.26918003852647127,3.373015778571429,0.8
29.14285714285714,0.26918003852647127,3.373015778571429,0.8571428571428572
29.14285714285714,0.26918003852647127,3.373015778571429,0.9142857142857143
29.14285714285714,0.26918003852647127,3.373015778571429,0.9714285714285714
29.14285714285714,0.26918003852647127,3.373015778571429,1.0285714285714285
29.14285714285714,0.26918003852647127,3.373015778571429,1.0857142857142856
29.14285714285714,0.26918003852647127,3.373015778571429,1.1428571428571428
29.14285714285714,0.26918003852647127,3.373015778571429,1.2
29.14285714285714,0.26918003852647127,3.61111101,0.8
29.14285714285714,0.26918003852647127,3.61111101,0.8571428571428572
29.14285714285714,0.26918003852647127,3.61111101,0.9142857142857143
29.14285714285714,0.26918003852647127,3.61111101,0.9714285714285714
29.14285714285714,0.26918003852647127,3.61111101,1.0285714285714285
29.14285714285714,0.26918003852647127,3.61111101,1.0857142857142856
29.14285714285714,0.26918003852647127,3.61111101,1.1428571428571428
29.14285714285714,0.26918003852647127,3.61111101,1.2
29.14285714285714,0.32813414240305516,1.94444439,0.8
29.14285714285714,0.32813414240305516,1.94444439,0.8571428571428572
29.14285714285714,0.32813414240305516,1.94444439,0.9142857142857143
29.14285714285714,0.32813414240305516,1.94444439,0.9714285714285714
29.14285714285714,0.32813414240305516,1.94444439,1.0285714285714285
29.14285714285714,0.32813414240305516,1.94444439,1.0857142857142856
29.14285714285714,0.32813414240305516,1.94444439,1.1428571428571428
29.14285714285714,0.32813414240305516,1.94444439,1.2
29.14285714285714,0.32813414240305516,2.1825396214285715,0.8
29.14285714285714,0.32813414240305516,2.1825396214285715,0.8571428571428572
29.14285714285714,0.32813414240305516,2.1825396214285715,0.9142857142857143
29.14285714285714,0.32813414240305516,2.1825396214285715,0.9714285714285714
29.14285714285714,0.32813414240305516,2.1825396214285715,1.0285714285714285
29.14285714285714,0.32813414240305516,2.1825396214285715,1.0857142857142856
29.14285714285714,0.32813414240305516,2.1825396214285715,1.1428571428571428
29.14285714285714,0.32813414240305516,2.1825396214285715,1.2
29.14285714285714,0.32813414240305516,2.420634852857143,0.8
29.14285714285714,0.32813414240305516,2.420634852857143,0.8571428571428572
29.14285714285714,0.32813414240305516,2.420634852857143,0.9142857142857143
29.14285714285714,0.32813414240305516,2.420634852857143,0.9714285714285714
29.14285714285714,0.32813414240305516,2.420634852857143,1.0285714285714285
29.14285714285714,0.32813414240305516,2.420634852857143,1.0857142857142856
29.14285714285714,0.32813414240305516,2.420634852857143,1.1428571428571428
29.14285714285714,0.32813414240305516,2.420634852857143,1.2
29.14285714285714,0.32813414240305516,2.6587300842857142,0.8
29.14285714285714,0.32813414240305516,2.6587300842857142,0.8571428571428572
29.14285714285714,0.32813414240305516,2.6587300842857142,0.9142857142857143
29.14285714285714,0.32813414240305516,2.6587300842857142,0.9714285714285714
29.14285714285714,0.32813414240305516,2.6587300842857142,1.0285714285714285
29.14285714285714,0.32813414240305516,2.6587300842857142,1.0857142857142856
29.14285714285714,0.32813414240305516,2.6587300842857142,1.1428571428571428
29.14285714285714,0.32813414240305516,2.6587300842857142,1.2
29.14285714285714,0.32813414240305516,2.896825315714286,0.8
29.14285714285714,0.32813414240305516,2.896825315714286,0.8571428571428572
29.14285714285714,0.32813414240305516,2.896825315714286,0.9142857142857143
29.14285714285714,0.32813414240305516,2.896825315714286,0.9714285714285714
29.14285714285714,0.32813414240305516,2.896825315714286,1.0285714285714285
29.14285714285714,0.32813414240305516,2.896825315714286,1.0857142857142856
29.14285714285714,0.32813414240305516,2.896825315714286,1.1428571428571428
29.14285714285714,0.32813414240305516,2.896825315714286,1.2
29.14285714285714,0.32813414240305516,3.1349205471428574,0.8
29.14285714285714,0.32813414240305516,3.1349205471428574,0.8571428571428572
29.14285714285714,0.32813414240305516,3.1349205471428574,0.9142857142857143
29.14285714285714,0.32813414240305516,3.1349205471428574,0.9714285714285714
29.14285714285714,0.32813414240305516,3.1349205471428574,1.0285714285714285
29.14285714285714,0.32813414240305516,3.1349205471428574,1.0857142857142856
29.14285714285714,0.32813414240305516,3.1349205471428574,1.1428571428571428
29.14285714285714,0.32813414240305516,3.1349205471428574,1.2
29.14285714285714,0.32813414240305516,3.373015778571429,0.8
29.14285714285714,0.32813414240305516,3.373015778571429,0.8571428571428572
29.14285714285714,0.32813414240305516,3.373015778571429,0.9142857142857143
29.14285714285714,0.32813414240305516,3.373015778571429,0.9714285714285714
29.14285714285714,0.32813414240305516,3.373015778571429,1.0285714285714285
29.14285714285714,0.32813414240305516,3.373015778571429,1.0857142857142856
29.14285714285714,0.32813414240305516,3.373015778571429,1.1428571428571428
29.14285714285714,0.32813414240305516,3.373015778571429,1.2
29.14285714285714,0.32813414240305516,3.61111101,0.8
29.14285714285714,0.32813414240305516,3.61111101,0.8571428571428572
29.14285714285714,0.32813414240305516,3.61111101,0.9142857142857143
29.14285714285714,0.32813414240305516,3.61111101,0.9714285714285714
29.14285714285714,0.32813414240305516,3.61111101,1.0285714285714285
29.14285714285714,0.32813414240305516,3.61111101,1.0857142857142856
29.14285714285714,0.32813414240305516,3.61111101,1.1428571428571428
29.14285714285714,0.32813414240305516,3.61111101,1.2
29.14285714285714,0.4,1.94444439,0.8
29.14285714285714,0.4,1.94444439,0.8571428571428572
29.14285714285714,0.4,1.94444439,0.9142857142857143
29.14285714285714,0.4,1.94444439,0.9714285714285714
29.14285714285714,0.4,1.94444439,1.0285714285714285
29.14285714285714,0.4,1.94444439,1.0857142857142856
29.14285714285714,0.4,1.94444439,1.1428571428571428
29.14285714285714,0.4,1.94444439,1.2
29.14285714285714,0.4,2.1825396214285715,0.8
29.14285714285714,0.4,2.1825396214285715,0.8571428571428572
29.14285714285714,0.4,2.1825396214285715,0.9142857142857143
29.14285714285714,0.4,2.1825396214285715,0.9714285714285714
29.14285714285714,0.4,2.1825396214285715,1.0285714285714285
29.14285714285714,0.4,2.1825396214285715,1.0857142857142856
29.14285714285714,0.4,2.1825396214285715,1.1428571428571428
29.14285714285714,0.4,2.1825396214285715,1.2
29.14285714285714,0.4,2.420634852857143,0.8
29.14285714285714,0.4,2.420634852857143,0.8571428571428572
29.14285714285714,0.4,2.420634852857143,0.9142857142857143
29.14285714285714,0.4,2.420634852857143,0.9714285714285714
29.14285714285714,0.4,2.420634852857143,1.0285714285714285
29.14285714285714,0.4,2.420634852857143,1.0857142857142856
29.14285714285714,0.4,2.420634852857143,1.1428571428571428
29.14285714285714,0.4,2.420634852857143,1.2
29.14285714285714,0.4,2.6587300842857142,0.8
29.14285714285714,0.4,2.6587300842857142,0.8571428571428572
29.14285714285714,0.4,2.6587300842857142,0.9142857142857143
29.14285714285714,0.4,2.6587300842857142,0.9714285714285714
29.14285714285714,0.4,2.6587300842857142,1.0285714285714285
29.14285714285714,0.4,2.6587300842857142,1.0857142857142856
29.14285714285714,0.4,2.6587300842857142,1.1428571428571428
29.14285714285714,0.4,2.6587300842857142,1.2
29.14285714285714,0.4,2.896825315714286,0.8
29.14285714285714,0.4,2.896825315714286,0.8571428571428572
29.14285714285714,0.4,2.896825315714286,0.9142857142857143
29.14285714285714,0.4,2.896825315714286,0.9714285714285714
29.14285714285714,0.4,2.896825315714286,1.0285714285714285
29.14285714285714,0.4,2.896825315714286,1.0857142857142856
29.14285714285714,0.4,2.896825315714286,1.1428571428571428
29.14285714285714,0.4,2.896825315714286,1.2
29.14285714285714,0.4,3.1349205471428574,0.8
29.14285714285714,0.4,3.1349205471428574,0.8571428571428572
29.14285714285714,0.4,3.1349205471428574,0.9142857142857143
29.14285714285714,0.4,3.1349205471428574,0.9714285714285714
29.14285714285714,0.4,3.1349205471428574,1.0285714285714285
29.14285714285714,0.4,3.1349205471428574,1.0857142857142856
29.14285714285714,0.4,3.1349205471428574,1.1428571428571428
29.14285714285714,0.4,3.1349205471428574,1.2
29.14285714285714,0.4,3.373015778571429,0.8
29.14285714285714,0.4,3.373015778571429,0.8571428571428572
29.14285714285714,0.4,3.373015778571429,0.9142857142857143
29.14285714285714,0.4,3.373015778571429,0.9714285714285714
29.14285714285714,0.4,3.373015778571429,1.0285714285714285
29.14285714285714,0.4,3.373015778571429,1.0857142857142856
29.14285714285714,0.4,3.373015778571429,1.1428571428571428
29.14285714285714,0.4,3.373015778571429,1.2
29.14285714285714,0.4,3.61111101,0.8
29.14285714285714,0.4,3.61111101,0.8571428571428572
29.14285714285714,0.4,3.61111101,0.9142857142857143
29.14285714285714,0.4,3.61111101,0.9714285714285714
29.14285714285714,0.4,3.61111101,1.0285714285714285
29.14285714285714,0.4,3.61111101,1.0857142857142856
29.14285714285714,0.4,3.61111101,1.1428571428571428
29.14285714285714,0.4,3.61111101,1.2
30.85714285714285,0.1,1.94444439,0.8
30.85714285714285,0.1,1.94444439,0.8571428571428572
30.85714285714285,0.1,1.94444439,0.9142857142857143
30.85714285714285,0.1,1.94444439,0.9714285714285714
30.85714285714285,0.1,1.94444439,1.0285714285714285
30.85714285714285,0.1,1.94444439,1.0857142857142856
30.85714285714285,0.1,1.94444439,1.1428571428571428
30.85714285714285,0.1,1.94444439,1.2
30.85714285714285,0.1,2.1825396214285715,0.8
30.85714285714285,0.1,2.1825396214285715,0.8571428571428572
30.85714285714285,0.1,2.1825396214285715,0.9142857142857143
30.85714285714285,0.1,2.1825396214285715,0.9714285714285714
30.85714285714285,0.1,2.1825396214285715,1.0285714285714285
30.85714285714285,0.1,2.1825396214285715,1.0857142857142856
30.85714285714285,0.1,2.1825396214285715,1.1428571428571428
30.85714285714285,0.1,2.1825396214285715,1.2
30.85714285714285,0.1,2.420634852857143,0.8
30.85714285714285,0.1,2.420634852857143,0.8571428571428572
30.85714285714285,0.1,2.420634852857143,0.9142857142857143
30.85714285714285,0.1,2.420634852857143,0.9714285714285714
30.85714285714285,0.1,2.420634852857143,1.0285714285714285
30.85714285714285,0.1,2.420634852857143,1.0857142857142856
30.85714285714285,0.1,2.420634852857143,1.1428571428571428
30.85714285714285,0.1,2.420634852857143,1.2
30.85714285714285,0.1,2.6587300842857142,0.8
30.85714285714285,0.1,2.6587300842857142,0.8571428571428572
30.85714285714285,0.1,2.6587300842857142,0.9142857142857143
30.85714285714285,0.1,2.6587300842857142,0.9714285714285714
30.85714285714285,0.1,2.6587300842857142,1.0285714285714285
30.85714285714285,0.1,2.6587300842857142,1.0857142857142856
30.85714285714285,0.1,2.6587300842857142,1.1428571428571428
30.85714285714285,0.1,2.6587300842857142,1.2
30.85714285714285,0.1,2.896825315714286,0.8
30.85714285714285,0.1,2.896825315714286,0.8571428571428572
30.85714285714285,0.1,2.896825315714286,0.9142857142857143
30.85714285714285,0.1,2.896825315714286,0.9714285714285714
30.85714285714285,0.1,2.896825315714286,1.0285714285714285
30.85714285714285,0.1,2.896825315714286,1.0857142857142856
30.85714285714285,0.1,2.896825315714286,1.1428571428571428
30.85714285714285,0.1,2.896825315714286,1.2
30.85714285714285,0.1,3.1349205471428574,0.8
30.85714285714285,0.1,3.1349205471428574,0.8571428571428572
30.85714285714285,0.1,3.1349205471428574,0.9142857142857143
30.85714285714285,0.1,3.1349205471428574,0.9714285714285714
30.85714285714285,0.1,3.1349205471428574,1.0285714285714285
30.85714285714285,0.1,3.1349205471428574,1.0857142857142856
30.85714285714285,0.1,3.1349205471428574,1.1428571428571428
30.85714285714285,0.1,3.1349205471428574,1.2
30.85714285714285,0.1,3.373015778571429,0.8
30.85714285714285,0.1,3.373015778571429,0.8571428571428572
30.85714285714285,0.1,3.373015778571429,0.9142857142857143
30.85714285714285,0.1,3.373015778571429,0.9714285714285714
30.85714285714285,0.1,3.373015778571429,1.0285714285714285
30.85714285714285,0.1,3.373015778571429,1.0857142857142856
30.85714285714285,0.1,3.373015778571429,1.1428571428571428
30.85714285714285,0.1,3.373015778571429,1.2
30.85714285714285,0.1,3.61111101,0.8
30.85714285714285,0.1,3.61111101,0.8571428571428572
30.85714285714285,0.1,3.61111101,0.9142857142857143
30.85714285714285,0.1,3.61111101,0.9714285714285714
30.85714285714285,0.1,3.61111101,1.0285714285714285
30.85714285714285,0.1,3.61111101,1.0857142857142856
30.85714285714285,0.1,3.61111101,1.1428571428571428
30.85714285714285,0.1,3.61111101,1.2
30.85714285714285,0.12190136542044755,1.94444439,0.8
30.85714285714285,0.12190136542044755,1.94444439,0.8571428571428572
30.85714285714285,0.12190136542044755,1.94444439,0.9142857142857143
30.85714285714285,0.12190136542044755,1.94444439,0.9714285714285714
30.85714285714285,0.12190136542044755,1.94444439,1.0285714285714285
30.85714285714285,0.12190136542044755,1.94444439,1.0857142857142856
30.85714285714285,0.12190136542044755,1.94444439,1.1428571428571428
30.85714285714285,0.12190136542044755,1.94444439,1.2
30.85714285714285,0.12190136542044755,2.1825396214285715,0.8
30.85714285714285,0.12190136542044755,2.1825396214285715,0.8571428571428572
30.85714285714285,0.12190136542044755,2.1825396214285715,0.9142857142857143
30.85714285714285,0.12190136542044755,2.1825396214285715,0.9714285714285714
30.85714285714285,0.12190136542044755,2.1825396214285715,1.0285714285714285
30.85714285714285,0.12190136542044755,2.1825396214285715,1.0857142857142856
30.85714285714285,0.12190136542044755,2.1825396214285715,1.1428571428571428
30.85714285714285,0.12190136542044755,2.1825396214285715,1.2
30.85714285714285,0.12190136542044755,2.420634852857143,0.8
30.85714285714285,0.12190136542044755,2.420634852857143,0.8571428571428572
30.85714285714285,0.12190136542044755,2.420634852857143,0.9142857142857143
30.85714285714285,0.12190136542044755,2.420634852857143,0.9714285714285714
30.85714285714285,0.12190136542044755,2.420634852857143,1.0285714285714285
30.85714285714285,0.12190136542044755,2.420634852857143,1.0857142857142856
30.85714285714285,0.12190136542044755,2.420634852857143,1.1428571428571428
30.85714285714285,0.12190136542044755,2.420634852857143,1.2
30.85714285714285,0.12190136542044755,2.6587300842857142,0.8
30.85714285714285,0.12190136542044755,2.6587300842857142,0.8571428571428572
30.85714285714285,0.12190136542044755,2.6587300842857142,0.9142857142857143
30.85714285714285,0.12190136542044755,2.6587300842857142,0.9714285714285714
30.85714285714285,0.12190136542044755,2.6587300842857142,1.0285714285714285
30.85714285714285,0.12190136542044755,2.6587300842857142,1.0857142857142856
30.85714285714285,0.12190136542044755,2.6587300842857142,1.1428571428571428
30.85714285714285,0.12190136542044755,2.6587300842857142,1.2
30.85714285714285,0.12190136542044755,2.896825315714286,0.8
30.85714285714285,0.12190136542044755,2.896825315714286,0.8571428571428572
30.85714285714285,0.12190136542044755,2.896825315714286,0.9142857142857143
30.85714285714285,0.12190136542044755,2.896825315714286,0.9714285714285714
30.85714285714285,0.12190136542044755,2.896825315714286,1.0285714285714285
30.85714285714285,0.12190136542044755,2.896825315714286,1.0857142857142856
30.85714285714285,0.12190136542044755,2.896825315714286,1.1428571428571428
30.85714285714285,0.12190136542044755,2.896825315714286,1.2
30.85714285714285,0.12190136542044755,3.1349205471428574,0.8
30.85714285714285,0.12190136542044755,3.1349205471428574,0.8571428571428572
30.85714285714285,0.12190136542044755,3.1349205471428574,0.9142857142857143
30.85714285714285,0.12190136542044755,3.1349205471428574,0.9714285714285714
30.85714285714285,0.12190136542044755,3.1349205471428574,1.0285714285714285
30.85714285714285,0.12190136542044755,3.1349205471428574,1.0857142857142856
30.85714285714285,0.12190136542044755,3.1349205471428574,1.1428571428571428
30.85714285714285,0.12190136542044755,3.1349205471428574,1.2
30.85714285714285,0.12190136542044755,3.373015778571429,0.8
30.85714285714285,0.12190136542044755,3.373015778571429,0.8571428571428572
30.85714285714285,0.12190136542044755,3.373015778571429,0.9142857142857143
30.85714285714285,0.12190136542044755,3.373015778571429,0.9714285714285714
30.85714285714285,0.12190136542044755,3.373015778571429,1.0285714285714285
30.85714285714285,0.12190136542044755,3.373015778571429,1.0857142857142856
30.85714285714285,0.12190136542044755,3.373015778571429,1.1428571428571428
30.85714285714285,0.12190136542044755,3.373015778571429,1.2
30.85714285714285,0.12190136542044755,3.61111101,0.8
30.85714285714285,0.12190136542044755,3.61111101,0.8571428571428572
30.85714285714285,0.12190136542044755,3.61111101,0.9142857142857143
30.85714285714285,0.12190136542044755,3.61111101,0.9714285714285714
30.85714285714285,0.12190136542044755,3.61111101,1.0285714285714285
30.85714285714285,0.12190136542044755,3.61111101,1.0857142857142856
30.85714285714285,0.12190136542044755,3.61111101,1.1428571428571428
30.85714285714285,0.12190136542044755,3.61111101,1.2
30.85714285714285,0.14859942891369485,1.94444439,0.8
30.85714285714285,0.14859942891369485,1.94444439,0.8571428571428572
30.85714285714285,0.14859942891369485,1.94444439,0.9142857142857143
30.85714285714285,0.14859942891369485,1.94444439,0.9714285714285714
30.85714285714285,0.14859942891369485,1.94444439,1.0285714285714285
30.85714285714285,0.14859942891369485,1.94444439,1.0857142857142856
30.85714285714285,0.14859942891369485,1.94444439,1.1428571428571428
30.85714285714285,0.14859942891369485,1.94444439,1.2
30.85714285714285,0.14859942891369485,2.1825396214285715,0.8
30.85714285714285,0.14859942891369485,2.1825396214285715,0.8571428571428572
30.85714285714285,0.14859942891369485,2.1825396214285715,0.9142857142857143
30.85714285714285,0.14859942891369485,2.1825396214285715,0.9714285714285714
30.85714285714285,0.14859942891369485,2.1825396214285715,1.0285714285714285
30.85714285714285,0.14859942891369485,2.1825396214285715,1.0857142857142856
30.85714285714285,0.14859942891369485,2.1825396214285715,1.1428571428571428
30.85714285714285,0.14859942891369485,2.1825396214285715,1.2
30.85714285714285,0.14859942891369485,2.420634852857143,0.8
30.85714285714285,0.14859942891369485,2.420634852857143,0.8571428571428572
30.85714285714285,0.14859942891369485,2.420634852857143,0.9142857142857143
30.85714285714285,0.14859942891369485,2.420634852857143,0.9714285714285714
30.85714285714285,0.14859942891369485,2.420634852857143,1.0285714285714285
30.85714285714285,0.14859942891369485,2.420634852857143,1.0857142857142856
30.85714285714285,0.14859942891369485,2.420634852857143,1.1428571428571428
30.85714285714285,0.14859942891369485,2.420634852857143,1.2
30.85714285714285,0.14859942891369485,2.6587300842857142,0.8
30.85714285714285,0.14859942891369485,2.6587300842857142,0.8571428571428572
30.85714285714285,0.14859942891369485,2.6587300842857142,0.9142857142857143
30.85714285714285,0.14859942891369485,2.6587300842857142,0.9714285714285714
30.85714285714285,0.14859942891369485,2.6587300842857142,1.0285714285714285
30.85714285714285,0.14859942891369485,2.6587300842857142,1.0857142857142856
30.85714285714285,0.14859942891369485,2.6587300842857142,1.1428571428571428
30.85714285714285,0.14859942891369485,2.6587300842857142,1.2
30.85714285714285,0.14859942891369485,2.896825315714286,0.8
30.85714285714285,0.14859942891369485,2.896825315714286,0.8571428571428572
30.85714285714285,0.14859942891369485,2.896825315714286,0.9142857142857143
30.85714285714285,0.14859942891369485,2.896825315714286,0.9714285714285714
30.85714285714285,0.14859942891369485,2.896825315714286,1.0285714285714285
30.85714285714285,0.14859942891369485,2.896825315714286,1.0857142857142856
30.85714285714285,0.14859942891369485,2.896825315714286,1.1428571428571428
30.85714285714285,0.14859942891369485,2.896825315714286,1.2
30.85714285714285,0.14859942891369485,3.1349205471428574,0.8
30.85714285714285,0.14859942891369485,3.1349205471428574,0.8571428571428572
30.85714285714285,0.14859942891369485,3.1349205471428574,0.9142857142857143
30.85714285714285,0.14859942891369485,3.1349205471428574,0.9714285714285714
30.85714285714285,0.14859942891369485,3.1349205471428574,1.0285714285714285
30.85714285714285,0.14859942891369485,3.1349205471428574,1.0857142857142856
30.85714285714285,0.14859942891369485,3.1349205471428574,1.1428571428571428
30.85714285714285,0.14859942891369485,3.1349205471428574,1.2
30.85714285714285,0.14859942891369485,3.373015778571429,0.8
30.85714285714285,0.14859942891369485,3.373015778571429,0.8571428571428572
30.85714285714285,0.14859942891369485,3.373015778571429,0.9142857142857143
30.85714285714285,0.14859942891369485,3.373015778571429,0.9714285714285714
30.85714285714285,0.14859942891369485,3.373015778571429,1.0285714285714285
30.85714285714285,0.14859942891369485,3.373015778571429,1.0857142857142856
30.85714285714285,0.14859942891369485,3.373015778571429,1.1428571428571428
30.85714285714285,0.14859942891369485,3.373015778571429,1.2
30.85714285714285,0.14859942891369485,3.61111101,0.8
30.85714285714285,0.14859942891369485,3.61111101,0.8571428571428572
30.85714285714285,0.14859942891369485,3.61111101,0.9142857142857143
30.85714285714285,0.14859942891369485,3.61111101,0.9714285714285714
30.85714285714285,0.14859942891369485,3.61111101,1.0285714285714285
30.85714285714285,0.14859942891369485,3.61111101,1.0857142857142856
30.85714285714285,0.14859942891369485,3.61111101,1.1428571428571428
30.85714285714285,0.14859942891369485,3.61111101,1.2
30.85714285714285,0.18114473285278132,1.94444439,0.8
30.85714285714285,0.18114473285278132,1.94444439,0.8571428571428572
30.85714285714285,0.18114473285278132,1.94444439,0.9142857142857143
30.85714285714285,0.18114473285278132,1.94444439,0.9714285714285714
30.85714285714285,0.18114473285278132,1.94444439,1.0285714285714285
30.85714285714285,0.18114473285278132,1.94444439,1.0857142857142856
30.85714285714285,0.18114473285278132,1.94444439,1.1428571428571428
30.85714285714285,0.18114473285278132,1.94444439,1.2
30.85714285714285,0.18114473285278132,2.1825396214285715,0.8
30.85714285714285,0.18114473285278132,2.1825396214285715,0.8571428571428572
30.85714285714285,0.18114473285278132,2.1825396214285715,0.9142857142857143
30.85714285714285,0.18114473285278132,2.1825396214285715,0.9714285714285714
30.85714285714285,0.18114473285278132,2.1825396214285715,1.0285714285714285
30.85714285714285,0.18114473285278132,2.1825396214285715,1.0857142857142856
30.85714285714285,0.18114473285278132,2.1825396214285715,1.1428571428571428
30.85714285714285,0.18114473285278132,2.1825396214285715,1.2
30.85714285714285,0.18114473285278132,2.420634852857143,0.8
30.85714285714285,0.18114473285278132,2.420634852857143,0.8571428571428572
30.85714285714285,0.18114473285278132,2.420634852857143,0.9142857142857143
30.85714285714285,0.18114473285278132,2.420634852857143,0.9714285714285714
30.85714285714285,0.18114473285278132,2.420634852857143,1.0285714285714285
30.85714285714285,0.18114473285278132,2.420634852857143,1.0857142857142856
30.85714285714285,0.18114473285278132,2.420634852857143,1.1428571428571428
30.85714285714285,0.18114473285278132,2.420634852857143,1.2
30.85714285714285,0.18114473285278132,2.6587300842857142,0.8
30.85714285714285,0.18114473285278132,2.6587300842857142,0.8571428571428572
30.85714285714285,0.18114473285278132,2.6587300842857142,0.9142857142857143
30.85714285714285,0.18114473285278132,2.6587300842857142,0.9714285714285714
30.85714285714285,0.18114473285278132,2.6587300842857142,1.0285714285714285
30.85714285714285,0.18114473285278132,2.6587300842857142,1.0857142857142856
30.85714285714285,0.18114473285278132,2.6587300842857142,1.1428571428571428
30.85714285714285,0.18114473285278132,2.6587300842857142,1.2
30.85714285714285,0.18114473285278132,2.896825315714286,0.8
30.85714285714285,0.18114473285278132,2.896825315714286,0.8571428571428572
30.85714285714285,0.18114473285278132,2.896825315714286,0.9142857142857143
30.85714285714285,0.18114473285278132,2.896825315714286,0.9714285714285714
30.85714285714285,0.18114473285278132,2.896825315714286,1.0285714285714285
30.85714285714285,0.18114473285278132,2.896825315714286,1.0857142857142856
30.85714285714285,0.18114473285278132,2.896825315714286,1.1428571428571428
30.85714285714285,0.18114473285278132,2.896825315714286,1.2
30.85714285714285,0.18114473285278132,3.1349205471428574,0.8
30.85714285714285,0.18114473285278132,3.1349205471428574,0.8571428571428572
30.85714285714285,0.18114473285278132,3.1349205471428574,0.9142857142857143
30.85714285714285,0.18114473285278132,3.1349205471428574,0.9714285714285714
30.85714285714285,0.18114473285278132,3.1349205471428574,1.0285714285714285
30.85714285714285,0.18114473285278132,3.1349205471428574,1.0857142857142856
30.85714285714285,0.18114473285278132,3.1349205471428574,1.1428571428571428
30.85714285714285,0.18114473285278132,3.1349205471428574,1.2
30.85714285714285,0.18114473285278132,3.373015778571429,0.8
30.85714285714285,0.18114473285278132,3.373015778571429,0.8571428571428572
30.85714285714285,0.18114473285278132,3.373015778571429,0.9142857142857143
30.85714285714285,0.18114473285278132,3.373015778571429,0.9714285714285714
30.85714285714285,0.18114473285278132,3.373015778571429,1.0285714285714285
30.85714285714285,0.18114473285278132,3.373015778571429,1.0857142857142856
30.85714285714285,0.18114473285278132,3.373015778571429,1.1428571428571428
30.85714285714285,0.18114473285278132,3.373015778571429,1.2
30.85714285714285,0.18114473285278132,3.61111101,0.8
30.85714285714285,0.18114473285278132,3.61111101,0.8571428571428572
30.85714285714285,0.18114473285278132,3.61111101,0.9142857142857143
30.85714285714285,0.18114473285278132,3.61111101,0.9714285714285714
30.85714285714285,0.18114473285278132,3.61111101,1.0285714285714285
30.85714285714285,0.18114473285278132,3.61111101,1.0857142857142856
30.85714285714285,0.18114473285278132,3.61111101,1.1428571428571428
30.85714285714285,0.18114473285278132,3.61111101,1.2
30.85714285714285,0.22081790273476246,1.94444439,0.8
30.85714285714285,0.22081790273476246,1.94444439,0.8571428571428572
30.85714285714285,0.22081790273476246,1.94444439,0.9142857142857143
30.85714285714285,0.22081790273476246,1.94444439,0.9714285714285714
30.85714285714285,0.22081790273476246,1.94444439,1.0285714285714285
30.85714285714285,0.22081790273476246,1.94444439,1.0857142857142856
30.85714285714285,0.22081790273476246,1.94444439,1.1428571428571428
30.85714285714285,0.22081790273476246,1.94444439,1.2
30.85714285714285,0.22081790273476246,2.1825396214285715,0.8
30.85714285714285,0.22081790273476246,2.1825396214285715,0.8571428571428572
30.85714285714285,0.22081790273476246,2.1825396214285715,0.9142857142857143
30.85714285714285,0.22081790273476246,2.1825396214285715,0.9714285714285714
30.85714285714285,0.22081790273476246,2.1825396214285715,1.0285714285714285
30.85714285714285,0.22081790273476246,2.1825396214285715,1.0857142857142856
30.85714285714285,0.22081790273476246,2.1825396214285715,1.1428571428571428
30.85714285714285,0.22081790273476246,2.1825396214285715,1.2
30.85714285714285,0.22081790273476246,2.420634852857143,0.8
30.85714285714285,0.22081790273476246,2.420634852857143,0.8571428571428572
30.85714285714285,0.22081790273476246,2.420634852857143,0.9142857142857143
30.85714285714285,0.22081790273476246,2.420634852857143,0.9714285714285714
30.85714285714285,0.22081790273476246,2.420634852857143,1.0285714285714285
30.85714285714285,0.22081790273476246,2.420634852857143,1.0857142857142856
30.85714285714285,0.22081790273476246,2.420634852857143,1.1428571428571428
30.85714285714285,0.22081790273476246,2.420634852857143,1.2
30.85714285714285,0.22081790273476246,2.6587300842857142,0.8
30.85714285714285,0.22081790273476246,2.6587300842857142,0.8571428571428572
30.85714285714285,0.22081790273476246,2.6587300842857142,0.9142857142857143
30.85714285714285,0.22081790273476246,2.6587300842857142,0.9714285714285714
30.85714285714285,0.22081790273476246,2.6587300842857142,1.0285714285714285
30.85714285714285,0.22081790273476246,2.6587300842857142,1.0857142857142856
30.85714285714285,0.22081790273476246,2.6587300842857142,1.1428571428571428
30.85714285714285,0.22081790273476246,2.6587300842857142,1.2
30.85714285714285,0.22081790273476246,2.896825315714286,0.8
30.85714285714285,0.22081790273476246,2.896825315714286,0.8571428571428572
30.85714285714285,0.22081790273476246,2.896825315714286,0.9142857142857143
30.85714285714285,0.22081790273476246,2.896825315714286,0.9714285714285714
30.85714285714285,0.22081790273476246,2.896825315714286,1.0285714285714285
30.85714285714285,0.22081790273476246,2.896825315714286,1.0857142857142856
30.85714285714285,0.22081790273476246,2.896825315714286,1.1428571428571428
30.85714285714285,0.22081790273476246,2.896825315714286,1.2
30.85714285714285,0.22081790273476246,3.1349205471428574,0.8
30.85714285714285,0.22081790273476246,3.1349205471428574,0.8571428571428572
30.85714285714285,0.22081790273476246,3.1349205471428574,0.9142857142857143
30.85714285714285,0.22081790273476246,3.1349205471428574,0.9714285714285714
30.85714285714285,0.22081790273476246,3.1349205471428574,1.0285714285714285
30.85714285714285,0.22081790273476246,3.1349205471428574,1.0857142857142856
30.85714285714285,0.22081790273476246,3.1349205471428574,1.1428571428571428
30.85714285714285,0.22081790273476246,3.1349205471428574,1.2
30.85714285714285,0.22081790273476246,3.373015778571429,0.8
30.85714285714285,0.22081790273476246,3.373015778571429,0.8571428571428572
30.85714285714285,0.22081790273476246,3.373015778571429,0.9142857142857143
30.85714285714285,0.22081790273476246,3.373015778571429,0.9714285714285714
30.85714285714285,0.22081790273476246,3.373015778571429,1.0285714285714285
30.85714285714285,0.22081790273476246,3.373015778571429,1.0857142857142856
30.85714285714285,0.22081790273476246,3.373015778571429,1.1428571428571428
30.85714285714285,0.22081790273476246,3.373015778571429,1.2
30.85714285714285,0.22081790273476246,3.61111101,0.8
30.85714285714285,0.22081790273476246,3.61111101,0.8571428571428572
30.85714285714285,0.22081790273476246,3.61111101,0.9142857142857143
30.85714285714285,0.22081790273476246,3.61111101,0.9714285714285714
30.85714285714285,0.22081790273476246,3.61111101,1.0285714285714285
30.85714285714285,0.22081790273476246,3.61111101,1.0857142857142856
30.85714285714285,0.22081790273476246,3.61111101,1.1428571428571428
30.85714285714285,0.22081790273476246,3.61111101,1.2
30.85714285714285,0.26918003852647127,1.94444439,0.8
30.85714285714285,0.26918003852647127,1.94444439,0.8571428571428572
30.85714285714285,0.26918003852647127,1.94444439,0.9142857142857143
30.85714285714285,0.26918003852647127,1.94444439,0.9714285714285714
30.85714285714285,0.26918003852647127,1.94444439,1.0285714285714285
30.85714285714285,0.26918003852647127,1.94444439,1.0857142857142856
30.85714285714285,0.26918003852647127,1.94444439,1.1428571428571428
30.85714285714285,0.26918003852647127,1.94444439,1.2
30.85714285714285,0.26918003852647127,2.1825396214285715,0.8
30.85714285714285,0.26918003852647127,2.1825396214285715,0.8571428571428572
30.85714285714285,0.26918003852647127,2.1825396214285715,0.9142857142857143
30.85714285714285,0.26918003852647127,2.1825396214285715,0.9714285714285714
30.85714285714285,0.26918003852647127,2.1825396214285715,1.0285714285714285
30.85714285714285,0.26918003852647127,2.1825396214285715,1.0857142857142856
30.85714285714285,0.26918003852647127,2.1825396214285715,1.1428571428571428
30.85714285714285,0.26918003852647127,2.1825396214285715,1.2
30.85714285714285,0.26918003852647127,2.420634852857143,0.8
30.85714285714285,0.26918003852647127,2.420634852857143,0.8571428571428572
30.85714285714285,0.26918003852647127,2.420634852857143,0.9142857142857143
30.85714285714285,0.26918003852647127,2.420634852857143,0.9714285714285714
30.85714285714285,0.26918003852647127,2.420634852857143,1.0285714285714285
30.85714285714285,0.26918003852647127,2.420634852857143,1.0857142857142856
30.85714285714285,0.26918003852647127,2.420634852857143,1.1428571428571428
30.85714285714285,0.26918003852647127,2.420634852857143,1.2
30.85714285714285,0.26918003852647127,2.6587300842857142,0.8
30.85714285714285,0.26918003852647127,2.6587300842857142,0.8571428571428572
30.85714285714285,0.26918003852647127,2.6587300842857142,0.9142857142857143
30.85714285714285,0.26918003852647127,2.6587300842857142,0.9714285714285714
30.85714285714285,0.26918003852647127,2.6587300842857142,1.0285714285714285
30.85714285714285,0.26918003852647127,2.6587300842857142,1.0857142857142856
30.85714285714285,0.26918003852647127,2.6587300842857142,1.1428571428571428
30.85714285714285,0.26918003852647127,2.6587300842857142,1.2
30.85714285714285,0.26918003852647127,2.896825315714286,0.8
30.85714285714285,0.26918003852647127,2.896825315714286,0.8571428571428572
30.85714285714285,0.26918003852647127,2.896825315714286,0.9142857142857143
30.85714285714285,0.26918003852647127,2.896825315714286,0.9714285714285714
30.85714285714285,0.26918003852647127,2.896825315714286,1.0285714285714285
30.85714285714285,0.26918003852647127,2.896825315714286,1.0857142857142856
30.85714285714285,0.26918003852647127,2.896825315714286,1.1428571428571428
30.85714285714285,0.26918003852647127,2.896825315714286,1.2
30.85714285714285,0.26918003852647127,3.1349205471428574,0.8
30.85714285714285,0.26918003852647127,3.1349205471428574,0.8571428571428572
30.85714285714285,0.26918003852647127,3.1349205471428574,0.9142857142857143
30.85714285714285,0.26918003852647127,3.1349205471428574,0.9714285714285714
30.85714285714285,0.26918003852647127,3.1349205471428574,1.0285714285714285
30.85714285714285,0.26918003852647127,3.1349205471428574,1.0857142857142856
30.85714285714285,0.26918003852647127,3.1349205471428574,1.1428571428571428
30.85714285714285,0.26918003852647127,3.1349205471428574,1.2
30.85714285714285,0.26918003852647127,3.373015778571429,0.8
30.85714285714285,0.26918003852647127,3.373015778571429,0.8571428571428572
30.85714285714285,0.26918003852647127,3.373015778571429,0.9142857142857143
30.85714285714285,0.26918003852647127,3.373015778571429,0.9714285714285714
30.85714285714285,0.26918003852647127,3.373015778571429,1.0285714285714285
30.85714285714285,0.26918003852647127,3.373015778571429,1.0857142857142856
30.85714285714285,0.26918003852647127,3.373015778571429,1.1428571428571428
30.85714285714285,0.26918003852647127,3.373015778571429,1.2
30.85714285714285,0.26918003852647127,3.61111101,0.8
30.85714285714285,0.26918003852647127,3.61111101,0.8571428571428572
30.85714285714285,0.26918003852647127,3.61111101,0.9142857142857143
30.85714285714285,0.26918003852647127,3.61111101,0.9714285714285714
30.85714285714285,0.26918003852647127,3.61111101,1.0285714285714285
30.85714285714285,0.26918003852647127,3.61111101,1.0857142857142856
30.85714285714285,0.26918003852647127,3.61111101,1.1428571428571428
30.85714285714285,0.26918003852647127,3.61111101,1.2
30.85714285714285,0.32813414240305516,1.94444439,0.8
30.85714285714285,0.32813414240305516,1.94444439,0.8571428571428572
30.85714285714285,0.32813414240305516,1.94444439,0.9142857142857143
30.85714285714285,0.32813414240305516,1.94444439,0.9714285714285714
30.85714285714285,0.32813414240305516,1.94444439,1.0285714285714285
30.85714285714285,0.32813414240305516,1.94444439,1.0857142857142856
30.85714285714285,0.32813414240305516,1.94444439,1.1428571428571428
30.85714285714285,0.32813414240305516,1.94444439,1.2
30.85714285714285,0.32813414240305516,2.1825396214285715,0.8
30.85714285714285,0.32813414240305516,2.1825396214285715,0.8571428571428572
30.85714285714285,0.32813414240305516,2.1825396214285715,0.9142857142857143
30.85714285714285,0.32813414240305516,2.1825396214285715,0.9714285714285714
30.85714285714285,0.32813414240305516,2.1825396214285715,1.0285714285714285
30.85714285714285,0.32813414240305516,2.1825396214285715,1.0857142857142856
30.85714285714285,0.32813414240305516,2.1825396214285715,1.1428571428571428
30.85714285714285,0.32813414240305516,2.1825396214285715,1.2
30.85714285714285,0.32813414240305516,2.420634852857143,0.8
30.85714285714285,0.32813414240305516,2.420634852857143,0.8571428571428572
30.85714285714285,0.32813414240305516,2.420634852857143,0.9142857142857143
30.85714285714285,0.32813414240305516,2.420634852857143,0.9714285714285714
30.85714285714285,0.32813414240305516,2.420634852857143,1.0285714285714285
30.85714285714285,0.32813414240305516,2.420634852857143,1.0857142857142856
30.85714285714285,0.32813414240305516,2.420634852857143,1.1428571428571428
30.85714285714285,0.32813414240305516,2.420634852857143,1.2
30.85714285714285,0.32813414240305516,2.6587300842857142,0.8
30.85714285714285,0.32813414240305516,2.6587300842857142,0.8571428571428572
30.85714285714285,0.32813414240305516,2.6587300842857142,0.9142857142857143
30.85714285714285,0.32813414240305516,2.6587300842857142,0.9714285714285714
30.85714285714285,0.32813414240305516,2.6587300842857142,1.0285714285714285
30.85714285714285,0.32813414240305516,2.6587300842857142,1.0857142857142856
30.85714285714285,0.32813414240305516,2.6587300842857142,1.1428571428571428
30.85714285714285,0.32813414240305516,2.6587300842857142,1.2
30.85714285714285,0.32813414240305516,2.896825315714286,0.8
30.85714285714285,0.32813414240305516,2.896825315714286,0.8571428571428572
30.85714285714285,0.32813414240305516,2.896825315714286,0.9142857142857143
30.85714285714285,0.32813414240305516,2.896825315714286,0.9714285714285714
30.85714285714285,0.32813414240305516,2.896825315714286,1.0285714285714285
30.85714285714285,0.32813414240305516,2.896825315714286,1.0857142857142856
30.85714285714285,0.32813414240305516,2.896825315714286,1.1428571428571428
30.85714285714285,0.32813414240305516,2.896825315714286,1.2
30.85714285714285,0.32813414240305516,3.1349205471428574,0.8
30.85714285714285,0.32813414240305516,3.1349205471428574,0.8571428571428572
30.85714285714285,0.32813414240305516,3.1349205471428574,0.9142857142857143
30.85714285714285,0.32813414240305516,3.1349205471428574,0.9714285714285714
30.85714285714285,0.32813414240305516,3.1349205471428574,1.0285714285714285
30.85714285714285,0.32813414240305516,3.1349205471428574,1.0857142857142856
30.85714285714285,0.32813414240305516,3.1349205471428574,1.1428571428571428
30.85714285714285,0.32813414240305516,3.1349205471428574,1.2
30.85714285714285,0.32813414240305516,3.373015778571429,0.8
30.85714285714285,0.32813414240305516,3.373015778571429,0.8571428571428572
30.85714285714285,0.32813414240305516,3.373015778571429,0.9142857142857143
30.85714285714285,0.32813414240305516,3.373015778571429,0.9714285714285714
30.85714285714285,0.32813414240305516,3.373015778571429,1.0285714285714285
30.85714285714285,0.32813414240305516,3.373015778571429,1.0857142857142856
30.85714285714285,0.32813414240305516,3.373015778571429,1.1428571428571428
30.85714285714285,0.32813414240305516,3.373015778571429,1.2
30.85714285714285,0.32813414240305516,3.61111101,0.8
30.85714285714285,0.32813414240305516,3.61111101,0.8571428571428572
30.85714285714285,0.32813414240305516,3.61111101,0.9142857142857143
30.85714285714285,0.32813414240305516,3.61111101,0.9714285714285714
30.85714285714285,0.32813414240305516,3.61111101,1.0285714285714285
30.85714285714285,0.32813414240305516,3.61111101,1.0857142857142856
30.85714285714285,0.32813414240305516,3.61111101,1.1428571428571428
30.85714285714285,0.32813414240305516,3.61111101,1.2
30.85714285714285,0.4,1.94444439,0.8
30.85714285714285,0.4,1.94444439,0.8571428571428572
30.85714285714285,0.4,1.94444439,0.9142857142857143
30.85714285714285,0.4,1.94444439,0.9714285714285714
30.85714285714285,0.4,1.94444439,1.0285714285714285
30.85714285714285,0.4,1.94444439,1.0857142857142856
30.85714285714285,0.4,1.94444439,1.1428571428571428
30.85714285714285,0.4,1.94444439,1.2
30.85714285714285,0.4,2.1825396214285715,0.8
30.85714285714285,0.4,2.1825396214285715,0.8571428571428572
30.85714285714285,0.4,2.1825396214285715,0.9142857142857143
30.85714285714285,0.4,2.1825396214285715,0.9714285714285714
30.85714285714285,0.4,2.1825396214285715,1.0285714285714285
30.85714285714285,0.4,2.1825396214285715,1.0857142857142856
30.85714285714285,0.4,2.1825396214285715,1.1428571428571428
30.85714285714285,0.4,2.1825396214285715,1.2
30.85714285714285,0.4,2.420634852857143,0.8
30.85714285714285,0.4,2.420634852857143,0.8571428571428572
30.85714285714285,0.4,2.420634852857143,0.9142857142857143
30.85714285714285,0.4,2.420634852857143,0.9714285714285714
30.85714285714285,0.4,2.420634852857143,1.0285714285714285
30.85714285714285,0.4,2.420634852857143,1.0857142857142856
30.85714285714285,0.4,2.420634852857143,1.1428571428571428
30.85714285714285,0.4,2.420634852857143,1.2
30.85714285714285,0.4,2.6587300842857142,0.8
30.85714285714285,0.4,2.6587300842857142,0.8571428571428572
30.85714285714285,0.4,2.6587300842857142,0.9142857142857143
30.85714285714285,0.4,2.6587300842857142,0.9714285714285714
30.85714285714285,0.4,2.6587300842857142,1.0285714285714285
30.85714285714285,0.4,2.6587300842857142,1.0857142857142856
30.85714285714285,0.4,2.6587300842857142,1.1428571428571428
30.85714285714285,0.4,2.6587300842857142,1.2
30.85714285714285,0.4,2.896825315714286,0.8
30.85714285714285,0.4,2.896825315714286,0.8571428571428572
30.85714285714285,0.4,2.896825315714286,0.9142857142857143
30.85714285714285,0.4,2.896825315714286,0.9714285714285714
30.85714285714285,0.4,2.896825315714286,1.0285714285714285
30.85714285714285,0.4,2.896825315714286,1.0857142857142856
30.85714285714285,0.4,2.896825315714286,1.1428571428571428
30.85714285714285,0.4,2.896825315714286,1.2
30.85714285714285,0.4,3.1349205471428574,0.8
30.85714285714285,0.4,3.1349205471428574,0.8571428571428572
30.85714285714285,0.4,3.1349205471428574,0.9142857142857143
30.85714285714285,0.4,3.1349205471428574,0.9714285714285714
30.85714285714285,0.4,3.1349205471428574,1.0285714285714285
30.85714285714285,0.4,3.1349205471428574,1.0857142857142856
30.85714285714285,0.4,3.1349205471428574,1.1428571428571428
30.85714285714285,0.4,3.1349205471428574,1.2
30.85714285714285,0.4,3.373015778571429,0.8
30.85714285714285,0.4,3.373015778571429,0.8571428571428572
30.85714285714285,0.4,3.373015778571429,0.9142857142857143
30.85714285714285,0.4,3.373015778571429,0.9714285714285714
30.85714285714285,0.4,3.373015778571429,1.0285714285714285
30.85714285714285,0.4,3.373015778571429,1.0857142857142856
30.85714285714285,0.4,3.373015778571429,1.1428571428571428
30.85714285714285,0.4,3.373015778571429,1.2
30.85714285714285,0.4,3.61111101,0.8
30.85714285714285,0.4,3.61111101,0.8571428571428572
30.85714285714285,0.4,3.61111101,0.9142857142857143
30.85714285714285,0.4,3.61111101,0.9714285714285714
30.85714285714285,0.4,3.61111101,1.0285714285714285
30.85714285714285,0.4,3.61111101,1.0857142857142856
30.85714285714285,0.4,3.61111101,1.1428571428571428
30.85714285714285,0.4,3.61111101,1.2
32.57142857142856,0.1,1.94444439,0.8
32.57142857142856,0.1,1.94444439,0.8571428571428572
32.57142857142856,0.1,1.94444439,0.9142857142857143
32.57142857142856,0.1,1.94444439,0.9714285714285714
32.57142857142856,0.1,1.94444439,1.0285714285714285
32.57142857142856,0.1,1.94444439,1.0857142857142856
32.57142857142856,0.1,1.94444439,1.1428571428571428
32.57142857142856,0.1,1.94444439,1.2
32.57142857142856,0.1,2.1825396214285715,0.8
32.57142857142856,0.1,2.1825396214285715,0.8571428571428572
32.57142857142856,0.1,2.1825396214285715,0.9142857142857143
32.57142857142856,0.1,2.1825396214285715,0.9714285714285714
32.57142857142856,0.1,2.1825396214285715,1.0285714285714285
32.57142857142856,0.1,2.1825396214285715,1.0857142857142856
32.57142857142856,0.1,2.1825396214285715,1.1428571428571428
32.57142857142856,0.1,2.1825396214285715,1.2
32.57142857142856,0.1,2.420634852857143,0.8
32.57142857142856,0.1,2.420634852857143,0.8571428571428572
32.57142857142856,0.1,2.420634852857143,0.9142857142857143
32.57142857142856,0.1,2.420634852857143,0.9714285714285714
32.57142857142856,0.1,2.420634852857143,1.0285714285714285
32.57142857142856,0.1,2.420634852857143,1.0857142857142856
32.57142857142856,0.1,2.420634852857143,1.1428571428571428
32.57142857142856,0.1,2.420634852857143,1.2
32.57142857142856,0.1,2.6587300842857142,0.8
32.57142857142856,0.1,2.6587300842857142,0.8571428571428572
32.57142857142856,0.1,2.6587300842857142,0.9142857142857143
32.57142857142856,0.1,2.6587300842857142,0.9714285714285714
32.57142857142856,0.1,2.6587300842857142,1.0285714285714285
32.57142857142856,0.1,2.6587300842857142,1.0857142857142856
32.57142857142856,0.1,2.6587300842857142,1.1428571428571428
32.57142857142856,0.1,2.6587300842857142,1.2
32.57142857142856,0.1,2.896825315714286,0.8
32.57142857142856,0.1,2.896825315714286,0.8571428571428572
32.57142857142856,0.1,2.896825315714286,0.9142857142857143
32.57142857142856,0.1,2.896825315714286,0.9714285714285714
32.57142857142856,0.1,2.896825315714286,1.0285714285714285
32.57142857142856,0.1,2.896825315714286,1.0857142857142856
32.57142857142856,0.1,2.896825315714286,1.1428571428571428
32.57142857142856,0.1,2.896825315714286,1.2
32.57142857142856,0.1,3.1349205471428574,0.8
32.57142857142856,0.1,3.1349205471428574,0.8571428571428572
32.57142857142856,0.1,3.1349205471428574,0.9142857142857143
32.57142857142856,0.1,3.1349205471428574,0.9714285714285714
32.57142857142856,0.1,3.1349205471428574,1.0285714285714285
32.57142857142856,0.1,3.1349205471428574,1.0857142857142856
32.57142857142856,0.1,3.1349205471428574,1.1428571428571428
32.57142857142856,0.1,3.1349205471428574,1.2
32.57142857142856,0.1,3.373015778571429,0.8
32.57142857142856,0.1,3.373015778571429,0.8571428571428572
32.57142857142856,0.1,3.373015778571429,0.9142857142857143
32.57142857142856,0.1,3.373015778571429,0.9714285714285714
32.57142857142856,0.1,3.373015778571429,1.0285714285714285
32.57142857142856,0.1,3.373015778571429,1.0857142857142856
32.57142857142856,0.1,3.373015778571429,1.1428571428571428
32.57142857142856,0.1,3.373015778571429,1.2
32.57142857142856,0.1,3.61111101,0.8
32.57142857142856,0.1,3.61111101,0.8571428571428572
32.57142857142856,0.1,3.61111101,0.9142857142857143
32.57142857142856,0.1,3.61111101,0.9714285714285714
32.57142857142856,0.1,3.61111101,1.0285714285714285
32.57142857142856,0.1,3.61111101,1.0857142857142856
32.57142857142856,0.1,3.61111101,1.1428571428571428
32.57142857142856,0.1,3.61111101,1.2
32.57142857142856,0.12190136542044755,1.94444439,0.8
32.57142857142856,0.12190136542044755,1.94444439,0.8571428571428572
32.57142857142856,0.12190136542044755,1.94444439,0.9142857142857143
32.57142857142856,0.12190136542044755,1.94444439,0.9714285714285714
32.57142857142856,0.12190136542044755,1.94444439,1.0285714285714285
32.57142857142856,0.12190136542044755,1.94444439,1.0857142857142856
32.57142857142856,0.12190136542044755,1.94444439,1.1428571428571428
32.57142857142856,0.12190136542044755,1.94444439,1.2
32.57142857142856,0.12190136542044755,2.1825396214285715,0.8
32.57142857142856,0.12190136542044755,2.1825396214285715,0.8571428571428572
32.57142857142856,0.12190136542044755,2.1825396214285715,0.9142857142857143
32.57142857142856,0.12190136542044755,2.1825396214285715,0.9714285714285714
32.57142857142856,0.12190136542044755,2.1825396214285715,1.0285714285714285
32.57142857142856,0.12190136542044755,2.1825396214285715,1.0857142857142856
32.57142857142856,0.12190136542044755,2.1825396214285715,1.1428571428571428
32.57142857142856,0.12190136542044755,2.1825396214285715,1.2
32.57142857142856,0.12190136542044755,2.420634852857143,0.8
32.57142857142856,0.12190136542044755,2.420634852857143,0.8571428571428572
32.57142857142856,0.12190136542044755,2.420634852857143,0.9142857142857143
32.57142857142856,0.12190136542044755,2.420634852857143,0.9714285714285714
32.57142857142856,0.12190136542044755,2.420634852857143,1.0285714285714285
32.57142857142856,0.12190136542044755,2.420634852857143,1.0857142857142856
32.57142857142856,0.12190136542044755,2.420634852857143,1.1428571428571428
32.57142857142856,0.12190136542044755,2.420634852857143,1.2
32.57142857142856,0.12190136542044755,2.6587300842857142,0.8
32.57142857142856,0.12190136542044755,2.6587300842857142,0.8571428571428572
32.57142857142856,0.12190136542044755,2.6587300842857142,0.9142857142857143
32.57142857142856,0.12190136542044755,2.6587300842857142,0.9714285714285714
32.57142857142856,0.12190136542044755,2.6587300842857142,1.0285714285714285
32.57142857142856,0.12190136542044755,2.6587300842857142,1.0857142857142856
32.57142857142856,0.12190136542044755,2.6587300842857142,1.1428571428571428
32.57142857142856,0.12190136542044755,2.6587300842857142,1.2
32.57142857142856,0.12190136542044755,2.896825315714286,0.8
32.57142857142856,0.12190136542044755,2.896825315714286,0.8571428571428572
32.57142857142856,0.12190136542044755,2.896825315714286,0.9142857142857143
32.57142857142856,0.12190136542044755,2.896825315714286,0.9714285714285714
32.57142857142856,0.12190136542044755,2.896825315714286,1.0285714285714285
32.57142857142856,0.12190136542044755,2.896825315714286,1.0857142857142856
32.57142857142856,0.12190136542044755,2.896825315714286,1.1428571428571428
32.57142857142856,0.12190136542044755,2.896825315714286,1.2
32.57142857142856,0.12190136542044755,3.1349205471428574,0.8
32.57142857142856,0.12190136542044755,3.1349205471428574,0.8571428571428572
32.57142857142856,0.12190136542044755,3.1349205471428574,0.9142857142857143
32.57142857142856,0.12190136542044755,3.1349205471428574,0.9714285714285714
32.57142857142856,0.12190136542044755,3.1349205471428574,1.0285714285714285
32.57142857142856,0.12190136542044755,3.1349205471428574,1.0857142857142856
32.57142857142856,0.12190136542044755,3.1349205471428574,1.1428571428571428
32.57142857142856,0.12190136542044755,3.1349205471428574,1.2
32.57142857142856,0.12190136542044755,3.373015778571429,0.8
32.57142857142856,0.12190136542044755,3.373015778571429,0.8571428571428572
32.57142857142856,0.12190136542044755,3.373015778571429,0.9142857142857143
32.57142857142856,0.12190136542044755,3.373015778571429,0.9714285714285714
32.57142857142856,0.12190136542044755,3.373015778571429,1.0285714285714285
32.57142857142856,0.12190136542044755,3.373015778571429,1.0857142857142856
32.57142857142856,0.12190136542044755,3.373015778571429,1.1428571428571428
32.57142857142856,0.12190136542044755,3.373015778571429,1.2
32.57142857142856,0.12190136542044755,3.61111101,0.8
32.57142857142856,0.12190136542044755,3.61111101,0.8571428571428572
32.57142857142856,0.12190136542044755,3.61111101,0.9142857142857143
32.57142857142856,0.12190136542044755,3.61111101,0.9714285714285714
32.57142857142856,0.12190136542044755,3.61111101,1.0285714285714285
32.57142857142856,0.12190136542044755,3.61111101,1.0857142857142856
32.57142857142856,0.12190136542044755,3.61111101,1.1428571428571428
32.57142857142856,0.12190136542044755,3.61111101,1.2
32.57142857142856,0.14859942891369485,1.94444439,0.8
32.57142857142856,0.14859942891369485,1.94444439,0.8571428571428572
32.57142857142856,0.14859942891369485,1.94444439,0.9142857142857143
32.57142857142856,0.14859942891369485,1.94444439,0.9714285714285714
32.57142857142856,0.14859942891369485,1.94444439,1.0285714285714285
32.57142857142856,0.14859942891369485,1.94444439,1.0857142857142856
32.57142857142856,0.14859942891369485,1.94444439,1.1428571428571428
32.57142857142856,0.14859942891369485,1.94444439,1.2
32.57142857142856,0.14859942891369485,2.1825396214285715,0.8
32.57142857142856,0.14859942891369485,2.1825396214285715,0.8571428571428572
32.57142857142856,0.14859942891369485,2.1825396214285715,0.9142857142857143
32.57142857142856,0.14859942891369485,2.1825396214285715,0.9714285714285714
32.57142857142856,0.14859942891369485,2.1825396214285715,1.0285714285714285
32.57142857142856,0.14859942891369485,2.1825396214285715,1.0857142857142856
32.57142857142856,0.14859942891369485,2.1825396214285715,1.1428571428571428
32.57142857142856,0.14859942891369485,2.1825396214285715,1.2
32.57142857142856,0.14859942891369485,2.420634852857143,0.8
32.57142857142856,0.14859942891369485,2.420634852857143,0.8571428571428572
32.57142857142856,0.14859942891369485,2.420634852857143,0.9142857142857143
32.57142857142856,0.14859942891369485,2.420634852857143,0.9714285714285714
32.57142857142856,0.14859942891369485,2.420634852857143,1.0285714285714285
32.57142857142856,0.14859942891369485,2.420634852857143,1.0857142857142856
32.57142857142856,0.14859942891369485,2.420634852857143,1.1428571428571428
32.57142857142856,0.14859942891369485,2.420634852857143,1.2
32.57142857142856,0.14859942891369485,2.6587300842857142,0.8
32.57142857142856,0.14859942891369485,2.6587300842857142,0.8571428571428572
32.57142857142856,0.14859942891369485,2.6587300842857142,0.9142857142857143
32.57142857142856,0.14859942891369485,2.6587300842857142,0.9714285714285714
32.57142857142856,0.14859942891369485,2.6587300842857142,1.0285714285714285
32.57142857142856,0.14859942891369485,2.6587300842857142,1.0857142857142856
32.57142857142856,0.14859942891369485,2.6587300842857142,1.1428571428571428
32.57142857142856,0.14859942891369485,2.6587300842857142,1.2
32.57142857142856,0.14859942891369485,2.896825315714286,0.8
32.57142857142856,0.14859942891369485,2.896825315714286,0.8571428571428572
32.57142857142856,0.14859942891369485,2.896825315714286,0.9142857142857143
32.57142857142856,0.14859942891369485,2.896825315714286,0.9714285714285714
32.57142857142856,0.14859942891369485,2.896825315714286,1.0285714285714285
32.57142857142856,0.14859942891369485,2.896825315714286,1.0857142857142856
32.57142857142856,0.14859942891369485,2.896825315714286,1.1428571428571428
32.57142857142856,0.14859942891369485,2.896825315714286,1.2
32.57142857142856,0.14859942891369485,3.1349205471428574,0.8
32.57142857142856,0.14859942891369485,3.1349205471428574,0.8571428571428572
32.57142857142856,0.14859942891369485,3.1349205471428574,0.9142857142857143
32.57142857142856,0.14859942891369485,3.1349205471428574,0.9714285714285714
32.57142857142856,0.14859942891369485,3.1349205471428574,1.0285714285714285
32.57142857142856,0.14859942891369485,3.1349205471428574,1.0857142857142856
32.57142857142856,0.14859942891369485,3.1349205471428574,1.1428571428571428
32.57142857142856,0.14859942891369485,3.1349205471428574,1.2
32.57142857142856,0.14859942891369485,3.373015778571429,0.8
32.57142857142856,0.14859942891369485,3.373015778571429,0.8571428571428572
32.57142857142856,0.14859942891369485,3.373015778571429,0.9142857142857143
32.57142857142856,0.14859942891369485,3.373015778571429,0.9714285714285714
32.57142857142856,0.14859942891369485,3.373015778571429,1.0285714285714285
32.57142857142856,0.14859942891369485,3.373015778571429,1.0857142857142856
32.57142857142856,0.14859942891369485,3.373015778571429,1.1428571428571428
32.57142857142856,0.14859942891369485,3.373015778571429,1.2
32.57142857142856,0.14859942891369485,3.61111101,0.8
32.57142857142856,0.14859942891369485,3.61111101,0.8571428571428572
32.57142857142856,0.14859942891369485,3.61111101,0.9142857142857143
32.57142857142856,0.14859942891369485,3.61111101,0.9714285714285714
32.57142857142856,0.14859942891369485,3.61111101,1.0285714285714285
32.57142857142856,0.14859942891369485,3.61111101,1.0857142857142856
32.57142857142856,0.14859942891369485,3.61111101,1.1428571428571428
32.57142857142856,0.14859942891369485,3.61111101,1.2
32.57142857142856,0.18114473285278132,1.94444439,0.8
32.57142857142856,0.18114473285278132,1.94444439,0.8571428571428572
32.57142857142856,0.18114473285278132,1.94444439,0.9142857142857143
32.57142857142856,0.18114473285278132,1.94444439,0.9714285714285714
32.57142857142856,0.18114473285278132,1.94444439,1.0285714285714285
32.57142857142856,0.18114473285278132,1.94444439,1.0857142857142856
32.57142857142856,0.18114473285278132,1.94444439,1.1428571428571428
32.57142857142856,0.18114473285278132,1.94444439,1.2
32.57142857142856,0.18114473285278132,2.1825396214285715,0.8
32.57142857142856,0.18114473285278132,2.1825396214285715,0.8571428571428572
32.57142857142856,0.18114473285278132,2.1825396214285715,0.9142857142857143
32.57142857142856,0.18114473285278132,2.1825396214285715,0.9714285714285714
32.57142857142856,0.18114473285278132,2.1825396214285715,1.0285714285714285
32.57142857142856,0.18114473285278132,2.1825396214285715,1.0857142857142856
32.57142857142856,0.18114473285278132,2.1825396214285715,1.1428571428571428
32.57142857142856,0.18114473285278132,2.1825396214285715,1.2
32.57142857142856,0.18114473285278132,2.420634852857143,0.8
32.57142857142856,0.18114473285278132,2.420634852857143,0.8571428571428572
32.57142857142856,0.18114473285278132,2.420634852857143,0.9142857142857143
32.57142857142856,0.18114473285278132,2.420634852857143,0.9714285714285714
32.57142857142856,0.18114473285278132,2.420634852857143,1.0285714285714285
32.57142857142856,0.18114473285278132,2.420634852857143,1.0857142857142856
32.57142857142856,0.18114473285278132,2.420634852857143,1.1428571428571428
32.57142857142856,0.18114473285278132,2.420634852857143,1.2
32.57142857142856,0.18114473285278132,2.6587300842857142,0.8
32.57142857142856,0.18114473285278132,2.6587300842857142,0.8571428571428572
32.57142857142856,0.18114473285278132,2.6587300842857142,0.9142857142857143
32.57142857142856,0.18114473285278132,2.6587300842857142,0.9714285714285714
32.57142857142856,0.18114473285278132,2.6587300842857142,1.0285714285714285
32.57142857142856,0.18114473285278132,2.6587300842857142,1.0857142857142856
32.57142857142856,0.18114473285278132,2.6587300842857142,1.1428571428571428
32.57142857142856,0.18114473285278132,2.6587300842857142,1.2
32.57142857142856,0.18114473285278132,2.896825315714286,0.8
32.57142857142856,0.18114473285278132,2.896825315714286,0.8571428571428572
32.57142857142856,0.18114473285278132,2.896825315714286,0.9142857142857143
32.57142857142856,0.18114473285278132,2.896825315714286,0.9714285714285714
32.57142857142856,0.18114473285278132,2.896825315714286,1.0285714285714285
32.57142857142856,0.18114473285278132,2.896825315714286,1.0857142857142856
32.57142857142856,0.18114473285278132,2.896825315714286,1.1428571428571428
32.57142857142856,0.18114473285278132,2.896825315714286,1.2
32.57142857142856,0.18114473285278132,3.1349205471428574,0.8
32.57142857142856,0.18114473285278132,3.1349205471428574,0.8571428571428572
32.57142857142856,0.18114473285278132,3.1349205471428574,0.9142857142857143
32.57142857142856,0.18114473285278132,3.1349205471428574,0.9714285714285714
32.57142857142856,0.18114473285278132,3.1349205471428574,1.0285714285714285
32.57142857142856,0.18114473285278132,3.1349205471428574,1.0857142857142856
32.57142857142856,0.18114473285278132,3.1349205471428574,1.1428571428571428
32.57142857142856,0.18114473285278132,3.1349205471428574,1.2
32.57142857142856,0.18114473285278132,3.373015778571429,0.8
32.57142857142856,0.18114473285278132,3.373015778571429,0.8571428571428572
32.57142857142856,0.18114473285278132,3.373015778571429,0.9142857142857143
32.57142857142856,0.18114473285278132,3.373015778571429,0.9714285714285714
32.57142857142856,0.18114473285278132,3.373015778571429,1.0285714285714285
32.57142857142856,0.18114473285278132,3.373015778571429,1.0857142857142856
32.57142857142856,0.18114473285278132,3.373015778571429,1.1428571428571428
32.57142857142856,0.18114473285278132,3.373015778571429,1.2
32.57142857142856,0.18114473285278132,3.61111101,0.8
32.57142857142856,0.18114473285278132,3.61111101,0.8571428571428572
32.57142857142856,0.18114473285278132,3.61111101,0.9142857142857143
32.57142857142856,0.18114473285278132,3.61111101,0.9714285714285714
32.57142857142856,0.18114473285278132,3.61111101,1.0285714285714285
32.57142857142856,0.18114473285278132,3.61111101,1.0857142857142856
32.57142857142856,0.18114473285278132,3.61111101,1.1428571428571428
32.57142857142856,0.18114473285278132,3.61111101,1.2
32.57142857142856,0.22081790273476246,1.94444439,0.8
32.57142857142856,0.22081790273476246,1.94444439,0.8571428571428572
32.57142857142856,0.22081790273476246,1.94444439,0.9142857142857143
32.57142857142856,0.22081790273476246,1.94444439,0.9714285714285714
32.57142857142856,0.22081790273476246,1.94444439,1.0285714285714285
32.57142857142856,0.22081790273476246,1.94444439,1.0857142857142856
32.57142857142856,0.22081790273476246,1.94444439,1.1428571428571428
32.57142857142856,0.22081790273476246,1.94444439,1.2
32.57142857142856,0.22081790273476246,2.1825396214285715,0.8
32.57142857142856,0.22081790273476246,2.1825396214285715,0.8571428571428572
32.57142857142856,0.22081790273476246,2.1825396214285715,0.9142857142857143
32.57142857142856,0.22081790273476246,2.1825396214285715,0.9714285714285714
32.57142857142856,0.22081790273476246,2.1825396214285715,1.0285714285714285
32.57142857142856,0.22081790273476246,2.1825396214285715,1.0857142857142856
32.57142857142856,0.22081790273476246,2.1825396214285715,1.1428571428571428
32.57142857142856,0.22081790273476246,2.1825396214285715,1.2
32.57142857142856,0.22081790273476246,2.420634852857143,0.8
32.57142857142856,0.22081790273476246,2.420634852857143,0.8571428571428572
32.57142857142856,0.22081790273476246,2.420634852857143,0.9142857142857143
32.57142857142856,0.22081790273476246,2.420634852857143,0.9714285714285714
32.57142857142856,0.22081790273476246,2.420634852857143,1.0285714285714285
32.57142857142856,0.22081790273476246,2.420634852857143,1.0857142857142856
32.57142857142856,0.22081790273476246,2.420634852857143,1.1428571428571428
32.57142857142856,0.22081790273476246,2.420634852857143,1.2
32.57142857142856,0.22081790273476246,2.6587300842857142,0.8
32.57142857142856,0.22081790273476246,2.6587300842857142,0.8571428571428572
32.57142857142856,0.22081790273476246,2.6587300842857142,0.9142857142857143
32.57142857142856,0.22081790273476246,2.6587300842857142,0.9714285714285714
32.57142857142856,0.22081790273476246,2.6587300842857142,1.0285714285714285
32.57142857142856,0.22081790273476246,2.6587300842857142,1.0857142857142856
32.57142857142856,0.22081790273476246,2.6587300842857142,1.1428571428571428
32.57142857142856,0.22081790273476246,2.6587300842857142,1.2
32.57142857142856,0.22081790273476246,2.896825315714286,0.8
32.57142857142856,0.22081790273476246,2.896825315714286,0.8571428571428572
32.57142857142856,0.22081790273476246,2.896825315714286,0.9142857142857143
32.57142857142856,0.22081790273476246,2.896825315714286,0.9714285714285714
32.57142857142856,0.22081790273476246,2.896825315714286,1.0285714285714285
32.57142857142856,0.22081790273476246,2.896825315714286,1.0857142857142856
32.57142857142856,0.22081790273476246,2.896825315714286,1.1428571428571428
32.57142857142856,0.22081790273476246,2.896825315714286,1.2
32.57142857142856,0.22081790273476246,3.1349205471428574,0.8
32.57142857142856,0.22081790273476246,3.1349205471428574,0.8571428571428572
32.57142857142856,0.22081790273476246,3.1349205471428574,0.9142857142857143
32.57142857142856,0.22081790273476246,3.1349205471428574,0.9714285714285714
32.57142857142856,0.22081790273476246,3.1349205471428574,1.0285714285714285
32.57142857142856,0.22081790273476246,3.1349205471428574,1.0857142857142856
32.57142857142856,0.22081790273476246,3.1349205471428574,1.1428571428571428
32.57142857142856,0.22081790273476246,3.1349205471428574,1.2
32.57142857142856,0.22081790273476246,3.373015778571429,0.8
32.57142857142856,0.22081790273476246,3.373015778571429,0.8571428571428572
32.57142857142856,0.22081790273476246,3.373015778571429,0.9142857142857143
32.57142857142856,0.22081790273476246,3.373015778571429,0.9714285714285714
32.57142857142856,0.22081790273476246,3.373015778571429,1.0285714285714285
32.57142857142856,0.22081790273476246,3.373015778571429,1.0857142857142856
32.57142857142856,0.22081790273476246,3.373015778571429,1.1428571428571428
32.57142857142856,0.22081790273476246,3.373015778571429,1.2
32.57142857142856,0.22081790273476246,3.61111101,0.8
32.57142857142856,0.22081790273476246,3.61111101,0.8571428571428572
32.57142857142856,0.22081790273476246,3.61111101,0.9142857142857143
32.57142857142856,0.22081790273476246,3.61111101,0.9714285714285714
32.57142857142856,0.22081790273476246,3.61111101,1.0285714285714285
32.57142857142856,0.22081790273476246,3.61111101,1.0857142857142856
32.57142857142856,0.22081790273476246,3.61111101,1.1428571428571428
32.57142857142856,0.22081790273476246,3.61111101,1.2
32.57142857142856,0.26918003852647127,1.94444439,0.8
32.57142857142856,0.26918003852647127,1.94444439,0.8571428571428572
32.57142857142856,0.26918003852647127,1.94444439,0.9142857142857143
32.57142857142856,0.26918003852647127,1.94444439,0.9714285714285714
32.57142857142856,0.26918003852647127,1.94444439,1.0285714285714285
32.57142857142856,0.26918003852647127,1.94444439,1.0857142857142856
32.57142857142856,0.26918003852647127,1.94444439,1.1428571428571428
32.57142857142856,0.26918003852647127,1.94444439,1.2
32.57142857142856,0.26918003852647127,2.1825396214285715,0.8
32.57142857142856,0.26918003852647127,2.1825396214285715,0.8571428571428572
32.57142857142856,0.26918003852647127,2.1825396214285715,0.9142857142857143
32.57142857142856,0.26918003852647127,2.1825396214285715,0.9714285714285714
32.57142857142856,0.26918003852647127,2.1825396214285715,1.0285714285714285
32.57142857142856,0.26918003852647127,2.1825396214285715,1.0857142857142856
32.57142857142856,0.26918003852647127,2.1825396214285715,1.1428571428571428
32.57142857142856,0.26918003852647127,2.1825396214285715,1.2
32.57142857142856,0.26918003852647127,2.420634852857143,0.8
32.57142857142856,0.26918003852647127,2.420634852857143,0.8571428571428572
32.57142857142856,0.26918003852647127,2.420634852857143,0.9142857142857143
32.57142857142856,0.26918003852647127,2.420634852857143,0.9714285714285714
32.57142857142856,0.26918003852647127,2.420634852857143,1.0285714285714285
32.57142857142856,0.26918003852647127,2.420634852857143,1.0857142857142856
32.57142857142856,0.26918003852647127,2.420634852857143,1.1428571428571428
32.57142857142856,0.26918003852647127,2.420634852857143,1.2
32.57142857142856,0.26918003852647127,2.6587300842857142,0.8
32.57142857142856,0.26918003852647127,2.6587300842857142,0.8571428571428572
32.57142857142856,0.26918003852647127,2.6587300842857142,0.9142857142857143
32.57142857142856,0.26918003852647127,2.6587300842857142,0.9714285714285714
32.57142857142856,0.26918003852647127,2.6587300842857142,1.0285714285714285
32.57142857142856,0.26918003852647127,2.6587300842857142,1.0857142857142856
32.57142857142856,0.26918003852647127,2.6587300842857142,1.1428571428571428
32.57142857142856,0.26918003852647127,2.6587300842857142,1.2
32.57142857142856,0.26918003852647127,2.896825315714286,0.8
32.57142857142856,0.26918003852647127,2.896825315714286,0.8571428571428572
32.57142857142856,0.26918003852647127,2.896825315714286,0.9142857142857143
32.57142857142856,0.26918003852647127,2.896825315714286,0.9714285714285714
32.57142857142856,0.26918003852647127,2.896825315714286,1.0285714285714285
32.57142857142856,0.26918003852647127,2.896825315714286,1.0857142857142856
32.57142857142856,0.26918003852647127,2.896825315714286,1.1428571428571428
32.57142857142856,0.26918003852647127,2.896825315714286,1.2
32.57142857142856,0.26918003852647127,3.1349205471428574,0.8
32.57142857142856,0.26918003852647127,3.1349205471428574,0.8571428571428572
32.57142857142856,0.26918003852647127,3.1349205471428574,0.9142857142857143
32.57142857142856,0.26918003852647127,3.1349205471428574,0.9714285714285714
32.57142857142856,0.26918003852647127,3.1349205471428574,1.0285714285714285
32.57142857142856,0.26918003852647127,3.1349205471428574,1.0857142857142856
32.57142857142856,0.26918003852647127,3.1349205471428574,1.1428571428571428
32.57142857142856,0.26918003852647127,3.1349205471428574,1.2
32.57142857142856,0.26918003852647127,3.373015778571429,0.8
32.57142857142856,0.26918003852647127,3.373015778571429,0.8571428571428572
32.57142857142856,0.26918003852647127,3.373015778571429,0.9142857142857143
32.57142857142856,0.26918003852647127,3.373015778571429,0.9714285714285714
32.57142857142856,0.26918003852647127,3.373015778571429,1.0285714285714285
32.57142857142856,0.26918003852647127,3.373015778571429,1.0857142857142856
32.57142857142856,0.26918003852647127,3.373015778571429,1.1428571428571428
32.57142857142856,0.26918003852647127,3.373015778571429,1.2
32.57142857142856,0.26918003852647127,3.61111101,0.8
32.57142857142856,0.26918003852647127,3.61111101,0.8571428571428572
32.57142857142856,0.26918003852647127,3.61111101,0.9142857142857143
32.57142857142856,0.26918003852647127,3.61111101,0.9714285714285714
32.57142857142856,0.26918003852647127,3.61111101,1.0285714285714285
32.57142857142856,0.26918003852647127,3.61111101,1.0857142857142856
32.57142857142856,0.26918003852647127,3.61111101,1.1428571428571428
32.57142857142856,0.26918003852647127,3.61111101,1.2
32.57142857142856,0.32813414240305516,1.94444439,0.8
32.57142857142856,0.32813414240305516,1.94444439,0.8571428571428572
32.57142857142856,0.32813414240305516,1.94444439,0.9142857142857143
32.57142857142856,0.32813414240305516,1.94444439,0.9714285714285714
32.57142857142856,0.32813414240305516,1.94444439,1.0285714285714285
32.57142857142856,0.32813414240305516,1.94444439,1.0857142857142856
32.57142857142856,0.32813414240305516,1.94444439,1.1428571428571428
32.57142857142856,0.32813414240305516,1.94444439,1.2
32.57142857142856,0.32813414240305516,2.1825396214285715,0.8
32.57142857142856,0.32813414240305516,2.1825396214285715,0.8571428571428572
32.57142857142856,0.32813414240305516,2.1825396214285715,0.9142857142857143
32.57142857142856,0.32813414240305516,2.1825396214285715,0.9714285714285714
32.57142857142856,0.32813414240305516,2.1825396214285715,1.0285714285714285
32.57142857142856,0.32813414240305516,2.1825396214285715,1.0857142857142856
32.57142857142856,0.32813414240305516,2.1825396214285715,1.1428571428571428
32.57142857142856,0.32813414240305516,2.1825396214285715,1.2
32.57142857142856,0.32813414240305516,2.420634852857143,0.8
32.57142857142856,0.32813414240305516,2.420634852857143,0.8571428571428572
32.57142857142856,0.32813414240305516,2.420634852857143,0.9142857142857143
32.57142857142856,0.32813414240305516,2.420634852857143,0.9714285714285714
32.57142857142856,0.32813414240305516,2.420634852857143,1.0285714285714285
32.57142857142856,0.32813414240305516,2.420634852857143,1.0857142857142856
32.57142857142856,0.32813414240305516,2.420634852857143,1.1428571428571428
32.57142857142856,0.32813414240305516,2.420634852857143,1.2
32.57142857142856,0.32813414240305516,2.6587300842857142,0.8
32.57142857142856,0.32813414240305516,2.6587300842857142,0.8571428571428572
32.57142857142856,0.32813414240305516,2.6587300842857142,0.9142857142857143
32.57142857142856,0.32813414240305516,2.6587300842857142,0.9714285714285714
32.57142857142856,0.32813414240305516,2.6587300842857142,1.0285714285714285
32.57142857142856,0.32813414240305516,2.6587300842857142,1.0857142857142856
32.57142857142856,0.32813414240305516,2.6587300842857142,1.1428571428571428
32.57142857142856,0.32813414240305516,2.6587300842857142,1.2
32.57142857142856,0.32813414240305516,2.896825315714286,0.8
32.57142857142856,0.32813414240305516,2.896825315714286,0.8571428571428572
32.57142857142856,0.32813414240305516,2.896825315714286,0.9142857142857143
32.57142857142856,0.32813414240305516,2.896825315714286,0.9714285714285714
32.57142857142856,0.32813414240305516,2.896825315714286,1.0285714285714285
32.57142857142856,0.32813414240305516,2.896825315714286,1.0857142857142856
32.57142857142856,0.32813414240305516,2.896825315714286,1.1428571428571428
32.57142857142856,0.32813414240305516,2.896825315714286,1.2
32.57142857142856,0.32813414240305516,3.1349205471428574,0.8
32.57142857142856,0.32813414240305516,3.1349205471428574,0.8571428571428572
32.57142857142856,0.32813414240305516,3.1349205471428574,0.9142857142857143
32.57142857142856,0.32813414240305516,3.1349205471428574,0.9714285714285714
32.57142857142856,0.32813414240305516,3.1349205471428574,1.0285714285714285
32.57142857142856,0.32813414240305516,3.1349205471428574,1.0857142857142856
32.57142857142856,0.32813414240305516,3.1349205471428574,1.1428571428571428
32.57142857142856,0.32813414240305516,3.1349205471428574,1.2
32.57142857142856,0.32813414240305516,3.373015778571429,0.8
32.57142857142856,0.32813414240305516,3.373015778571429,0.8571428571428572
32.57142857142856,0.32813414240305516,3.373015778571429,0.9142857142857143
32.57142857142856,0.32813414240305516,3.373015778571429,0.9714285714285714
32.57142857142856,0.32813414240305516,3.373015778571429,1.0285714285714285
32.57142857142856,0.32813414240305516,3.373015778571429,1.0857142857142856
32.57142857142856,0.32813414240305516,3.373015778571429,1.1428571428571428
32.57142857142856,0.32813414240305516,3.373015778571429,1.2
32.57142857142856,0.32813414240305516,3.61111101,0.8
32.57142857142856,0.32813414240305516,3.61111101,0.8571428571428572
32.57142857142856,0.32813414240305516,3.61111101,0.9142857142857143
32.57142857142856,0.32813414240305516,3.61111101,0.9714285714285714
32.57142857142856,0.32813414240305516,3.61111101,1.0285714285714285
32.57142857142856,0.32813414240305516,3.61111101,1.0857142857142856
32.57142857142856,0.32813414240305516,3.61111101,1.1428571428571428
32.57142857142856,0.32813414240305516,3.61111101,1.2
32.57142857142856,0.4,1.94444439,0.8
32.57142857142856,0.4,1.94444439,0.8571428571428572
32.57142857142856,0.4,1.94444439,0.9142857142857143
32.57142857142856,0.4,1.94444439,0.9714285714285714
32.57142857142856,0.4,1.94444439,1.0285714285714285
32.57142857142856,0.4,1.94444439,1.0857142857142856
32.57142857142856,0.4,1.94444439,1.1428571428571428
32.57142857142856,0.4,1.94444439,1.2
32.57142857142856,0.4,2.1825396214285715,0.8
32.57142857142856,0.4,2.1825396214285715,0.8571428571428572
32.57142857142856,0.4,2.1825396214285715,0.9142857142857143
32.57142857142856,0.4,2.1825396214285715,0.9714285714285714
32.57142857142856,0.4,2.1825396214285715,1.0285714285714285
32.57142857142856,0.4,2.1825396214285715,1.0857142857142856
32.57142857142856,0.4,2.1825396214285715,1.1428571428571428
32.57142857142856,0.4,2.1825396214285715,1.2
32.57142857142856,0.4,2.420634852857143,0.8
32.57142857142856,0.4,2.420634852857143,0.8571428571428572
32.57142857142856,0.4,2.420634852857143,0.9142857142857143
32.57142857142856,0.4,2.420634852857143,0.9714285714285714
32.57142857142856,0.4,2.420634852857143,1.0285714285714285
32.57142857142856,0.4,2.420634852857143,1.0857142857142856
32.57142857142856,0.4,2.420634852857143,1.1428571428571428
32.57142857142856,0.4,2.420634852857143,1.2
32.57142857142856,0.4,2.6587300842857142,0.8
32.57142857142856,0.4,2.6587300842857142,0.8571428571428572
32.57142857142856,0.4,2.6587300842857142,0.9142857142857143
32.57142857142856,0.4,2.6587300842857142,0.9714285714285714
32.57142857142856,0.4,2.6587300842857142,1.0285714285714285
32.57142857142856,0.4,2.6587300842857142,1.0857142857142856
32.57142857142856,0.4,2.6587300842857142,1.1428571428571428
32.57142857142856,0.4,2.6587300842857142,1.2
32.57142857142856,0.4,2.896825315714286,0.8
32.57142857142856,0.4,2.896825315714286,0.8571428571428572
32.57142857142856,0.4,2.896825315714286,0.9142857142857143
32.57142857142856,0.4,2.896825315714286,0.9714285714285714
32.57142857142856,0.4,2.896825315714286,1.0285714285714285
32.57142857142856,0.4,2.896825315714286,1.0857142857142856
32.57142857142856,0.4,2.896825315714286,1.1428571428571428
32.57142857142856,0.4,2.896825315714286,1.2
32.57142857142856,0.4,3.1349205471428574,0.8
32.57142857142856,0.4,3.1349205471428574,0.8571428571428572
32.57142857142856,0.4,3.1349205471428574,0.9142857142857143
32.57142857142856,0.4,3.1349205471428574,0.9714285714285714
32.57142857142856,0.4,3.1349205471428574,1.0285714285714285
32.57142857142856,0.4,3.1349205471428574,1.0857142857142856
32.57142857142856,0.4,3.1349205471428574,1.1428571428571428
32.57142857142856,0.4,3.1349205471428574,1.2
32.57142857142856,0.4,3.373015778571429,0.8
32.57142857142856,0.4,3.373015778571429,0.8571428571428572
32.57142857142856,0.4,3.373015778571429,0.9142857142857143
32.57142857142856,0.4,3.373015778571429,0.9714285714285714
32.57142857142856,0.4,3.373015778571429,1.0285714285714285
32.57142857142856,0.4,3.373015778571429,1.0857142857142856
32.57142857142856,0.4,3.373015778571429,1.1428571428571428
32.57142857142856,0.4,3.373015778571429,1.2
32.57142857142856,0.4,3.61111101,0.8
32.57142857142856,0.4,3.61111101,0.8571428571428572
32.57142857142856,0.4,3.61111101,0.9142857142857143
32.57142857142856,0.4,3.61111101,0.9714285714285714
32.57142857142856,0.4,3.61111101,1.0285714285714285
32.57142857142856,0.4,3.61111101,1.0857142857142856
32.57142857142856,0.4,3.61111101,1.1428571428571428
32.57142857142856,0.4,3.61111101,1.2
34.28571428571428,0.1,1.94444439,0.8
34.28571428571428,0.1,1.94444439,0.8571428571428572
34.28571428571428,0.1,1.94444439,0.9142857142857143
34.28571428571428,0.1,1.94444439,0.9714285714285714
34.28571428571428,0.1,1.94444439,1.0285714285714285
34.28571428571428,0.1,1.94444439,1.0857142857142856
34.28571428571428,0.1,1.94444439,1.1428571428571428
34.28571428571428,0.1,1.94444439,1.2
34.28571428571428,0.1,2.1825396214285715,0.8
34.28571428571428,0.1,2.1825396214285715,0.8571428571428572
34.28571428571428,0.1,2.1825396214285715,0.9142857142857143
34.28571428571428,0.1,2.1825396214285715,0.9714285714285714
34.28571428571428,0.1,2.1825396214285715,1.0285714285714285
34.28571428571428,0.1,2.1825396214285715,1.0857142857142856
34.28571428571428,0.1,2.1825396214285715,1.1428571428571428
34.28571428571428,0.1,2.1825396214285715,1.2
34.28571428571428,0.1,2.420634852857143,0.8
34.28571428571428,0.1,2.420634852857143,0.8571428571428572
34.28571428571428,0.1,2.420634852857143,0.9142857142857143
34.28571428571428,0.1,2.420634852857143,0.9714285714285714
34.28571428571428,0.1,2.420634852857143,1.0285714285714285
34.28571428571428,0.1,2.420634852857143,1.0857142857142856
34.28571428571428,0.1,2.420634852857143,1.1428571428571428
34.28571428571428,0.1,2.420634852857143,1.2
34.28571428571428,0.1,2.6587300842857142,0.8
34.28571428571428,0.1,2.6587300842857142,0.8571428571428572
34.28571428571428,0.1,2.6587300842857142,0.9142857142857143
34.28571428571428,0.1,2.6587300842857142,0.9714285714285714
34.28571428571428,0.1,2.6587300842857142,1.0285714285714285
34.28571428571428,0.1,2.6587300842857142,1.0857142857142856
34.28571428571428,0.1,2.6587300842857142,1.1428571428571428
34.28571428571428,0.1,2.6587300842857142,1.2
34.28571428571428,0.1,2.896825315714286,0.8
34.28571428571428,0.1,2.896825315714286,0.8571428571428572
34.28571428571428,0.1,2.896825315714286,0.9142857142857143
34.28571428571428,0.1,2.896825315714286,0.9714285714285714
34.28571428571428,0.1,2.896825315714286,1.0285714285714285
34.28571428571428,0.1,2.896825315714286,1.0857142857142856
34.28571428571428,0.1,2.896825315714286,1.1428571428571428
34.28571428571428,0.1,2.896825315714286,1.2
34.28571428571428,0.1,3.1349205471428574,0.8
34.28571428571428,0.1,3.1349205471428574,0.8571428571428572
34.28571428571428,0.1,3.1349205471428574,0.9142857142857143
34.28571428571428,0.1,3.1349205471428574,0.9714285714285714
34.28571428571428,0.1,3.1349205471428574,1.0285714285714285
34.28571428571428,0.1,3.1349205471428574,1.0857142857142856
34.28571428571428,0.1,3.1349205471428574,1.1428571428571428
34.28571428571428,0.1,3.1349205471428574,1.2
34.28571428571428,0.1,3.373015778571429,0.8
34.28571428571428,0.1,3.373015778571429,0.8571428571428572
34.28571428571428,0.1,3.373015778571429,0.9142857142857143
34.28571428571428,0.1,3.373015778571429,0.9714285714285714
34.28571428571428,0.1,3.373015778571429,1.0285714285714285
34.28571428571428,0.1,3.373015778571429,1.0857142857142856
34.28571428571428,0.1,3.373015778571429,1.1428571428571428
34.28571428571428,0.1,3.373015778571429,1.2
34.28571428571428,0.1,3.61111101,0.8
34.28571428571428,0.1,3.61111101,0.8571428571428572
34.28571428571428,0.1,3.61111101,0.9142857142857143
34.28571428571428,0.1,3.61111101,0.9714285714285714
34.28571428571428,0.1,3.61111101,1.0285714285714285
34.28571428571428,0.1,3.61111101,1.0857142857142856
34.28571428571428,0.1,3.61111101,1.1428571428571428
34.28571428571428,0.1,3.61111101,1.2
34.28571428571428,0.12190136542044755,1.94444439,0.8
34.28571428571428,0.12190136542044755,1.94444439,0.8571428571428572
34.28571428571428,0.12190136542044755,1.94444439,0.9142857142857143
34.28571428571428,0.12190136542044755,1.94444439,0.9714285714285714
34.28571428571428,0.12190136542044755,1.94444439,1.0285714285714285
34.28571428571428,0.12190136542044755,1.94444439,1.0857142857142856
34.28571428571428,0.12190136542044755,1.94444439,1.1428571428571428
34.28571428571428,0.12190136542044755,1.94444439,1.2
34.28571428571428,0.12190136542044755,2.1825396214285715,0.8
34.28571428571428,0.12190136542044755,2.1825396214285715,0.8571428571428572
34.28571428571428,0.12190136542044755,2.1825396214285715,0.9142857142857143
34.28571428571428,0.12190136542044755,2.1825396214285715,0.9714285714285714
34.28571428571428,0.12190136542044755,2.1825396214285715,1.0285714285714285
34.28571428571428,0.12190136542044755,2.1825396214285715,1.0857142857142856
34.28571428571428,0.12190136542044755,2.1825396214285715,1.1428571428571428
34.28571428571428,0.12190136542044755,2.1825396214285715,1.2
34.28571428571428,0.12190136542044755,2.420634852857143,0.8
34.28571428571428,0.12190136542044755,2.420634852857143,0.8571428571428572
34.28571428571428,0.12190136542044755,2.420634852857143,0.9142857142857143
34.28571428571428,0.12190136542044755,2.420634852857143,0.9714285714285714
34.28571428571428,0.12190136542044755,2.420634852857143,1.0285714285714285
34.28571428571428,0.12190136542044755,2.420634852857143,1.0857142857142856
34.28571428571428,0.12190136542044755,2.420634852857143,1.1428571428571428
34.28571428571428,0.12190136542044755,2.420634852857143,1.2
34.28571428571428,0.12190136542044755,2.6587300842857142,0.8
34.28571428571428,0.12190136542044755,2.6587300842857142,0.8571428571428572
34.28571428571428,0.12190136542044755,2.6587300842857142,0.9142857142857143
34.28571428571428,0.12190136542044755,2.6587300842857142,0.9714285714285714
34.28571428571428,0.12190136542044755,2.6587300842857142,1.0285714285714285
34.28571428571428,0.12190136542044755,2.6587300842857142,1.0857142857142856
34.28571428571428,0.12190136542044755,2.6587300842857142,1.1428571428571428
34.28571428571428,0.12190136542044755,2.6587300842857142,1.2
34.28571428571428,0.12190136542044755,2.896825315714286,0.8
34.28571428571428,0.12190136542044755,2.896825315714286,0.8571428571428572
34.28571428571428,0.12190136542044755,2.896825315714286,0.9142857142857143
34.28571428571428,0.12190136542044755,2.896825315714286,0.9714285714285714
34.28571428571428,0.12190136542044755,2.896825315714286,1.0285714285714285
34.28571428571428,0.12190136542044755,2.896825315714286,1.0857142857142856
34.28571428571428,0.12190136542044755,2.896825315714286,1.1428571428571428
34.28571428571428,0.12190136542044755,2.896825315714286,1.2
34.28571428571428,0.12190136542044755,3.1349205471428574,0.8
34.28571428571428,0.12190136542044755,3.1349205471428574,0.8571428571428572
34.28571428571428,0.12190136542044755,3.1349205471428574,0.9142857142857143
34.28571428571428,0.12190136542044755,3.1349205471428574,0.9714285714285714
34.28571428571428,0.12190136542044755,3.1349205471428574,1.0285714285714285
34.28571428571428,0.12190136542044755,3.1349205471428574,1.0857142857142856
34.28571428571428,0.12190136542044755,3.1349205471428574,1.1428571428571428
34.28571428571428,0.12190136542044755,3.1349205471428574,1.2
34.28571428571428,0.12190136542044755,3.373015778571429,0.8
34.28571428571428,0.12190136542044755,3.373015778571429,0.8571428571428572
34.28571428571428,0.12190136542044755,3.373015778571429,0.9142857142857143
34.28571428571428,0.12190136542044755,3.373015778571429,0.9714285714285714
34.28571428571428,0.12190136542044755,3.373015778571429,1.0285714285714285
34.28571428571428,0.12190136542044755,3.373015778571429,1.0857142857142856
34.28571428571428,0.12190136542044755,3.373015778571429,1.1428571428571428
34.28571428571428,0.12190136542044755,3.373015778571429,1.2
34.28571428571428,0.12190136542044755,3.61111101,0.8
34.28571428571428,0.12190136542044755,3.61111101,0.8571428571428572
34.28571428571428,0.12190136542044755,3.61111101,0.9142857142857143
34.28571428571428,0.12190136542044755,3.61111101,0.9714285714285714
34.28571428571428,0.12190136542044755,3.61111101,1.0285714285714285
34.28571428571428,0.12190136542044755,3.61111101,1.0857142857142856
34.28571428571428,0.12190136542044755,3.61111101,1.1428571428571428
34.28571428571428,0.12190136542044755,3.61111101,1.2
34.28571428571428,0.14859942891369485,1.94444439,0.8
34.28571428571428,0.14859942891369485,1.94444439,0.8571428571428572
34.28571428571428,0.14859942891369485,1.94444439,0.9142857142857143
34.28571428571428,0.14859942891369485,1.94444439,0.9714285714285714
34.28571428571428,0.14859942891369485,1.94444439,1.0285714285714285
34.28571428571428,0.14859942891369485,1.94444439,1.0857142857142856
34.28571428571428,0.14859942891369485,1.94444439,1.1428571428571428
34.28571428571428,0.14859942891369485,1.94444439,1.2
34.28571428571428,0.14859942891369485,2.1825396214285715,0.8
34.28571428571428,0.14859942891369485,2.1825396214285715,0.8571428571428572
34.28571428571428,0.14859942891369485,2.1825396214285715,0.9142857142857143
34.28571428571428,0.14859942891369485,2.1825396214285715,0.9714285714285714
34.28571428571428,0.14859942891369485,2.1825396214285715,1.0285714285714285
34.28571428571428,0.14859942891369485,2.1825396214285715,1.0857142857142856
34.28571428571428,0.14859942891369485,2.1825396214285715,1.1428571428571428
34.28571428571428,0.14859942891369485,2.1825396214285715,1.2
34.28571428571428,0.14859942891369485,2.420634852857143,0.8
34.28571428571428,0.14859942891369485,2.420634852857143,0.8571428571428572
34.28571428571428,0.14859942891369485,2.420634852857143,0.9142857142857143
34.28571428571428,0.14859942891369485,2.420634852857143,0.9714285714285714
34.28571428571428,0.14859942891369485,2.420634852857143,1.0285714285714285
34.28571428571428,0.14859942891369485,2.420634852857143,1.0857142857142856
34.28571428571428,0.14859942891369485,2.420634852857143,1.1428571428571428
34.28571428571428,0.14859942891369485,2.420634852857143,1.2
34.28571428571428,0.14859942891369485,2.6587300842857142,0.8
34.28571428571428,0.14859942891369485,2.6587300842857142,0.8571428571428572
34.28571428571428,0.14859942891369485,2.6587300842857142,0.9142857142857143
34.28571428571428,0.14859942891369485,2.6587300842857142,0.9714285714285714
34.28571428571428,0.14859942891369485,2.6587300842857142,1.0285714285714285
34.28571428571428,0.14859942891369485,2.6587300842857142,1.0857142857142856
34.28571428571428,0.14859942891369485,2.6587300842857142,1.1428571428571428
34.28571428571428,0.14859942891369485,2.6587300842857142,1.2
34.28571428571428,0.14859942891369485,2.896825315714286,0.8
34.28571428571428,0.14859942891369485,2.896825315714286,0.8571428571428572
34.28571428571428,0.14859942891369485,2.896825315714286,0.9142857142857143
34.28571428571428,0.14859942891369485,2.896825315714286,0.9714285714285714
34.28571428571428,0.14859942891369485,2.896825315714286,1.0285714285714285
34.28571428571428,0.14859942891369485,2.896825315714286,1.0857142857142856
34.28571428571428,0.14859942891369485,2.896825315714286,1.1428571428571428
34.28571428571428,0.14859942891369485,2.896825315714286,1.2
34.28571428571428,0.14859942891369485,3.1349205471428574,0.8
34.28571428571428,0.14859942891369485,3.1349205471428574,0.8571428571428572
34.28571428571428,0.14859942891369485,3.1349205471428574,0.9142857142857143
34.28571428571428,0.14859942891369485,3.1349205471428574,0.9714285714285714
34.28571428571428,0.14859942891369485,3.1349205471428574,1.0285714285714285
34.28571428571428,0.14859942891369485,3.1349205471428574,1.0857142857142856
34.28571428571428,0.14859942891369485,3.1349205471428574,1.1428571428571428
34.28571428571428,0.14859942891369485,3.1349205471428574,1.2
34.28571428571428,0.14859942891369485,3.373015778571429,0.8
34.28571428571428,0.14859942891369485,3.373015778571429,0.8571428571428572
34.28571428571428,0.14859942891369485,3.373015778571429,0.9142857142857143
34.28571428571428,0.14859942891369485,3.373015778571429,0.9714285714285714
34.28571428571428,0.14859942891369485,3.373015778571429,1.0285714285714285
34.28571428571428,0.14859942891369485,3.373015778571429,1.0857142857142856
34.28571428571428,0.14859942891369485,3.373015778571429,1.1428571428571428
34.28571428571428,0.14859942891369485,3.373015778571429,1.2
34.28571428571428,0.14859942891369485,3.61111101,0.8
34.28571428571428,0.14859942891369485,3.61111101,0.8571428571428572
34.28571428571428,0.14859942891369485,3.61111101,0.9142857142857143
34.28571428571428,0.14859942891369485,3.61111101,0.9714285714285714
34.28571428571428,0.14859942891369485,3.61111101,1.0285714285714285
34.28571428571428,0.14859942891369485,3.61111101,1.0857142857142856
34.28571428571428,0.14859942891369485,3.61111101,1.1428571428571428
34.28571428571428,0.14859942891369485,3.61111101,1.2
34.28571428571428,0.18114473285278132,1.94444439,0.8
34.28571428571428,0.18114473285278132,1.94444439,0.8571428571428572
34.28571428571428,0.18114473285278132,1.94444439,0.9142857142857143
34.28571428571428,0.18114473285278132,1.94444439,0.9714285714285714
34.28571428571428,0.18114473285278132,1.94444439,1.0285714285714285
34.28571428571428,0.18114473285278132,1.94444439,1.0857142857142856
34.28571428571428,0.18114473285278132,1.94444439,1.1428571428571428
34.28571428571428,0.18114473285278132,1.94444439,1.2
34.28571428571428,0.18114473285278132,2.1825396214285715,0.8
34.28571428571428,0.18114473285278132,2.1825396214285715,0.8571428571428572
34.28571428571428,0.18114473285278132,2.1825396214285715,0.9142857142857143
34.28571428571428,0.18114473285278132,2.1825396214285715,0.9714285714285714
34.28571428571428,0.18114473285278132,2.1825396214285715,1.0285714285714285
34.28571428571428,0.18114473285278132,2.1825396214285715,1.0857142857142856
34.28571428571428,0.18114473285278132,2.1825396214285715,1.1428571428571428
34.28571428571428,0.18114473285278132,2.1825396214285715,1.2
34.28571428571428,0.18114473285278132,2.420634852857143,0.8
34.28571428571428,0.18114473285278132,2.420634852857143,0.8571428571428572
34.28571428571428,0.18114473285278132,2.420634852857143,0.9142857142857143
34.28571428571428,0.18114473285278132,2.420634852857143,0.9714285714285714
34.28571428571428,0.18114473285278132,2.420634852857143,1.0285714285714285
34.28571428571428,0.18114473285278132,2.420634852857143,1.0857142857142856
34.28571428571428,0.18114473285278132,2.420634852857143,1.1428571428571428
34.28571428571428,0.18114473285278132,2.420634852857143,1.2
34.28571428571428,0.18114473285278132,2.6587300842857142,0.8
34.28571428571428,0.18114473285278132,2.6587300842857142,0.8571428571428572
34.28571428571428,0.18114473285278132,2.6587300842857142,0.9142857142857143
34.28571428571428,0.18114473285278132,2.6587300842857142,0.9714285714285714
34.28571428571428,0.18114473285278132,2.6587300842857142,1.0285714285714285
34.28571428571428,0.18114473285278132,2.6587300842857142,1.0857142857142856
34.28571428571428,0.18114473285278132,2.6587300842857142,1.1428571428571428
34.28571428571428,0.18114473285278132,2.6587300842857142,1.2
34.28571428571428,0.18114473285278132,2.896825315714286,0.8
34.28571428571428,0.18114473285278132,2.896825315714286,0.8571428571428572
34.28571428571428,0.18114473285278132,2.896825315714286,0.9142857142857143
34.28571428571428,0.18114473285278132,2.896825315714286,0.9714285714285714
34.28571428571428,0.18114473285278132,2.896825315714286,1.0285714285714285
34.28571428571428,0.18114473285278132,2.896825315714286,1.0857142857142856
34.28571428571428,0.18114473285278132,2.896825315714286,1.1428571428571428
34.28571428571428,0.18114473285278132,2.896825315714286,1.2
34.28571428571428,0.18114473285278132,3.1349205471428574,0.8
34.28571428571428,0.18114473285278132,3.1349205471428574,0.8571428571428572
34.28571428571428,0.18114473285278132,3.1349205471428574,0.9142857142857143
34.28571428571428,0.18114473285278132,3.1349205471428574,0.9714285714285714
34.28571428571428,0.18114473285278132,3.1349205471428574,1.0285714285714285
34.28571428571428,0.18114473285278132,3.1349205471428574,1.0857142857142856
34.28571428571428,0.18114473285278132,3.1349205471428574,1.1428571428571428
34.28571428571428,0.18114473285278132,3.1349205471428574,1.2
34.28571428571428,0.18114473285278132,3.373015778571429,0.8
34.28571428571428,0.18114473285278132,3.373015778571429,0.8571428571428572
34.28571428571428,0.18114473285278132,3.373015778571429,0.9142857142857143
34.28571428571428,0.18114473285278132,3.373015778571429,0.9714285714285714
34.28571428571428,0.18114473285278132,3.373015778571429,1.0285714285714285
34.28571428571428,0.18114473285278132,3.373015778571429,1.0857142857142856
34.28571428571428,0.18114473285278132,3.373015778571429,1.1428571428571428
34.28571428571428,0.18114473285278132,3.373015778571429,1.2
34.28571428571428,0.18114473285278132,3.61111101,0.8
34.28571428571428,0.18114473285278132,3.61111101,0.8571428571428572
34.28571428571428,0.18114473285278132,3.61111101,0.9142857142857143
34.28571428571428,0.18114473285278132,3.61111101,0.9714285714285714
34.28571428571428,0.18114473285278132,3.61111101,1.0285714285714285
34.28571428571428,0.18114473285278132,3.61111101,1.0857142857142856
34.28571428571428,0.18114473285278132,3.61111101,1.1428571428571428
34.28571428571428,0.18114473285278132,3.61111101,1.2
34.28571428571428,0.22081790273476246,1.94444439,0.8
34.28571428571428,0.22081790273476246,1.94444439,0.8571428571428572
34.28571428571428,0.22081790273476246,1.94444439,0.9142857142857143
34.28571428571428,0.22081790273476246,1.94444439,0.9714285714285714
34.28571428571428,0.22081790273476246,1.94444439,1.0285714285714285
34.28571428571428,0.22081790273476246,1.94444439,1.0857142857142856
34.28571428571428,0.22081790273476246,1.94444439,1.1428571428571428
34.28571428571428,0.22081790273476246,1.94444439,1.2
34.28571428571428,0.22081790273476246,2.1825396214285715,0.8
34.28571428571428,0.22081790273476246,2.1825396214285715,0.8571428571428572
34.28571428571428,0.22081790273476246,2.1825396214285715,0.9142857142857143
34.28571428571428,0.22081790273476246,2.1825396214285715,0.9714285714285714
34.28571428571428,0.22081790273476246,2.1825396214285715,1.0285714285714285
34.28571428571428,0.22081790273476246,2.1825396214285715,1.0857142857142856
34.28571428571428,0.22081790273476246,2.1825396214285715,1.1428571428571428
34.28571428571428,0.22081790273476246,2.1825396214285715,1.2
34.28571428571428,0.22081790273476246,2.420634852857143,0.8
34.28571428571428,0.22081790273476246,2.420634852857143,0.8571428571428572
34.28571428571428,0.22081790273476246,2.420634852857143,0.9142857142857143
34.28571428571428,0.22081790273476246,2.420634852857143,0.9714285714285714
34.28571428571428,0.22081790273476246,2.420634852857143,1.0285714285714285
34.28571428571428,0.22081790273476246,2.420634852857143,1.0857142857142856
34.28571428571428,0.22081790273476246,2.420634852857143,1.1428571428571428
34.28571428571428,0.22081790273476246,2.420634852857143,1.2
34.28571428571428,0.22081790273476246,2.6587300842857142,0.8
34.28571428571428,0.22081790273476246,2.6587300842857142,0.8571428571428572
34.28571428571428,0.22081790273476246,2.6587300842857142,0.9142857142857143
34.28571428571428,0.22081790273476246,2.6587300842857142,0.9714285714285714
34.28571428571428,0.22081790273476246,2.6587300842857142,1.0285714285714285
34.28571428571428,0.22081790273476246,2.6587300842857142,1.0857142857142856
34.28571428571428,0.22081790273476246,2.6587300842857142,1.1428571428571428
34.28571428571428,0.22081790273476246,2.6587300842857142,1.2
34.28571428571428,0.22081790273476246,2.896825315714286,0.8
34.28571428571428,0.22081790273476246,2.896825315714286,0.8571428571428572
34.28571428571428,0.22081790273476246,2.896825315714286,0.9142857142857143
34.28571428571428,0.22081790273476246,2.896825315714286,0.9714285714285714
34.28571428571428,0.22081790273476246,2.896825315714286,1.0285714285714285
34.28571428571428,0.22081790273476246,2.896825315714286,1.0857142857142856
34.28571428571428,0.22081790273476246,2.896825315714286,1.1428571428571428
34.28571428571428,0.22081790273476246,2.896825315714286,1.2
34.28571428571428,0.22081790273476246,3.1349205471428574,0.8
34.28571428571428,0.22081790273476246,3.1349205471428574,0.8571428571428572
34.28571428571428,0.22081790273476246,3.1349205471428574,0.9142857142857143
34.28571428571428,0.22081790273476246,3.1349205471428574,0.9714285714285714
34.28571428571428,0.22081790273476246,3.1349205471428574,1.0285714285714285
34.28571428571428,0.22081790273476246,3.1349205471428574,1.0857142857142856
34.28571428571428,0.22081790273476246,3.1349205471428574,1.1428571428571428
34.28571428571428,0.22081790273476246,3.1349205471428574,1.2
34.28571428571428,0.22081790273476246,3.373015778571429,0.8
34.28571428571428,0.22081790273476246,3.373015778571429,0.8571428571428572
34.28571428571428,0.22081790273476246,3.373015778571429,0.9142857142857143
34.28571428571428,0.22081790273476246,3.373015778571429,0.9714285714285714
34.28571428571428,0.22081790273476246,3.373015778571429,1.0285714285714285
34.28571428571428,0.22081790273476246,3.373015778571429,1.0857142857142856
34.28571428571428,0.22081790273476246,3.373015778571429,1.1428571428571428
34.28571428571428,0.22081790273476246,3.373015778571429,1.2
34.28571428571428,0.22081790273476246,3.61111101,0.8
34.28571428571428,0.22081790273476246,3.61111101,0.8571428571428572
34.28571428571428,0.22081790273476246,3.61111101,0.9142857142857143
34.28571428571428,0.22081790273476246,3.61111101,0.9714285714285714
34.28571428571428,0.22081790273476246,3.61111101,1.0285714285714285
34.28571428571428,0.22081790273476246,3.61111101,1.0857142857142856
34.28571428571428,0.22081790273476246,3.61111101,1.1428571428571428
34.28571428571428,0.22081790273476246,3.61111101,1.2
34.28571428571428,0.26918003852647127,1.94444439,0.8
34.28571428571428,0.26918003852647127,1.94444439,0.8571428571428572
34.28571428571428,0.26918003852647127,1.94444439,0.9142857142857143
34.28571428571428,0.26918003852647127,1.94444439,0.9714285714285714
34.28571428571428,0.26918003852647127,1.94444439,1.0285714285714285
34.28571428571428,0.26918003852647127,1.94444439,1.0857142857142856
34.28571428571428,0.26918003852647127,1.94444439,1.1428571428571428
34.28571428571428,0.26918003852647127,1.94444439,1.2
34.28571428571428,0.26918003852647127,2.1825396214285715,0.8
34.28571428571428,0.26918003852647127,2.1825396214285715,0.8571428571428572
34.28571428571428,0.26918003852647127,2.1825396214285715,0.9142857142857143
34.28571428571428,0.26918003852647127,2.1825396214285715,0.9714285714285714
34.28571428571428,0.26918003852647127,2.1825396214285715,1.0285714285714285
34.28571428571428,0.26918003852647127,2.1825396214285715,1.0857142857142856
34.28571428571428,0.26918003852647127,2.1825396214285715,1.1428571428571428
34.28571428571428,0.26918003852647127,2.1825396214285715,1.2
34.28571428571428,0.26918003852647127,2.420634852857143,0.8
34.28571428571428,0.26918003852647127,2.420634852857143,0.8571428571428572
34.28571428571428,0.26918003852647127,2.420634852857143,0.9142857142857143
34.28571428571428,0.26918003852647127,2.420634852857143,0.9714285714285714
34.28571428571428,0.26918003852647127,2.420634852857143,1.0285714285714285
34.28571428571428,0.26918003852647127,2.420634852857143,1.0857142857142856
34.28571428571428,0.26918003852647127,2.420634852857143,1.1428571428571428
34.28571428571428,0.26918003852647127,2.420634852857143,1.2
34.28571428571428,0.26918003852647127,2.6587300842857142,0.8
34.28571428571428,0.26918003852647127,2.6587300842857142,0.8571428571428572
34.28571428571428,0.26918003852647127,2.6587300842857142,0.9142857142857143
34.28571428571428,0.26918003852647127,2.6587300842857142,0.9714285714285714
34.28571428571428,0.26918003852647127,2.6587300842857142,1.0285714285714285
34.28571428571428,0.26918003852647127,2.6587300842857142,1.0857142857142856
34.28571428571428,0.26918003852647127,2.6587300842857142,1.1428571428571428
34.28571428571428,0.26918003852647127,2.6587300842857142,1.2
34.28571428571428,0.26918003852647127,2.896825315714286,0.8
34.28571428571428,0.26918003852647127,2.896825315714286,0.8571428571428572
34.28571428571428,0.26918003852647127,2.896825315714286,0.9142857142857143
34.28571428571428,0.26918003852647127,2.896825315714286,0.9714285714285714
34.28571428571428,0.26918003852647127,2.896825315714286,1.0285714285714285
34.28571428571428,0.26918003852647127,2.896825315714286,1.0857142857142856
34.28571428571428,0.26918003852647127,2.896825315714286,1.1428571428571428
34.28571428571428,0.26918003852647127,2.896825315714286,1.2
34.28571428571428,0.26918003852647127,3.1349205471428574,0.8
34.28571428571428,0.26918003852647127,3.1349205471428574,0.8571428571428572
34.28571428571428,0.26918003852647127,3.1349205471428574,0.9142857142857143
34.28571428571428,0.26918003852647127,3.1349205471428574,0.9714285714285714
34.28571428571428,0.26918003852647127,3.1349205471428574,1.0285714285714285
34.28571428571428,0.26918003852647127,3.1349205471428574,1.0857142857142856
34.28571428571428,0.26918003852647127,3.1349205471428574,1.1428571428571428
34.28571428571428,0.26918003852647127,3.1349205471428574,1.2
34.28571428571428,0.26918003852647127,3.373015778571429,0.8
34.28571428571428,0.26918003852647127,3.373015778571429,0.8571428571428572
34.28571428571428,0.26918003852647127,3.373015778571429,0.9142857142857143
34.28571428571428,0.26918003852647127,3.373015778571429,0.9714285714285714
34.28571428571428,0.26918003852647127,3.373015778571429,1.0285714285714285
34.28571428571428,0.26918003852647127,3.373015778571429,1.0857142857142856
34.28571428571428,0.26918003852647127,3.373015778571429,1.1428571428571428
34.28571428571428,0.26918003852647127,3.373015778571429,1.2
34.28571428571428,0.26918003852647127,3.61111101,0.8
34.28571428571428,0.26918003852647127,3.61111101,0.8571428571428572
34.28571428571428,0.26918003852647127,3.61111101,0.9142857142857143
34.28571428571428,0.26918003852647127,3.61111101,0.9714285714285714
34.28571428571428,0.26918003852647127,3.61111101,1.0285714285714285
34.28571428571428,0.26918003852647127,3.61111101,1.0857142857142856
34.28571428571428,0.26918003852647127,3.61111101,1.1428571428571428
34.28571428571428,0.26918003852647127,3.61111101,1.2
34.28571428571428,0.32813414240305516,1.94444439,0.8
34.28571428571428,0.32813414240305516,1.94444439,0.8571428571428572
34.28571428571428,0.32813414240305516,1.94444439,0.9142857142857143
34.28571428571428,0.32813414240305516,1.94444439,0.9714285714285714
34.28571428571428,0.32813414240305516,1.94444439,1.0285714285714285
34.28571428571428,0.32813414240305516,1.94444439,1.0857142857142856
34.28571428571428,0.32813414240305516,1.94444439,1.1428571428571428
34.28571428571428,0.32813414240305516,1.94444439,1.2
34.28571428571428,0.32813414240305516,2.1825396214285715,0.8
34.28571428571428,0.32813414240305516,2.1825396214285715,0.8571428571428572
34.28571428571428,0.32813414240305516,2.1825396214285715,0.9142857142857143
34.28571428571428,0.32813414240305516,2.1825396214285715,0.9714285714285714
34.28571428571428,0.32813414240305516,2.1825396214285715,1.0285714285714285
34.28571428571428,0.32813414240305516,2.1825396214285715,1.0857142857142856
34.28571428571428,0.32813414240305516,2.1825396214285715,1.1428571428571428
34.28571428571428,0.32813414240305516,2.1825396214285715,1.2
34.28571428571428,0.32813414240305516,2.420634852857143,0.8
34.28571428571428,0.32813414240305516,2.420634852857143,0.8571428571428572
34.28571428571428,0.32813414240305516,2.420634852857143,0.9142857142857143
34.28571428571428,0.32813414240305516,2.420634852857143,0.9714285714285714
34.28571428571428,0.32813414240305516,2.420634852857143,1.0285714285714285
34.28571428571428,0.32813414240305516,2.420634852857143,1.0857142857142856
34.28571428571428,0.32813414240305516,2.420634852857143,1.1428571428571428
34.28571428571428,0.32813414240305516,2.420634852857143,1.2
34.28571428571428,0.32813414240305516,2.6587300842857142,0.8
34.28571428571428,0.32813414240305516,2.6587300842857142,0.8571428571428572
34.28571428571428,0.32813414240305516,2.6587300842857142,0.9142857142857143
34.28571428571428,0.32813414240305516,2.6587300842857142,0.9714285714285714
34.28571428571428,0.32813414240305516,2.6587300842857142,1.0285714285714285
34.28571428571428,0.32813414240305516,2.6587300842857142,1.0857142857142856
34.28571428571428,0.32813414240305516,2.6587300842857142,1.1428571428571428
34.28571428571428,0.32813414240305516,2.6587300842857142,1.2
34.28571428571428,0.32813414240305516,2.896825315714286,0.8
34.28571428571428,0.32813414240305516,2.896825315714286,0.8571428571428572
34.28571428571428,0.32813414240305516,2.896825315714286,0.9142857142857143
34.28571428571428,0.32813414240305516,2.896825315714286,0.9714285714285714
34.28571428571428,0.32813414240305516,2.896825315714286,1.0285714285714285
34.28571428571428,0.32813414240305516,2.896825315714286,1.0857142857142856
34.28571428571428,0.32813414240305516,2.896825315714286,1.1428571428571428
34.28571428571428,0.32813414240305516,2.896825315714286,1.2
34.28571428571428,0.32813414240305516,3.1349205471428574,0.8
34.28571428571428,0.32813414240305516,3.1349205471428574,0.8571428571428572
34.28571428571428,0.32813414240305516,3.1349205471428574,0.9142857142857143
34.28571428571428,0.32813414240305516,3.1349205471428574,0.9714285714285714
34.28571428571428,0.32813414240305516,3.1349205471428574,1.0285714285714285
34.28571428571428,0.32813414240305516,3.1349205471428574,1.0857142857142856
34.28571428571428,0.32813414240305516,3.1349205471428574,1.1428571428571428
34.28571428571428,0.32813414240305516,3.1349205471428574,1.2
34.28571428571428,0.32813414240305516,3.373015778571429,0.8
34.28571428571428,0.32813414240305516,3.373015778571429,0.8571428571428572
34.28571428571428,0.32813414240305516,3.373015778571429,0.9142857142857143
34.28571428571428,0.32813414240305516,3.373015778571429,0.9714285714285714
34.28571428571428,0.32813414240305516,3.373015778571429,1.0285714285714285
34.28571428571428,0.32813414240305516,3.373015778571429,1.0857142857142856
34.28571428571428,0.32813414240305516,3.373015778571429,1.1428571428571428
34.28571428571428,0.32813414240305516,3.373015778571429,1.2
34.28571428571428,0.32813414240305516,3.61111101,0.8
34.28571428571428,0.32813414240305516,3.61111101,0.8571428571428572
34.28571428571428,0.32813414240305516,3.61111101,0.9142857142857143
34.28571428571428,0.32813414240305516,3.61111101,0.9714285714285714
34.28571428571428,0.32813414240305516,3.61111101,1.0285714285714285
34.28571428571428,0.32813414240305516,3.61111101,1.0857142857142856
34.28571428571428,0.32813414240305516,3.61111101,1.1428571428571428
34.28571428571428,0.32813414240305516,3.61111101,1.2
34.28571428571428,0.4,1.94444439,0.8
34.28571428571428,0.4,1.94444439,0.8571428571428572
34.28571428571428,0.4,1.94444439,0.9142857142857143
34.28571428571428,0.4,1.94444439,0.9714285714285714
34.28571428571428,0.4,1.94444439,1.0285714285714285
34.28571428571428,0.4,1.94444439,1.0857142857142856
34.28571428571428,0.4,1.94444439,1.1428571428571428
34.28571428571428,0.4,1.94444439,1.2
34.28571428571428,0.4,2.1825396214285715,0.8
34.28571428571428,0.4,2.1825396214285715,0.8571428571428572
34.28571428571428,0.4,2.1825396214285715,0.9142857142857143
34.28571428571428,0.4,2.1825396214285715,0.9714285714285714
34.28571428571428,0.4,2.1825396214285715,1.0285714285714285
34.28571428571428,0.4,2.1825396214285715,1.0857142857142856
34.28571428571428,0.4,2.1825396214285715,1.1428571428571428
34.28571428571428,0.4,2.1825396214285715,1.2
34.28571428571428,0.4,2.420634852857143,0.8
34.28571428571428,0.4,2.420634852857143,0.8571428571428572
34.28571428571428,0.4,2.420634852857143,0.9142857142857143
34.28571428571428,0.4,2.420634852857143,0.9714285714285714
34.28571428571428,0.4,2.420634852857143,1.0285714285714285
34.28571428571428,0.4,2.420634852857143,1.0857142857142856
34.28571428571428,0.4,2.420634852857143,1.1428571428571428
34.28571428571428,0.4,2.420634852857143,1.2
34.28571428571428,0.4,2.6587300842857142,0.8
34.28571428571428,0.4,2.6587300842857142,0.8571428571428572
34.28571428571428,0.4,2.6587300842857142,0.9142857142857143
34.28571428571428,0.4,2.6587300842857142,0.9714285714285714
34.28571428571428,0.4,2.6587300842857142,1.0285714285714285
34.28571428571428,0.4,2.6587300842857142,1.0857142857142856
34.28571428571428,0.4,2.6587300842857142,1.1428571428571428
34.28571428571428,0.4,2.6587300842857142,1.2
34.28571428571428,0.4,2.896825315714286,0.8
34.28571428571428,0.4,2.896825315714286,0.8571428571428572
34.28571428571428,0.4,2.896825315714286,0.9142857142857143
34.28571428571428,0.4,2.896825315714286,0.9714285714285714
34.28571428571428,0.4,2.896825315714286,1.0285714285714285
34.28571428571428,0.4,2.896825315714286,1.0857142857142856
34.28571428571428,0.4,2.896825315714286,1.1428571428571428
34.28571428571428,0.4,2.896825315714286,1.2
34.28571428571428,0.4,3.1349205471428574,0.8
34.28571428571428,0.4,3.1349205471428574,0.8571428571428572
34.28571428571428,0.4,3.1349205471428574,0.9142857142857143
34.28571428571428,0.4,3.1349205471428574,0.9714285714285714
34.28571428571428,0.4,3.1349205471428574,1.0285714285714285
34.28571428571428,0.4,3.1349205471428574,1.0857142857142856
34.28571428571428,0.4,3.1349205471428574,1.1428571428571428
34.28571428571428,0.4,3.1349205471428574,1.2
34.28571428571428,0.4,3.373015778571429,0.8
34.28571428571428,0.4,3.373015778571429,0.8571428571428572
34.28571428571428,0.4,3.373015778571429,0.9142857142857143
34.28571428571428,0.4,3.373015778571429,0.9714285714285714
34.28571428571428,0.4,3.373015778571429,1.0285714285714285
34.28571428571428,0.4,3.373015778571429,1.0857142857142856
34.28571428571428,0.4,3.373015778571429,1.1428571428571428
34.28571428571428,0.4,3.373015778571429,1.2
34.28571428571428,0.4,3.61111101,0.8
34.28571428571428,0.4,3.61111101,0.8571428571428572
34.28571428571428,0.4,3.61111101,0.9142857142857143
34.28571428571428,0.4,3.61111101,0.9714285714285714
34.28571428571428,0.4,3.61111101,1.0285714285714285
34.28571428571428,0.4,3.61111101,1.0857142857142856
34.28571428571428,0.4,3.61111101,1.1428571428571428
34.28571428571428,0.4,3.61111101,1.2
35.99999999999999,0.1,1.94444439,0.8
35.99999999999999,0.1,1.94444439,0.8571428571428572
35.99999999999999,0.1,1.94444439,0.9142857142857143
35.99999999999999,0.1,1.94444439,0.9714285714285714
35.99999999999999,0.1,1.94444439,1.0285714285714285
35.99999999999999,0.1,1.94444439,1.0857142857142856
35.99999999999999,0.1,1.94444439,1.1428571428571428
35.99999999999999,0.1,1.94444439,1.2
35.99999999999999,0.1,2.1825396214285715,0.8
35.99999999999999,0.1,2.1825396214285715,0.8571428571428572
35.99999999999999,0.1,2.1825396214285715,0.9142857142857143
35.99999999999999,0.1,2.1825396214285715,0.9714285714285714
35.99999999999999,0.1,2.1825396214285715,1.0285714285714285
35.99999999999999,0.1,2.1825396214285715,1.0857142857142856
35.99999999999999,0.1,2.1825396214285715,1.1428571428571428
35.99999999999999,0.1,2.1825396214285715,1.2
35.99999999999999,0.1,2.420634852857143,0.8
35.99999999999999,0.1,2.420634852857143,0.8571428571428572
35.99999999999999,0.1,2.420634852857143,0.9142857142857143
35.99999999999999,0.1,2.420634852857143,0.9714285714285714
35.99999999999999,0.1,2.420634852857143,1.0285714285714285
35.99999999999999,0.1,2.420634852857143,1.0857142857142856
35.99999999999999,0.1,2.420634852857143,1.1428571428571428
35.99999999999999,0.1,2.420634852857143,1.2
35.99999999999999,0.1,2.6587300842857142,0.8
35.99999999999999,0.1,2.6587300842857142,0.8571428571428572
35.99999999999999,0.1,2.6587300842857142,0.9142857142857143
35.99999999999999,0.1,2.6587300842857142,0.9714285714285714
35.99999999999999,0.1,2.6587300842857142,1.0285714285714285
35.99999999999999,0.1,2.6587300842857142,1.0857142857142856
35.99999999999999,0.1,2.6587300842857142,1.1428571428571428
35.99999999999999,0.1,2.6587300842857142,1.2
35.99999999999999,0.1,2.896825315714286,0.8
35.99999999999999,0.1,2.896825315714286,0.8571428571428572
35.99999999999999,0.1,2.896825315714286,0.9142857142857143
35.99999999999999,0.1,2.896825315714286,0.9714285714285714
35.99999999999999,0.1,2.896825315714286,1.0285714285714285
35.99999999999999,0.1,2.896825315714286,1.0857142857142856
35.99999999999999,0.1,2.896825315714286,1.1428571428571428
35.99999999999999,0.1,2.896825315714286,1.2
35.99999999999999,0.1,3.1349205471428574,0.8
35.99999999999999,0.1,3.1349205471428574,0.8571428571428572
35.99999999999999,0.1,3.1349205471428574,0.9142857142857143
35.99999999999999,0.1,3.1349205471428574,0.9714285714285714
35.99999999999999,0.1,3.1349205471428574,1.0285714285714285
35.99999999999999,0.1,3.1349205471428574,1.0857142857142856
35.99999999999999,0.1,3.1349205471428574,1.1428571428571428
35.99999999999999,0.1,3.1349205471428574,1.2
35.99999999999999,0.1,3.373015778571429,0.8
35.99999999999999,0.1,3.373015778571429,0.8571428571428572
35.99999999999999,0.1,3.373015778571429,0.9142857142857143
35.99999999999999,0.1,3.373015778571429,0.9714285714285714
35.99999999999999,0.1,3.373015778571429,1.0285714285714285
35.99999999999999,0.1,3.373015778571429,1.0857142857142856
35.99999999999999,0.1,3.373015778571429,1.1428571428571428
35.99999999999999,0.1,3.373015778571429,1.2
35.99999999999999,0.1,3.61111101,0.8
35.99999999999999,0.1,3.61111101,0.8571428571428572
35.99999999999999,0.1,3.61111101,0.9142857142857143
35.99999999999999,0.1,3.61111101,0.9714285714285714
35.99999999999999,0.1,3.61111101,1.0285714285714285
35.99999999999999,0.1,3.61111101,1.0857142857142856
35.99999999999999,0.1,3.61111101,1.1428571428571428
35.99999999999999,0.1,3.61111101,1.2
35.99999999999999,0.12190136542044755,1.94444439,0.8
35.99999999999999,0.12190136542044755,1.94444439,0.8571428571428572
35.99999999999999,0.12190136542044755,1.94444439,0.9142857142857143
35.99999999999999,0.12190136542044755,1.94444439,0.9714285714285714
35.99999999999999,0.12190136542044755,1.94444439,1.0285714285714285
35.99999999999999,0.12190136542044755,1.94444439,1.0857142857142856
35.99999999999999,0.12190136542044755,1.94444439,1.1428571428571428
35.99999999999999,0.12190136542044755,1.94444439,1.2
35.99999999999999,0.12190136542044755,2.1825396214285715,0.8
35.99999999999999,0.12190136542044755,2.1825396214285715,0.8571428571428572
35.99999999999999,0.12190136542044755,2.1825396214285715,0.9142857142857143
35.99999999999999,0.12190136542044755,2.1825396214285715,0.9714285714285714
35.99999999999999,0.12190136542044755,2.1825396214285715,1.0285714285714285
35.99999999999999,0.12190136542044755,2.1825396214285715,1.0857142857142856
35.99999999999999,0.12190136542044755,2.1825396214285715,1.1428571428571428
35.99999999999999,0.12190136542044755,2.1825396214285715,1.2
35.99999999999999,0.12190136542044755,2.420634852857143,0.8
35.99999999999999,0.12190136542044755,2.420634852857143,0.8571428571428572
35.99999999999999,0.12190136542044755,2.420634852857143,0.9142857142857143
35.99999999999999,0.12190136542044755,2.420634852857143,0.9714285714285714
35.99999999999999,0.12190136542044755,2.420634852857143,1.0285714285714285
35.99999999999999,0.12190136542044755,2.420634852857143,1.0857142857142856
35.99999999999999,0.12190136542044755,2.420634852857143,1.1428571428571428
35.99999999999999,0.12190136542044755,2.420634852857143,1.2
35.99999999999999,0.12190136542044755,2.6587300842857142,0.8
35.99999999999999,0.12190136542044755,2.6587300842857142,0.8571428571428572
35.99999999999999,0.12190136542044755,2.6587300842857142,0.9142857142857143
35.99999999999999,0.12190136542044755,2.6587300842857142,0.9714285714285714
35.99999999999999,0.12190136542044755,2.6587300842857142,1.0285714285714285
35.99999999999999,0.12190136542044755,2.6587300842857142,1.0857142857142856
35.99999999999999,0.12190136542044755,2.6587300842857142,1.1428571428571428
35.99999999999999,0.12190136542044755,2.6587300842857142,1.2
35.99999999999999,0.12190136542044755,2.896825315714286,0.8
35.99999999999999,0.12190136542044755,2.896825315714286,0.8571428571428572
35.99999999999999,0.12190136542044755,2.896825315714286,0.9142857142857143
35.99999999999999,0.12190136542044755,2.896825315714286,0.9714285714285714
35.99999999999999,0.12190136542044755,2.896825315714286,1.0285714285714285
35.99999999999999,0.12190136542044755,2.896825315714286,1.0857142857142856
35.99999999999999,0.12190136542044755,2.896825315714286,1.1428571428571428
35.99999999999999,0.12190136542044755,2.896825315714286,1.2
35.99999999999999,0.12190136542044755,3.1349205471428574,0.8
35.99999999999999,0.12190136542044755,3.1349205471428574,0.8571428571428572
35.99999999999999,0.12190136542044755,3.1349205471428574,0.9142857142857143
35.99999999999999,0.12190136542044755,3.1349205471428574,0.9714285714285714
35.99999999999999,0.12190136542044755,3.1349205471428574,1.0285714285714285
35.99999999999999,0.12190136542044755,3.1349205471428574,1.0857142857142856
35.99999999999999,0.12190136542044755,3.1349205471428574,1.1428571428571428
35.99999999999999,0.12190136542044755,3.1349205471428574,1.2
35.99999999999999,0.12190136542044755,3.373015778571429,0.8
35.99999999999999,0.12190136542044755,3.373015778571429,0.8571428571428572
35.99999999999999,0.12190136542044755,3.373015778571429,0.9142857142857143
35.99999999999999,0.12190136542044755,3.373015778571429,0.9714285714285714
35.99999999999999,0.12190136542044755,3.373015778571429,1.0285714285714285
35.99999999999999,0.12190136542044755,3.373015778571429,1.0857142857142856
35.99999999999999,0.12190136542044755,3.373015778571429,1.1428571428571428
35.99999999999999,0.12190136542044755,3.373015778571429,1.2
35.99999999999999,0.12190136542044755,3.61111101,0.8
35.99999999999999,0.12190136542044755,3.61111101,0.8571428571428572
35.99999999999999,0.12190136542044755,3.61111101,0.9142857142857143
35.99999999999999,0.12190136542044755,3.61111101,0.9714285714285714
35.99999999999999,0.12190136542044755,3.61111101,1.0285714285714285
35.99999999999999,0.12190136542044755,3.61111101,1.0857142857142856
35.99999999999999,0.12190136542044755,3.61111101,1.1428571428571428
35.99999999999999,0.12190136542044755,3.61111101,1.2
35.99999999999999,0.14859942891369485,1.94444439,0.8
35.99999999999999,0.14859942891369485,1.94444439,0.8571428571428572
35.99999999999999,0.14859942891369485,1.94444439,0.9142857142857143
35.99999999999999,0.14859942891369485,1.94444439,0.9714285714285714
35.99999999999999,0.14859942891369485,1.94444439,1.0285714285714285
35.99999999999999,0.14859942891369485,1.94444439,1.0857142857142856
35.99999999999999,0.14859942891369485,1.94444439,1.1428571428571428
35.99999999999999,0.14859942891369485,1.94444439,1.2
35.99999999999999,0.14859942891369485,2.1825396214285715,0.8
35.99999999999999,0.14859942891369485,2.1825396214285715,0.8571428571428572
35.99999999999999,0.14859942891369485,2.1825396214285715,0.9142857142857143
35.99999999999999,0.14859942891369485,2.1825396214285715,0.9714285714285714
35.99999999999999,0.14859942891369485,2.1825396214285715,1.0285714285714285
35.99999999999999,0.14859942891369485,2.1825396214285715,1.0857142857142856
35.99999999999999,0.14859942891369485,2.1825396214285715,1.1428571428571428
35.99999999999999,0.14859942891369485,2.1825396214285715,1.2
35.99999999999999,0.14859942891369485,2.420634852857143,0.8
35.99999999999999,0.14859942891369485,2.420634852857143,0.8571428571428572
35.99999999999999,0.14859942891369485,2.420634852857143,0.9142857142857143
35.99999999999999,0.14859942891369485,2.420634852857143,0.9714285714285714
35.99999999999999,0.14859942891369485,2.420634852857143,1.0285714285714285
35.99999999999999,0.14859942891369485,2.420634852857143,1.0857142857142856
35.99999999999999,0.14859942891369485,2.420634852857143,1.1428571428571428
35.99999999999999,0.14859942891369485,2.420634852857143,1.2
35.99999999999999,0.14859942891369485,2.6587300842857142,0.8
35.99999999999999,0.14859942891369485,2.6587300842857142,0.8571428571428572
35.99999999999999,0.14859942891369485,2.6587300842857142,0.9142857142857143
35.99999999999999,0.14859942891369485,2.6587300842857142,0.9714285714285714
35.99999999999999,0.14859942891369485,2.6587300842857142,1.0285714285714285
35.99999999999999,0.14859942891369485,2.6587300842857142,1.0857142857142856
35.99999999999999,0.14859942891369485,2.6587300842857142,1.1428571428571428
35.99999999999999,0.14859942891369485,2.6587300842857142,1.2
35.99999999999999,0.14859942891369485,2.896825315714286,0.8
35.99999999999999,0.14859942891369485,2.896825315714286,0.8571428571428572
35.99999999999999,0.14859942891369485,2.896825315714286,0.9142857142857143
35.99999999999999,0.14859942891369485,2.896825315714286,0.9714285714285714
35.99999999999999,0.14859942891369485,2.896825315714286,1.0285714285714285
35.99999999999999,0.14859942891369485,2.896825315714286,1.0857142857142856
35.99999999999999,0.14859942891369485,2.896825315714286,1.1428571428571428
35.99999999999999,0.14859942891369485,2.896825315714286,1.2
35.99999999999999,0.14859942891369485,3.1349205471428574,0.8
35.99999999999999,0.14859942891369485,3.1349205471428574,0.8571428571428572
35.99999999999999,0.14859942891369485,3.1349205471428574,0.9142857142857143
35.99999999999999,0.14859942891369485,3.1349205471428574,0.9714285714285714
35.99999999999999,0.14859942891369485,3.1349205471428574,1.0285714285714285
35.99999999999999,0.14859942891369485,3.1349205471428574,1.0857142857142856
35.99999999999999,0.14859942891369485,3.1349205471428574,1.1428571428571428
35.99999999999999,0.14859942891369485,3.1349205471428574,1.2
35.99999999999999,0.14859942891369485,3.373015778571429,0.8
35.99999999999999,0.14859942891369485,3.373015778571429,0.8571428571428572
35.99999999999999,0.14859942891369485,3.373015778571429,0.9142857142857143
35.99999999999999,0.14859942891369485,3.373015778571429,0.9714285714285714
35.99999999999999,0.14859942891369485,3.373015778571429,1.0285714285714285
35.99999999999999,0.14859942891369485,3.373015778571429,1.0857142857142856
35.99999999999999,0.14859942891369485,3.373015778571429,1.1428571428571428
35.99999999999999,0.14859942891369485,3.373015778571429,1.2
35.99999999999999,0.14859942891369485,3.61111101,0.8
35.99999999999999,0.14859942891369485,3.61111101,0.8571428571428572
35.99999999999999,0.14859942891369485,3.61111101,0.9142857142857143
35.99999999999999,0.14859942891369485,3.61111101,0.9714285714285714
35.99999999999999,0.14859942891369485,3.61111101,1.0285714285714285
35.99999999999999,0.14859942891369485,3.61111101,1.0857142857142856
35.99999999999999,0.14859942891369485,3.61111101,1.1428571428571428
35.99999999999999,0.14859942891369485,3.61111101,1.2
35.99999999999999,0.18114473285278132,1.94444439,0.8
35.99999999999999,0.18114473285278132,1.94444439,0.8571428571428572
35.99999999999999,0.18114473285278132,1.94444439,0.9142857142857143
35.99999999999999,0.18114473285278132,1.94444439,0.9714285714285714
35.99999999999999,0.18114473285278132,1.94444439,1.0285714285714285
35.99999999999999,0.18114473285278132,1.94444439,1.0857142857142856
35.99999999999999,0.18114473285278132,1.94444439,1.1428571428571428
35.99999999999999,0.18114473285278132,1.94444439,1.2
35.99999999999999,0.18114473285278132,2.1825396214285715,0.8
35.99999999999999,0.18114473285278132,2.1825396214285715,0.8571428571428572
35.99999999999999,0.18114473285278132,2.1825396214285715,0.9142857142857143
35.99999999999999,0.18114473285278132,2.1825396214285715,0.9714285714285714
35.99999999999999,0.18114473285278132,2.1825396214285715,1.0285714285714285
35.99999999999999,0.18114473285278132,2.1825396214285715,1.0857142857142856
35.99999999999999,0.18114473285278132,2.1825396214285715,1.1428571428571428
35.99999999999999,0.18114473285278132,2.1825396214285715,1.2
35.99999999999999,0.18114473285278132,2.420634852857143,0.8
35.99999999999999,0.18114473285278132,2.420634852857143,0.8571428571428572
35.99999999999999,0.18114473285278132,2.420634852857143,0.9142857142857143
35.99999999999999,0.18114473285278132,2.420634852857143,0.9714285714285714
35.99999999999999,0.18114473285278132,2.420634852857143,1.0285714285714285
35.99999999999999,0.18114473285278132,2.420634852857143,1.0857142857142856
35.99999999999999,0.18114473285278132,2.420634852857143,1.1428571428571428
35.99999999999999,0.18114473285278132,2.420634852857143,1.2
35.99999999999999,0.18114473285278132,2.6587300842857142,0.8
35.99999999999999,0.18114473285278132,2.6587300842857142,0.8571428571428572
35.99999999999999,0.18114473285278132,2.6587300842857142,0.9142857142857143
35.99999999999999,0.18114473285278132,2.6587300842857142,0.9714285714285714
35.99999999999999,0.18114473285278132,2.6587300842857142,1.0285714285714285
35.99999999999999,0.18114473285278132,2.6587300842857142,1.0857142857142856
35.99999999999999,0.18114473285278132,2.6587300842857142,1.1428571428571428
35.99999999999999,0.18114473285278132,2.6587300842857142,1.2
35.99999999999999,0.18114473285278132,2.896825315714286,0.8
35.99999999999999,0.18114473285278132,2.896825315714286,0.8571428571428572
35.99999999999999,0.18114473285278132,2.896825315714286,0.9142857142857143
35.99999999999999,0.18114473285278132,2.896825315714286,0.9714285714285714
35.99999999999999,0.18114473285278132,2.896825315714286,1.0285714285714285
35.99999999999999,0.18114473285278132,2.896825315714286,1.0857142857142856
35.99999999999999,0.18114473285278132,2.896825315714286,1.1428571428571428
35.99999999999999,0.18114473285278132,2.896825315714286,1.2
35.99999999999999,0.18114473285278132,3.1349205471428574,0.8
35.99999999999999,0.18114473285278132,3.1349205471428574,0.8571428571428572
35.99999999999999,0.18114473285278132,3.1349205471428574,0.9142857142857143
35.99999999999999,0.18114473285278132,3.1349205471428574,0.9714285714285714
35.99999999999999,0.18114473285278132,3.1349205471428574,1.0285714285714285
35.99999999999999,0.18114473285278132,3.1349205471428574,1.0857142857142856
35.99999999999999,0.18114473285278132,3.1349205471428574,1.1428571428571428
35.99999999999999,0.18114473285278132,3.1349205471428574,1.2
35.99999999999999,0.18114473285278132,3.373015778571429,0.8
35.99999999999999,0.18114473285278132,3.373015778571429,0.8571428571428572
35.99999999999999,0.18114473285278132,3.373015778571429,0.9142857142857143
35.99999999999999,0.18114473285278132,3.373015778571429,0.9714285714285714
35.99999999999999,0.18114473285278132,3.373015778571429,1.0285714285714285
35.99999999999999,0.18114473285278132,3.373015778571429,1.0857142857142856
35.99999999999999,0.18114473285278132,3.373015778571429,1.1428571428571428
35.99999999999999,0.18114473285278132,3.373015778571429,1.2
35.99999999999999,0.18114473285278132,3.61111101,0.8
35.99999999999999,0.18114473285278132,3.61111101,0.8571428571428572
35.99999999999999,0.18114473285278132,3.61111101,0.9142857142857143
35.99999999999999,0.18114473285278132,3.61111101,0.9714285714285714
35.99999999999999,0.18114473285278132,3.61111101,1.0285714285714285
35.99999999999999,0.18114473285278132,3.61111101,1.0857142857142856
35.99999999999999,0.18114473285278132,3.61111101,1.1428571428571428
35.99999999999999,0.18114473285278132,3.61111101,1.2
35.99999999999999,0.22081790273476246,1.94444439,0.8
35.99999999999999,0.22081790273476246,1.94444439,0.8571428571428572
35.99999999999999,0.22081790273476246,1.94444439,0.9142857142857143
35.99999999999999,0.22081790273476246,1.94444439,0.9714285714285714
35.99999999999999,0.22081790273476246,1.94444439,1.0285714285714285
35.99999999999999,0.22081790273476246,1.94444439,1.0857142857142856
35.99999999999999,0.22081790273476246,1.94444439,1.1428571428571428
35.99999999999999,0.22081790273476246,1.94444439,1.2
35.99999999999999,0.22081790273476246,2.1825396214285715,0.8
35.99999999999999,0.22081790273476246,2.1825396214285715,0.8571428571428572
35.99999999999999,0.22081790273476246,2.1825396214285715,0.9142857142857143
35.99999999999999,0.22081790273476246,2.1825396214285715,0.9714285714285714
35.99999999999999,0.22081790273476246,2.1825396214285715,1.0285714285714285
35.99999999999999,0.22081790273476246,2.1825396214285715,1.0857142857142856
35.99999999999999,0.22081790273476246,2.1825396214285715,1.1428571428571428
35.99999999999999,0.22081790273476246,2.1825396214285715,1.2
35.99999999999999,0.22081790273476246,2.420634852857143,0.8
35.99999999999999,0.22081790273476246,2.420634852857143,0.8571428571428572
35.99999999999999,0.22081790273476246,2.420634852857143,0.9142857142857143
35.99999999999999,0.22081790273476246,2.420634852857143,0.9714285714285714
35.99999999999999,0.22081790273476246,2.420634852857143,1.0285714285714285
35.99999999999999,0.22081790273476246,2.420634852857143,1.0857142857142856
35.99999999999999,0.22081790273476246,2.420634852857143,1.1428571428571428
35.99999999999999,0.22081790273476246,2.420634852857143,1.2
35.99999999999999,0.22081790273476246,2.6587300842857142,0.8
35.99999999999999,0.22081790273476246,2.6587300842857142,0.8571428571428572
35.99999999999999,0.22081790273476246,2.6587300842857142,0.9142857142857143
35.99999999999999,0.22081790273476246,2.6587300842857142,0.9714285714285714
35.99999999999999,0.22081790273476246,2.6587300842857142,1.0285714285714285
35.99999999999999,0.22081790273476246,2.6587300842857142,1.0857142857142856
35.99999999999999,0.22081790273476246,2.6587300842857142,1.1428571428571428
35.99999999999999,0.22081790273476246,2.6587300842857142,1.2
35.99999999999999,0.22081790273476246,2.896825315714286,0.8
35.99999999999999,0.22081790273476246,2.896825315714286,0.8571428571428572
35.99999999999999,0.22081790273476246,2.896825315714286,0.9142857142857143
35.99999999999999,0.22081790273476246,2.896825315714286,0.9714285714285714
35.99999999999999,0.22081790273476246,2.896825315714286,1.0285714285714285
35.99999999999999,0.22081790273476246,2.896825315714286,1.0857142857142856
35.99999999999999,0.22081790273476246,2.896825315714286,1.1428571428571428
35.99999999999999,0.22081790273476246,2.896825315714286,1.2
35.99999999999999,0.22081790273476246,3.1349205471428574,0.8
35.99999999999999,0.22081790273476246,3.1349205471428574,0.8571428571428572
35.99999999999999,0.22081790273476246,3.1349205471428574,0.9142857142857143
35.99999999999999,0.22081790273476246,3.1349205471428574,0.9714285714285714
35.99999999999999,0.22081790273476246,3.1349205471428574,1.0285714285714285
35.99999999999999,0.22081790273476246,3.1349205471428574,1.0857142857142856
35.99999999999999,0.22081790273476246,3.1349205471428574,1.1428571428571428
35.99999999999999,0.22081790273476246,3.1349205471428574,1.2
35.99999999999999,0.22081790273476246,3.373015778571429,0.8
35.99999999999999,0.22081790273476246,3.373015778571429,0.8571428571428572
35.99999999999999,0.22081790273476246,3.373015778571429,0.9142857142857143
35.99999999999999,0.22081790273476246,3.373015778571429,0.9714285714285714
35.99999999999999,0.22081790273476246,3.373015778571429,1.0285714285714285
35.99999999999999,0.22081790273476246,3.373015778571429,1.0857142857142856
35.99999999999999,0.22081790273476246,3.373015778571429,1.1428571428571428
35.99999999999999,0.22081790273476246,3.373015778571429,1.2
35.99999999999999,0.22081790273476246,3.61111101,0.8
35.99999999999999,0.22081790273476246,3.61111101,0.8571428571428572
35.99999999999999,0.22081790273476246,3.61111101,0.9142857142857143
35.99999999999999,0.22081790273476246,3.61111101,0.9714285714285714
35.99999999999999,0.22081790273476246,3.61111101,1.0285714285714285
35.99999999999999,0.22081790273476246,3.61111101,1.0857142857142856
35.99999999999999,0.22081790273476246,3.61111101,1.1428571428571428
35.99999999999999,0.22081790273476246,3.61111101,1.2
35.99999999999999,0.26918003852647127,1.94444439,0.8
35.99999999999999,0.26918003852647127,1.94444439,0.8571428571428572
35.99999999999999,0.26918003852647127,1.94444439,0.9142857142857143
35.99999999999999,0.26918003852647127,1.94444439,0.9714285714285714
35.99999999999999,0.26918003852647127,1.94444439,1.0285714285714285
35.99999999999999,0.26918003852647127,1.94444439,1.0857142857142856
35.99999999999999,0.26918003852647127,1.94444439,1.1428571428571428
35.99999999999999,0.26918003852647127,1.94444439,1.2
35.99999999999999,0.26918003852647127,2.1825396214285715,0.8
35.99999999999999,0.26918003852647127,2.1825396214285715,0.8571428571428572
35.99999999999999,0.26918003852647127,2.1825396214285715,0.9142857142857143
35.99999999999999,0.26918003852647127,2.1825396214285715,0.9714285714285714
35.99999999999999,0.26918003852647127,2.1825396214285715,1.0285714285714285
35.99999999999999,0.26918003852647127,2.1825396214285715,1.0857142857142856
35.99999999999999,0.26918003852647127,2.1825396214285715,1.1428571428571428
35.99999999999999,0.26918003852647127,2.1825396214285715,1.2
35.99999999999999,0.26918003852647127,2.420634852857143,0.8
35.99999999999999,0.26918003852647127,2.420634852857143,0.8571428571428572
35.99999999999999,0.26918003852647127,2.420634852857143,0.9142857142857143
35.99999999999999,0.26918003852647127,2.420634852857143,0.9714285714285714
35.99999999999999,0.26918003852647127,2.420634852857143,1.0285714285714285
35.99999999999999,0.26918003852647127,2.420634852857143,1.0857142857142856
35.99999999999999,0.26918003852647127,2.420634852857143,1.1428571428571428
35.99999999999999,0.26918003852647127,2.420634852857143,1.2
35.99999999999999,0.26918003852647127,2.6587300842857142,0.8
35.99999999999999,0.26918003852647127,2.6587300842857142,0.8571428571428572
35.99999999999999,0.26918003852647127,2.6587300842857142,0.9142857142857143
35.99999999999999,0.26918003852647127,2.6587300842857142,0.9714285714285714
35.99999999999999,0.26918003852647127,2.6587300842857142,1.0285714285714285
35.99999999999999,0.26918003852647127,2.6587300842857142,1.0857142857142856
35.99999999999999,0.26918003852647127,2.6587300842857142,1.1428571428571428
35.99999999999999,0.26918003852647127,2.6587300842857142,1.2
35.99999999999999,0.26918003852647127,2.896825315714286,0.8
35.99999999999999,0.26918003852647127,2.896825315714286,0.8571428571428572
35.99999999999999,0.26918003852647127,2.896825315714286,0.9142857142857143
35.99999999999999,0.26918003852647127,2.896825315714286,0.9714285714285714
35.99999999999999,0.26918003852647127,2.896825315714286,1.0285714285714285
35.99999999999999,0.26918003852647127,2.896825315714286,1.0857142857142856
35.99999999999999,0.26918003852647127,2.896825315714286,1.1428571428571428
35.99999999999999,0.26918003852647127,2.896825315714286,1.2
35.99999999999999,0.26918003852647127,3.1349205471428574,0.8
35.99999999999999,0.26918003852647127,3.1349205471428574,0.8571428571428572
35.99999999999999,0.26918003852647127,3.1349205471428574,0.9142857142857143
35.99999999999999,0.26918003852647127,3.1349205471428574,0.9714285714285714
35.99999999999999,0.26918003852647127,3.1349205471428574,1.0285714285714285
35.99999999999999,0.26918003852647127,3.1349205471428574,1.0857142857142856
35.99999999999999,0.26918003852647127,3.1349205471428574,1.1428571428571428
35.99999999999999,0.26918003852647127,3.1349205471428574,1.2
35.99999999999999,0.26918003852647127,3.373015778571429,0.8
35.99999999999999,0.26918003852647127,3.373015778571429,0.8571428571428572
35.99999999999999,0.26918003852647127,3.373015778571429,0.9142857142857143
35.99999999999999,0.26918003852647127,3.373015778571429,0.9714285714285714
35.99999999999999,0.26918003852647127,3.373015778571429,1.0285714285714285
35.99999999999999,0.26918003852647127,3.373015778571429,1.0857142857142856
35.99999999999999,0.26918003852647127,3.373015778571429,1.1428571428571428
35.99999999999999,0.26918003852647127,3.373015778571429,1.2
35.99999999999999,0.26918003852647127,3.61111101,0.8
35.99999999999999,0.26918003852647127,3.61111101,0.8571428571428572
35.99999999999999,0.26918003852647127,3.61111101,0.9142857142857143
35.99999999999999,0.26918003852647127,3.61111101,0.9714285714285714
35.99999999999999,0.26918003852647127,3.61111101,1.0285714285714285
35.99999999999999,0.26918003852647127,3.61111101,1.0857142857142856
35.99999999999999,0.26918003852647127,3.61111101,1.1428571428571428
35.99999999999999,0.26918003852647127,3.61111101,1.2
35.99999999999999,0.32813414240305516,1.94444439,0.8
35.99999999999999,0.32813414240305516,1.94444439,0.8571428571428572
35.99999999999999,0.32813414240305516,1.94444439,0.9142857142857143
35.99999999999999,0.32813414240305516,1.94444439,0.9714285714285714
35.99999999999999,0.32813414240305516,1.94444439,1.0285714285714285
35.99999999999999,0.32813414240305516,1.94444439,1.0857142857142856
35.99999999999999,0.32813414240305516,1.94444439,1.1428571428571428
35.99999999999999,0.32813414240305516,1.94444439,1.2
35.99999999999999,0.32813414240305516,2.1825396214285715,0.8
35.99999999999999,0.32813414240305516,2.1825396214285715,0.8571428571428572
35.99999999999999,0.32813414240305516,2.1825396214285715,0.9142857142857143
35.99999999999999,0.32813414240305516,2.1825396214285715,0.9714285714285714
35.99999999999999,0.32813414240305516,2.1825396214285715,1.0285714285714285
35.99999999999999,0.32813414240305516,2.1825396214285715,1.0857142857142856
35.99999999999999,0.32813414240305516,2.1825396214285715,1.1428571428571428
35.99999999999999,0.32813414240305516,2.1825396214285715,1.2
35.99999999999999,0.32813414240305516,2.420634852857143,0.8
35.99999999999999,0.32813414240305516,2.420634852857143,0.8571428571428572
35.99999999999999,0.32813414240305516,2.420634852857143,0.9142857142857143
35.99999999999999,0.32813414240305516,2.420634852857143,0.9714285714285714
35.99999999999999,0.32813414240305516,2.420634852857143,1.0285714285714285
35.99999999999999,0.32813414240305516,2.420634852857143,1.0857142857142856
35.99999999999999,0.32813414240305516,2.420634852857143,1.1428571428571428
35.99999999999999,0.32813414240305516,2.420634852857143,1.2
35.99999999999999,0.32813414240305516,2.6587300842857142,0.8
35.99999999999999,0.32813414240305516,2.6587300842857142,0.8571428571428572
35.99999999999999,0.32813414240305516,2.6587300842857142,0.9142857142857143
35.99999999999999,0.32813414240305516,2.6587300842857142,0.9714285714285714
35.99999999999999,0.32813414240305516,2.6587300842857142,1.0285714285714285
35.99999999999999,0.32813414240305516,2.6587300842857142,1.0857142857142856
35.99999999999999,0.32813414240305516,2.6587300842857142,1.1428571428571428
35.99999999999999,0.32813414240305516,2.6587300842857142,1.2
35.99999999999999,0.32813414240305516,2.896825315714286,0.8
35.99999999999999,0.32813414240305516,2.896825315714286,0.8571428571428572
35.99999999999999,0.32813414240305516,2.896825315714286,0.9142857142857143
35.99999999999999,0.32813414240305516,2.896825315714286,0.9714285714285714
35.99999999999999,0.32813414240305516,2.896825315714286,1.0285714285714285
35.99999999999999,0.32813414240305516,2.896825315714286,1.0857142857142856
35.99999999999999,0.32813414240305516,2.896825315714286,1.1428571428571428
35.99999999999999,0.32813414240305516,2.896825315714286,1.2
35.99999999999999,0.32813414240305516,3.1349205471428574,0.8
35.99999999999999,0.32813414240305516,3.1349205471428574,0.8571428571428572
35.99999999999999,0.32813414240305516,3.1349205471428574,0.9142857142857143
35.99999999999999,0.32813414240305516,3.1349205471428574,0.9714285714285714
35.99999999999999,0.32813414240305516,3.1349205471428574,1.0285714285714285
35.99999999999999,0.32813414240305516,3.1349205471428574,1.0857142857142856
35.99999999999999,0.32813414240305516,3.1349205471428574,1.1428571428571428
35.99999999999999,0.32813414240305516,3.1349205471428574,1.2
35.99999999999999,0.32813414240305516,3.373015778571429,0.8
35.99999999999999,0.32813414240305516,3.373015778571429,0.8571428571428572
35.99999999999999,0.32813414240305516,3.373015778571429,0.9142857142857143
35.99999999999999,0.32813414240305516,3.373015778571429,0.9714285714285714
35.99999999999999,0.32813414240305516,3.373015778571429,1.0285714285714285
35.99999999999999,0.32813414240305516,3.373015778571429,1.0857142857142856
35.99999999999999,0.32813414240305516,3.373015778571429,1.1428571428571428
35.99999999999999,0.32813414240305516,3.373015778571429,1.2
35.99999999999999,0.32813414240305516,3.61111101,0.8
35.99999999999999,0.32813414240305516,3.61111101,0.8571428571428572
35.99999999999999,0.32813414240305516,3.61111101,0.9142857142857143
35.99999999999999,0.32813414240305516,3.61111101,0.9714285714285714
35.99999999999999,0.32813414240305516,3.61111101,1.0285714285714285
35.99999999999999,0.32813414240305516,3.61111101,1.0857142857142856
35.99999999999999,0.32813414240305516,3.61111101,1.1428571428571428
35.99999999999999,0.32813414240305516,3.61111101,1.2
35.99999999999999,0.4,1.94444439,0.8
35.99999999999999,0.4,1.94444439,0.8571428571428572
35.99999999999999,0.4,1.94444439,0.9142857142857143
35.99999999999999,0.4,1.94444439,0.9714285714285714
35.99999999999999,0.4,1.94444439,1.0285714285714285
35.99999999999999,0.4,1.94444439,1.0857142857142856
35.99999999999999,0.4,1.94444439,1.1428571428571428
35.99999999999999,0.4,1.94444439,1.2
35.99999999999999,0.4,2.1825396214285715,0.8
35.99999999999999,0.4,2.1825396214285715,0.8571428571428572
35.99999999999999,0.4,2.1825396214285715,0.9142857142857143
35.99999999999999,0.4,2.1825396214285715,0.9714285714285714
35.99999999999999,0.4,2.1825396214285715,1.0285714285714285
35.99999999999999,0.4,2.1825396214285715,1.0857142857142856
35.99999999999999,0.4,2.1825396214285715,1.1428571428571428
35.99999999999999,0.4,2.1825396214285715,1.2
35.99999999999999,0.4,2.420634852857143,0.8
35.99999999999999,0.4,2.420634852857143,0.8571428571428572
35.99999999999999,0.4,2.420634852857143,0.9142857142857143
35.99999999999999,0.4,2.420634852857143,0.9714285714285714
35.99999999999999,0.4,2.420634852857143,1.0285714285714285
35.99999999999999,0.4,2.420634852857143,1.0857142857142856
35.99999999999999,0.4,2.420634852857143,1.1428571428571428
35.99999999999999,0.4,2.420634852857143,1.2
35.99999999999999,0.4,2.6587300842857142,0.8
35.99999999999999,0.4,2.6587300842857142,0.8571428571428572
35.99999999999999,0.4,2.6587300842857142,0.9142857142857143
35.99999999999999,0.4,2.6587300842857142,0.9714285714285714
35.99999999999999,0.4,2.6587300842857142,1.0285714285714285
35.99999999999999,0.4,2.6587300842857142,1.0857142857142856
35.99999999999999,0.4,2.6587300842857142,1.1428571428571428
35.99999999999999,0.4,2.6587300842857142,1.2
35.99999999999999,0.4,2.896825315714286,0.8
35.99999999999999,0.4,2.896825315714286,0.8571428571428572
35.99999999999999,0.4,2.896825315714286,0.9142857142857143
35.99999999999999,0.4,2.896825315714286,0.9714285714285714
35.99999999999999,0.4,2.896825315714286,1.0285714285714285
35.99999999999999,0.4,2.896825315714286,1.0857142857142856
35.99999999999999,0.4,2.896825315714286,1.1428571428571428
35.99999999999999,0.4,2.896825315714286,1.2
35.99999999999999,0.4,3.1349205471428574,0.8
35.99999999999999,0.4,3.1349205471428574,0.8571428571428572
35.99999999999999,0.4,3.1349205471428574,0.9142857142857143
35.99999999999999,0.4,3.1349205471428574,0.9714285714285714
35.99999999999999,0.4,3.1349205471428574,1.0285714285714285
35.99999999999999,0.4,3.1349205471428574,1.0857142857142856
35.99999999999999,0.4,3.1349205471428574,1.1428571428571428
35.99999999999999,0.4,3.1349205471428574,1.2
35.99999999999999,0.4,3.373015778571429,0.8
35.99999999999999,0.4,3.373015778571429,0.8571428571428572
35.99999999999999,0.4,3.373015778571429,0.9142857142857143
35.99999999999999,0.4,3.373015778571429,0.9714285714285714
35.99999999999999,0.4,3.373015778571429,1.0285714285714285
35.99999999999999,0.4,3.373015778571429,1.0857142857142856
35.99999999999999,0.4,3.373015778571429,1.1428571428571428
35.99999999999999,0.4,3.373015778571429,1.2
35.99999999999999,0.4,3.61111101,0.8
35.99999999999999,0.4,3.61111101,0.8571428571428572
35.99999999999999,0.4,3.61111101,0.9142857142857143
35.99999999999999,0.4,3.61111101,0.9714285714285714
35.99999999999999,0.4,3.61111101,1.0285714285714285
35.99999999999999,0.4,3.61111101,1.0857142857142856
35.99999999999999,0.4,3.61111101,1.1428571428571428
35.99999999999999,0.4,3.61111101,1.2
24.0,0.1,1.94444439,0.8571428571428572
24.0,0.1,1.94444439,0.9142857142857143
24.0,0.1,1.94444439,0.9714285714285714
24.0,0.1,1.94444439,1.0285714285714285
24.0,0.1,1.94444439,1.0857142857142856
24.0,0.1,1.94444439,1.1428571428571428
24.0,0.1,1.94444439,1.2
24.0,0.1,2.1825396214285715,0.8
24.0,0.1,2.1825396214285715,0.8571428571428572
24.0,0.1,2.1825396214285715,0.9142857142857143
24.0,0.1,2.1825396214285715,0.9714285714285714
24.0,0.1,2.1825396214285715,1.0285714285714285
24.0,0.1,2.1825396214285715,1.0857142857142856
24.0,0.1,2.1825396214285715,1.1428571428571428
24.0,0.1,2.1825396214285715,1.2
24.0,0.1,2.420634852857143,0.8
24.0,0.1,2.420634852857143,0.8571428571428572
24.0,0.1,2.420634852857143,0.9142857142857143
24.0,0.1,2.420634852857143,0.9714285714285714
24.0,0.1,2.420634852857143,1.0285714285714285
24.0,0.1,2.420634852857143,1.0857142857142856
24.0,0.1,2.420634852857143,1.1428571428571428
24.0,0.1,2.420634852857143,1.2
24.0,0.1,2.6587300842857142,0.8
24.0,0.1,2.6587300842857142,0.8571428571428572
24.0,0.1,2.6587300842857142,0.9142857142857143
24.0,0.1,2.6587300842857142,0.9714285714285714
24.0,0.1,2.6587300842857142,1.0285714285714285
24.0,0.1,2.6587300842857142,1.0857142857142856
24.0,0.1,2.6587300842857142,1.1428571428571428
24.0,0.1,2.6587300842857142,1.2
24.0,0.1,2.896825315714286,0.8
24.0,0.1,2.896825315714286,0.8571428571428572
24.0,0.1,2.896825315714286,0.9142857142857143
24.0,0.1,2.896825315714286,0.9714285714285714
24.0,0.1,2.896825315714286,1.0285714285714285
24.0,0.1,2.896825315714286,1.0857142857142856
24.0,0.1,2.896825315714286,1.1428571428571428
24.0,0.1,2.896825315714286,1.2
24.0,0.1,3.1349205471428574,0.8
24.0,0.1,3.1349205471428574,0.8571428571428572
24.0,0.1,3.1349205471428574,0.9142857142857143
24.0,0.1,3.1349205471428574,0.9714285714285714
24.0,0.1,3.1349205471428574,1.0285714285714285
24.0,0.1,3.1349205471428574,1.0857142857142856
24.0,0.1,3.1349205471428574,1.1428571428571428
24.0,0.1,3.1349205471428574,1.2
24.0,0.1,3.373015778571429,0.8
24.0,0.1,3.373015778571429,0.8571428571428572
24.0,0.1,3.373015778571429,0.9142857142857143
24.0,0.1,3.373015778571429,0.9714285714285714
24.0,0.1,3.373015778571429,1.0285714285714285
24.0,0.1,3.373015778571429,1.0857142857142856
24.0,0.1,3.373015778571429,1.1428571428571428
24.0,0.1,3.373015778571429,1.2
24.0,0.1,3.61111101,0.8
24.0,0.1,3.61111101,0.8571428571428572
24.0,0.1,3.61111101,0.9142857142857143
24.0,0.1,3.61111101,0.9714285714285714
24.0,0.1,3.61111101,1.0285714285714285
24.0,0.1,3.61111101,1.0857142857142856
24.0,0.1,3.61111101,1.1428571428571428
24.0,0.1,3.61111101,1.2
24.0,0.12190136542044755,1.94444439,0.8
24.0,0.12190136542044755,1.94444439,0.8571428571428572
24.0,0.12190136542044755,1.94444439,0.9142857142857143
24.0,0.12190136542044755,1.94444439,0.9714285714285714
24.0,0.12190136542044755,1.94444439,1.0285714285714285
24.0,0.12190136542044755,1.94444439,1.0857142857142856
24.0,0.12190136542044755,1.94444439,1.1428571428571428
24.0,0.12190136542044755,1.94444439,1.2
24.0,0.12190136542044755,2.1825396214285715,0.8
24.0,0.12190136542044755,2.1825396214285715,0.8571428571428572
24.0,0.12190136542044755,2.1825396214285715,0.9142857142857143
24.0,0.12190136542044755,2.1825396214285715,0.9714285714285714
24.0,0.12190136542044755,2.1825396214285715,1.0285714285714285
24.0,0.12190136542044755,2.1825396214285715,1.0857142857142856
24.0,0.12190136542044755,2.1825396214285715,1.1428571428571428
24.0,0.12190136542044755,2.1825396214285715,1.2
24.0,0.12190136542044755,2.420634852857143,0.8
24.0,0.12190136542044755,2.420634852857143,0.8571428571428572
24.0,0.12190136542044755,2.420634852857143,0.9142857142857143
24.0,0.12190136542044755,2.420634852857143,0.9714285714285714
24.0,0.12190136542044755,2.420634852857143,1.0285714285714285
24.0,0.12190136542044755,2.420634852857143,1.0857142857142856
24.0,0.12190136542044755,2.420634852857143,1.1428571428571428
24.0,0.12190136542044755,2.420634852857143,1.2
24.0,0.12190136542044755,2.6587300842857142,0.8
24.0,0.12190136542044755,2.6587300842857142,0.8571428571428572
24.0,0.12190136542044755,2.6587300842857142,0.9142857142857143
24.0,0.12190136542044755,2.6587300842857142,0.9714285714285714
24.0,0.12190136542044755,2.6587300842857142,1.0285714285714285
24.0,0.12190136542044755,2.6587300842857142,1.0857142857142856
24.0,0.12190136542044755,2.6587300842857142,1.1428571428571428
24.0,0.12190136542044755,2.6587300842857142,1.2
24.0,0.12190136542044755,2.896825315714286,0.8
24.0,0.12190136542044755,2.896825315714286,0.8571428571428572
24.0,0.12190136542044755,2.896825315714286,0.9142857142857143
24.0,0.12190136542044755,2.896825315714286,0.9714285714285714
24.0,0.12190136542044755,2.896825315714286,1.0285714285714285
24.0,0.12190136542044755,2.896825315714286,1.0857142857142856
24.0,0.12190136542044755,2.896825315714286,1.1428571428571428
24.0,0.12190136542044755,2.896825315714286,1.2
24.0,0.12190136542044755,3.1349205471428574,0.8
24.0,0.12190136542044755,3.1349205471428574,0.8571428571428572
24.0,0.12190136542044755,3.1349205471428574,0.9142857142857143
24.0,0.12190136542044755,3.1349205471428574,0.9714285714285714
24.0,0.12190136542044755,3.1349205471428574,1.0285714285714285
24.0,0.12190136542044755,3.1349205471428574,1.0857142857142856
24.0,0.12190136542044755,3.1349205471428574,1.1428571428571428
24.0,0.12190136542044755,3.1349205471428574,1.2
24.0,0.12190136542044755,3.373015778571429,0.8
24.0,0.12190136542044755,3.373015778571429,0.8571428571428572
24.0,0.12190136542044755,3.373015778571429,0.9142857142857143
24.0,0.12190136542044755,3.373015778571429,0.9714285714285714
24.0,0.12190136542044755,3.373015778571429,1.0285714285714285
24.0,0.12190136542044755,3.373015778571429,1.0857142857142856
24.0,0.12190136542044755,3.373015778571429,1.1428571428571428
24.0,0.12190136542044755,3.373015778571429,1.2
24.0,0.12190136542044755,3.61111101,0.8
24.0,0.12190136542044755,3.61111101,0.8571428571428572
24.0,0.12190136542044755,3.61111101,0.9142857142857143
24.0,0.12190136542044755,3.61111101,0.9714285714285714
24.0,0.12190136542044755,3.61111101,1.0285714285714285
24.0,0.12190136542044755,3.61111101,1.0857142857142856
24.0,0.12190136542044755,3.61111101,1.1428571428571428
24.0,0.12190136542044755,3.61111101,1.2
24.0,0.14859942891369485,1.94444439,0.8
24.0,0.14859942891369485,1.94444439,0.8571428571428572
24.0,0.14859942891369485,1.94444439,0.9142857142857143
24.0,0.14859942891369485,1.94444439,0.9714285714285714
24.0,0.14859942891369485,1.94444439,1.0285714285714285
24.0,0.14859942891369485,1.94444439,1.0857142857142856
24.0,0.14859942891369485,1.94444439,1.1428571428571428
24.0,0.14859942891369485,1.94444439,1.2
24.0,0.14859942891369485,2.1825396214285715,0.8
24.0,0.14859942891369485,2.1825396214285715,0.8571428571428572
24.0,0.14859942891369485,2.1825396214285715,0.9142857142857143
24.0,0.14859942891369485,2.1825396214285715,0.9714285714285714
24.0,0.14859942891369485,2.1825396214285715,1.0285714285714285
24.0,0.14859942891369485,2.1825396214285715,1.0857142857142856
24.0,0.14859942891369485,2.1825396214285715,1.1428571428571428
24.0,0.14859942891369485,2.1825396214285715,1.2
24.0,0.14859942891369485,2.420634852857143,0.8
24.0,0.14859942891369485,2.420634852857143,0.8571428571428572
24.0,0.14859942891369485,2.420634852857143,0.9142857142857143
24.0,0.14859942891369485,2.420634852857143,0.9714285714285714
24.0,0.14859942891369485,2.420634852857143,1.0285714285714285
24.0,0.14859942891369485,2.420634852857143,1.0857142857142856
24.0,0.14859942891369485,2.420634852857143,1.1428571428571428
24.0,0.14859942891369485,2.420634852857143,1.2
24.0,0.14859942891369485,2.6587300842857142,0.8
24.0,0.14859942891369485,2.6587300842857142,0.8571428571428572
24.0,0.14859942891369485,2.6587300842857142,0.9142857142857143
24.0,0.14859942891369485,2.6587300842857142,0.9714285714285714
24.0,0.14859942891369485,2.6587300842857142,1.0285714285714285
24.0,0.14859942891369485,2.6587300842857142,1.0857142857142856
24.0,0.14859942891369485,2.6587300842857142,1.1428571428571428
24.0,0.14859942891369485,2.6587300842857142,1.2
24.0,0.14859942891369485,2.896825315714286,0.8
24.0,0.14859942891369485,2.896825315714286,0.8571428571428572
24.0,0.14859942891369485,2.896825315714286,0.9142857142857143
24.0,0.14859942891369485,2.896825315714286,0.9714285714285714
24.0,0.14859942891369485,2.896825315714286,1.0285714285714285
24.0,0.14859942891369485,2.896825315714286,1.0857142857142856
24.0,0.14859942891369485,2.896825315714286,1.1428571428571428
24.0,0.14859942891369485,2.896825315714286,1.2
24.0,0.14859942891369485,3.1349205471428574,0.8
24.0,0.14859942891369485,3.1349205471428574,0.8571428571428572
24.0,0.14859942891369485,3.1349205471428574,0.9142857142857143
24.0,0.14859942891369485,3.1349205471428574,0.9714285714285714
24.0,0.14859942891369485,3.1349205471428574,1.0285714285714285
24.0,0.14859942891369485,3.1349205471428574,1.0857142857142856
24.0,0.14859942891369485,3.1349205471428574,1.1428571428571428
24.0,0.14859942891369485,3.1349205471428574,1.2
24.0,0.14859942891369485,3.373015778571429,0.8
24.0,0.14859942891369485,3.373015778571429,0.8571428571428572
24.0,0.14859942891369485,3.373015778571429,0.9142857142857143
24.0,0.14859942891369485,3.373015778571429,0.9714285714285714
24.0,0.14859942891369485,3.373015778571429,1.0285714285714285
24.0,0.14859942891369485,3.373015778571429,1.0857142857142856
24.0,0.14859942891369485,3.373015778571429,1.1428571428571428
24.0,0.14859942891369485,3.373015778571429,1.2
24.0,0.14859942891369485,3.61111101,0.8
24.0,0.14859942891369485,3.61111101,0.8571428571428572
24.0,0.14859942891369485,3.61111101,0.9142857142857143
24.0,0.14859942891369485,3.61111101,0.9714285714285714
24.0,0.14859942891369485,3.61111101,1.0285714285714285
24.0,0.14859942891369485,3.61111101,1.0857142857142856
24.0,0.14859942891369485,3.61111101,1.1428571428571428
24.0,0.14859942891369485,3.61111101,1.2
24.0,0.18114473285278132,1.94444439,0.8
24.0,0.18114473285278132,1.94444439,0.8571428571428572
24.0,0.18114473285278132,1.94444439,0.9142857142857143
24.0,0.18114473285278132,1.94444439,0.9714285714285714
24.0,0.18114473285278132,1.94444439,1.0285714285714285
24.0,0.18114473285278132,1.94444439,1.0857142857142856
24.0,0.18114473285278132,1.94444439,1.1428571428571428
24.0,0.18114473285278132,1.94444439,1.2
24.0,0.18114473285278132,2.1825396214285715,0.8
24.0,0.18114473285278132,2.1825396214285715,0.8571428571428572
24.0,0.18114473285278132,2.1825396214285715,0.9142857142857143
24.0,0.18114473285278132,2.1825396214285715,0.9714285714285714
24.0,0.18114473285278132,2.1825396214285715,1.0285714285714285
24.0,0.18114473285278132,2.1825396214285715,1.0857142857142856
24.0,0.18114473285278132,2.1825396214285715,1.1428571428571428
24.0,0.18114473285278132,2.1825396214285715,1.2
24.0,0.18114473285278132,2.420634852857143,0.8
24.0,0.18114473285278132,2.420634852857143,0.8571428571428572
24.0,0.18114473285278132,2.420634852857143,0.9142857142857143
24.0,0.18114473285278132,2.420634852857143,0.9714285714285714
24.0,0.18114473285278132,2.420634852857143,1.0285714285714285
24.0,0.18114473285278132,2.420634852857143,1.0857142857142856
24.0,0.18114473285278132,2.420634852857143,1.1428571428571428
24.0,0.18114473285278132,2.420634852857143,1.2
24.0,0.18114473285278132,2.6587300842857142,0.8
24.0,0.18114473285278132,2.6587300842857142,0.8571428571428572
24.0,0.18114473285278132,2.6587300842857142,0.9142857142857143
24.0,0.18114473285278132,2.6587300842857142,0.9714285714285714
24.0,0.18114473285278132,2.6587300842857142,1.0285714285714285
24.0,0.18114473285278132,2.6587300842857142,1.0857142857142856
24.0,0.18114473285278132,2.6587300842857142,1.1428571428571428
24.0,0.18114473285278132,2.6587300842857142,1.2
24.0,0.18114473285278132,2.896825315714286,0.8
24.0,0.18114473285278132,2.896825315714286,0.8571428571428572
24.0,0.18114473285278132,2.896825315714286,0.9142857142857143
24.0,0.18114473285278132,2.896825315714286,0.9714285714285714
24.0,0.18114473285278132,2.896825315714286,1.0285714285714285
24.0,0.18114473285278132,2.896825315714286,1.0857142857142856
24.0,0.18114473285278132,2.896825315714286,1.1428571428571428
24.0,0.18114473285278132,2.896825315714286,1.2
24.0,0.18114473285278132,3.1349205471428574,0.8
24.0,0.18114473285278132,3.1349205471428574,0.8571428571428572
24.0,0.18114473285278132,3.1349205471428574,0.9142857142857143
24.0,0.18114473285278132,3.1349205471428574,0.9714285714285714
24.0,0.18114473285278132,3.1349205471428574,1.0285714285714285
24.0,0.18114473285278132,3.1349205471428574,1.0857142857142856
24.0,0.18114473285278132,3.1349205471428574,1.1428571428571428
24.0,0.18114473285278132,3.1349205471428574,1.2
24.0,0.18114473285278132,3.373015778571429,0.8
24.0,0.18114473285278132,3.373015778571429,0.8571428571428572
24.0,0.18114473285278132,3.373015778571429,0.9142857142857143
24.0,0.18114473285278132,3.373015778571429,0.9714285714285714
24.0,0.18114473285278132,3.373015778571429,1.0285714285714285
24.0,0.18114473285278132,3.373015778571429,1.0857142857142856
24.0,0.18114473285278132,3.373015778571429,1.1428571428571428
24.0,0.18114473285278132,3.373015778571429,1.2
24.0,0.18114473285278132,3.61111101,0.8
24.0,0.18114473285278132,3.61111101,0.8571428571428572
24.0,0.18114473285278132,3.61111101,0.9142857142857143
24.0,0.18114473285278132,3.61111101,0.9714285714285714
24.0,0.18114473285278132,3.61111101,1.0285714285714285
24.0,0.18114473285278132,3.61111101,1.0857142857142856
24.0,0.18114473285278132,3.61111101,1.1428571428571428
24.0,0.18114473285278132,3.61111101,1.2
24.0,0.22081790273476246,1.94444439,0.8
24.0,0.22081790273476246,1.94444439,0.8571428571428572
24.0,0.22081790273476246,1.94444439,0.9142857142857143
24.0,0.22081790273476246,1.94444439,0.9714285714285714
24.0,0.22081790273476246,1.94444439,1.0285714285714285
24.0,0.22081790273476246,1.94444439,1.0857142857142856
24.0,0.22081790273476246,1.94444439,1.1428571428571428
24.0,0.22081790273476246,1.94444439,1.2
24.0,0.22081790273476246,2.1825396214285715,0.8
24.0,0.22081790273476246,2.1825396214285715,0.8571428571428572
24.0,0.22081790273476246,2.1825396214285715,0.9142857142857143
24.0,0.22081790273476246,2.1825396214285715,0.9714285714285714
24.0,0.22081790273476246,2.1825396214285715,1.0285714285714285
24.0,0.22081790273476246,2.1825396214285715,1.0857142857142856
24.0,0.22081790273476246,2.1825396214285715,1.1428571428571428
24.0,0.22081790273476246,2.1825396214285715,1.2
24.0,0.22081790273476246,2.420634852857143,0.8
24.0,0.22081790273476246,2.420634852857143,0.8571428571428572
24.0,0.22081790273476246,2.420634852857143,0.9142857142857143
24.0,0.22081790273476246,2.420634852857143,0.9714285714285714
24.0,0.22081790273476246,2.420634852857143,1.0285714285714285
24.0,0.22081790273476246,2.420634852857143,1.0857142857142856
24.0,0.22081790273476246,2.420634852857143,1.1428571428571428
24.0,0.22081790273476246,2.420634852857143,1.2
24.0,0.22081790273476246,2.6587300842857142,0.8
24.0,0.22081790273476246,2.6587300842857142,0.8571428571428572
24.0,0.22081790273476246,2.6587300842857142,0.9142857142857143
24.0,0.22081790273476246,2.6587300842857142,0.9714285714285714
24.0,0.22081790273476246,2.6587300842857142,1.0285714285714285
24.0,0.22081790273476246,2.6587300842857142,1.0857142857142856
24.0,0.22081790273476246,2.6587300842857142,1.1428571428571428
24.0,0.22081790273476246,2.6587300842857142,1.2
24.0,0.22081790273476246,2.896825315714286,0.8
24.0,0.22081790273476246,2.896825315714286,0.8571428571428572
24.0,0.22081790273476246,2.896825315714286,0.9142857142857143
24.0,0.22081790273476246,2.896825315714286,0.9714285714285714
24.0,0.22081790273476246,2.896825315714286,1.0285714285714285
24.0,0.22081790273476246,2.896825315714286,1.0857142857142856
24.0,0.22081790273476246,2.896825315714286,1.1428571428571428
24.0,0.22081790273476246,2.896825315714286,1.2
24.0,0.22081790273476246,3.1349205471428574,0.8
24.0,0.22081790273476246,3.1349205471428574,0.8571428571428572
24.0,0.22081790273476246,3.1349205471428574,0.9142857142857143
24.0,0.22081790273476246,3.1349205471428574,0.9714285714285714
24.0,0.22081790273476246,3.1349205471428574,1.0285714285714285
24.0,0.22081790273476246,3.1349205471428574,1.0857142857142856
24.0,0.22081790273476246,3.1349205471428574,1.1428571428571428
24.0,0.22081790273476246,3.1349205471428574,1.2
24.0,0.22081790273476246,3.373015778571429,0.8
24.0,0.22081790273476246,3.373015778571429,0.8571428571428572
24.0,0.22081790273476246,3.373015778571429,0.9142857142857143
24.0,0.22081790273476246,3.373015778571429,0.9714285714285714
24.0,0.22081790273476246,3.373015778571429,1.0285714285714285
24.0,0.22081790273476246,3.373015778571429,1.0857142857142856
24.0,0.22081790273476246,3.373015778571429,1.1428571428571428
24.0,0.22081790273476246,3.373015778571429,1.2
24.0,0.22081790273476246,3.61111101,0.8
24.0,0.22081790273476246,3.61111101,0.8571428571428572
24.0,0.22081790273476246,3.61111101,0.9142857142857143
24.0,0.22081790273476246,3.61111101,0.9714285714285714
24.0,0.22081790273476246,3.61111101,1.0285714285714285
24.0,0.22081790273476246,3.61111101,1.0857142857142856
24.0,0.22081790273476246,3.61111101,1.1428571428571428
24.0,0.22081790273476246,3.61111101,1.2
24.0,0.26918003852647127,1.94444439,0.8
24.0,0.26918003852647127,1.94444439,0.8571428571428572
24.0,0.26918003852647127,1.94444439,0.9142857142857143
24.0,0.26918003852647127,1.94444439,0.9714285714285714
24.0,0.26918003852647127,1.94444439,1.0285714285714285
24.0,0.26918003852647127,1.94444439,1.0857142857142856
24.0,0.26918003852647127,1.94444439,1.1428571428571428
24.0,0.26918003852647127,1.94444439,1.2
24.0,0.26918003852647127,2.1825396214285715,0.8
24.0,0.26918003852647127,2.1825396214285715,0.8571428571428572
24.0,0.26918003852647127,2.1825396214285715,0.9142857142857143
24.0,0.26918003852647127,2.1825396214285715,0.9714285714285714
24.0,0.26918003852647127,2.1825396214285715,1.0285714285714285
24.0,0.26918003852647127,2.1825396214285715,1.0857142857142856
24.0,0.26918003852647127,2.1825396214285715,1.1428571428571428
24.0,0.26918003852647127,2.1825396214285715,1.2
24.0,0.26918003852647127,2.420634852857143,0.8
24.0,0.26918003852647127,2.420634852857143,0.8571428571428572
24.0,0.26918003852647127,2.420634852857143,0.9142857142857143
24.0,0.26918003852647127,2.420634852857143,0.9714285714285714
24.0,0.26918003852647127,2.420634852857143,1.0285714285714285
24.0,0.26918003852647127,2.420634852857143,1.0857142857142856
24.0,0.26918003852647127,2.420634852857143,1.1428571428571428
24.0,0.26918003852647127,2.420634852857143,1.2
24.0,0.26918003852647127,2.6587300842857142,0.8
24.0,0.26918003852647127,2.6587300842857142,0.8571428571428572
24.0,0.26918003852647127,2.6587300842857142,0.9142857142857143
24.0,0.26918003852647127,2.6587300842857142,0.9714285714285714
24.0,0.26918003852647127,2.6587300842857142,1.0285714285714285
24.0,0.26918003852647127,2.6587300842857142,1.0857142857142856
24.0,0.26918003852647127,2.6587300842857142,1.1428571428571428
24.0,0.26918003852647127,2.6587300842857142,1.2
24.0,0.26918003852647127,2.896825315714286,0.8
24.0,0.26918003852647127,2.896825315714286,0.8571428571428572
24.0,0.26918003852647127,2.896825315714286,0.9142857142857143
24.0,0.26918003852647127,2.896825315714286,0.9714285714285714
24.0,0.26918003852647127,2.896825315714286,1.0285714285714285
24.0,0.26918003852647127,2.896825315714286,1.0857142857142856
24.0,0.26918003852647127,2.896825315714286,1.1428571428571428
24.0,0.26918003852647127,2.896825315714286,1.2
24.0,0.26918003852647127,3.1349205471428574,0.8
24.0,0.26918003852647127,3.1349205471428574,0.8571428571428572
24.0,0.26918003852647127,3.1349205471428574,0.9142857142857143
24.0,0.26918003852647127,3.1349205471428574,0.9714285714285714
24.0,0.26918003852647127,3.1349205471428574,1.0285714285714285
24.0,0.26918003852647127,3.1349205471428574,1.0857142857142856
24.0,0.26918003852647127,3.1349205471428574,1.1428571428571428
24.0,0.26918003852647127,3.1349205471428574,1.2
24.0,0.26918003852647127,3.373015778571429,0.8
24.0,0.26918003852647127,3.373015778571429,0.8571428571428572
24.0,0.26918003852647127,3.373015778571429,0.9142857142857143
24.0,0.26918003852647127,3.373015778571429,0.9714285714285714
24.0,0.26918003852647127,3.373015778571429,1.0285714285714285
24.0,0.26918003852647127,3.373015778571429,1.0857142857142856
24.0,0.26918003852647127,3.373015778571429,1.1428571428571428
24.0,0.26918003852647127,3.373015778571429,1.2
24.0,0.26918003852647127,3.61111101,0.8
24.0,0.26918003852647127,3.61111101,0.8571428571428572
24.0,0.26918003852647127,3.61111101,0.9142857142857143
24.0,0.26918003852647127,3.61111101,0.9714285714285714
24.0,0.26918003852647127,3.61111101,1.0285714285714285
24.0,0.26918003852647127,3.61111101,1.0857142857142856
24.0,0.26918003852647127,3.61111101,1.1428571428571428
24.0,0.26918003852647127,3.61111101,1.2
24.0,0.32813414240305516,1.94444439,0.8
24.0,0.32813414240305516,1.94444439,0.8571428571428572
24.0,0.32813414240305516,1.94444439,0.9142857142857143
24.0,0.32813414240305516,1.94444439,0.9714285714285714
24.0,0.32813414240305516,1.94444439,1.0285714285714285
24.0,0.32813414240305516,1.94444439,1.0857142857142856
24.0,0.32813414240305516,1.94444439,1.1428571428571428
24.0,0.32813414240305516,1.94444439,1.2
24.0,0.32813414240305516,2.1825396214285715,0.8
24.0,0.32813414240305516,2.1825396214285715,0.8571428571428572
24.0,0.32813414240305516,2.1825396214285715,0.9142857142857143
24.0,0.32813414240305516,2.1825396214285715,0.9714285714285714
24.0,0.32813414240305516,2.1825396214285715,1.0285714285714285
24.0,0.32813414240305516,2.1825396214285715,1.0857142857142856
24.0,0.32813414240305516,2.1825396214285715,1.1428571428571428
24.0,0.32813414240305516,2.1825396214285715,1.2
24.0,0.32813414240305516,2.420634852857143,0.8
24.0,0.32813414240305516,2.420634852857143,0.8571428571428572
24.0,0.32813414240305516,2.420634852857143,0.9142857142857143
24.0,0.32813414240305516,2.420634852857143,0.9714285714285714
24.0,0.32813414240305516,2.420634852857143,1.0285714285714285
24.0,0.32813414240305516,2.420634852857143,1.0857142857142856
24.0,0.32813414240305516,2.420634852857143,1.1428571428571428
24.0,0.32813414240305516,2.420634852857143,1.2
24.0,0.32813414240305516,2.6587300842857142,0.8
24.0,0.32813414240305516,2.6587300842857142,0.8571428571428572
24.0,0.32813414240305516,2.6587300842857142,0.9142857142857143
24.0,0.32813414240305516,2.6587300842857142,0.9714285714285714
24.0,0.32813414240305516,2.6587300842857142,1.0285714285714285
24.0,0.32813414240305516,2.6587300842857142,1.0857142857142856
24.0,0.32813414240305516,2.6587300842857142,1.1428571428571428
24.0,0.32813414240305516,2.6587300842857142,1.2
24.0,0.32813414240305516,2.896825315714286,0.8
24.0,0.32813414240305516,2.896825315714286,0.8571428571428572
24.0,0.32813414240305516,2.896825315714286,0.9142857142857143
24.0,0.32813414240305516,2.896825315714286,0.9714285714285714
24.0,0.32813414240305516,2.896825315714286,1.0285714285714285
24.0,0.32813414240305516,2.896825315714286,1.0857142857142856
24.0,0.32813414240305516,2.896825315714286,1.1428571428571428
24.0,0.32813414240305516,2.896825315714286,1.2
24.0,0.32813414240305516,3.1349205471428574,0.8
24.0,0.32813414240305516,3.1349205471428574,0.8571428571428572
24.0,0.32813414240305516,3.1349205471428574,0.9142857142857143
24.0,0.32813414240305516,3.1349205471428574,0.9714285714285714
24.0,0.32813414240305516,3.1349205471428574,1.0285714285714285
24.0,0.32813414240305516,3.1349205471428574,1.0857142857142856
24.0,0.32813414240305516,3.1349205471428574,1.1428571428571428
24.0,0.32813414240305516,3.1349205471428574,1.2
24.0,0.32813414240305516,3.373015778571429,0.8
24.0,0.32813414240305516,3.373015778571429,0.8571428571428572
24.0,0.32813414240305516,3.373015778571429,0.9142857142857143
24.0,0.32813414240305516,3.373015778571429,0.9714285714285714
24.0,0.32813414240305516,3.373015778571429,1.0285714285714285
24.0,0.32813414240305516,3.373015778571429,1.0857142857142856
24.0,0.32813414240305516,3.373015778571429,1.1428571428571428
24.0,0.32813414240305516,3.373015778571429,1.2
24.0,0.32813414240305516,3.61111101,0.8
24.0,0.32813414240305516,3.61111101,0.8571428571428572
24.0,0.32813414240305516,3.61111101,0.9142857142857143
24.0,0.32813414240305516,3.61111101,0.9714285714285714
24.0,0.32813414240305516,3.61111101,1.0285714285714285
24.0,0.32813414240305516,3.61111101,1.0857142857142856
24.0,0.32813414240305516,3.61111101,1.1428571428571428
24.0,0.32813414240305516,3.61111101,1.2
24.0,0.4,1.94444439,0.8
24.0,0.4,1.94444439,0.8571428571428572
24.0,0.4,1.94444439,0.9142857142857143
24.0,0.4,1.94444439,0.9714285714285714
24.0,0.4,1.94444439,1.0285714285714285
24.0,0.4,1.94444439,1.0857142857142856
24.0,0.4,1.94444439,1.1428571428571428
24.0,0.4,1.94444439,1.2
24.0,0.4,2.1825396214285715,0.8
24.0,0.4,2.1825396214285715,0.8571428571428572
24.0,0.4,2.1825396214285715,0.9142857142857143
24.0,0.4,2.1825396214285715,0.9714285714285714
24.0,0.4,2.1825396214285715,1.0285714285714285
24.0,0.4,2.1825396214285715,1.0857142857142856
24.0,0.4,2.1825396214285715,1.1428571428571428
24.0,0.4,2.1825396214285715,1.2
24.0,0.4,2.420634852857143,0.8
24.0,0.4,2.420634852857143,0.8571428571428572
24.0,0.4,2.420634852857143,0.9142857142857143
24.0,0.4,2.420634852857143,0.9714285714285714
24.0,0.4,2.420634852857143,1.0285714285714285
24.0,0.4,2.420634852857143,1.0857142857142856
24.0,0.4,2.420634852857143,1.1428571428571428
24.0,0.4,2.420634852857143,1.2
24.0,0.4,2.6587300842857142,0.8
24.0,0.4,2.6587300842857142,0.8571428571428572
24.0,0.4,2.6587300842857142,0.9142857142857143
24.0,0.4,2.6587300842857142,0.9714285714285714
24.0,0.4,2.6587300842857142,1.0285714285714285
24.0,0.4,2.6587300842857142,1.0857142857142856
24.0,0.4,2.6587300842857142,1.1428571428571428
24.0,0.4,2.6587300842857142,1.2
24.0,0.4,2.896825315714286,0.8
24.0,0.4,2.896825315714286,0.8571428571428572
24.0,0.4,2.896825315714286,0.9142857142857143
24.0,0.4,2.896825315714286,0.9714285714285714
24.0,0.4,2.896825315714286,1.0285714285714285
24.0,0.4,2.896825315714286,1.0857142857142856
24.0,0.4,2.896825315714286,1.1428571428571428
24.0,0.4,2.896825315714286,1.2
24.0,0.4,3.1349205471428574,0.8
24.0,0.4,3.1349205471428574,0.8571428571428572
24.0,0.4,3.1349205471428574,0.9142857142857143
24.0,0.4,3.1349205471428574,0.9714285714285714
24.0,0.4,3.1349205471428574,1.0285714285714285
24.0,0.4,3.1349205471428574,1.0857142857142856
24.0,0.4,3.1349205471428574,1.1428571428571428
24.0,0.4,3.1349205471428574,1.2
24.0,0.4,3.373015778571429,0.8
24.0,0.4,3.373015778571429,0.8571428571428572
24.0,0.4,3.373015778571429,0.9142857142857143
24.0,0.4,3.373015778571429,0.9714285714285714
24.0,0.4,3.373015778571429,1.0285714285714285
24.0,0.4,3.373015778571429,1.0857142857142856
24.0,0.4,3.373015778571429,1.1428571428571428
24.0,0.4,3.373015778571429,1.2
24.0,0.4,3.61111101,0.8
24.0,0.4,3.61111101,0.8571428571428572
24.0,0.4,3.61111101,0.9142857142857143
24.0,0.4,3.61111101,0.9714285714285714
24.0,0.4,3.61111101,1.0285714285714285
24.0,0.4,3.61111101,1.0857142857142856
24.0,0.4,3.61111101,1.1428571428571428
24.0,0.4,3.61111101,1.2
25.71428571428571,0.1,1.94444439,0.8
25.71428571428571,0.1,1.94444439,0.8571428571428572
25.71428571428571,0.1,1.94444439,0.9142857142857143
25.71428571428571,0.1,1.94444439,0.9714285714285714
25.71428571428571,0.1,1.94444439,1.0285714285714285
25.71428571428571,0.1,1.94444439,1.0857142857142856
25.71428571428571,0.1,1.94444439,1.1428571428571428
25.71428571428571,0.1,1.94444439,1.2
25.71428571428571,0.1,2.1825396214285715,0.8
25.71428571428571,0.1,2.1825396214285715,0.8571428571428572
25.71428571428571,0.1,2.1825396214285715,0.9142857142857143
25.71428571428571,0.1,2.1825396214285715,0.9714285714285714
25.71428571428571,0.1,2.1825396214285715,1.0285714285714285
25.71428571428571,0.1,2.1825396214285715,1.0857142857142856
25.71428571428571,0.1,2.1825396214285715,1.1428571428571428
25.71428571428571,0.1,2.1825396214285715,1.2
25.71428571428571,0.1,2.420634852857143,0.8
25.71428571428571,0.1,2.420634852857143,0.8571428571428572
25.71428571428571,0.1,2.420634852857143,0.9142857142857143
25.71428571428571,0.1,2.420634852857143,0.9714285714285714
25.71428571428571,0.1,2.420634852857143,1.0285714285714285
25.71428571428571,0.1,2.420634852857143,1.0857142857142856
25.71428571428571,0.1,2.420634852857143,1.1428571428571428
25.71428571428571,0.1,2.420634852857143,1.2
25.71428571428571,0.1,2.6587300842857142,0.8
25.71428571428571,0.1,2.6587300842857142,0.8571428571428572
25.71428571428571,0.1,2.6587300842857142,0.9142857142857143
25.71428571428571,0.1,2.6587300842857142,0.9714285714285714
25.71428571428571,0.1,2.6587300842857142,1.0285714285714285
25.71428571428571,0.1,2.6587300842857142,1.0857142857142856
25.71428571428571,0.1,2.6587300842857142,1.1428571428571428
25.71428571428571,0.1,2.6587300842857142,1.2
25.71428571428571,0.1,2.896825315714286,0.8
25.71428571428571,0.1,2.896825315714286,0.8571428571428572
25.71428571428571,0.1,2.896825315714286,0.9142857142857143
25.71428571428571,0.1,2.896825315714286,0.9714285714285714
25.71428571428571,0.1,2.896825315714286,1.0285714285714285
25.71428571428571,0.1,2.896825315714286,1.0857142857142856
25.71428571428571,0.1,2.896825315714286,1.1428571428571428
25.71428571428571,0.1,2.896825315714286,1.2
25.71428571428571,0.1,3.1349205471428574,0.8
25.71428571428571,0.1,3.1349205471428574,0.8571428571428572
25.71428571428571,0.1,3.1349205471428574,0.9142857142857143
25.71428571428571,0.1,3.1349205471428574,0.9714285714285714
25.71428571428571,0.1,3.1349205471428574,1.0285714285714285
25.71428571428571,0.1,3.1349205471428574,1.0857142857142856
25.71428571428571,0.1,3.1349205471428574,1.1428571428571428
25.71428571428571,0.1,3.1349205471428574,1.2
25.71428571428571,0.1,3.373015778571429,0.8
25.71428571428571,0.1,3.373015778571429,0.8571428571428572
25.71428571428571,0.1,3.373015778571429,0.9142857142857143
25.71428571428571,0.1,3.373015778571429,0.9714285714285714
25.71428571428571,0.1,3.373015778571429,1.0285714285714285
25.71428571428571,0.1,3.373015778571429,1.0857142857142856
25.71428571428571,0.1,3.373015778571429,1.1428571428571428
25.71428571428571,0.1,3.373015778571429,1.2
25.71428571428571,0.1,3.61111101,0.8
25.71428571428571,0.1,3.61111101,0.8571428571428572
25.71428571428571,0.1,3.61111101,0.9142857142857143
25.71428571428571,0.1,3.61111101,0.9714285714285714
25.71428571428571,0.1,3.61111101,1.0285714285714285
25.71428571428571,0.1,3.61111101,1.0857142857142856
25.71428571428571,0.1,3.61111101,1.1428571428571428
25.71428571428571,0.1,3.61111101,1.2
25.71428571428571,0.12190136542044755,1.94444439,0.8
25.71428571428571,0.12190136542044755,1.94444439,0.8571428571428572
25.71428571428571,0.12190136542044755,1.94444439,0.9142857142857143
25.71428571428571,0.12190136542044755,1.94444439,0.9714285714285714
25.71428571428571,0.12190136542044755,1.94444439,1.0285714285714285
25.71428571428571,0.12190136542044755,1.94444439,1.0857142857142856
25.71428571428571,0.12190136542044755,1.94444439,1.1428571428571428
25.71428571428571,0.12190136542044755,1.94444439,1.2
25.71428571428571,0.12190136542044755,2.1825396214285715,0.8
25.71428571428571,0.12190136542044755,2.1825396214285715,0.8571428571428572
25.71428571428571,0.12190136542044755,2.1825396214285715,0.9142857142857143
25.71428571428571,0.12190136542044755,2.1825396214285715,0.9714285714285714
25.71428571428571,0.12190136542044755,2.1825396214285715,1.0285714285714285
25.71428571428571,0.12190136542044755,2.1825396214285715,1.0857142857142856
25.71428571428571,0.12190136542044755,2.1825396214285715,1.1428571428571428
25.71428571428571,0.12190136542044755,2.1825396214285715,1.2
25.71428571428571,0.12190136542044755,2.420634852857143,0.8
25.71428571428571,0.12190136542044755,2.420634852857143,0.8571428571428572
25.71428571428571,0.12190136542044755,2.420634852857143,0.9142857142857143
25.71428571428571,0.12190136542044755,2.420634852857143,0.9714285714285714
25.71428571428571,0.12190136542044755,2.420634852857143,1.0285714285714285
25.71428571428571,0.12190136542044755,2.420634852857143,1.0857142857142856
25.71428571428571,0.12190136542044755,2.420634852857143,1.1428571428571428
25.71428571428571,0.12190136542044755,2.420634852857143,1.2
25.71428571428571,0.12190136542044755,2.6587300842857142,0.8
25.71428571428571,0.12190136542044755,2.6587300842857142,0.8571428571428572
25.71428571428571,0.12190136542044755,2.6587300842857142,0.9142857142857143
25.71428571428571,0.12190136542044755,2.6587300842857142,0.9714285714285714
25.71428571428571,0.12190136542044755,2.6587300842857142,1.0285714285714285
25.71428571428571,0.12190136542044755,2.6587300842857142,1.0857142857142856
25.71428571428571,0.12190136542044755,2.6587300842857142,1.1428571428571428
25.71428571428571,0.12190136542044755,2.6587300842857142,1.2
25.71428571428571,0.12190136542044755,2.896825315714286,0.8
25.71428571428571,0.12190136542044755,2.896825315714286,0.8571428571428572
25.71428571428571,0.12190136542044755,2.896825315714286,0.9142857142857143
25.71428571428571,0.12190136542044755,2.896825315714286,0.9714285714285714
25.71428571428571,0.12190136542044755,2.896825315714286,1.0285714285714285
25.71428571428571,0.12190136542044755,2.896825315714286,1.0857142857142856
25.71428571428571,0.12190136542044755,2.896825315714286,1.1428571428571428
25.71428571428571,0.12190136542044755,2.896825315714286,1.2
25.71428571428571,0.12190136542044755,3.1349205471428574,0.8
25.71428571428571,0.12190136542044755,3.1349205471428574,0.8571428571428572
25.71428571428571,0.12190136542044755,3.1349205471428574,0.9142857142857143
25.71428571428571,0.12190136542044755,3.1349205471428574,0.9714285714285714
25.71428571428571,0.12190136542044755,3.1349205471428574,1.0285714285714285
25.71428571428571,0.12190136542044755,3.1349205471428574,1.0857142857142856
25.71428571428571,0.12190136542044755,3.1349205471428574,1.1428571428571428
25.71428571428571,0.12190136542044755,3.1349205471428574,1.2
25.71428571428571,0.12190136542044755,3.373015778571429,0.8
25.71428571428571,0.12190136542044755,3.373015778571429,0.8571428571428572
25.71428571428571,0.12190136542044755,3.373015778571429,0.9142857142857143
25.71428571428571,0.12190136542044755,3.373015778571429,0.9714285714285714
25.71428571428571,0.12190136542044755,3.373015778571429,1.0285714285714285
25.71428571428571,0.12190136542044755,3.373015778571429,1.0857142857142856
25.71428571428571,0.12190136542044755,3.373015778571429,1.1428571428571428
25.71428571428571,0.12190136542044755,3.373015778571429,1.2
25.71428571428571,0.12190136542044755,3.61111101,0.8
25.71428571428571,0.12190136542044755,3.61111101,0.8571428571428572
25.71428571428571,0.12190136542044755,3.61111101,0.9142857142857143
25.71428571428571,0.12190136542044755,3.61111101,0.9714285714285714
25.71428571428571,0.12190136542044755,3.61111101,1.0285714285714285
25.71428571428571,0.12190136542044755,3.61111101,1.0857142857142856
25.71428571428571,0.12190136542044755,3.61111101,1.1428571428571428
25.71428571428571,0.12190136542044755,3.61111101,1.2
25.71428571428571,0.14859942891369485,1.94444439,0.8
25.71428571428571,0.14859942891369485,1.94444439,0.8571428571428572
25.71428571428571,0.14859942891369485,1.94444439,0.9142857142857143
25.71428571428571,0.14859942891369485,1.94444439,0.9714285714285714
25.71428571428571,0.14859942891369485,1.94444439,1.0285714285714285
25.71428571428571,0.14859942891369485,1.94444439,1.0857142857142856
25.71428571428571,0.14859942891369485,1.94444439,1.1428571428571428
25.71428571428571,0.14859942891369485,1.94444439,1.2
25.71428571428571,0.14859942891369485,2.1825396214285715,0.8
25.71428571428571,0.14859942891369485,2.1825396214285715,0.8571428571428572
25.71428571428571,0.14859942891369485,2.1825396214285715,0.9142857142857143
25.71428571428571,0.14859942891369485,2.1825396214285715,0.9714285714285714
25.71428571428571,0.14859942891369485,2.1825396214285715,1.0285714285714285
25.71428571428571,0.14859942891369485,2.1825396214285715,1.0857142857142856
25.71428571428571,0.14859942891369485,2.1825396214285715,1.1428571428571428
25.71428571428571,0.14859942891369485,2.1825396214285715,1.2
25.71428571428571,0.14859942891369485,2.420634852857143,0.8
25.71428571428571,0.14859942891369485,2.420634852857143,0.8571428571428572
25.71428571428571,0.14859942891369485,2.420634852857143,0.9142857142857143
25.71428571428571,0.14859942891369485,2.420634852857143,0.9714285714285714
25.71428571428571,0.14859942891369485,2.420634852857143,1.0285714285714285
25.71428571428571,0.14859942891369485,2.420634852857143,1.0857142857142856
25.71428571428571,0.14859942891369485,2.420634852857143,1.1428571428571428
25.71428571428571,0.14859942891369485,2.420634852857143,1.2
25.71428571428571,0.14859942891369485,2.6587300842857142,0.8
25.71428571428571,0.14859942891369485,2.6587300842857142,0.8571428571428572
25.71428571428571,0.14859942891369485,2.6587300842857142,0.9142857142857143
25.71428571428571,0.14859942891369485,2.6587300842857142,0.9714285714285714
25.71428571428571,0.14859942891369485,2.6587300842857142,1.0285714285714285
25.71428571428571,0.14859942891369485,2.6587300842857142,1.0857142857142856
25.71428571428571,0.14859942891369485,2.6587300842857142,1.1428571428571428
25.71428571428571,0.14859942891369485,2.6587300842857142,1.2
25.71428571428571,0.14859942891369485,2.896825315714286,0.8
25.71428571428571,0.14859942891369485,2.896825315714286,0.8571428571428572
25.71428571428571,0.14859942891369485,2.896825315714286,0.9142857142857143
25.71428571428571,0.14859942891369485,2.896825315714286,0.9714285714285714
25.71428571428571,0.14859942891369485,2.896825315714286,1.0285714285714285
25.71428571428571,0.14859942891369485,2.896825315714286,1.0857142857142856
25.71428571428571,0.14859942891369485,2.896825315714286,1.1428571428571428
25.71428571428571,0.14859942891369485,2.896825315714286,1.2
25.71428571428571,0.14859942891369485,3.1349205471428574,0.8
25.71428571428571,0.14859942891369485,3.1349205471428574,0.8571428571428572
25.71428571428571,0.14859942891369485,3.1349205471428574,0.9142857142857143
25.71428571428571,0.14859942891369485,3.1349205471428574,0.9714285714285714
25.71428571428571,0.14859942891369485,3.1349205471428574,1.0285714285714285
25.71428571428571,0.14859942891369485,3.1349205471428574,1.0857142857142856
25.71428571428571,0.14859942891369485,3.1349205471428574,1.1428571428571428
25.71428571428571,0.14859942891369485,3.1349205471428574,1.2
25.71428571428571,0.14859942891369485,3.373015778571429,0.8
25.71428571428571,0.14859942891369485,3.373015778571429,0.8571428571428572
25.71428571428571,0.14859942891369485,3.373015778571429,0.9142857142857143
25.71428571428571,0.14859942891369485,3.373015778571429,0.9714285714285714
25.71428571428571,0.14859942891369485,3.373015778571429,1.0285714285714285
25.71428571428571,0.14859942891369485,3.373015778571429,1.0857142857142856
25.71428571428571,0.14859942891369485,3.373015778571429,1.1428571428571428
25.71428571428571,0.14859942891369485,3.373015778571429,1.2
25.71428571428571,0.14859942891369485,3.61111101,0.8
25.71428571428571,0.14859942891369485,3.61111101,0.8571428571428572
25.71428571428571,0.14859942891369485,3.61111101,0.9142857142857143
25.71428571428571,0.14859942891369485,3.61111101,0.9714285714285714
25.71428571428571,0.14859942891369485,3.61111101,1.0285714285714285
25.71428571428571,0.14859942891369485,3.61111101,1.0857142857142856
25.71428571428571,0.14859942891369485,3.61111101,1.1428571428571428
25.71428571428571,0.14859942891369485,3.61111101,1.2
25.71428571428571,0.18114473285278132,1.94444439,0.8
25.71428571428571,0.18114473285278132,1.94444439,0.8571428571428572
25.71428571428571,0.18114473285278132,1.94444439,0.9142857142857143
25.71428571428571,0.18114473285278132,1.94444439,0.9714285714285714
25.71428571428571,0.18114473285278132,1.94444439,1.0285714285714285
25.71428571428571,0.18114473285278132,1.94444439,1.0857142857142856
25.71428571428571,0.18114473285278132,1.94444439,1.1428571428571428
25.71428571428571,0.18114473285278132,1.94444439,1.2
25.71428571428571,0.18114473285278132,2.1825396214285715,0.8
25.71428571428571,0.18114473285278132,2.1825396214285715,0.8571428571428572
25.71428571428571,0.18114473285278132,2.1825396214285715,0.9142857142857143
25.71428571428571,0.18114473285278132,2.1825396214285715,0.9714285714285714
25.71428571428571,0.18114473285278132,2.1825396214285715,1.0285714285714285
25.71428571428571,0.18114473285278132,2.1825396214285715,1.0857142857142856
25.71428571428571,0.18114473285278132,2.1825396214285715,1.1428571428571428
25.71428571428571,0.18114473285278132,2.1825396214285715,1.2
25.71428571428571,0.18114473285278132,2.420634852857143,0.8
25.71428571428571,0.18114473285278132,2.420634852857143,0.8571428571428572
25.71428571428571,0.18114473285278132,2.420634852857143,0.9142857142857143
25.71428571428571,0.18114473285278132,2.420634852857143,0.9714285714285714
25.71428571428571,0.18114473285278132,2.420634852857143,1.0285714285714285
25.71428571428571,0.18114473285278132,2.420634852857143,1.0857142857142856
25.71428571428571,0.18114473285278132,2.420634852857143,1.1428571428571428
25.71428571428571,0.18114473285278132,2.420634852857143,1.2
25.71428571428571,0.18114473285278132,2.6587300842857142,0.8
25.71428571428571,0.18114473285278132,2.6587300842857142,0.8571428571428572
25.71428571428571,0.18114473285278132,2.6587300842857142,0.9142857142857143
25.71428571428571,0.18114473285278132,2.6587300842857142,0.9714285714285714
25.71428571428571,0.18114473285278132,2.6587300842857142,1.0285714285714285
25.71428571428571,0.18114473285278132,2.6587300842857142,1.0857142857142856
25.71428571428571,0.18114473285278132,2.6587300842857142,1.1428571428571428
25.71428571428571,0.18114473285278132,2.6587300842857142,1.2
25.71428571428571,0.18114473285278132,2.896825315714286,0.8
25.71428571428571,0.18114473285278132,2.896825315714286,0.8571428571428572
25.71428571428571,0.18114473285278132,2.896825315714286,0.9142857142857143
25.71428571428571,0.18114473285278132,2.896825315714286,0.9714285714285714
25.71428571428571,0.18114473285278132,2.896825315714286,1.0285714285714285
25.71428571428571,0.18114473285278132,2.896825315714286,1.0857142857142856
25.71428571428571,0.18114473285278132,2.896825315714286,1.1428571428571428
25.71428571428571,0.18114473285278132,2.896825315714286,1.2
25.71428571428571,0.18114473285278132,3.1349205471428574,0.8
25.71428571428571,0.18114473285278132,3.1349205471428574,0.8571428571428572
25.71428571428571,0.18114473285278132,3.1349205471428574,0.9142857142857143
25.71428571428571,0.18114473285278132,3.1349205471428574,0.9714285714285714
25.71428571428571,0.18114473285278132,3.1349205471428574,1.0285714285714285
25.71428571428571,0.18114473285278132,3.1349205471428574,1.0857142857142856
25.71428571428571,0.18114473285278132,3.1349205471428574,1.1428571428571428
25.71428571428571,0.18114473285278132,3.1349205471428574,1.2
25.71428571428571,0.18114473285278132,3.373015778571429,0.8
25.71428571428571,0.18114473285278132,3.373015778571429,0.8571428571428572
25.71428571428571,0.18114473285278132,3.373015778571429,0.9142857142857143
25.71428571428571,0.18114473285278132,3.373015778571429,0.9714285714285714
25.71428571428571,0.18114473285278132,3.373015778571429,1.0285714285714285
25.71428571428571,0.18114473285278132,3.373015778571429,1.0857142857142856
25.71428571428571,0.18114473285278132,3.373015778571429,1.1428571428571428
25.71428571428571,0.18114473285278132,3.373015778571429,1.2
25.71428571428571,0.18114473285278132,3.61111101,0.8
25.71428571428571,0.18114473285278132,3.61111101,0.8571428571428572
25.71428571428571,0.18114473285278132,3.61111101,0.9142857142857143
25.71428571428571,0.18114473285278132,3.61111101,0.9714285714285714
25.71428571428571,0.18114473285278132,3.61111101,1.0285714285714285
25.71428571428571,0.18114473285278132,3.61111101,1.0857142857142856
25.71428571428571,0.18114473285278132,3.61111101,1.1428571428571428
25.71428571428571,0.18114473285278132,3.61111101,1.2
25.71428571428571,0.22081790273476246,1.94444439,0.8
25.71428571428571,0.22081790273476246,1.94444439,0.8571428571428572
25.71428571428571,0.22081790273476246,1.94444439,0.9142857142857143
25.71428571428571,0.22081790273476246,1.94444439,0.9714285714285714
25.71428571428571,0.22081790273476246,1.94444439,1.0285714285714285
25.71428571428571,0.22081790273476246,1.94444439,1.0857142857142856
25.71428571428571,0.22081790273476246,1.94444439,1.1428571428571428
25.71428571428571,0.22081790273476246,1.94444439,1.2
25.71428571428571,0.22081790273476246,2.1825396214285715,0.8
25.71428571428571,0.22081790273476246,2.1825396214285715,0.8571428571428572
25.71428571428571,0.22081790273476246,2.1825396214285715,0.9142857142857143
25.71428571428571,0.22081790273476246,2.1825396214285715,0.9714285714285714
25.71428571428571,0.22081790273476246,2.1825396214285715,1.0285714285714285
25.71428571428571,0.22081790273476246,2.1825396214285715,1.0857142857142856
25.71428571428571,0.22081790273476246,2.1825396214285715,1.1428571428571428
25.71428571428571,0.22081790273476246,2.1825396214285715,1.2
25.71428571428571,0.22081790273476246,2.420634852857143,0.8
25.71428571428571,0.22081790273476246,2.420634852857143,0.8571428571428572
25.71428571428571,0.22081790273476246,2.420634852857143,0.9142857142857143
25.71428571428571,0.22081790273476246,2.420634852857143,0.9714285714285714
25.71428571428571,0.22081790273476246,2.420634852857143,1.0285714285714285
25.71428571428571,0.22081790273476246,2.420634852857143,1.0857142857142856
25.71428571428571,0.22081790273476246,2.420634852857143,1.1428571428571428
25.71428571428571,0.22081790273476246,2.420634852857143,1.2
25.71428571428571,0.22081790273476246,2.6587300842857142,0.8
25.71428571428571,0.22081790273476246,2.6587300842857142,0.8571428571428572
25.71428571428571,0.22081790273476246,2.6587300842857142,0.9142857142857143
25.71428571428571,0.22081790273476246,2.6587300842857142,0.9714285714285714
25.71428571428571,0.22081790273476246,2.6587300842857142,1.0285714285714285
25.71428571428571,0.22081790273476246,2.6587300842857142,1.0857142857142856
25.71428571428571,0.22081790273476246,2.6587300842857142,1.1428571428571428
25.71428571428571,0.22081790273476246,2.6587300842857142,1.2
25.71428571428571,0.22081790273476246,2.896825315714286,0.8
25.71428571428571,0.22081790273476246,2.896825315714286,0.8571428571428572
25.71428571428571,0.22081790273476246,2.896825315714286,0.9142857142857143
25.71428571428571,0.22081790273476246,2.896825315714286,0.9714285714285714
25.71428571428571,0.22081790273476246,2.896825315714286,1.0285714285714285
25.71428571428571,0.22081790273476246,2.896825315714286,1.0857142857142856
25.71428571428571,0.22081790273476246,2.896825315714286,1.1428571428571428
25.71428571428571,0.22081790273476246,2.896825315714286,1.2
25.71428571428571,0.22081790273476246,3.1349205471428574,0.8
25.71428571428571,0.22081790273476246,3.1349205471428574,0.8571428571428572
25.71428571428571,0.22081790273476246,3.1349205471428574,0.9142857142857143
25.71428571428571,0.22081790273476246,3.1349205471428574,0.9714285714285714
25.71428571428571,0.22081790273476246,3.1349205471428574,1.0285714285714285
25.71428571428571,0.22081790273476246,3.1349205471428574,1.0857142857142856
25.71428571428571,0.22081790273476246,3.1349205471428574,1.1428571428571428
25.71428571428571,0.22081790273476246,3.1349205471428574,1.2
25.71428571428571,0.22081790273476246,3.373015778571429,0.8
25.71428571428571,0.22081790273476246,3.373015778571429,0.8571428571428572
25.71428571428571,0.22081790273476246,3.373015778571429,0.9142857142857143
25.71428571428571,0.22081790273476246,3.373015778571429,0.9714285714285714
25.71428571428571,0.22081790273476246,3.373015778571429,1.0285714285714285
25.71428571428571,0.22081790273476246,3.373015778571429,1.0857142857142856
25.71428571428571,0.22081790273476246,3.373015778571429,1.1428571428571428
25.71428571428571,0.22081790273476246,3.373015778571429,1.2
25.71428571428571,0.22081790273476246,3.61111101,0.8
25.71428571428571,0.22081790273476246,3.61111101,0.8571428571428572
25.71428571428571,0.22081790273476246,3.61111101,0.9142857142857143
25.71428571428571,0.22081790273476246,3.61111101,0.9714285714285714
25.71428571428571,0.22081790273476246,3.61111101,1.0285714285714285
25.71428571428571,0.22081790273476246,3.61111101,1.0857142857142856
25.71428571428571,0.22081790273476246,3.61111101,1.1428571428571428
25.71428571428571,0.22081790273476246,3.61111101,1.2
25.71428571428571,0.26918003852647127,1.94444439,0.8
25.71428571428571,0.26918003852647127,1.94444439,0.8571428571428572
25.71428571428571,0.26918003852647127,1.94444439,0.9142857142857143
25.71428571428571,0.26918003852647127,1.94444439,0.9714285714285714
25.71428571428571,0.26918003852647127,1.94444439,1.0285714285714285
25.71428571428571,0.26918003852647127,1.94444439,1.0857142857142856
25.71428571428571,0.26918003852647127,1.94444439,1.1428571428571428
25.71428571428571,0.26918003852647127,1.94444439,1.2
25.71428571428571,0.26918003852647127,2.1825396214285715,0.8
25.71428571428571,0.26918003852647127,2.1825396214285715,0.8571428571428572
25.71428571428571,0.26918003852647127,2.1825396214285715,0.9142857142857143
25.71428571428571,0.26918003852647127,2.1825396214285715,0.9714285714285714
25.71428571428571,0.26918003852647127,2.1825396214285715,1.0285714285714285
25.71428571428571,0.26918003852647127,2.1825396214285715,1.0857142857142856
25.71428571428571,0.26918003852647127,2.1825396214285715,1.1428571428571428
25.71428571428571,0.26918003852647127,2.1825396214285715,1.2
25.71428571428571,0.26918003852647127,2.420634852857143,0.8
25.71428571428571,0.26918003852647127,2.420634852857143,0.8571428571428572
25.71428571428571,0.26918003852647127,2.420634852857143,0.9142857142857143
25.71428571428571,0.26918003852647127,2.420634852857143,0.9714285714285714
25.71428571428571,0.26918003852647127,2.420634852857143,1.0285714285714285
25.71428571428571,0.26918003852647127,2.420634852857143,1.0857142857142856
25.71428571428571,0.26918003852647127,2.420634852857143,1.1428571428571428
25.71428571428571,0.26918003852647127,2.420634852857143,1.2
25.71428571428571,0.26918003852647127,2.6587300842857142,0.8
25.71428571428571,0.26918003852647127,2.6587300842857142,0.8571428571428572
25.71428571428571,0.26918003852647127,2.6587300842857142,0.9142857142857143
25.71428571428571,0.26918003852647127,2.6587300842857142,0.9714285714285714
25.71428571428571,0.26918003852647127,2.6587300842857142,1.0285714285714285
25.71428571428571,0.26918003852647127,2.6587300842857142,1.0857142857142856
25.71428571428571,0.26918003852647127,2.6587300842857142,1.1428571428571428
25.71428571428571,0.26918003852647127,2.6587300842857142,1.2
25.71428571428571,0.26918003852647127,2.896825315714286,0.8
25.71428571428571,0.26918003852647127,2.896825315714286,0.8571428571428572
25.71428571428571,0.26918003852647127,2.896825315714286,0.9142857142857143
25.71428571428571,0.26918003852647127,2.896825315714286,0.9714285714285714
25.71428571428571,0.26918003852647127,2.896825315714286,1.0285714285714285
25.71428571428571,0.26918003852647127,2.896825315714286,1.0857142857142856
25.71428571428571,0.26918003852647127,2.896825315714286,1.1428571428571428
25.71428571428571,0.26918003852647127,2.896825315714286,1.2
25.71428571428571,0.26918003852647127,3.1349205471428574,0.8
25.71428571428571,0.26918003852647127,3.1349205471428574,0.8571428571428572
25.71428571428571,0.26918003852647127,3.1349205471428574,0.9142857142857143
25.71428571428571,0.26918003852647127,3.1349205471428574,0.9714285714285714
25.71428571428571,0.26918003852647127,3.1349205471428574,1.0285714285714285
25.71428571428571,0.26918003852647127,3.1349205471428574,1.0857142857142856
25.71428571428571,0.26918003852647127,3.1349205471428574,1.1428571428571428
25.71428571428571,0.26918003852647127,3.1349205471428574,1.2
25.71428571428571,0.26918003852647127,3.373015778571429,0.8
25.71428571428571,0.26918003852647127,3.373015778571429,0.8571428571428572
25.71428571428571,0.26918003852647127,3.373015778571429,0.9142857142857143
25.71428571428571,0.26918003852647127,3.373015778571429,0.9714285714285714
25.71428571428571,0.26918003852647127,3.373015778571429,1.0285714285714285
25.71428571428571,0.26918003852647127,3.373015778571429,1.0857142857142856
25.71428571428571,0.26918003852647127,3.373015778571429,1.1428571428571428
25.71428571428571,0.26918003852647127,3.373015778571429,1.2
25.71428571428571,0.26918003852647127,3.61111101,0.8
25.71428571428571,0.26918003852647127,3.61111101,0.8571428571428572
25.71428571428571,0.26918003852647127,3.61111101,0.9142857142857143
25.71428571428571,0.26918003852647127,3.61111101,0.9714285714285714
25.71428571428571,0.26918003852647127,3.61111101,1.0285714285714285
25.71428571428571,0.26918003852647127,3.61111101,1.0857142857142856
25.71428571428571,0.26918003852647127,3.61111101,1.1428571428571428
25.71428571428571,0.26918003852647127,3.61111101,1.2
25.71428571428571,0.32813414240305516,1.94444439,0.8
25.71428571428571,0.32813414240305516,1.94444439,0.8571428571428572
25.71428571428571,0.32813414240305516,1.94444439,0.9142857142857143
25.71428571428571,0.32813414240305516,1.94444439,0.9714285714285714
25.71428571428571,0.32813414240305516,1.94444439,1.0285714285714285
25.71428571428571,0.32813414240305516,1.94444439,1.0857142857142856
25.71428571428571,0.32813414240305516,1.94444439,1.1428571428571428
25.71428571428571,0.32813414240305516,1.94444439,1.2
25.71428571428571,0.32813414240305516,2.1825396214285715,0.8
25.71428571428571,0.32813414240305516,2.1825396214285715,0.8571428571428572
25.71428571428571,0.32813414240305516,2.1825396214285715,0.9142857142857143
25.71428571428571,0.32813414240305516,2.1825396214285715,0.9714285714285714
25.71428571428571,0.32813414240305516,2.1825396214285715,1.0285714285714285
25.71428571428571,0.32813414240305516,2.1825396214285715,1.0857142857142856
25.71428571428571,0.32813414240305516,2.1825396214285715,1.1428571428571428
25.71428571428571,0.32813414240305516,2.1825396214285715,1.2
25.71428571428571,0.32813414240305516,2.420634852857143,0.8
25.71428571428571,0.32813414240305516,2.420634852857143,0.8571428571428572
25.71428571428571,0.32813414240305516,2.420634852857143,0.9142857142857143
25.71428571428571,0.32813414240305516,2.420634852857143,0.9714285714285714
25.71428571428571,0.32813414240305516,2.420634852857143,1.0285714285714285
25.71428571428571,0.32813414240305516,2.420634852857143,1.0857142857142856
25.71428571428571,0.32813414240305516,2.420634852857143,1.1428571428571428
25.71428571428571,0.32813414240305516,2.420634852857143,1.2
25.71428571428571,0.32813414240305516,2.6587300842857142,0.8
25.71428571428571,0.32813414240305516,2.6587300842857142,0.8571428571428572
25.71428571428571,0.32813414240305516,2.6587300842857142,0.9142857142857143
25.71428571428571,0.32813414240305516,2.6587300842857142,0.9714285714285714
25.71428571428571,0.32813414240305516,2.6587300842857142,1.0285714285714285
25.71428571428571,0.32813414240305516,2.6587300842857142,1.0857142857142856
25.71428571428571,0.32813414240305516,2.6587300842857142,1.1428571428571428
25.71428571428571,0.32813414240305516,2.6587300842857142,1.2
25.71428571428571,0.32813414240305516,2.896825315714286,0.8
25.71428571428571,0.32813414240305516,2.896825315714286,0.8571428571428572
25.71428571428571,0.32813414240305516,2.896825315714286,0.9142857142857143
25.71428571428571,0.32813414240305516,2.896825315714286,0.9714285714285714
25.71428571428571,0.32813414240305516,2.896825315714286,1.0285714285714285
25.71428571428571,0.32813414240305516,2.896825315714286,1.0857142857142856
25.71428571428571,0.32813414240305516,2.896825315714286,1.1428571428571428
25.71428571428571,0.32813414240305516,2.896825315714286,1.2
25.71428571428571,0.32813414240305516,3.1349205471428574,0.8
25.71428571428571,0.32813414240305516,3.1349205471428574,0.8571428571428572
25.71428571428571,0.32813414240305516,3.1349205471428574,0.9142857142857143
25.71428571428571,0.32813414240305516,3.1349205471428574,0.9714285714285714
25.71428571428571,0.32813414240305516,3.1349205471428574,1.0285714285714285
25.71428571428571,0.32813414240305516,3.1349205471428574,1.0857142857142856
25.71428571428571,0.32813414240305516,3.1349205471428574,1.1428571428571428
25.71428571428571,0.32813414240305516,3.1349205471428574,1.2
25.71428571428571,0.32813414240305516,3.373015778571429,0.8
25.71428571428571,0.32813414240305516,3.373015778571429,0.8571428571428572
25.71428571428571,0.32813414240305516,3.373015778571429,0.9142857142857143
25.71428571428571,0.32813414240305516,3.373015778571429,0.9714285714285714
25.71428571428571,0.32813414240305516,3.373015778571429,1.0285714285714285
25.71428571428571,0.32813414240305516,3.373015778571429,1.0857142857142856
25.71428571428571,0.32813414240305516,3.373015778571429,1.1428571428571428
25.71428571428571,0.32813414240305516,3.373015778571429,1.2
25.71428571428571,0.32813414240305516,3.61111101,0.8
25.71428571428571,0.32813414240305516,3.61111101,0.8571428571428572
25.71428571428571,0.32813414240305516,3.61111101,0.9142857142857143
25.71428571428571,0.32813414240305516,3.61111101,0.9714285714285714
25.71428571428571,0.32813414240305516,3.61111101,1.0285714285714285
25.71428571428571,0.32813414240305516,3.61111101,1.0857142857142856
25.71428571428571,0.32813414240305516,3.61111101,1.1428571428571428
25.71428571428571,0.32813414240305516,3.61111101,1.2
25.71428571428571,0.4,1.94444439,0.8
25.71428571428571,0.4,1.94444439,0.8571428571428572
25.71428571428571,0.4,1.94444439,0.9142857142857143
25.71428571428571,0.4,1.94444439,0.9714285714285714
25.71428571428571,0.4,1.94444439,1.0285714285714285
25.71428571428571,0.4,1.94444439,1.0857142857142856
25.71428571428571,0.4,1.94444439,1.1428571428571428
25.71428571428571,0.4,1.94444439,1.2
25.71428571428571,0.4,2.1825396214285715,0.8
25.71428571428571,0.4,2.1825396214285715,0.8571428571428572
25.71428571428571,0.4,2.1825396214285715,0.9142857142857143
25.71428571428571,0.4,2.1825396214285715,0.9714285714285714
25.71428571428571,0.4,2.1825396214285715,1.0285714285714285
25.71428571428571,0.4,2.1825396214285715,1.0857142857142856
25.71428571428571,0.4,2.1825396214285715,1.1428571428571428
25.71428571428571,0.4,2.1825396214285715,1.2
25.71428571428571,0.4,2.420634852857143,0.8
25.71428571428571,0.4,2.420634852857143,0.8571428571428572
25.71428571428571,0.4,2.420634852857143,0.9142857142857143
25.71428571428571,0.4,2.420634852857143,0.9714285714285714
25.71428571428571,0.4,2.420634852857143,1.0285714285714285
25.71428571428571,0.4,2.420634852857143,1.0857142857142856
25.71428571428571,0.4,2.420634852857143,1.1428571428571428
25.71428571428571,0.4,2.420634852857143,1.2
25.71428571428571,0.4,2.6587300842857142,0.8
25.71428571428571,0.4,2.6587300842857142,0.8571428571428572
25.71428571428571,0.4,2.6587300842857142,0.9142857142857143
25.71428571428571,0.4,2.6587300842857142,0.9714285714285714
25.71428571428571,0.4,2.6587300842857142,1.0285714285714285
25.71428571428571,0.4,2.6587300842857142,1.0857142857142856
25.71428571428571,0.4,2.6587300842857142,1.1428571428571428
25.71428571428571,0.4,2.6587300842857142,1.2
25.71428571428571,0.4,2.896825315714286,0.8
25.71428571428571,0.4,2.896825315714286,0.8571428571428572
25.71428571428571,0.4,2.896825315714286,0.9142857142857143
25.71428571428571,0.4,2.896825315714286,0.9714285714285714
25.71428571428571,0.4,2.896825315714286,1.0285714285714285
25.71428571428571,0.4,2.896825315714286,1.0857142857142856
25.71428571428571,0.4,2.896825315714286,1.1428571428571428
25.71428571428571,0.4,2.896825315714286,1.2
25.71428571428571,0.4,3.1349205471428574,0.8
25.71428571428571,0.4,3.1349205471428574,0.8571428571428572
25.71428571428571,0.4,3.1349205471428574,0.9142857142857143
25.71428571428571,0.4,3.1349205471428574,0.9714285714285714
25.71428571428571,0.4,3.1349205471428574,1.0285714285714285
25.71428571428571,0.4,3.1349205471428574,1.0857142857142856
25.71428571428571,0.4,3.1349205471428574,1.1428571428571428
25.71428571428571,0.4,3.1349205471428574,1.2
25.71428571428571,0.4,3.373015778571429,0.8
25.71428571428571,0.4,3.373015778571429,0.8571428571428572
25.71428571428571,0.4,3.373015778571429,0.9142857142857143
25.71428571428571,0.4,3.373015778571429,0.9714285714285714
25.71428571428571,0.4,3.373015778571429,1.0285714285714285
25.71428571428571,0.4,3.373015778571429,1.0857142857142856
25.71428571428571,0.4,3.373015778571429,1.1428571428571428
25.71428571428571,0.4,3.373015778571429,1.2
25.71428571428571,0.4,3.61111101,0.8
25.71428571428571,0.4,3.61111101,0.8571428571428572
25.71428571428571,0.4,3.61111101,0.9142857142857143
25.71428571428571,0.4,3.61111101,0.9714285714285714
25.71428571428571,0.4,3.61111101,1.0285714285714285
25.71428571428571,0.4,3.61111101,1.0857142857142856
25.71428571428571,0.4,3.61111101,1.1428571428571428
25.71428571428571,0.4,3.61111101,1.2
27.428571428571423,0.1,1.94444439,0.8
27.428571428571423,0.1,1.94444439,0.8571428571428572
27.428571428571423,0.1,1.94444439,0.9142857142857143
27.428571428571423,0.1,1.94444439,0.9714285714285714
27.428571428571423,0.1,1.94444439,1.0285714285714285
27.428571428571423,0.1,1.94444439,1.0857142857142856
27.428571428571423,0.1,1.94444439,1.1428571428571428
27.428571428571423,0.1,1.94444439,1.2
27.428571428571423,0.1,2.1825396214285715,0.8
27.428571428571423,0.1,2.1825396214285715,0.8571428571428572
27.428571428571423,0.1,2.1825396214285715,0.9142857142857143
27.428571428571423,0.1,2.1825396214285715,0.9714285714285714
27.428571428571423,0.1,2.1825396214285715,1.0285714285714285
27.428571428571423,0.1,2.1825396214285715,1.0857142857142856
27.428571428571423,0.1,2.1825396214285715,1.1428571428571428
27.428571428571423,0.1,2.1825396214285715,1.2
27.428571428571423,0.1,2.420634852857143,0.8
27.428571428571423,0.1,2.420634852857143,0.8571428571428572
27.428571428571423,0.1,2.420634852857143,0.9142857142857143
27.428571428571423,0.1,2.420634852857143,0.9714285714285714
27.428571428571423,0.1,2.420634852857143,1.0285714285714285
27.428571428571423,0.1,2.420634852857143,1.0857142857142856
27.428571428571423,0.1,2.420634852857143,1.1428571428571428
27.428571428571423,0.1,2.420634852857143,1.2
27.428571428571423,0.1,2.6587300842857142,0.8
27.428571428571423,0.1,2.6587300842857142,0.8571428571428572
27.428571428571423,0.1,2.6587300842857142,0.9142857142857143
27.428571428571423,0.1,2.6587300842857142,0.9714285714285714
27.428571428571423,0.1,2.6587300842857142,1.0285714285714285
27.428571428571423,0.1,2.6587300842857142,1.0857142857142856
27.428571428571423,0.1,2.6587300842857142,1.1428571428571428
27.428571428571423,0.1,2.6587300842857142,1.2
27.428571428571423,0.1,2.896825315714286,0.8
27.428571428571423,0.1,2.896825315714286,0.8571428571428572
27.428571428571423,0.1,2.896825315714286,0.9142857142857143
27.428571428571423,0.1,2.896825315714286,0.9714285714285714
27.428571428571423,0.1,2.896825315714286,1.0285714285714285
27.428571428571423,0.1,2.896825315714286,1.0857142857142856
27.428571428571423,0.1,2.896825315714286,1.1428571428571428
27.428571428571423,0.1,2.896825315714286,1.2
27.428571428571423,0.1,3.1349205471428574,0.8
27.428571428571423,0.1,3.1349205471428574,0.8571428571428572
27.428571428571423,0.1,3.1349205471428574,0.9142857142857143
27.428571428571423,0.1,3.1349205471428574,0.9714285714285714
27.428571428571423,0.1,3.1349205471428574,1.0285714285714285
27.428571428571423,0.1,3.1349205471428574,1.0857142857142856
27.428571428571423,0.1,3.1349205471428574,1.1428571428571428
27.428571428571423,0.1,3.1349205471428574,1.2
27.428571428571423,0.1,3.373015778571429,0.8
27.428571428571423,0.1,3.373015778571429,0.8571428571428572
27.428571428571423,0.1,3.373015778571429,0.9142857142857143
27.428571428571423,0.1,3.373015778571429,0.9714285714285714
27.428571428571423,0.1,3.373015778571429,1.0285714285714285
27.428571428571423,0.1,3.373015778571429,1.0857142857142856
27.428571428571423,0.1,3.373015778571429,1.1428571428571428
27.428571428571423,0.1,3.373015778571429,1.2
27.428571428571423,0.1,3.61111101,0.8
27.428571428571423,0.1,3.61111101,0.8571428571428572
27.428571428571423,0.1,3.61111101,0.9142857142857143
27.428571428571423,0.1,3.61111101,0.9714285714285714
27.428571428571423,0.1,3.61111101,1.0285714285714285
27.428571428571423,0.1,3.61111101,1.0857142857142856
27.428571428571423,0.1,3.61111101,1.1428571428571428
27.428571428571423,0.1,3.61111101,1.2
27.428571428571423,0.12190136542044755,1.94444439,0.8
27.428571428571423,0.12190136542044755,1.94444439,0.8571428571428572
27.428571428571423,0.12190136542044755,1.94444439,0.9142857142857143
27.428571428571423,0.12190136542044755,1.94444439,0.9714285714285714
27.428571428571423,0.12190136542044755,1.94444439,1.0285714285714285
27.428571428571423,0.12190136542044755,1.94444439,1.0857142857142856
27.428571428571423,0.12190136542044755,1.94444439,1.1428571428571428
27.428571428571423,0.12190136542044755,1.94444439,1.2
27.428571428571423,0.12190136542044755,2.1825396214285715,0.8
27.428571428571423,0.12190136542044755,2.1825396214285715,0.8571428571428572
27.428571428571423,0.12190136542044755,2.1825396214285715,0.9142857142857143
27.428571428571423,0.12190136542044755,2.1825396214285715,0.9714285714285714
27.428571428571423,0.12190136542044755,2.1825396214285715,1.0285714285714285
27.428571428571423,0.12190136542044755,2.1825396214285715,1.0857142857142856
27.428571428571423,0.12190136542044755,2.1825396214285715,1.1428571428571428
27.428571428571423,0.12190136542044755,2.1825396214285715,1.2
27.428571428571423,0.12190136542044755,2.420634852857143,0.8
27.428571428571423,0.12190136542044755,2.420634852857143,0.8571428571428572
27.428571428571423,0.12190136542044755,2.420634852857143,0.9142857142857143
27.428571428571423,0.12190136542044755,2.420634852857143,0.9714285714285714
27.428571428571423,0.12190136542044755,2.420634852857143,1.0285714285714285
27.428571428571423,0.12190136542044755,2.420634852857143,1.0857142857142856
27.428571428571423,0.12190136542044755,2.420634852857143,1.1428571428571428
27.428571428571423,0.12190136542044755,2.420634852857143,1.2
27.428571428571423,0.12190136542044755,2.6587300842857142,0.8
27.428571428571423,0.12190136542044755,2.6587300842857142,0.8571428571428572
27.428571428571423,0.12190136542044755,2.6587300842857142,0.9142857142857143
27.428571428571423,0.12190136542044755,2.6587300842857142,0.9714285714285714
27.428571428571423,0.12190136542044755,2.6587300842857142,1.0285714285714285
27.428571428571423,0.12190136542044755,2.6587300842857142,1.0857142857142856
27.428571428571423,0.12190136542044755,2.6587300842857142,1.1428571428571428
27.428571428571423,0.12190136542044755,2.6587300842857142,1.2
27.428571428571423,0.12190136542044755,2.896825315714286,0.8
27.428571428571423,0.12190136542044755,2.896825315714286,0.8571428571428572
27.428571428571423,0.12190136542044755,2.896825315714286,0.9142857142857143
27.428571428571423,0.12190136542044755,2.896825315714286,0.9714285714285714
27.428571428571423,0.12190136542044755,2.896825315714286,1.0285714285714285
27.428571428571423,0.12190136542044755,2.896825315714286,1.0857142857142856
27.428571428571423,0.12190136542044755,2.896825315714286,1.1428571428571428
27.428571428571423,0.12190136542044755,2.896825315714286,1.2
27.428571428571423,0.12190136542044755,3.1349205471428574,0.8
27.428571428571423,0.12190136542044755,3.1349205471428574,0.8571428571428572
27.428571428571423,0.12190136542044755,3.1349205471428574,0.9142857142857143
27.428571428571423,0.12190136542044755,3.1349205471428574,0.9714285714285714
27.428571428571423,0.12190136542044755,3.1349205471428574,1.0285714285714285
27.428571428571423,0.12190136542044755,3.1349205471428574,1.0857142857142856
27.428571428571423,0.12190136542044755,3.1349205471428574,1.1428571428571428
27.428571428571423,0.12190136542044755,3.1349205471428574,1.2
27.428571428571423,0.12190136542044755,3.373015778571429,0.8
27.428571428571423,0.12190136542044755,3.373015778571429,0.8571428571428572
27.428571428571423,0.12190136542044755,3.373015778571429,0.9142857142857143
27.428571428571423,0.12190136542044755,3.373015778571429,0.9714285714285714
27.428571428571423,0.12190136542044755,3.373015778571429,1.0285714285714285
27.428571428571423,0.12190136542044755,3.373015778571429,1.0857142857142856
27.428571428571423,0.12190136542044755,3.373015778571429,1.1428571428571428
27.428571428571423,0.12190136542044755,3.373015778571429,1.2
27.428571428571423,0.12190136542044755,3.61111101,0.8
27.428571428571423,0.12190136542044755,3.61111101,0.8571428571428572
27.428571428571423,0.12190136542044755,3.61111101,0.9142857142857143
27.428571428571423,0.12190136542044755,3.61111101,0.9714285714285714
27.428571428571423,0.12190136542044755,3.61111101,1.0285714285714285
27.428571428571423,0.12190136542044755,3.61111101,1.0857142857142856
27.428571428571423,0.12190136542044755,3.61111101,1.1428571428571428
27.428571428571423,0.12190136542044755,3.61111101,1.2
27.428571428571423,0.14859942891369485,1.94444439,0.8
27.428571428571423,0.14859942891369485,1.94444439,0.8571428571428572
27.428571428571423,0.14859942891369485,1.94444439,0.9142857142857143
27.428571428571423,0.14859942891369485,1.94444439,0.9714285714285714
27.428571428571423,0.14859942891369485,1.94444439,1.0285714285714285
27.428571428571423,0.14859942891369485,1.94444439,1.0857142857142856
27.428571428571423,0.14859942891369485,1.94444439,1.1428571428571428
27.428571428571423,0.14859942891369485,1.94444439,1.2
27.428571428571423,0.14859942891369485,2.1825396214285715,0.8
27.428571428571423,0.14859942891369485,2.1825396214285715,0.8571428571428572
27.428571428571423,0.14859942891369485,2.1825396214285715,0.9142857142857143
27.428571428571423,0.14859942891369485,2.1825396214285715,0.9714285714285714
27.428571428571423,0.14859942891369485,2.1825396214285715,1.0285714285714285
27.428571428571423,0.14859942891369485,2.1825396214285715,1.0857142857142856
27.428571428571423,0.14859942891369485,2.1825396214285715,1.1428571428571428
27.428571428571423,0.14859942891369485,2.1825396214285715,1.2
27.428571428571423,0.14859942891369485,2.420634852857143,0.8
27.428571428571423,0.14859942891369485,2.420634852857143,0.8571428571428572
27.428571428571423,0.14859942891369485,2.420634852857143,0.9142857142857143
27.428571428571423,0.14859942891369485,2.420634852857143,0.9714285714285714
27.428571428571423,0.14859942891369485,2.420634852857143,1.0285714285714285
27.428571428571423,0.14859942891369485,2.420634852857143,1.0857142857142856
27.428571428571423,0.14859942891369485,2.420634852857143,1.1428571428571428
27.428571428571423,0.14859942891369485,2.420634852857143,1.2
27.428571428571423,0.14859942891369485,2.6587300842857142,0.8
27.428571428571423,0.14859942891369485,2.6587300842857142,0.8571428571428572
27.428571428571423,0.14859942891369485,2.6587300842857142,0.9142857142857143
27.428571428571423,0.14859942891369485,2.6587300842857142,0.9714285714285714
27.428571428571423,0.14859942891369485,2.6587300842857142,1.0285714285714285
27.428571428571423,0.14859942891369485,2.6587300842857142,1.0857142857142856
27.428571428571423,0.14859942891369485,2.6587300842857142,1.1428571428571428
27.428571428571423,0.14859942891369485,2.6587300842857142,1.2
27.428571428571423,0.14859942891369485,2.896825315714286,0.8
27.428571428571423,0.14859942891369485,2.896825315714286,0.8571428571428572
27.428571428571423,0.14859942891369485,2.896825315714286,0.9142857142857143
27.428571428571423,0.14859942891369485,2.896825315714286,0.9714285714285714
27.428571428571423,0.14859942891369485,2.896825315714286,1.0285714285714285
27.428571428571423,0.14859942891369485,2.896825315714286,1.0857142857142856
27.428571428571423,0.14859942891369485,2.896825315714286,1.1428571428571428
27.428571428571423,0.14859942891369485,2.896825315714286,1.2
27.428571428571423,0.14859942891369485,3.1349205471428574,0.8
27.428571428571423,0.14859942891369485,3.1349205471428574,0.8571428571428572
27.428571428571423,0.14859942891369485,3.1349205471428574,0.9142857142857143
27.428571428571423,0.14859942891369485,3.1349205471428574,0.9714285714285714
27.428571428571423,0.14859942891369485,3.1349205471428574,1.0285714285714285
27.428571428571423,0.14859942891369485,3.1349205471428574,1.0857142857142856
27.428571428571423,0.14859942891369485,3.1349205471428574,1.1428571428571428
27.428571428571423,0.14859942891369485,3.1349205471428574,1.2
27.428571428571423,0.14859942891369485,3.373015778571429,0.8
27.428571428571423,0.14859942891369485,3.373015778571429,0.8571428571428572
27.428571428571423,0.14859942891369485,3.373015778571429,0.9142857142857143
27.428571428571423,0.14859942891369485,3.373015778571429,0.9714285714285714
27.428571428571423,0.14859942891369485,3.373015778571429,1.0285714285714285
27.428571428571423,0.14859942891369485,3.373015778571429,1.0857142857142856
27.428571428571423,0.14859942891369485,3.373015778571429,1.1428571428571428
27.428571428571423,0.14859942891369485,3.373015778571429,1.2
27.428571428571423,0.14859942891369485,3.61111101,0.8
27.428571428571423,0.14859942891369485,3.61111101,0.8571428571428572
27.428571428571423,0.14859942891369485,3.61111101,0.9142857142857143
27.428571428571423,0.14859942891369485,3.61111101,0.9714285714285714
27.428571428571423,0.14859942891369485,3.61111101,1.0285714285714285
27.428571428571423,0.14859942891369485,3.61111101,1.0857142857142856
27.428571428571423,0.14859942891369485,3.61111101,1.1428571428571428
27.428571428571423,0.14859942891369485,3.61111101,1.2
27.428571428571423,0.18114473285278132,1.94444439,0.8
27.428571428571423,0.18114473285278132,1.94444439,0.8571428571428572
27.428571428571423,0.18114473285278132,1.94444439,0.9142857142857143
27.428571428571423,0.18114473285278132,1.94444439,0.9714285714285714
27.428571428571423,0.18114473285278132,1.94444439,1.0285714285714285
27.428571428571423,0.18114473285278132,1.94444439,1.0857142857142856
27.428571428571423,0.18114473285278132,1.94444439,1.1428571428571428
27.428571428571423,0.18114473285278132,1.94444439,1.2
27.428571428571423,0.18114473285278132,2.1825396214285715,0.8
27.428571428571423,0.18114473285278132,2.1825396214285715,0.8571428571428572
27.428571428571423,0.18114473285278132,2.1825396214285715,0.9142857142857143
27.428571428571423,0.18114473285278132,2.1825396214285715,0.9714285714285714
27.428571428571423,0.18114473285278132,2.1825396214285715,1.0285714285714285
27.428571428571423,0.18114473285278132,2.1825396214285715,1.0857142857142856
27.428571428571423,0.18114473285278132,2.1825396214285715,1.1428571428571428
27.428571428571423,0.18114473285278132,2.1825396214285715,1.2
27.428571428571423,0.18114473285278132,2.420634852857143,0.8
27.428571428571423,0.18114473285278132,2.420634852857143,0.8571428571428572
27.428571428571423,0.18114473285278132,2.420634852857143,0.9142857142857143
27.428571428571423,0.18114473285278132,2.420634852857143,0.9714285714285714
27.428571428571423,0.18114473285278132,2.420634852857143,1.0285714285714285
27.428571428571423,0.18114473285278132,2.420634852857143,1.0857142857142856
27.428571428571423,0.18114473285278132,2.420634852857143,1.1428571428571428
27.428571428571423,0.18114473285278132,2.420634852857143,1.2
27.428571428571423,0.18114473285278132,2.6587300842857142,0.8
27.428571428571423,0.18114473285278132,2.6587300842857142,0.8571428571428572
27.428571428571423,0.18114473285278132,2.6587300842857142,0.9142857142857143
27.428571428571423,0.18114473285278132,2.6587300842857142,0.9714285714285714
27.428571428571423,0.18114473285278132,2.6587300842857142,1.0285714285714285
27.428571428571423,0.18114473285278132,2.6587300842857142,1.0857142857142856
27.428571428571423,0.18114473285278132,2.6587300842857142,1.1428571428571428
27.428571428571423,0.18114473285278132,2.6587300842857142,1.2
27.428571428571423,0.18114473285278132,2.896825315714286,0.8
27.428571428571423,0.18114473285278132,2.896825315714286,0.8571428571428572
27.428571428571423,0.18114473285278132,2.896825315714286,0.9142857142857143
27.428571428571423,0.18114473285278132,2.896825315714286,0.9714285714285714
27.428571428571423,0.18114473285278132,2.896825315714286,1.0285714285714285
27.428571428571423,0.18114473285278132,2.896825315714286,1.0857142857142856
27.428571428571423,0.18114473285278132,2.896825315714286,1.1428571428571428
27.428571428571423,0.18114473285278132,2.896825315714286,1.2
27.428571428571423,0.18114473285278132,3.1349205471428574,0.8
27.428571428571423,0.18114473285278132,3.1349205471428574,0.8571428571428572
27.428571428571423,0.18114473285278132,3.1349205471428574,0.9142857142857143
27.428571428571423,0.18114473285278132,3.1349205471428574,0.9714285714285714
27.428571428571423,0.18114473285278132,3.1349205471428574,1.0285714285714285
27.428571428571423,0.18114473285278132,3.1349205471428574,1.0857142857142856
27.428571428571423,0.18114473285278132,3.1349205471428574,1.1428571428571428
27.428571428571423,0.18114473285278132,3.1349205471428574,1.2
27.428571428571423,0.18114473285278132,3.373015778571429,0.8
27.428571428571423,0.18114473285278132,3.373015778571429,0.8571428571428572
27.428571428571423,0.18114473285278132,3.373015778571429,0.9142857142857143
27.428571428571423,0.18114473285278132,3.373015778571429,0.9714285714285714
27.428571428571423,0.18114473285278132,3.373015778571429,1.0285714285714285
27.428571428571423,0.18114473285278132,3.373015778571429,1.0857142857142856
27.428571428571423,0.18114473285278132,3.373015778571429,1.1428571428571428
27.428571428571423,0.18114473285278132,3.373015778571429,1.2
27.428571428571423,0.18114473285278132,3.61111101,0.8
27.428571428571423,0.18114473285278132,3.61111101,0.8571428571428572
27.428571428571423,0.18114473285278132,3.61111101,0.9142857142857143
27.428571428571423,0.18114473285278132,3.61111101,0.9714285714285714
27.428571428571423,0.18114473285278132,3.61111101,1.0285714285714285
27.428571428571423,0.18114473285278132,3.61111101,1.0857142857142856
27.428571428571423,0.18114473285278132,3.61111101,1.1428571428571428
27.428571428571423,0.18114473285278132,3.61111101,1.2
27.428571428571423,0.22081790273476246,1.94444439,0.8
27.428571428571423,0.22081790273476246,1.94444439,0.8571428571428572
27.428571428571423,0.22081790273476246,1.94444439,0.9142857142857143
27.428571428571423,0.22081790273476246,1.94444439,0.9714285714285714
27.428571428571423,0.22081790273476246,1.94444439,1.0285714285714285
27.428571428571423,0.22081790273476246,1.94444439,1.0857142857142856
27.428571428571423,0.22081790273476246,1.94444439,1.1428571428571428
27.428571428571423,0.22081790273476246,1.94444439,1.2
27.428571428571423,0.22081790273476246,2.1825396214285715,0.8
27.428571428571423,0.22081790273476246,2.1825396214285715,0.8571428571428572
27.428571428571423,0.22081790273476246,2.1825396214285715,0.9142857142857143
27.428571428571423,0.22081790273476246,2.1825396214285715,0.9714285714285714
27.428571428571423,0.22081790273476246,2.1825396214285715,1.0285714285714285
27.428571428571423,0.22081790273476246,2.1825396214285715,1.0857142857142856
27.428571428571423,0.22081790273476246,2.1825396214285715,1.1428571428571428
27.428571428571423,0.22081790273476246,2.1825396214285715,1.2
27.428571428571423,0.22081790273476246,2.420634852857143,0.8
27.428571428571423,0.22081790273476246,2.420634852857143,0.8571428571428572
27.428571428571423,0.22081790273476246,2.420634852857143,0.9142857142857143
27.428571428571423,0.22081790273476246,2.420634852857143,0.9714285714285714
27.428571428571423,0.22081790273476246,2.420634852857143,1.0285714285714285
27.428571428571423,0.22081790273476246,2.420634852857143,1.0857142857142856
27.428571428571423,0.22081790273476246,2.420634852857143,1.1428571428571428
27.428571428571423,0.22081790273476246,2.420634852857143,1.2
27.428571428571423,0.22081790273476246,2.6587300842857142,0.8
27.428571428571423,0.22081790273476246,2.6587300842857142,0.8571428571428572
27.428571428571423,0.22081790273476246,2.6587300842857142,0.9142857142857143
27.428571428571423,0.22081790273476246,2.6587300842857142,0.9714285714285714
27.428571428571423,0.22081790273476246,2.6587300842857142,1.0285714285714285
27.428571428571423,0.22081790273476246,2.6587300842857142,1.0857142857142856
27.428571428571423,0.22081790273476246,2.6587300842857142,1.1428571428571428
27.428571428571423,0.22081790273476246,2.6587300842857142,1.2
27.428571428571423,0.22081790273476246,2.896825315714286,0.8
27.428571428571423,0.22081790273476246,2.896825315714286,0.8571428571428572
27.428571428571423,0.22081790273476246,2.896825315714286,0.9142857142857143
27.428571428571423,0.22081790273476246,2.896825315714286,0.9714285714285714
27.428571428571423,0.22081790273476246,2.896825315714286,1.0285714285714285
27.428571428571423,0.22081790273476246,2.896825315714286,1.0857142857142856
27.428571428571423,0.22081790273476246,2.896825315714286,1.1428571428571428
27.428571428571423,0.22081790273476246,2.896825315714286,1.2
27.428571428571423,0.22081790273476246,3.1349205471428574,0.8
27.428571428571423,0.22081790273476246,3.1349205471428574,0.8571428571428572
27.428571428571423,0.22081790273476246,3.1349205471428574,0.9142857142857143
27.428571428571423,0.22081790273476246,3.1349205471428574,0.9714285714285714
27.428571428571423,0.22081790273476246,3.1349205471428574,1.0285714285714285
27.428571428571423,0.22081790273476246,3.1349205471428574,1.0857142857142856
27.428571428571423,0.22081790273476246,3.1349205471428574,1.1428571428571428
27.428571428571423,0.22081790273476246,3.1349205471428574,1.2
27.428571428571423,0.22081790273476246,3.373015778571429,0.8
27.428571428571423,0.22081790273476246,3.373015778571429,0.8571428571428572
27.428571428571423,0.22081790273476246,3.373015778571429,0.9142857142857143
27.428571428571423,0.22081790273476246,3.373015778571429,0.9714285714285714
27.428571428571423,0.22081790273476246,3.373015778571429,1.0285714285714285
27.428571428571423,0.22081790273476246,3.373015778571429,1.0857142857142856
27.428571428571423,0.22081790273476246,3.373015778571429,1.1428571428571428
27.428571428571423,0.22081790273476246,3.373015778571429,1.2
27.428571428571423,0.22081790273476246,3.61111101,0.8
27.428571428571423,0.22081790273476246,3.61111101,0.8571428571428572
27.428571428571423,0.22081790273476246,3.61111101,0.9142857142857143
27.428571428571423,0.22081790273476246,3.61111101,0.9714285714285714
27.428571428571423,0.22081790273476246,3.61111101,1.0285714285714285
27.428571428571423,0.22081790273476246,3.61111101,1.0857142857142856
27.428571428571423,0.22081790273476246,3.61111101,1.1428571428571428
27.428571428571423,0.22081790273476246,3.61111101,1.2
27.428571428571423,0.26918003852647127,1.94444439,0.8
27.428571428571423,0.26918003852647127,1.94444439,0.8571428571428572
27.428571428571423,0.26918003852647127,1.94444439,0.9142857142857143
27.428571428571423,0.26918003852647127,1.94444439,0.9714285714285714
27.428571428571423,0.26918003852647127,1.94444439,1.0285714285714285
27.428571428571423,0.26918003852647127,1.94444439,1.0857142857142856
27.428571428571423,0.26918003852647127,1.94444439,1.1428571428571428
27.428571428571423,0.26918003852647127,1.94444439,1.2
27.428571428571423,0.26918003852647127,2.1825396214285715,0.8
27.428571428571423,0.26918003852647127,2.1825396214285715,0.8571428571428572
27.428571428571423,0.26918003852647127,2.1825396214285715,0.9142857142857143
27.428571428571423,0.26918003852647127,2.1825396214285715,0.9714285714285714
27.428571428571423,0.26918003852647127,2.1825396214285715,1.0285714285714285
27.428571428571423,0.26918003852647127,2.1825396214285715,1.0857142857142856
27.428571428571423,0.26918003852647127,2.1825396214285715,1.1428571428571428
27.428571428571423,0.26918003852647127,2.1825396214285715,1.2
27.428571428571423,0.26918003852647127,2.420634852857143,0.8
27.428571428571423,0.26918003852647127,2.420634852857143,0.8571428571428572
27.428571428571423,0.26918003852647127,2.420634852857143,0.9142857142857143
27.428571428571423,0.26918003852647127,2.420634852857143,0.9714285714285714
27.428571428571423,0.26918003852647127,2.420634852857143,1.0285714285714285
27.428571428571423,0.26918003852647127,2.420634852857143,1.0857142857142856
27.428571428571423,0.26918003852647127,2.420634852857143,1.1428571428571428
27.428571428571423,0.26918003852647127,2.420634852857143,1.2
27.428571428571423,0.26918003852647127,2.6587300842857142,0.8
27.428571428571423,0.26918003852647127,2.6587300842857142,0.8571428571428572
27.428571428571423,0.26918003852647127,2.6587300842857142,0.9142857142857143
27.428571428571423,0.26918003852647127,2.6587300842857142,0.9714285714285714
27.428571428571423,0.26918003852647127,2.6587300842857142,1.0285714285714285
27.428571428571423,0.26918003852647127,2.6587300842857142,1.0857142857142856
27.428571428571423,0.26918003852647127,2.6587300842857142,1.1428571428571428
27.428571428571423,0.26918003852647127,2.6587300842857142,1.2
27.428571428571423,0.26918003852647127,2.896825315714286,0.8
27.428571428571423,0.26918003852647127,2.896825315714286,0.8571428571428572
27.428571428571423,0.26918003852647127,2.896825315714286,0.9142857142857143
27.428571428571423,0.26918003852647127,2.896825315714286,0.9714285714285714
27.428571428571423,0.26918003852647127,2.896825315714286,1.0285714285714285
27.428571428571423,0.26918003852647127,2.896825315714286,1.0857142857142856
27.428571428571423,0.26918003852647127,2.896825315714286,1.1428571428571428
27.428571428571423,0.26918003852647127,2.896825315714286,1.2
27.428571428571423,0.26918003852647127,3.1349205471428574,0.8
27.428571428571423,0.26918003852647127,3.1349205471428574,0.8571428571428572
27.428571428571423,0.26918003852647127,3.1349205471428574,0.9142857142857143
27.428571428571423,0.26918003852647127,3.1349205471428574,0.9714285714285714
27.428571428571423,0.26918003852647127,3.1349205471428574,1.0285714285714285
27.428571428571423,0.26918003852647127,3.1349205471428574,1.0857142857142856
27.428571428571423,0.26918003852647127,3.1349205471428574,1.1428571428571428
27.428571428571423,0.26918003852647127,3.1349205471428574,1.2
27.428571428571423,0.26918003852647127,3.373015778571429,0.8
27.428571428571423,0.26918003852647127,3.373015778571429,0.8571428571428572
27.428571428571423,0.26918003852647127,3.373015778571429,0.9142857142857143
27.428571428571423,0.26918003852647127,3.373015778571429,0.9714285714285714
27.428571428571423,0.26918003852647127,3.373015778571429,1.0285714285714285
27.428571428571423,0.26918003852647127,3.373015778571429,1.0857142857142856
27.428571428571423,0.26918003852647127,3.373015778571429,1.1428571428571428
27.428571428571423,0.26918003852647127,3.373015778571429,1.2
27.428571428571423,0.26918003852647127,3.61111101,0.8
27.428571428571423,0.26918003852647127,3.61111101,0.8571428571428572
27.428571428571423,0.26918003852647127,3.61111101,0.9142857142857143
27.428571428571423,0.26918003852647127,3.61111101,0.9714285714285714
27.428571428571423,0.26918003852647127,3.61111101,1.0285714285714285
27.428571428571423,0.26918003852647127,3.61111101,1.0857142857142856
27.428571428571423,0.26918003852647127,3.61111101,1.1428571428571428
27.428571428571423,0.26918003852647127,3.61111101,1.2
27.428571428571423,0.32813414240305516,1.94444439,0.8
27.428571428571423,0.32813414240305516,1.94444439,0.8571428571428572
27.428571428571423,0.32813414240305516,1.94444439,0.9142857142857143
27.428571428571423,0.32813414240305516,1.94444439,0.9714285714285714
27.428571428571423,0.32813414240305516,1.94444439,1.0285714285714285
27.428571428571423,0.32813414240305516,1.94444439,1.0857142857142856
27.428571428571423,0.32813414240305516,1.94444439,1.1428571428571428
27.428571428571423,0.32813414240305516,1.94444439,1.2
27.428571428571423,0.32813414240305516,2.1825396214285715,0.8
27.428571428571423,0.32813414240305516,2.1825396214285715,0.8571428571428572
27.428571428571423,0.32813414240305516,2.1825396214285715,0.9142857142857143
27.428571428571423,0.32813414240305516,2.1825396214285715,0.9714285714285714
27.428571428571423,0.32813414240305516,2.1825396214285715,1.0285714285714285
27.428571428571423,0.32813414240305516,2.1825396214285715,1.0857142857142856
27.428571428571423,0.32813414240305516,2.1825396214285715,1.1428571428571428
27.428571428571423,0.32813414240305516,2.1825396214285715,1.2
27.428571428571423,0.32813414240305516,2.420634852857143,0.8
27.428571428571423,0.32813414240305516,2.420634852857143,0.8571428571428572
27.428571428571423,0.32813414240305516,2.420634852857143,0.9142857142857143
27.428571428571423,0.32813414240305516,2.420634852857143,0.9714285714285714
27.428571428571423,0.32813414240305516,2.420634852857143,1.0285714285714285
27.428571428571423,0.32813414240305516,2.420634852857143,1.0857142857142856
27.428571428571423,0.32813414240305516,2.420634852857143,1.1428571428571428
27.428571428571423,0.32813414240305516,2.420634852857143,1.2
27.428571428571423,0.32813414240305516,2.6587300842857142,0.8
27.428571428571423,0.32813414240305516,2.6587300842857142,0.8571428571428572
27.428571428571423,0.32813414240305516,2.6587300842857142,0.9142857142857143
27.428571428571423,0.32813414240305516,2.6587300842857142,0.9714285714285714
27.428571428571423,0.32813414240305516,2.6587300842857142,1.0285714285714285
27.428571428571423,0.32813414240305516,2.6587300842857142,1.0857142857142856
27.428571428571423,0.32813414240305516,2.6587300842857142,1.1428571428571428
27.428571428571423,0.32813414240305516,2.6587300842857142,1.2
27.428571428571423,0.32813414240305516,2.896825315714286,0.8
27.428571428571423,0.32813414240305516,2.896825315714286,0.8571428571428572
27.428571428571423,0.32813414240305516,2.896825315714286,0.9142857142857143
27.428571428571423,0.32813414240305516,2.896825315714286,0.9714285714285714
27.428571428571423,0.32813414240305516,2.896825315714286,1.0285714285714285
27.428571428571423,0.32813414240305516,2.896825315714286,1.0857142857142856
27.428571428571423,0.32813414240305516,2.896825315714286,1.1428571428571428
27.428571428571423,0.32813414240305516,2.896825315714286,1.2
27.428571428571423,0.32813414240305516,3.1349205471428574,0.8
27.428571428571423,0.32813414240305516,3.1349205471428574,0.8571428571428572
27.428571428571423,0.32813414240305516,3.1349205471428574,0.9142857142857143
27.428571428571423,0.32813414240305516,3.1349205471428574,0.9714285714285714
27.428571428571423,0.32813414240305516,3.1349205471428574,1.0285714285714285
27.428571428571423,0.32813414240305516,3.1349205471428574,1.0857142857142856
27.428571428571423,0.32813414240305516,3.1349205471428574,1.1428571428571428
27.428571428571423,0.32813414240305516,3.1349205471428574,1.2
27.428571428571423,0.32813414240305516,3.373015778571429,0.8
27.428571428571423,0.32813414240305516,3.373015778571429,0.8571428571428572
27.428571428571423,0.32813414240305516,3.373015778571429,0.9142857142857143
27.428571428571423,0.32813414240305516,3.373015778571429,0.9714285714285714
27.428571428571423,0.32813414240305516,3.373015778571429,1.0285714285714285
27.428571428571423,0.32813414240305516,3.373015778571429,1.0857142857142856
27.428571428571423,0.32813414240305516,3.373015778571429,1.1428571428571428
27.428571428571423,0.32813414240305516,3.373015778571429,1.2
27.428571428571423,0.32813414240305516,3.61111101,0.8
27.428571428571423,0.32813414240305516,3.61111101,0.8571428571428572
27.428571428571423,0.32813414240305516,3.61111101,0.9142857142857143
27.428571428571423,0.32813414240305516,3.61111101,0.9714285714285714
27.428571428571423,0.32813414240305516,3.61111101,1.0285714285714285
27.428571428571423,0.32813414240305516,3.61111101,1.0857142857142856
27.428571428571423,0.32813414240305516,3.61111101,1.1428571428571428
27.428571428571423,0.32813414240305516,3.61111101,1.2
27.428571428571423,0.4,1.94444439,0.8
27.428571428571423,0.4,1.94444439,0.8571428571428572
27.428571428571423,0.4,1.94444439,0.9142857142857143
27.428571428571423,0.4,1.94444439,0.9714285714285714
27.428571428571423,0.4,1.94444439,1.0285714285714285
27.428571428571423,0.4,1.94444439,1.0857142857142856
27.428571428571423,0.4,1.94444439,1.1428571428571428
27.428571428571423,0.4,1.94444439,1.2
27.428571428571423,0.4,2.1825396214285715,0.8
27.428571428571423,0.4,2.1825396214285715,0.8571428571428572
27.428571428571423,0.4,2.1825396214285715,0.9142857142857143
27.428571428571423,0.4,2.1825396214285715,0.9714285714285714
27.428571428571423,0.4,2.1825396214285715,1.0285714285714285
27.428571428571423,0.4,2.1825396214285715,1.0857142857142856
27.428571428571423,0.4,2.1825396214285715,1.1428571428571428
27.428571428571423,0.4,2.1825396214285715,1.2
27.428571428571423,0.4,2.420634852857143,0.8
27.428571428571423,0.4,2.420634852857143,0.8571428571428572
27.428571428571423,0.4,2.420634852857143,0.9142857142857143
27.428571428571423,0.4,2.420634852857143,0.9714285714285714
27.428571428571423,0.4,2.420634852857143,1.0285714285714285
27.428571428571423,0.4,2.420634852857143,1.0857142857142856
27.428571428571423,0.4,2.420634852857143,1.1428571428571428
27.428571428571423,0.4,2.420634852857143,1.2
27.428571428571423,0.4,2.6587300842857142,0.8
27.428571428571423,0.4,2.6587300842857142,0.8571428571428572
27.428571428571423,0.4,2.6587300842857142,0.9142857142857143
27.428571428571423,0.4,2.6587300842857142,0.9714285714285714
27.428571428571423,0.4,2.6587300842857142,1.0285714285714285
27.428571428571423,0.4,2.6587300842857142,1.0857142857142856
27.428571428571423,0.4,2.6587300842857142,1.1428571428571428
27.428571428571423,0.4,2.6587300842857142,1.2
27.428571428571423,0.4,2.896825315714286,0.8
27.428571428571423,0.4,2.896825315714286,0.8571428571428572
27.428571428571423,0.4,2.896825315714286,0.9142857142857143
27.428571428571423,0.4,2.896825315714286,0.9714285714285714
27.428571428571423,0.4,2.896825315714286,1.0285714285714285
27.428571428571423,0.4,2.896825315714286,1.0857142857142856
27.428571428571423,0.4,2.896825315714286,1.1428571428571428
27.428571428571423,0.4,2.896825315714286,1.2
27.428571428571423,0.4,3.1349205471428574,0.8
27.428571428571423,0.4,3.1349205471428574,0.8571428571428572
27.428571428571423,0.4,3.1349205471428574,0.9142857142857143
27.428571428571423,0.4,3.1349205471428574,0.9714285714285714
27.428571428571423,0.4,3.1349205471428574,1.0285714285714285
27.428571428571423,0.4,3.1349205471428574,1.0857142857142856
27.428571428571423,0.4,3.1349205471428574,1.1428571428571428
27.428571428571423,0.4,3.1349205471428574,1.2
27.428571428571423,0.4,3.373015778571429,0.8
27.428571428571423,0.4,3.373015778571429,0.8571428571428572
27.428571428571423,0.4,3.373015778571429,0.9142857142857143
27.428571428571423,0.4,3.373015778571429,0.9714285714285714
27.428571428571423,0.4,3.373015778571429,1.0285714285714285
27.428571428571423,0.4,3.373015778571429,1.0857142857142856
27.428571428571423,0.4,3.373015778571429,1.1428571428571428
27.428571428571423,0.4,3.373015778571429,1.2
27.428571428571423,0.4,3.61111101,0.8
27.428571428571423,0.4,3.61111101,0.8571428571428572
27.428571428571423,0.4,3.61111101,0.9142857142857143
27.428571428571423,0.4,3.61111101,0.9714285714285714
27.428571428571423,0.4,3.61111101,1.0285714285714285
27.428571428571423,0.4,3.61111101,1.0857142857142856
27.428571428571423,0.4,3.61111101,1.1428571428571428
27.428571428571423,0.4,3.61111101,1.2
29.14285714285714,0.1,1.94444439,0.8
29.14285714285714,0.1,1.94444439,0.8571428571428572
29.14285714285714,0.1,1.94444439,0.9142857142857143
29.14285714285714,0.1,1.94444439,0.9714285714285714
29.14285714285714,0.1,1.94444439,1.0285714285714285
29.14285714285714,0.1,1.94444439,1.0857142857142856
29.14285714285714,0.1,1.94444439,1.1428571428571428
29.14285714285714,0.1,1.94444439,1.2
29.14285714285714,0.1,2.1825396214285715,0.8
29.14285714285714,0.1,2.1825396214285715,0.8571428571428572
29.14285714285714,0.1,2.1825396214285715,0.9142857142857143
29.14285714285714,0.1,2.1825396214285715,0.9714285714285714
29.14285714285714,0.1,2.1825396214285715,1.0285714285714285
29.14285714285714,0.1,2.1825396214285715,1.0857142857142856
29.14285714285714,0.1,2.1825396214285715,1.1428571428571428
29.14285714285714,0.1,2.1825396214285715,1.2
29.14285714285714,0.1,2.420634852857143,0.8
29.14285714285714,0.1,2.420634852857143,0.8571428571428572
29.14285714285714,0.1,2.420634852857143,0.9142857142857143
29.14285714285714,0.1,2.420634852857143,0.9714285714285714
29.14285714285714,0.1,2.420634852857143,1.0285714285714285
29.14285714285714,0.1,2.420634852857143,1.0857142857142856
29.14285714285714,0.1,2.420634852857143,1.1428571428571428
29.14285714285714,0.1,2.420634852857143,1.2
29.14285714285714,0.1,2.6587300842857142,0.8
29.14285714285714,0.1,2.6587300842857142,0.8571428571428572
29.14285714285714,0.1,2.6587300842857142,0.9142857142857143
29.14285714285714,0.1,2.6587300842857142,0.9714285714285714
29.14285714285714,0.1,2.6587300842857142,1.0285714285714285
29.14285714285714,0.1,2.6587300842857142,1.0857142857142856
29.14285714285714,0.1,2.6587300842857142,1.1428571428571428
29.14285714285714,0.1,2.6587300842857142,1.2
29.14285714285714,0.1,2.896825315714286,0.8
29.14285714285714,0.1,2.896825315714286,0.8571428571428572
29.14285714285714,0.1,2.896825315714286,0.9142857142857143
29.14285714285714,0.1,2.896825315714286,0.9714285714285714
29.14285714285714,0.1,2.896825315714286,1.0285714285714285
29.14285714285714,0.1,2.896825315714286,1.0857142857142856
29.14285714285714,0.1,2.896825315714286,1.1428571428571428
29.14285714285714,0.1,2.896825315714286,1.2
29.14285714285714,0.1,3.1349205471428574,0.8
29.14285714285714,0.1,3.1349205471428574,0.8571428571428572
29.14285714285714,0.1,3.1349205471428574,0.9142857142857143
29.14285714285714,0.1,3.1349205471428574,0.9714285714285714
29.14285714285714,0.1,3.1349205471428574,1.0285714285714285
29.14285714285714,0.1,3.1349205471428574,1.0857142857142856
29.14285714285714,0.1,3.1349205471428574,1.1428571428571428
29.14285714285714,0.1,3.1349205471428574,1.2
29.14285714285714,0.1,3.373015778571429,0.8
29.14285714285714,0.1,3.373015778571429,0.8571428571428572
29.14285714285714,0.1,3.373015778571429,0.9142857142857143
29.14285714285714,0.1,3.373015778571429,0.9714285714285714
29.14285714285714,0.1,3.373015778571429,1.0285714285714285
29.14285714285714,0.1,3.373015778571429,1.0857142857142856
29.14285714285714,0.1,3.373015778571429,1.1428571428571428
29.14285714285714,0.1,3.373015778571429,1.2
29.14285714285714,0.1,3.61111101,0.8
29.14285714285714,0.1,3.61111101,0.8571428571428572
29.14285714285714,0.1,3.61111101,0.9142857142857143
29.14285714285714,0.1,3.61111101,0.9714285714285714
29.14285714285714,0.1,3.61111101,1.0285714285714285
29.14285714285714,0.1,3.61111101,1.0857142857142856
29.14285714285714,0.1,3.61111101,1.1428571428571428
29.14285714285714,0.1,3.61111101,1.2
29.14285714285714,0.12190136542044755,1.94444439,0.8
29.14285714285714,0.12190136542044755,1.94444439,0.8571428571428572
29.14285714285714,0.12190136542044755,1.94444439,0.9142857142857143
29.14285714285714,0.12190136542044755,1.94444439,0.9714285714285714
29.14285714285714,0.12190136542044755,1.94444439,1.0285714285714285
29.14285714285714,0.12190136542044755,1.94444439,1.0857142857142856
29.14285714285714,0.12190136542044755,1.94444439,1.1428571428571428
29.14285714285714,0.12190136542044755,1.94444439,1.2
29.14285714285714,0.12190136542044755,2.1825396214285715,0.8
29.14285714285714,0.12190136542044755,2.1825396214285715,0.8571428571428572
29.14285714285714,0.12190136542044755,2.1825396214285715,0.9142857142857143
29.14285714285714,0.12190136542044755,2.1825396214285715,0.9714285714285714
29.14285714285714,0.12190136542044755,2.1825396214285715,1.0285714285714285
29.14285714285714,0.12190136542044755,2.1825396214285715,1.0857142857142856
29.14285714285714,0.12190136542044755,2.1825396214285715,1.1428571428571428
29.14285714285714,0.12190136542044755,2.1825396214285715,1.2
29.14285714285714,0.12190136542044755,2.420634852857143,0.8
29.14285714285714,0.12190136542044755,2.420634852857143,0.8571428571428572
29.14285714285714,0.12190136542044755,2.420634852857143,0.9142857142857143
29.14285714285714,0.12190136542044755,2.420634852857143,0.9714285714285714
29.14285714285714,0.12190136542044755,2.420634852857143,1.0285714285714285
29.14285714285714,0.12190136542044755,2.420634852857143,1.0857142857142856
29.14285714285714,0.12190136542044755,2.420634852857143,1.1428571428571428
29.14285714285714,0.12190136542044755,2.420634852857143,1.2
29.14285714285714,0.12190136542044755,2.6587300842857142,0.8
29.14285714285714,0.12190136542044755,2.6587300842857142,0.8571428571428572
29.14285714285714,0.12190136542044755,2.6587300842857142,0.9142857142857143
29.14285714285714,0.12190136542044755,2.6587300842857142,0.9714285714285714
29.14285714285714,0.12190136542044755,2.6587300842857142,1.0285714285714285
29.14285714285714,0.12190136542044755,2.6587300842857142,1.0857142857142856
29.14285714285714,0.12190136542044755,2.6587300842857142,1.1428571428571428
29.14285714285714,0.12190136542044755,2.6587300842857142,1.2
29.14285714285714,0.12190136542044755,2.896825315714286,0.8
29.14285714285714,0.12190136542044755,2.896825315714286,0.8571428571428572
29.14285714285714,0.12190136542044755,2.896825315714286,0.9142857142857143
29.14285714285714,0.12190136542044755,2.896825315714286,0.9714285714285714
29.14285714285714,0.12190136542044755,2.896825315714286,1.0285714285714285
29.14285714285714,0.12190136542044755,2.896825315714286,1.0857142857142856
29.14285714285714,0.12190136542044755,2.896825315714286,1.1428571428571428
29.14285714285714,0.12190136542044755,2.896825315714286,1.2
29.14285714285714,0.12190136542044755,3.1349205471428574,0.8
29.14285714285714,0.12190136542044755,3.1349205471428574,0.8571428571428572
29.14285714285714,0.12190136542044755,3.1349205471428574,0.9142857142857143
29.14285714285714,0.12190136542044755,3.1349205471428574,0.9714285714285714
29.14285714285714,0.12190136542044755,3.1349205471428574,1.0285714285714285
29.14285714285714,0.12190136542044755,3.1349205471428574,1.0857142857142856
29.14285714285714,0.12190136542044755,3.1349205471428574,1.1428571428571428
29.14285714285714,0.12190136542044755,3.1349205471428574,1.2
29.14285714285714,0.12190136542044755,3.373015778571429,0.8
29.14285714285714,0.12190136542044755,3.373015778571429,0.8571428571428572
29.14285714285714,0.12190136542044755,3.373015778571429,0.9142857142857143
29.14285714285714,0.12190136542044755,3.373015778571429,0.9714285714285714
29.14285714285714,0.12190136542044755,3.373015778571429,1.0285714285714285
29.14285714285714,0.12190136542044755,3.373015778571429,1.0857142857142856
29.14285714285714,0.12190136542044755,3.373015778571429,1.1428571428571428
29.14285714285714,0.12190136542044755,3.373015778571429,1.2
29.14285714285714,0.12190136542044755,3.61111101,0.8
29.14285714285714,0.12190136542044755,3.61111101,0.8571428571428572
29.14285714285714,0.12190136542044755,3.61111101,0.9142857142857143
29.14285714285714,0.12190136542044755,3.61111101,0.9714285714285714
29.14285714285714,0.12190136542044755,3.61111101,1.0285714285714285
29.14285714285714,0.12190136542044755,3.61111101,1.0857142857142856
29.14285714285714,0.12190136542044755,3.61111101,1.1428571428571428
29.14285714285714,0.12190136542044755,3.61111101,1.2
29.14285714285714,0.14859942891369485,1.94444439,0.8
29.14285714285714,0.14859942891369485,1.94444439,0.8571428571428572
29.14285714285714,0.14859942891369485,1.94444439,0.9142857142857143
29.14285714285714,0.14859942891369485,1.94444439,0.9714285714285714
29.14285714285714,0.14859942891369485,1.94444439,1.0285714285714285
29.14285714285714,0.14859942891369485,1.94444439,1.0857142857142856
29.14285714285714,0.14859942891369485,1.94444439,1.1428571428571428
29.14285714285714,0.14859942891369485,1.94444439,1.2
29.14285714285714,0.14859942891369485,2.1825396214285715,0.8
29.14285714285714,0.14859942891369485,2.1825396214285715,0.8571428571428572
29.14285714285714,0.14859942891369485,2.1825396214285715,0.9142857142857143
29.14285714285714,0.14859942891369485,2.1825396214285715,0.9714285714285714
29.14285714285714,0.14859942891369485,2.1825396214285715,1.0285714285714285
29.14285714285714,0.14859942891369485,2.1825396214285715,1.0857142857142856
29.14285714285714,0.14859942891369485,2.1825396214285715,1.1428571428571428
29.14285714285714,0.14859942891369485,2.1825396214285715,1.2
29.14285714285714,0.14859942891369485,2.420634852857143,0.8
29.14285714285714,0.14859942891369485,2.420634852857143,0.8571428571428572
29.14285714285714,0.14859942891369485,2.420634852857143,0.9142857142857143
29.14285714285714,0.14859942891369485,2.420634852857143,0.9714285714285714
29.14285714285714,0.14859942891369485,2.420634852857143,1.0285714285714285
29.14285714285714,0.14859942891369485,2.420634852857143,1.0857142857142856
29.14285714285714,0.14859942891369485,2.420634852857143,1.1428571428571428
29.14285714285714,0.14859942891369485,2.420634852857143,1.2
29.14285714285714,0.14859942891369485,2.6587300842857142,0.8
29.14285714285714,0.14859942891369485,2.6587300842857142,0.8571428571428572
29.14285714285714,0.14859942891369485,2.6587300842857142,0.9142857142857143
29.14285714285714,0.14859942891369485,2.6587300842857142,0.9714285714285714
29.14285714285714,0.14859942891369485,2.6587300842857142,1.0285714285714285
29.14285714285714,0.14859942891369485,2.6587300842857142,1.0857142857142856
29.14285714285714,0.14859942891369485,2.6587300842857142,1.1428571428571428
29.14285714285714,0.14859942891369485,2.6587300842857142,1.2
29.14285714285714,0.14859942891369485,2.896825315714286,0.8
29.14285714285714,0.14859942891369485,2.896825315714286,0.8571428571428572
29.14285714285714,0.14859942891369485,2.896825315714286,0.9142857142857143
29.14285714285714,0.14859942891369485,2.896825315714286,0.9714285714285714
29.14285714285714,0.14859942891369485,2.896825315714286,1.0285714285714285
29.14285714285714,0.14859942891369485,2.896825315714286,1.0857142857142856
29.14285714285714,0.14859942891369485,2.896825315714286,1.1428571428571428
29.14285714285714,0.14859942891369485,2.896825315714286,1.2
29.14285714285714,0.14859942891369485,3.1349205471428574,0.8
29.14285714285714,0.14859942891369485,3.1349205471428574,0.8571428571428572
29.14285714285714,0.14859942891369485,3.1349205471428574,0.9142857142857143
29.14285714285714,0.14859942891369485,3.1349205471428574,0.9714285714285714
29.14285714285714,0.14859942891369485,3.1349205471428574,1.0285714285714285
29.14285714285714,0.14859942891369485,3.1349205471428574,1.0857142857142856
29.14285714285714,0.14859942891369485,3.1349205471428574,1.1428571428571428
29.14285714285714,0.14859942891369485,3.1349205471428574,1.2
29.14285714285714,0.14859942891369485,3.373015778571429,0.8
29.14285714285714,0.14859942891369485,3.373015778571429,0.8571428571428572
29.14285714285714,0.14859942891369485,3.373015778571429,0.9142857142857143
29.14285714285714,0.14859942891369485,3.373015778571429,0.9714285714285714
29.14285714285714,0.14859942891369485,3.373015778571429,1.0285714285714285
29.14285714285714,0.14859942891369485,3.373015778571429,1.0857142857142856
29.14285714285714,0.14859942891369485,3.373015778571429,1.1428571428571428
29.14285714285714,0.14859942891369485,3.373015778571429,1.2
29.14285714285714,0.14859942891369485,3.61111101,0.8
29.14285714285714,0.14859942891369485,3.61111101,0.8571428571428572
29.14285714285714,0.14859942891369485,3.61111101,0.9142857142857143
29.14285714285714,0.14859942891369485,3.61111101,0.9714285714285714
29.14285714285714,0.14859942891369485,3.61111101,1.0285714285714285
29.14285714285714,0.14859942891369485,3.61111101,1.0857142857142856
29.14285714285714,0.14859942891369485,3.61111101,1.1428571428571428
29.14285714285714,0.14859942891369485,3.61111101,1.2
29.14285714285714,0.18114473285278132,1.94444439,0.8
29.14285714285714,0.18114473285278132,1.94444439,0.8571428571428572
29.14285714285714,0.18114473285278132,1.94444439,0.9142857142857143
29.14285714285714,0.18114473285278132,1.94444439,0.9714285714285714
29.14285714285714,0.18114473285278132,1.94444439,1.0285714285714285
29.14285714285714,0.18114473285278132,1.94444439,1.0857142857142856
29.14285714285714,0.18114473285278132,1.94444439,1.1428571428571428
29.14285714285714,0.18114473285278132,1.94444439,1.2
29.14285714285714,0.18114473285278132,2.1825396214285715,0.8
29.14285714285714,0.18114473285278132,2.1825396214285715,0.8571428571428572
29.14285714285714,0.18114473285278132,2.1825396214285715,0.9142857142857143
29.14285714285714,0.18114473285278132,2.1825396214285715,0.9714285714285714
29.14285714285714,0.18114473285278132,2.1825396214285715,1.0285714285714285
29.14285714285714,0.18114473285278132,2.1825396214285715,1.0857142857142856
29.14285714285714,0.18114473285278132,2.1825396214285715,1.1428571428571428
29.14285714285714,0.18114473285278132,2.1825396214285715,1.2
29.14285714285714,0.18114473285278132,2.420634852857143,0.8
29.14285714285714,0.18114473285278132,2.420634852857143,0.8571428571428572
29.14285714285714,0.18114473285278132,2.420634852857143,0.9142857142857143
29.14285714285714,0.18114473285278132,2.420634852857143,0.9714285714285714
29.14285714285714,0.18114473285278132,2.420634852857143,1.0285714285714285
29.14285714285714,0.18114473285278132,2.420634852857143,1.0857142857142856
29.14285714285714,0.18114473285278132,2.420634852857143,1.1428571428571428
29.14285714285714,0.18114473285278132,2.420634852857143,1.2
29.14285714285714,0.18114473285278132,2.6587300842857142,0.8
29.14285714285714,0.18114473285278132,2.6587300842857142,0.8571428571428572
29.14285714285714,0.18114473285278132,2.6587300842857142,0.9142857142857143
29.14285714285714,0.18114473285278132,2.6587300842857142,0.9714285714285714
29.14285714285714,0.18114473285278132,2.6587300842857142,1.0285714285714285
29.14285714285714,0.18114473285278132,2.6587300842857142,1.0857142857142856
29.14285714285714,0.18114473285278132,2.6587300842857142,1.1428571428571428
29.14285714285714,0.18114473285278132,2.6587300842857142,1.2
29.14285714285714,0.18114473285278132,2.896825315714286,0.8
29.14285714285714,0.18114473285278132,2.896825315714286,0.8571428571428572
29.14285714285714,0.18114473285278132,2.896825315714286,0.9142857142857143
29.14285714285714,0.18114473285278132,2.896825315714286,0.9714285714285714
29.14285714285714,0.18114473285278132,2.896825315714286,1.0285714285714285
29.14285714285714,0.18114473285278132,2.896825315714286,1.0857142857142856
29.14285714285714,0.18114473285278132,2.896825315714286,1.1428571428571428
29.14285714285714,0.18114473285278132,2.896825315714286,1.2
29.14285714285714,0.18114473285278132,3.1349205471428574,0.8
29.14285714285714,0.18114473285278132,3.1349205471428574,0.8571428571428572
29.14285714285714,0.18114473285278132,3.1349205471428574,0.9142857142857143
29.14285714285714,0.18114473285278132,3.1349205471428574,0.9714285714285714
29.14285714285714,0.18114473285278132,3.1349205471428574,1.0285714285714285
29.14285714285714,0.18114473285278132,3.1349205471428574,1.0857142857142856
29.14285714285714,0.18114473285278132,3.1349205471428574,1.1428571428571428
29.14285714285714,0.18114473285278132,3.1349205471428574,1.2
29.14285714285714,0.18114473285278132,3.373015778571429,0.8
29.14285714285714,0.18114473285278132,3.373015778571429,0.8571428571428572
29.14285714285714,0.18114473285278132,3.373015778571429,0.9142857142857143
29.14285714285714,0.18114473285278132,3.373015778571429,0.9714285714285714
29.14285714285714,0.18114473285278132,3.373015778571429,1.0285714285714285
29.14285714285714,0.18114473285278132,3.373015778571429,1.0857142857142856
29.14285714285714,0.18114473285278132,3.373015778571429,1.1428571428571428
29.14285714285714,0.18114473285278132,3.373015778571429,1.2
29.14285714285714,0.18114473285278132,3.61111101,0.8
29.14285714285714,0.18114473285278132,3.61111101,0.8571428571428572
29.14285714285714,0.18114473285278132,3.61111101,0.9142857142857143
29.14285714285714,0.18114473285278132,3.61111101,0.9714285714285714
29.14285714285714,0.18114473285278132,3.61111101,1.0285714285714285
29.14285714285714,0.18114473285278132,3.61111101,1.0857142857142856
29.14285714285714,0.18114473285278132,3.61111101,1.1428571428571428
29.14285714285714,0.18114473285278132,3.61111101,1.2
29.14285714285714,0.22081790273476246,1.94444439,0.8
29.14285714285714,0.22081790273476246,1.94444439,0.8571428571428572
29.14285714285714,0.22081790273476246,1.94444439,0.9142857142857143
29.14285714285714,0.22081790273476246,1.94444439,0.9714285714285714
29.14285714285714,0.22081790273476246,1.94444439,1.0285714285714285
29.14285714285714,0.22081790273476246,1.94444439,1.0857142857142856
29.14285714285714,0.22081790273476246,1.94444439,1.1428571428571428
29.14285714285714,0.22081790273476246,1.94444439,1.2
29.14285714285714,0.22081790273476246,2.1825396214285715,0.8
29.14285714285714,0.22081790273476246,2.1825396214285715,0.8571428571428572
29.14285714285714,0.22081790273476246,2.1825396214285715,0.9142857142857143
29.14285714285714,0.22081790273476246,2.1825396214285715,0.9714285714285714
29.14285714285714,0.22081790273476246,2.1825396214285715,1.0285714285714285
29.14285714285714,0.22081790273476246,2.1825396214285715,1.0857142857142856
29.14285714285714,0.22081790273476246,2.1825396214285715,1.1428571428571428
29.14285714285714,0.22081790273476246,2.1825396214285715,1.2
29.14285714285714,0.22081790273476246,2.420634852857143,0.8
29.14285714285714,0.22081790273476246,2.420634852857143,0.8571428571428572
29.14285714285714,0.22081790273476246,2.420634852857143,0.9142857142857143
29.14285714285714,0.22081790273476246,2.420634852857143,0.9714285714285714
29.14285714285714,0.22081790273476246,2.420634852857143,1.0285714285714285
29.14285714285714,0.22081790273476246,2.420634852857143,1.0857142857142856
29.14285714285714,0.22081790273476246,2.420634852857143,1.1428571428571428
29.14285714285714,0.22081790273476246,2.420634852857143,1.2
29.14285714285714,0.22081790273476246,2.6587300842857142,0.8
29.14285714285714,0.22081790273476246,2.6587300842857142,0.8571428571428572
29.14285714285714,0.22081790273476246,2.6587300842857142,0.9142857142857143
29.14285714285714,0.22081790273476246,2.6587300842857142,0.9714285714285714
29.14285714285714,0.22081790273476246,2.6587300842857142,1.0285714285714285
29.14285714285714,0.22081790273476246,2.6587300842857142,1.0857142857142856
29.14285714285714,0.22081790273476246,2.6587300842857142,1.1428571428571428
29.14285714285714,0.22081790273476246,2.6587300842857142,1.2
29.14285714285714,0.22081790273476246,2.896825315714286,0.8
29.14285714285714,0.22081790273476246,2.896825315714286,0.8571428571428572
29.14285714285714,0.22081790273476246,2.896825315714286,0.9142857142857143
29.14285714285714,0.22081790273476246,2.896825315714286,0.9714285714285714
29.14285714285714,0.22081790273476246,2.896825315714286,1.0285714285714285
29.14285714285714,0.22081790273476246,2.896825315714286,1.0857142857142856
29.14285714285714,0.22081790273476246,2.896825315714286,1.1428571428571428
29.14285714285714,0.22081790273476246,2.896825315714286,1.2
29.14285714285714,0.22081790273476246,3.1349205471428574,0.8
29.14285714285714,0.22081790273476246,3.1349205471428574,0.8571428571428572
29.14285714285714,0.22081790273476246,3.1349205471428574,0.9142857142857143
29.14285714285714,0.22081790273476246,3.1349205471428574,0.9714285714285714
29.14285714285714,0.22081790273476246,3.1349205471428574,1.0285714285714285
29.14285714285714,0.22081790273476246,3.1349205471428574,1.0857142857142856
29.14285714285714,0.22081790273476246,3.1349205471428574,1.1428571428571428
29.14285714285714,0.22081790273476246,3.1349205471428574,1.2
29.14285714285714,0.22081790273476246,3.373015778571429,0.8
29.14285714285714,0.22081790273476246,3.373015778571429,0.8571428571428572
29.14285714285714,0.22081790273476246,3.373015778571429,0.9142857142857143
29.14285714285714,0.22081790273476246,3.373015778571429,0.9714285714285714
29.14285714285714,0.22081790273476246,3.373015778571429,1.0285714285714285
29.14285714285714,0.22081790273476246,3.373015778571429,1.0857142857142856
29.14285714285714,0.22081790273476246,3.373015778571429,1.1428571428571428
29.14285714285714,0.22081790273476246,3.373015778571429,1.2
29.14285714285714,0.22081790273476246,3.61111101,0.8
29.14285714285714,0.22081790273476246,3.61111101,0.8571428571428572
29.14285714285714,0.22081790273476246,3.61111101,0.9142857142857143
29.14285714285714,0.22081790273476246,3.61111101,0.9714285714285714
29.14285714285714,0.22081790273476246,3.61111101,1.0285714285714285
29.14285714285714,0.22081790273476246,3.61111101,1.0857142857142856
29.14285714285714,0.22081790273476246,3.61111101,1.1428571428571428
29.14285714285714,0.22081790273476246,3.61111101,1.2
29.14285714285714,0.26918003852647127,1.94444439,0.8
29.14285714285714,0.26918003852647127,1.94444439,0.8571428571428572
29.14285714285714,0.26918003852647127,1.94444439,0.9142857142857143
29.14285714285714,0.26918003852647127,1.94444439,0.9714285714285714
29.14285714285714,0.26918003852647127,1.94444439,1.0285714285714285
29.14285714285714,0.26918003852647127,1.94444439,1.0857142857142856
29.14285714285714,0.26918003852647127,1.94444439,1.1428571428571428
29.14285714285714,0.26918003852647127,1.94444439,1.2
29.14285714285714,0.26918003852647127,2.1825396214285715,0.8
29.14285714285714,0.26918003852647127,2.1825396214285715,0.8571428571428572
29.14285714285714,0.26918003852647127,2.1825396214285715,0.9142857142857143
29.14285714285714,0.26918003852647127,2.1825396214285715,0.9714285714285714
29.14285714285714,0.26918003852647127,2.1825396214285715,1.0285714285714285
29.14285714285714,0.26918003852647127,2.1825396214285715,1.0857142857142856
29.14285714285714,0.26918003852647127,2.1825396214285715,1.1428571428571428
29.14285714285714,0.26918003852647127,2.1825396214285715,1.2
29.14285714285714,0.26918003852647127,2.420634852857143,0.8
29.14285714285714,0.26918003852647127,2.420634852857143,0.8571428571428572
29.14285714285714,0.26918003852647127,2.420634852857143,0.9142857142857143
29.14285714285714,0.26918003852647127,2.420634852857143,0.9714285714285714
29.14285714285714,0.26918003852647127,2.420634852857143,1.0285714285714285
29.14285714285714,0.26918003852647127,2.420634852857143,1.0857142857142856
29.14285714285714,0.26918003852647127,2.420634852857143,1.1428571428571428
29.14285714285714,0.26918003852647127,2.420634852857143,1.2
29.14285714285714,0.26918003852647127,2.6587300842857142,0.8
29.14285714285714,0.26918003852647127,2.6587300842857142,0.8571428571428572
29.14285714285714,0.26918003852647127,2.6587300842857142,0.9142857142857143
29.14285714285714,0.26918003852647127,2.6587300842857142,0.9714285714285714
29.14285714285714,0.26918003852647127,2.6587300842857142,1.0285714285714285
29.14285714285714,0.26918003852647127,2.6587300842857142,1.0857142857142856
29.14285714285714,0.26918003852647127,2.6587300842857142,1.1428571428571428
29.14285714285714,0.26918003852647127,2.6587300842857142,1.2
29.14285714285714,0.26918003852647127,2.896825315714286,0.8
29.14285714285714,0.26918003852647127,2.896825315714286,0.8571428571428572
29.14285714285714,0.26918003852647127,2.896825315714286,0.9142857142857143
29.14285714285714,0.26918003852647127,2.896825315714286,0.9714285714285714
29.14285714285714,0.26918003852647127,2.896825315714286,1.0285714285714285
29.14285714285714,0.26918003852647127,2.896825315714286,1.0857142857142856
29.14285714285714,0.26918003852647127,2.896825315714286,1.1428571428571428
29.14285714285714,0.26918003852647127,2.896825315714286,1.2
29.14285714285714,0.26918003852647127,3.1349205471428574,0.8
29.14285714285714,0.26918003852647127,3.1349205471428574,0.8571428571428572
29.14285714285714,0.26918003852647127,3.1349205471428574,0.9142857142857143
29.14285714285714,0.26918003852647127,3.1349205471428574,0.9714285714285714
29.14285714285714,0.26918003852647127,3.1349205471428574,1.0285714285714285
29.14285714285714,0.26918003852647127,3.1349205471428574,1.0857142857142856
29.14285714285714,0.26918003852647127,3.1349205471428574,1.1428571428571428
29.14285714285714,0.26918003852647127,3.1349205471428574,1.2
29.14285714285714,0.26918003852647127,3.373015778571429,0.8
29.14285714285714,0.26918003852647127,3.373015778571429,0.8571428571428572
29.14285714285714,0.26918003852647127,3.373015778571429,0.9142857142857143
29.14285714285714,0.26918003852647127,3.373015778571429,0.9714285714285714
29.14285714285714,0.26918003852647127,3.373015778571429,1.0285714285714285
29.14285714285714,0.26918003852647127,3.373015778571429,1.0857142857142856
29.14285714285714,0.26918003852647127,3.373015778571429,1.1428571428571428
29.14285714285714,0.26918003852647127,3.373015778571429,1.2
29.14285714285714,0.26918003852647127,3.61111101,0.8
29.14285714285714,0.26918003852647127,3.61111101,0.8571428571428572
29.14285714285714,0.26918003852647127,3.61111101,0.9142857142857143
29.14285714285714,0.26918003852647127,3.61111101,0.9714285714285714
29.14285714285714,0.26918003852647127,3.61111101,1.0285714285714285
29.14285714285714,0.26918003852647127,3.61111101,1.0857142857142856
29.14285714285714,0.26918003852647127,3.61111101,1.1428571428571428
29.14285714285714,0.26918003852647127,3.61111101,1.2
29.14285714285714,0.32813414240305516,1.94444439,0.8
29.14285714285714,0.32813414240305516,1.94444439,0.8571428571428572
29.14285714285714,0.32813414240305516,1.94444439,0.9142857142857143
29.14285714285714,0.32813414240305516,1.94444439,0.9714285714285714
29.14285714285714,0.32813414240305516,1.94444439,1.0285714285714285
29.14285714285714,0.32813414240305516,1.94444439,1.0857142857142856
29.14285714285714,0.32813414240305516,1.94444439,1.1428571428571428
29.14285714285714,0.32813414240305516,1.94444439,1.2
29.14285714285714,0.32813414240305516,2.1825396214285715,0.8
29.14285714285714,0.32813414240305516,2.1825396214285715,0.8571428571428572
29.14285714285714,0.32813414240305516,2.1825396214285715,0.9142857142857143
29.14285714285714,0.32813414240305516,2.1825396214285715,0.9714285714285714
29.14285714285714,0.32813414240305516,2.1825396214285715,1.0285714285714285
29.14285714285714,0.32813414240305516,2.1825396214285715,1.0857142857142856
29.14285714285714,0.32813414240305516,2.1825396214285715,1.1428571428571428
29.14285714285714,0.32813414240305516,2.1825396214285715,1.2
29.14285714285714,0.32813414240305516,2.420634852857143,0.8
29.14285714285714,0.32813414240305516,2.420634852857143,0.8571428571428572
29.14285714285714,0.32813414240305516,2.420634852857143,0.9142857142857143
29.14285714285714,0.32813414240305516,2.420634852857143,0.9714285714285714
29.14285714285714,0.32813414240305516,2.420634852857143,1.0285714285714285
29.14285714285714,0.32813414240305516,2.420634852857143,1.0857142857142856
29.14285714285714,0.32813414240305516,2.420634852857143,1.1428571428571428
29.14285714285714,0.32813414240305516,2.420634852857143,1.2
29.14285714285714,0.32813414240305516,2.6587300842857142,0.8
29.14285714285714,0.32813414240305516,2.6587300842857142,0.8571428571428572
29.14285714285714,0.32813414240305516,2.6587300842857142,0.9142857142857143
29.14285714285714,0.32813414240305516,2.6587300842857142,0.9714285714285714
29.14285714285714,0.32813414240305516,2.6587300842857142,1.0285714285714285
29.14285714285714,0.32813414240305516,2.6587300842857142,1.0857142857142856
29.14285714285714,0.32813414240305516,2.6587300842857142,1.1428571428571428
29.14285714285714,0.32813414240305516,2.6587300842857142,1.2
29.14285714285714,0.32813414240305516,2.896825315714286,0.8
29.14285714285714,0.32813414240305516,2.896825315714286,0.8571428571428572
29.14285714285714,0.32813414240305516,2.896825315714286,0.9142857142857143
29.14285714285714,0.32813414240305516,2.896825315714286,0.9714285714285714
29.14285714285714,0.32813414240305516,2.896825315714286,1.0285714285714285
29.14285714285714,0.32813414240305516,2.896825315714286,1.0857142857142856
29.14285714285714,0.32813414240305516,2.896825315714286,1.1428571428571428
29.14285714285714,0.32813414240305516,2.896825315714286,1.2
29.14285714285714,0.32813414240305516,3.1349205471428574,0.8
29.14285714285714,0.32813414240305516,3.1349205471428574,0.8571428571428572
29.14285714285714,0.32813414240305516,3.1349205471428574,0.9142857142857143
29.14285714285714,0.32813414240305516,3.1349205471428574,0.9714285714285714
29.14285714285714,0.32813414240305516,3.1349205471428574,1.0285714285714285
29.14285714285714,0.32813414240305516,3.1349205471428574,1.0857142857142856
29.14285714285714,0.32813414240305516,3.1349205471428574,1.1428571428571428
29.14285714285714,0.32813414240305516,3.1349205471428574,1.2
29.14285714285714,0.32813414240305516,3.373015778571429,0.8
29.14285714285714,0.32813414240305516,3.373015778571429,0.8571428571428572
29.14285714285714,0.32813414240305516,3.373015778571429,0.9142857142857143
29.14285714285714,0.32813414240305516,3.373015778571429,0.9714285714285714
29.14285714285714,0.32813414240305516,3.373015778571429,1.0285714285714285
29.14285714285714,0.32813414240305516,3.373015778571429,1.0857142857142856
29.14285714285714,0.32813414240305516,3.373015778571429,1.1428571428571428
29.14285714285714,0.32813414240305516,3.373015778571429,1.2
29.14285714285714,0.32813414240305516,3.61111101,0.8
29.14285714285714,0.32813414240305516,3.61111101,0.8571428571428572
29.14285714285714,0.32813414240305516,3.61111101,0.9142857142857143
29.14285714285714,0.32813414240305516,3.61111101,0.9714285714285714
29.14285714285714,0.32813414240305516,3.61111101,1.0285714285714285
29.14285714285714,0.32813414240305516,3.61111101,1.0857142857142856
29.14285714285714,0.32813414240305516,3.61111101,1.1428571428571428
29.14285714285714,0.32813414240305516,3.61111101,1.2
29.14285714285714,0.4,1.94444439,0.8
29.14285714285714,0.4,1.94444439,0.8571428571428572
29.14285714285714,0.4,1.94444439,0.9142857142857143
29.14285714285714,0.4,1.94444439,0.9714285714285714
29.14285714285714,0.4,1.94444439,1.0285714285714285
29.14285714285714,0.4,1.94444439,1.0857142857142856
29.14285714285714,0.4,1.94444439,1.1428571428571428
29.14285714285714,0.4,1.94444439,1.2
29.14285714285714,0.4,2.1825396214285715,0.8
29.14285714285714,0.4,2.1825396214285715,0.8571428571428572
29.14285714285714,0.4,2.1825396214285715,0.9142857142857143
29.14285714285714,0.4,2.1825396214285715,0.9714285714285714
29.14285714285714,0.4,2.1825396214285715,1.0285714285714285
29.14285714285714,0.4,2.1825396214285715,1.0857142857142856
29.14285714285714,0.4,2.1825396214285715,1.1428571428571428
29.14285714285714,0.4,2.1825396214285715,1.2
29.14285714285714,0.4,2.420634852857143,0.8
29.14285714285714,0.4,2.420634852857143,0.8571428571428572
29.14285714285714,0.4,2.420634852857143,0.9142857142857143
29.14285714285714,0.4,2.420634852857143,0.9714285714285714
29.14285714285714,0.4,2.420634852857143,1.0285714285714285
29.14285714285714,0.4,2.420634852857143,1.0857142857142856
29.14285714285714,0.4,2.420634852857143,1.1428571428571428
29.14285714285714,0.4,2.420634852857143,1.2
29.14285714285714,0.4,2.6587300842857142,0.8
29.14285714285714,0.4,2.6587300842857142,0.8571428571428572
29.14285714285714,0.4,2.6587300842857142,0.9142857142857143
29.14285714285714,0.4,2.6587300842857142,0.9714285714285714
29.14285714285714,0.4,2.6587300842857142,1.0285714285714285
29.14285714285714,0.4,2.6587300842857142,1.0857142857142856
29.14285714285714,0.4,2.6587300842857142,1.1428571428571428
29.14285714285714,0.4,2.6587300842857142,1.2
29.14285714285714,0.4,2.896825315714286,0.8
29.14285714285714,0.4,2.896825315714286,0.8571428571428572
29.14285714285714,0.4,2.896825315714286,0.9142857142857143
29.14285714285714,0.4,2.896825315714286,0.9714285714285714
29.14285714285714,0.4,2.896825315714286,1.0285714285714285
29.14285714285714,0.4,2.896825315714286,1.0857142857142856
29.14285714285714,0.4,2.896825315714286,1.1428571428571428
29.14285714285714,0.4,2.896825315714286,1.2
29.14285714285714,0.4,3.1349205471428574,0.8
29.14285714285714,0.4,3.1349205471428574,0.8571428571428572
29.14285714285714,0.4,3.1349205471428574,0.9142857142857143
29.14285714285714,0.4,3.1349205471428574,0.9714285714285714
29.14285714285714,0.4,3.1349205471428574,1.0285714285714285
29.14285714285714,0.4,3.1349205471428574,1.0857142857142856
29.14285714285714,0.4,3.1349205471428574,1.1428571428571428
29.14285714285714,0.4,3.1349205471428574,1.2
29.14285714285714,0.4,3.373015778571429,0.8
29.14285714285714,0.4,3.373015778571429,0.8571428571428572
29.14285714285714,0.4,3.373015778571429,0.9142857142857143
29.14285714285714,0.4,3.373015778571429,0.9714285714285714
29.14285714285714,0.4,3.373015778571429,1.0285714285714285
29.14285714285714,0.4,3.373015778571429,1.0857142857142856
29.14285714285714,0.4,3.373015778571429,1.1428571428571428
29.14285714285714,0.4,3.373015778571429,1.2
29.14285714285714,0.4,3.61111101,0.8
29.14285714285714,0.4,3.61111101,0.8571428571428572
29.14285714285714,0.4,3.61111101,0.9142857142857143
29.14285714285714,0.4,3.61111101,0.9714285714285714
29.14285714285714,0.4,3.61111101,1.0285714285714285
29.14285714285714,0.4,3.61111101,1.0857142857142856
29.14285714285714,0.4,3.61111101,1.1428571428571428
29.14285714285714,0.4,3.61111101,1.2
30.85714285714285,0.1,1.94444439,0.8
30.85714285714285,0.1,1.94444439,0.8571428571428572
30.85714285714285,0.1,1.94444439,0.9142857142857143
30.85714285714285,0.1,1.94444439,0.9714285714285714
30.85714285714285,0.1,1.94444439,1.0285714285714285
30.85714285714285,0.1,1.94444439,1.0857142857142856
30.85714285714285,0.1,1.94444439,1.1428571428571428
30.85714285714285,0.1,1.94444439,1.2
30.85714285714285,0.1,2.1825396214285715,0.8
30.85714285714285,0.1,2.1825396214285715,0.8571428571428572
30.85714285714285,0.1,2.1825396214285715,0.9142857142857143
30.85714285714285,0.1,2.1825396214285715,0.9714285714285714
30.85714285714285,0.1,2.1825396214285715,1.0285714285714285
30.85714285714285,0.1,2.1825396214285715,1.0857142857142856
30.85714285714285,0.1,2.1825396214285715,1.1428571428571428
30.85714285714285,0.1,2.1825396214285715,1.2
30.85714285714285,0.1,2.420634852857143,0.8
30.85714285714285,0.1,2.420634852857143,0.8571428571428572
30.85714285714285,0.1,2.420634852857143,0.9142857142857143
30.85714285714285,0.1,2.420634852857143,0.9714285714285714
30.85714285714285,0.1,2.420634852857143,1.0285714285714285
30.85714285714285,0.1,2.420634852857143,1.0857142857142856
30.85714285714285,0.1,2.420634852857143,1.1428571428571428
30.85714285714285,0.1,2.420634852857143,1.2
30.85714285714285,0.1,2.6587300842857142,0.8
30.85714285714285,0.1,2.6587300842857142,0.8571428571428572
30.85714285714285,0.1,2.6587300842857142,0.9142857142857143
30.85714285714285,0.1,2.6587300842857142,0.9714285714285714
30.85714285714285,0.1,2.6587300842857142,1.0285714285714285
30.85714285714285,0.1,2.6587300842857142,1.0857142857142856
30.85714285714285,0.1,2.6587300842857142,1.1428571428571428
30.85714285714285,0.1,2.6587300842857142,1.2
30.85714285714285,0.1,2.896825315714286,0.8
30.85714285714285,0.1,2.896825315714286,0.8571428571428572
30.85714285714285,0.1,2.896825315714286,0.9142857142857143
30.85714285714285,0.1,2.896825315714286,0.9714285714285714
30.85714285714285,0.1,2.896825315714286,1.0285714285714285
30.85714285714285,0.1,2.896825315714286,1.0857142857142856
30.85714285714285,0.1,2.896825315714286,1.1428571428571428
30.85714285714285,0.1,2.896825315714286,1.2
30.85714285714285,0.1,3.1349205471428574,0.8
30.85714285714285,0.1,3.1349205471428574,0.8571428571428572
30.85714285714285,0.1,3.1349205471428574,0.9142857142857143
30.85714285714285,0.1,3.1349205471428574,0.9714285714285714
30.85714285714285,0.1,3.1349205471428574,1.0285714285714285
30.85714285714285,0.1,3.1349205471428574,1.0857142857142856
30.85714285714285,0.1,3.1349205471428574,1.1428571428571428
30.85714285714285,0.1,3.1349205471428574,1.2
30.85714285714285,0.1,3.373015778571429,0.8
30.85714285714285,0.1,3.373015778571429,0.8571428571428572
30.85714285714285,0.1,3.373015778571429,0.9142857142857143
30.85714285714285,0.1,3.373015778571429,0.9714285714285714
30.85714285714285,0.1,3.373015778571429,1.0285714285714285
30.85714285714285,0.1,3.373015778571429,1.0857142857142856
30.85714285714285,0.1,3.373015778571429,1.1428571428571428
30.85714285714285,0.1,3.373015778571429,1.2
30.85714285714285,0.1,3.61111101,0.8
30.85714285714285,0.1,3.61111101,0.8571428571428572
30.85714285714285,0.1,3.61111101,0.9142857142857143
30.85714285714285,0.1,3.61111101,0.9714285714285714
30.85714285714285,0.1,3.61111101,1.0285714285714285
30.85714285714285,0.1,3.61111101,1.0857142857142856
30.85714285714285,0.1,3.61111101,1.1428571428571428
30.85714285714285,0.1,3.61111101,1.2
30.85714285714285,0.12190136542044755,1.94444439,0.8
30.85714285714285,0.12190136542044755,1.94444439,0.8571428571428572
30.85714285714285,0.12190136542044755,1.94444439,0.9142857142857143
30.85714285714285,0.12190136542044755,1.94444439,0.9714285714285714
30.85714285714285,0.12190136542044755,1.94444439,1.0285714285714285
30.85714285714285,0.12190136542044755,1.94444439,1.0857142857142856
30.85714285714285,0.12190136542044755,1.94444439,1.1428571428571428
30.85714285714285,0.12190136542044755,1.94444439,1.2
30.85714285714285,0.12190136542044755,2.1825396214285715,0.8
30.85714285714285,0.12190136542044755,2.1825396214285715,0.8571428571428572
30.85714285714285,0.12190136542044755,2.1825396214285715,0.9142857142857143
30.85714285714285,0.12190136542044755,2.1825396214285715,0.9714285714285714
30.85714285714285,0.12190136542044755,2.1825396214285715,1.0285714285714285
30.85714285714285,0.12190136542044755,2.1825396214285715,1.0857142857142856
30.85714285714285,0.12190136542044755,2.1825396214285715,1.1428571428571428
30.85714285714285,0.12190136542044755,2.1825396214285715,1.2
30.85714285714285,0.12190136542044755,2.420634852857143,0.8
30.85714285714285,0.12190136542044755,2.420634852857143,0.8571428571428572
30.85714285714285,0.12190136542044755,2.420634852857143,0.9142857142857143
30.85714285714285,0.12190136542044755,2.420634852857143,0.9714285714285714
30.85714285714285,0.12190136542044755,2.420634852857143,1.0285714285714285
30.85714285714285,0.12190136542044755,2.420634852857143,1.0857142857142856
30.85714285714285,0.12190136542044755,2.420634852857143,1.1428571428571428
30.85714285714285,0.12190136542044755,2.420634852857143,1.2
30.85714285714285,0.12190136542044755,2.6587300842857142,0.8
30.85714285714285,0.12190136542044755,2.6587300842857142,0.8571428571428572
30.85714285714285,0.12190136542044755,2.6587300842857142,0.9142857142857143
30.85714285714285,0.12190136542044755,2.6587300842857142,0.9714285714285714
30.85714285714285,0.12190136542044755,2.6587300842857142,1.0285714285714285
30.85714285714285,0.12190136542044755,2.6587300842857142,1.0857142857142856
30.85714285714285,0.12190136542044755,2.6587300842857142,1.1428571428571428
30.85714285714285,0.12190136542044755,2.6587300842857142,1.2
30.85714285714285,0.12190136542044755,2.896825315714286,0.8
30.85714285714285,0.12190136542044755,2.896825315714286,0.8571428571428572
30.85714285714285,0.12190136542044755,2.896825315714286,0.9142857142857143
30.85714285714285,0.12190136542044755,2.896825315714286,0.9714285714285714
30.85714285714285,0.12190136542044755,2.896825315714286,1.0285714285714285
30.85714285714285,0.12190136542044755,2.896825315714286,1.0857142857142856
30.85714285714285,0.12190136542044755,2.896825315714286,1.1428571428571428
30.85714285714285,0.12190136542044755,2.896825315714286,1.2
30.85714285714285,0.12190136542044755,3.1349205471428574,0.8
30.85714285714285,0.12190136542044755,3.1349205471428574,0.8571428571428572
30.85714285714285,0.12190136542044755,3.1349205471428574,0.9142857142857143
30.85714285714285,0.12190136542044755,3.1349205471428574,0.9714285714285714
30.85714285714285,0.12190136542044755,3.1349205471428574,1.0285714285714285
30.85714285714285,0.12190136542044755,3.1349205471428574,1.0857142857142856
30.85714285714285,0.12190136542044755,3.1349205471428574,1.1428571428571428
30.85714285714285,0.12190136542044755,3.1349205471428574,1.2
30.85714285714285,0.12190136542044755,3.373015778571429,0.8
30.85714285714285,0.12190136542044755,3.373015778571429,0.8571428571428572
30.85714285714285,0.12190136542044755,3.373015778571429,0.9142857142857143
30.85714285714285,0.12190136542044755,3.373015778571429,0.9714285714285714
30.85714285714285,0.12190136542044755,3.373015778571429,1.0285714285714285
30.85714285714285,0.12190136542044755,3.373015778571429,1.0857142857142856
30.85714285714285,0.12190136542044755,3.373015778571429,1.1428571428571428
30.85714285714285,0.12190136542044755,3.373015778571429,1.2
30.85714285714285,0.12190136542044755,3.61111101,0.8
30.85714285714285,0.12190136542044755,3.61111101,0.8571428571428572
30.85714285714285,0.12190136542044755,3.61111101,0.9142857142857143
30.85714285714285,0.12190136542044755,3.61111101,0.9714285714285714
30.85714285714285,0.12190136542044755,3.61111101,1.0285714285714285
30.85714285714285,0.12190136542044755,3.61111101,1.0857142857142856
30.85714285714285,0.12190136542044755,3.61111101,1.1428571428571428
30.85714285714285,0.12190136542044755,3.61111101,1.2
30.85714285714285,0.14859942891369485,1.94444439,0.8
30.85714285714285,0.14859942891369485,1.94444439,0.8571428571428572
30.85714285714285,0.14859942891369485,1.94444439,0.9142857142857143
30.85714285714285,0.14859942891369485,1.94444439,0.9714285714285714
30.85714285714285,0.14859942891369485,1.94444439,1.0285714285714285
30.85714285714285,0.14859942891369485,1.94444439,1.0857142857142856
30.85714285714285,0.14859942891369485,1.94444439,1.1428571428571428
30.85714285714285,0.14859942891369485,1.94444439,1.2
30.85714285714285,0.14859942891369485,2.1825396214285715,0.8
30.85714285714285,0.14859942891369485,2.1825396214285715,0.8571428571428572
30.85714285714285,0.14859942891369485,2.1825396214285715,0.9142857142857143
30.85714285714285,0.14859942891369485,2.1825396214285715,0.9714285714285714
30.85714285714285,0.14859942891369485,2.1825396214285715,1.0285714285714285
30.85714285714285,0.14859942891369485,2.1825396214285715,1.0857142857142856
30.85714285714285,0.14859942891369485,2.1825396214285715,1.1428571428571428
30.85714285714285,0.14859942891369485,2.1825396214285715,1.2
30.85714285714285,0.14859942891369485,2.420634852857143,0.8
30.85714285714285,0.14859942891369485,2.420634852857143,0.8571428571428572
30.85714285714285,0.14859942891369485,2.420634852857143,0.9142857142857143
30.85714285714285,0.14859942891369485,2.420634852857143,0.9714285714285714
30.85714285714285,0.14859942891369485,2.420634852857143,1.0285714285714285
30.85714285714285,0.14859942891369485,2.420634852857143,1.0857142857142856
30.85714285714285,0.14859942891369485,2.420634852857143,1.1428571428571428
30.85714285714285,0.14859942891369485,2.420634852857143,1.2
30.85714285714285,0.14859942891369485,2.6587300842857142,0.8
30.85714285714285,0.14859942891369485,2.6587300842857142,0.8571428571428572
30.85714285714285,0.14859942891369485,2.6587300842857142,0.9142857142857143
30.85714285714285,0.14859942891369485,2.6587300842857142,0.9714285714285714
30.85714285714285,0.14859942891369485,2.6587300842857142,1.0285714285714285
30.85714285714285,0.14859942891369485,2.6587300842857142,1.0857142857142856
30.85714285714285,0.14859942891369485,2.6587300842857142,1.1428571428571428
30.85714285714285,0.14859942891369485,2.6587300842857142,1.2
30.85714285714285,0.14859942891369485,2.896825315714286,0.8
30.85714285714285,0.14859942891369485,2.896825315714286,0.8571428571428572
30.85714285714285,0.14859942891369485,2.896825315714286,0.9142857142857143
30.85714285714285,0.14859942891369485,2.896825315714286,0.9714285714285714
30.85714285714285,0.14859942891369485,2.896825315714286,1.0285714285714285
30.85714285714285,0.14859942891369485,2.896825315714286,1.0857142857142856
30.85714285714285,0.14859942891369485,2.896825315714286,1.1428571428571428
30.85714285714285,0.14859942891369485,2.896825315714286,1.2
30.85714285714285,0.14859942891369485,3.1349205471428574,0.8
30.85714285714285,0.14859942891369485,3.1349205471428574,0.8571428571428572
30.85714285714285,0.14859942891369485,3.1349205471428574,0.9142857142857143
30.85714285714285,0.14859942891369485,3.1349205471428574,0.9714285714285714
30.85714285714285,0.14859942891369485,3.1349205471428574,1.0285714285714285
30.85714285714285,0.14859942891369485,3.1349205471428574,1.0857142857142856
30.85714285714285,0.14859942891369485,3.1349205471428574,1.1428571428571428
30.85714285714285,0.14859942891369485,3.1349205471428574,1.2
30.85714285714285,0.14859942891369485,3.373015778571429,0.8
30.85714285714285,0.14859942891369485,3.373015778571429,0.8571428571428572
30.85714285714285,0.14859942891369485,3.373015778571429,0.9142857142857143
30.85714285714285,0.14859942891369485,3.373015778571429,0.9714285714285714
30.85714285714285,0.14859942891369485,3.373015778571429,1.0285714285714285
30.85714285714285,0.14859942891369485,3.373015778571429,1.0857142857142856
30.85714285714285,0.14859942891369485,3.373015778571429,1.1428571428571428
30.85714285714285,0.14859942891369485,3.373015778571429,1.2
30.85714285714285,0.14859942891369485,3.61111101,0.8
30.85714285714285,0.14859942891369485,3.61111101,0.8571428571428572
30.85714285714285,0.14859942891369485,3.61111101,0.9142857142857143
30.85714285714285,0.14859942891369485,3.61111101,0.9714285714285714
30.85714285714285,0.14859942891369485,3.61111101,1.0285714285714285
30.85714285714285,0.14859942891369485,3.61111101,1.0857142857142856
30.85714285714285,0.14859942891369485,3.61111101,1.1428571428571428
30.85714285714285,0.14859942891369485,3.61111101,1.2
30.85714285714285,0.18114473285278132,1.94444439,0.8
30.85714285714285,0.18114473285278132,1.94444439,0.8571428571428572
30.85714285714285,0.18114473285278132,1.94444439,0.9142857142857143
30.85714285714285,0.18114473285278132,1.94444439,0.9714285714285714
30.85714285714285,0.18114473285278132,1.94444439,1.0285714285714285
30.85714285714285,0.18114473285278132,1.94444439,1.0857142857142856
30.85714285714285,0.18114473285278132,1.94444439,1.1428571428571428
30.85714285714285,0.18114473285278132,1.94444439,1.2
30.85714285714285,0.18114473285278132,2.1825396214285715,0.8
30.85714285714285,0.18114473285278132,2.1825396214285715,0.8571428571428572
30.85714285714285,0.18114473285278132,2.1825396214285715,0.9142857142857143
30.85714285714285,0.18114473285278132,2.1825396214285715,0.9714285714285714
30.85714285714285,0.18114473285278132,2.1825396214285715,1.0285714285714285
30.85714285714285,0.18114473285278132,2.1825396214285715,1.0857142857142856
30.85714285714285,0.18114473285278132,2.1825396214285715,1.1428571428571428
30.85714285714285,0.18114473285278132,2.1825396214285715,1.2
30.85714285714285,0.18114473285278132,2.420634852857143,0.8
30.85714285714285,0.18114473285278132,2.420634852857143,0.8571428571428572
30.85714285714285,0.18114473285278132,2.420634852857143,0.9142857142857143
30.85714285714285,0.18114473285278132,2.420634852857143,0.9714285714285714
30.85714285714285,0.18114473285278132,2.420634852857143,1.0285714285714285
30.85714285714285,0.18114473285278132,2.420634852857143,1.0857142857142856
30.85714285714285,0.18114473285278132,2.420634852857143,1.1428571428571428
30.85714285714285,0.18114473285278132,2.420634852857143,1.2
30.85714285714285,0.18114473285278132,2.6587300842857142,0.8
30.85714285714285,0.18114473285278132,2.6587300842857142,0.8571428571428572
30.85714285714285,0.18114473285278132,2.6587300842857142,0.9142857142857143
30.85714285714285,0.18114473285278132,2.6587300842857142,0.9714285714285714
30.85714285714285,0.18114473285278132,2.6587300842857142,1.0285714285714285
30.85714285714285,0.18114473285278132,2.6587300842857142,1.0857142857142856
30.85714285714285,0.18114473285278132,2.6587300842857142,1.1428571428571428
30.85714285714285,0.18114473285278132,2.6587300842857142,1.2
30.85714285714285,0.18114473285278132,2.896825315714286,0.8
30.85714285714285,0.18114473285278132,2.896825315714286,0.8571428571428572
30.85714285714285,0.18114473285278132,2.896825315714286,0.9142857142857143
30.85714285714285,0.18114473285278132,2.896825315714286,0.9714285714285714
30.85714285714285,0.18114473285278132,2.896825315714286,1.0285714285714285
30.85714285714285,0.18114473285278132,2.896825315714286,1.0857142857142856
30.85714285714285,0.18114473285278132,2.896825315714286,1.1428571428571428
30.85714285714285,0.18114473285278132,2.896825315714286,1.2
30.85714285714285,0.18114473285278132,3.1349205471428574,0.8
30.85714285714285,0.18114473285278132,3.1349205471428574,0.8571428571428572
30.85714285714285,0.18114473285278132,3.1349205471428574,0.9142857142857143
30.85714285714285,0.18114473285278132,3.1349205471428574,0.9714285714285714
30.85714285714285,0.18114473285278132,3.1349205471428574,1.0285714285714285
30.85714285714285,0.18114473285278132,3.1349205471428574,1.0857142857142856
30.85714285714285,0.18114473285278132,3.1349205471428574,1.1428571428571428
30.85714285714285,0.18114473285278132,3.1349205471428574,1.2
30.85714285714285,0.18114473285278132,3.373015778571429,0.8
30.85714285714285,0.18114473285278132,3.373015778571429,0.8571428571428572
30.85714285714285,0.18114473285278132,3.373015778571429,0.9142857142857143
30.85714285714285,0.18114473285278132,3.373015778571429,0.9714285714285714
30.85714285714285,0.18114473285278132,3.373015778571429,1.0285714285714285
30.85714285714285,0.18114473285278132,3.373015778571429,1.0857142857142856
30.85714285714285,0.18114473285278132,3.373015778571429,1.1428571428571428
30.85714285714285,0.18114473285278132,3.373015778571429,1.2
30.85714285714285,0.18114473285278132,3.61111101,0.8
30.85714285714285,0.18114473285278132,3.61111101,0.8571428571428572
30.85714285714285,0.18114473285278132,3.61111101,0.9142857142857143
30.85714285714285,0.18114473285278132,3.61111101,0.9714285714285714
30.85714285714285,0.18114473285278132,3.61111101,1.0285714285714285
30.85714285714285,0.18114473285278132,3.61111101,1.0857142857142856
30.85714285714285,0.18114473285278132,3.61111101,1.1428571428571428
30.85714285714285,0.18114473285278132,3.61111101,1.2
30.85714285714285,0.22081790273476246,1.94444439,0.8
30.85714285714285,0.22081790273476246,1.94444439,0.8571428571428572
30.85714285714285,0.22081790273476246,1.94444439,0.9142857142857143
30.85714285714285,0.22081790273476246,1.94444439,0.9714285714285714
30.85714285714285,0.22081790273476246,1.94444439,1.0285714285714285
30.85714285714285,0.22081790273476246,1.94444439,1.0857142857142856
30.85714285714285,0.22081790273476246,1.94444439,1.1428571428571428
30.85714285714285,0.22081790273476246,1.94444439,1.2
30.85714285714285,0.22081790273476246,2.1825396214285715,0.8
30.85714285714285,0.22081790273476246,2.1825396214285715,0.8571428571428572
30.85714285714285,0.22081790273476246,2.1825396214285715,0.9142857142857143
30.85714285714285,0.22081790273476246,2.1825396214285715,0.9714285714285714
30.85714285714285,0.22081790273476246,2.1825396214285715,1.0285714285714285
30.85714285714285,0.22081790273476246,2.1825396214285715,1.0857142857142856
30.85714285714285,0.22081790273476246,2.1825396214285715,1.1428571428571428
30.85714285714285,0.22081790273476246,2.1825396214285715,1.2
30.85714285714285,0.22081790273476246,2.420634852857143,0.8
30.85714285714285,0.22081790273476246,2.420634852857143,0.8571428571428572
30.85714285714285,0.22081790273476246,2.420634852857143,0.9142857142857143
30.85714285714285,0.22081790273476246,2.420634852857143,0.9714285714285714
30.85714285714285,0.22081790273476246,2.420634852857143,1.0285714285714285
30.85714285714285,0.22081790273476246,2.420634852857143,1.0857142857142856
30.85714285714285,0.22081790273476246,2.420634852857143,1.1428571428571428
30.85714285714285,0.22081790273476246,2.420634852857143,1.2
30.85714285714285,0.22081790273476246,2.6587300842857142,0.8
30.85714285714285,0.22081790273476246,2.6587300842857142,0.8571428571428572
30.85714285714285,0.22081790273476246,2.6587300842857142,0.9142857142857143
30.85714285714285,0.22081790273476246,2.6587300842857142,0.9714285714285714
30.85714285714285,0.22081790273476246,2.6587300842857142,1.0285714285714285
30.85714285714285,0.22081790273476246,2.6587300842857142,1.0857142857142856
30.85714285714285,0.22081790273476246,2.6587300842857142,1.1428571428571428
30.85714285714285,0.22081790273476246,2.6587300842857142,1.2
30.85714285714285,0.22081790273476246,2.896825315714286,0.8
30.85714285714285,0.22081790273476246,2.896825315714286,0.8571428571428572
30.85714285714285,0.22081790273476246,2.896825315714286,0.9142857142857143
30.85714285714285,0.22081790273476246,2.896825315714286,0.9714285714285714
30.85714285714285,0.22081790273476246,2.896825315714286,1.0285714285714285
30.85714285714285,0.22081790273476246,2.896825315714286,1.0857142857142856
30.85714285714285,0.22081790273476246,2.896825315714286,1.1428571428571428
30.85714285714285,0.22081790273476246,2.896825315714286,1.2
30.85714285714285,0.22081790273476246,3.1349205471428574,0.8
30.85714285714285,0.22081790273476246,3.1349205471428574,0.8571428571428572
30.85714285714285,0.22081790273476246,3.1349205471428574,0.9142857142857143
30.85714285714285,0.22081790273476246,3.1349205471428574,0.9714285714285714
30.85714285714285,0.22081790273476246,3.1349205471428574,1.0285714285714285
30.85714285714285,0.22081790273476246,3.1349205471428574,1.0857142857142856
30.85714285714285,0.22081790273476246,3.1349205471428574,1.1428571428571428
30.85714285714285,0.22081790273476246,3.1349205471428574,1.2
30.85714285714285,0.22081790273476246,3.373015778571429,0.8
30.85714285714285,0.22081790273476246,3.373015778571429,0.8571428571428572
30.85714285714285,0.22081790273476246,3.373015778571429,0.9142857142857143
30.85714285714285,0.22081790273476246,3.373015778571429,0.9714285714285714
30.85714285714285,0.22081790273476246,3.373015778571429,1.0285714285714285
30.85714285714285,0.22081790273476246,3.373015778571429,1.0857142857142856
30.85714285714285,0.22081790273476246,3.373015778571429,1.1428571428571428
30.85714285714285,0.22081790273476246,3.373015778571429,1.2
30.85714285714285,0.22081790273476246,3.61111101,0.8
30.85714285714285,0.22081790273476246,3.61111101,0.8571428571428572
30.85714285714285,0.22081790273476246,3.61111101,0.9142857142857143
30.85714285714285,0.22081790273476246,3.61111101,0.9714285714285714
30.85714285714285,0.22081790273476246,3.61111101,1.0285714285714285
30.85714285714285,0.22081790273476246,3.61111101,1.0857142857142856
30.85714285714285,0.22081790273476246,3.61111101,1.1428571428571428
30.85714285714285,0.22081790273476246,3.61111101,1.2
30.85714285714285,0.26918003852647127,1.94444439,0.8
30.85714285714285,0.26918003852647127,1.94444439,0.8571428571428572
30.85714285714285,0.26918003852647127,1.94444439,0.9142857142857143
30.85714285714285,0.26918003852647127,1.94444439,0.9714285714285714
30.85714285714285,0.26918003852647127,1.94444439,1.0285714285714285
30.85714285714285,0.26918003852647127,1.94444439,1.0857142857142856
30.85714285714285,0.26918003852647127,1.94444439,1.1428571428571428
30.85714285714285,0.26918003852647127,1.94444439,1.2
30.85714285714285,0.26918003852647127,2.1825396214285715,0.8
30.85714285714285,0.26918003852647127,2.1825396214285715,0.8571428571428572
30.85714285714285,0.26918003852647127,2.1825396214285715,0.9142857142857143
30.85714285714285,0.26918003852647127,2.1825396214285715,0.9714285714285714
30.85714285714285,0.26918003852647127,2.1825396214285715,1.0285714285714285
30.85714285714285,0.26918003852647127,2.1825396214285715,1.0857142857142856
30.85714285714285,0.26918003852647127,2.1825396214285715,1.1428571428571428
30.85714285714285,0.26918003852647127,2.1825396214285715,1.2
30.85714285714285,0.26918003852647127,2.420634852857143,0.8
30.85714285714285,0.26918003852647127,2.420634852857143,0.8571428571428572
30.85714285714285,0.26918003852647127,2.420634852857143,0.9142857142857143
30.85714285714285,0.26918003852647127,2.420634852857143,0.9714285714285714
30.85714285714285,0.26918003852647127,2.420634852857143,1.0285714285714285
30.85714285714285,0.26918003852647127,2.420634852857143,1.0857142857142856
30.85714285714285,0.26918003852647127,2.420634852857143,1.1428571428571428
30.85714285714285,0.26918003852647127,2.420634852857143,1.2
30.85714285714285,0.26918003852647127,2.6587300842857142,0.8
30.85714285714285,0.26918003852647127,2.6587300842857142,0.8571428571428572
30.85714285714285,0.26918003852647127,2.6587300842857142,0.9142857142857143
30.85714285714285,0.26918003852647127,2.6587300842857142,0.9714285714285714
30.85714285714285,0.26918003852647127,2.6587300842857142,1.0285714285714285
30.85714285714285,0.26918003852647127,2.6587300842857142,1.0857142857142856
30.85714285714285,0.26918003852647127,2.6587300842857142,1.1428571428571428
30.85714285714285,0.26918003852647127,2.6587300842857142,1.2
30.85714285714285,0.26918003852647127,2.896825315714286,0.8
30.85714285714285,0.26918003852647127,2.896825315714286,0.8571428571428572
30.85714285714285,0.26918003852647127,2.896825315714286,0.9142857142857143
30.85714285714285,0.26918003852647127,2.896825315714286,0.9714285714285714
30.85714285714285,0.26918003852647127,2.896825315714286,1.0285714285714285
30.85714285714285,0.26918003852647127,2.896825315714286,1.0857142857142856
30.85714285714285,0.26918003852647127,2.896825315714286,1.1428571428571428
30.85714285714285,0.26918003852647127,2.896825315714286,1.2
30.85714285714285,0.26918003852647127,3.1349205471428574,0.8
30.85714285714285,0.26918003852647127,3.1349205471428574,0.8571428571428572
30.85714285714285,0.26918003852647127,3.1349205471428574,0.9142857142857143
30.85714285714285,0.26918003852647127,3.1349205471428574,0.9714285714285714
30.85714285714285,0.26918003852647127,3.1349205471428574,1.0285714285714285
30.85714285714285,0.26918003852647127,3.1349205471428574,1.0857142857142856
30.85714285714285,0.26918003852647127,3.1349205471428574,1.1428571428571428
30.85714285714285,0.26918003852647127,3.1349205471428574,1.2
30.85714285714285,0.26918003852647127,3.373015778571429,0.8
30.85714285714285,0.26918003852647127,3.373015778571429,0.8571428571428572
30.85714285714285,0.26918003852647127,3.373015778571429,0.9142857142857143
30.85714285714285,0.26918003852647127,3.373015778571429,0.9714285714285714
30.85714285714285,0.26918003852647127,3.373015778571429,1.0285714285714285
30.85714285714285,0.26918003852647127,3.373015778571429,1.0857142857142856
30.85714285714285,0.26918003852647127,3.373015778571429,1.1428571428571428
30.85714285714285,0.26918003852647127,3.373015778571429,1.2
30.85714285714285,0.26918003852647127,3.61111101,0.8
30.85714285714285,0.26918003852647127,3.61111101,0.8571428571428572
30.85714285714285,0.26918003852647127,3.61111101,0.9142857142857143
30.85714285714285,0.26918003852647127,3.61111101,0.9714285714285714
30.85714285714285,0.26918003852647127,3.61111101,1.0285714285714285
30.85714285714285,0.26918003852647127,3.61111101,1.0857142857142856
30.85714285714285,0.26918003852647127,3.61111101,1.1428571428571428
30.85714285714285,0.26918003852647127,3.61111101,1.2
30.85714285714285,0.32813414240305516,1.94444439,0.8
30.85714285714285,0.32813414240305516,1.94444439,0.8571428571428572
30.85714285714285,0.32813414240305516,1.94444439,0.9142857142857143
30.85714285714285,0.32813414240305516,1.94444439,0.9714285714285714
30.85714285714285,0.32813414240305516,1.94444439,1.0285714285714285
30.85714285714285,0.32813414240305516,1.94444439,1.0857142857142856
30.85714285714285,0.32813414240305516,1.94444439,1.1428571428571428
30.85714285714285,0.32813414240305516,1.94444439,1.2
30.85714285714285,0.32813414240305516,2.1825396214285715,0.8
30.85714285714285,0.32813414240305516,2.1825396214285715,0.8571428571428572
30.85714285714285,0.32813414240305516,2.1825396214285715,0.9142857142857143
30.85714285714285,0.32813414240305516,2.1825396214285715,0.9714285714285714
30.85714285714285,0.32813414240305516,2.1825396214285715,1.0285714285714285
30.85714285714285,0.32813414240305516,2.1825396214285715,1.0857142857142856
30.85714285714285,0.32813414240305516,2.1825396214285715,1.1428571428571428
30.85714285714285,0.32813414240305516,2.1825396214285715,1.2
30.85714285714285,0.32813414240305516,2.420634852857143,0.8
30.85714285714285,0.32813414240305516,2.420634852857143,0.8571428571428572
30.85714285714285,0.32813414240305516,2.420634852857143,0.9142857142857143
30.85714285714285,0.32813414240305516,2.420634852857143,0.9714285714285714
30.85714285714285,0.32813414240305516,2.420634852857143,1.0285714285714285
30.85714285714285,0.32813414240305516,2.420634852857143,1.0857142857142856
30.85714285714285,0.32813414240305516,2.420634852857143,1.1428571428571428
30.85714285714285,0.32813414240305516,2.420634852857143,1.2
30.85714285714285,0.32813414240305516,2.6587300842857142,0.8
30.85714285714285,0.32813414240305516,2.6587300842857142,0.8571428571428572
30.85714285714285,0.32813414240305516,2.6587300842857142,0.9142857142857143
30.85714285714285,0.32813414240305516,2.6587300842857142,0.9714285714285714
30.85714285714285,0.32813414240305516,2.6587300842857142,1.0285714285714285
30.85714285714285,0.32813414240305516,2.6587300842857142,1.0857142857142856
30.85714285714285,0.32813414240305516,2.6587300842857142,1.1428571428571428
30.85714285714285,0.32813414240305516,2.6587300842857142,1.2
30.85714285714285,0.32813414240305516,2.896825315714286,0.8
30.85714285714285,0.32813414240305516,2.896825315714286,0.8571428571428572
30.85714285714285,0.32813414240305516,2.896825315714286,0.9142857142857143
30.85714285714285,0.32813414240305516,2.896825315714286,0.9714285714285714
30.85714285714285,0.32813414240305516,2.896825315714286,1.0285714285714285
30.85714285714285,0.32813414240305516,2.896825315714286,1.0857142857142856
30.85714285714285,0.32813414240305516,2.896825315714286,1.1428571428571428
30.85714285714285,0.32813414240305516,2.896825315714286,1.2
30.85714285714285,0.32813414240305516,3.1349205471428574,0.8
30.85714285714285,0.32813414240305516,3.1349205471428574,0.8571428571428572
30.85714285714285,0.32813414240305516,3.1349205471428574,0.9142857142857143
30.85714285714285,0.32813414240305516,3.1349205471428574,0.9714285714285714
30.85714285714285,0.32813414240305516,3.1349205471428574,1.0285714285714285
30.85714285714285,0.32813414240305516,3.1349205471428574,1.0857142857142856
30.85714285714285,0.32813414240305516,3.1349205471428574,1.1428571428571428
30.85714285714285,0.32813414240305516,3.1349205471428574,1.2
30.85714285714285,0.32813414240305516,3.373015778571429,0.8
30.85714285714285,0.32813414240305516,3.373015778571429,0.8571428571428572
30.85714285714285,0.32813414240305516,3.373015778571429,0.9142857142857143
30.85714285714285,0.32813414240305516,3.373015778571429,0.9714285714285714
30.85714285714285,0.32813414240305516,3.373015778571429,1.0285714285714285
30.85714285714285,0.32813414240305516,3.373015778571429,1.0857142857142856
30.85714285714285,0.32813414240305516,3.373015778571429,1.1428571428571428
30.85714285714285,0.32813414240305516,3.373015778571429,1.2
30.85714285714285,0.32813414240305516,3.61111101,0.8
30.85714285714285,0.32813414240305516,3.61111101,0.8571428571428572
30.85714285714285,0.32813414240305516,3.61111101,0.9142857142857143
30.85714285714285,0.32813414240305516,3.61111101,0.9714285714285714
30.85714285714285,0.32813414240305516,3.61111101,1.0285714285714285
30.85714285714285,0.32813414240305516,3.61111101,1.0857142857142856
30.85714285714285,0.32813414240305516,3.61111101,1.1428571428571428
30.85714285714285,0.32813414240305516,3.61111101,1.2
30.85714285714285,0.4,1.94444439,0.8
30.85714285714285,0.4,1.94444439,0.8571428571428572
30.85714285714285,0.4,1.94444439,0.9142857142857143
30.85714285714285,0.4,1.94444439,0.9714285714285714
30.85714285714285,0.4,1.94444439,1.0285714285714285
30.85714285714285,0.4,1.94444439,1.0857142857142856
30.85714285714285,0.4,1.94444439,1.1428571428571428
30.85714285714285,0.4,1.94444439,1.2
30.85714285714285,0.4,2.1825396214285715,0.8
30.85714285714285,0.4,2.1825396214285715,0.8571428571428572
30.85714285714285,0.4,2.1825396214285715,0.9142857142857143
30.85714285714285,0.4,2.1825396214285715,0.9714285714285714
30.85714285714285,0.4,2.1825396214285715,1.0285714285714285
30.85714285714285,0.4,2.1825396214285715,1.0857142857142856
30.85714285714285,0.4,2.1825396214285715,1.1428571428571428
30.85714285714285,0.4,2.1825396214285715,1.2
30.85714285714285,0.4,2.420634852857143,0.8
30.85714285714285,0.4,2.420634852857143,0.8571428571428572
30.85714285714285,0.4,2.420634852857143,0.9142857142857143
30.85714285714285,0.4,2.420634852857143,0.9714285714285714
30.85714285714285,0.4,2.420634852857143,1.0285714285714285
30.85714285714285,0.4,2.420634852857143,1.0857142857142856
30.85714285714285,0.4,2.420634852857143,1.1428571428571428
30.85714285714285,0.4,2.420634852857143,1.2
30.85714285714285,0.4,2.6587300842857142,0.8
30.85714285714285,0.4,2.6587300842857142,0.8571428571428572
30.85714285714285,0.4,2.6587300842857142,0.9142857142857143
30.85714285714285,0.4,2.6587300842857142,0.9714285714285714
30.85714285714285,0.4,2.6587300842857142,1.0285714285714285
30.85714285714285,0.4,2.6587300842857142,1.0857142857142856
30.85714285714285,0.4,2.6587300842857142,1.1428571428571428
30.85714285714285,0.4,2.6587300842857142,1.2
30.85714285714285,0.4,2.896825315714286,0.8
30.85714285714285,0.4,2.896825315714286,0.8571428571428572
30.85714285714285,0.4,2.896825315714286,0.9142857142857143
30.85714285714285,0.4,2.896825315714286,0.9714285714285714
30.85714285714285,0.4,2.896825315714286,1.0285714285714285
30.85714285714285,0.4,2.896825315714286,1.0857142857142856
30.85714285714285,0.4,2.896825315714286,1.1428571428571428
30.85714285714285,0.4,2.896825315714286,1.2
30.85714285714285,0.4,3.1349205471428574,0.8
30.85714285714285,0.4,3.1349205471428574,0.8571428571428572
30.85714285714285,0.4,3.1349205471428574,0.9142857142857143
30.85714285714285,0.4,3.1349205471428574,0.9714285714285714
30.85714285714285,0.4,3.1349205471428574,1.0285714285714285
30.85714285714285,0.4,3.1349205471428574,1.0857142857142856
30.85714285714285,0.4,3.1349205471428574,1.1428571428571428
30.85714285714285,0.4,3.1349205471428574,1.2
30.85714285714285,0.4,3.373015778571429,0.8
30.85714285714285,0.4,3.373015778571429,0.8571428571428572
30.85714285714285,0.4,3.373015778571429,0.9142857142857143
30.85714285714285,0.4,3.373015778571429,0.9714285714285714
30.85714285714285,0.4,3.373015778571429,1.0285714285714285
30.85714285714285,0.4,3.373015778571429,1.0857142857142856
30.85714285714285,0.4,3.373015778571429,1.1428571428571428
30.85714285714285,0.4,3.373015778571429,1.2
30.85714285714285,0.4,3.61111101,0.8
30.85714285714285,0.4,3.61111101,0.8571428571428572
30.85714285714285,0.4,3.61111101,0.9142857142857143
30.85714285714285,0.4,3.61111101,0.9714285714285714
30.85714285714285,0.4,3.61111101,1.0285714285714285
30.85714285714285,0.4,3.61111101,1.0857142857142856
30.85714285714285,0.4,3.61111101,1.1428571428571428
30.85714285714285,0.4,3.61111101,1.2
32.57142857142856,0.1,1.94444439,0.8
32.57142857142856,0.1,1.94444439,0.8571428571428572
32.57142857142856,0.1,1.94444439,0.9142857142857143
32.57142857142856,0.1,1.94444439,0.9714285714285714
32.57142857142856,0.1,1.94444439,1.0285714285714285
32.57142857142856,0.1,1.94444439,1.0857142857142856
32.57142857142856,0.1,1.94444439,1.1428571428571428
32.57142857142856,0.1,1.94444439,1.2
32.57142857142856,0.1,2.1825396214285715,0.8
32.57142857142856,0.1,2.1825396214285715,0.8571428571428572
32.57142857142856,0.1,2.1825396214285715,0.9142857142857143
32.57142857142856,0.1,2.1825396214285715,0.9714285714285714
32.57142857142856,0.1,2.1825396214285715,1.0285714285714285
32.57142857142856,0.1,2.1825396214285715,1.0857142857142856
32.57142857142856,0.1,2.1825396214285715,1.1428571428571428
32.57142857142856,0.1,2.1825396214285715,1.2
32.57142857142856,0.1,2.420634852857143,0.8
32.57142857142856,0.1,2.420634852857143,0.8571428571428572
32.57142857142856,0.1,2.420634852857143,0.9142857142857143
32.57142857142856,0.1,2.420634852857143,0.9714285714285714
32.57142857142856,0.1,2.420634852857143,1.0285714285714285
32.57142857142856,0.1,2.420634852857143,1.0857142857142856
32.57142857142856,0.1,2.420634852857143,1.1428571428571428
32.57142857142856,0.1,2.420634852857143,1.2
32.57142857142856,0.1,2.6587300842857142,0.8
32.57142857142856,0.1,2.6587300842857142,0.8571428571428572
32.57142857142856,0.1,2.6587300842857142,0.9142857142857143
32.57142857142856,0.1,2.6587300842857142,0.9714285714285714
32.57142857142856,0.1,2.6587300842857142,1.0285714285714285
32.57142857142856,0.1,2.6587300842857142,1.0857142857142856
32.57142857142856,0.1,2.6587300842857142,1.1428571428571428
32.57142857142856,0.1,2.6587300842857142,1.2
32.57142857142856,0.1,2.896825315714286,0.8
32.57142857142856,0.1,2.896825315714286,0.8571428571428572
32.57142857142856,0.1,2.896825315714286,0.9142857142857143
32.57142857142856,0.1,2.896825315714286,0.9714285714285714
32.57142857142856,0.1,2.896825315714286,1.0285714285714285
32.57142857142856,0.1,2.896825315714286,1.0857142857142856
32.57142857142856,0.1,2.896825315714286,1.1428571428571428
32.57142857142856,0.1,2.896825315714286,1.2
32.57142857142856,0.1,3.1349205471428574,0.8
32.57142857142856,0.1,3.1349205471428574,0.8571428571428572
32.57142857142856,0.1,3.1349205471428574,0.9142857142857143
32.57142857142856,0.1,3.1349205471428574,0.9714285714285714
32.57142857142856,0.1,3.1349205471428574,1.0285714285714285
32.57142857142856,0.1,3.1349205471428574,1.0857142857142856
32.57142857142856,0.1,3.1349205471428574,1.1428571428571428
32.57142857142856,0.1,3.1349205471428574,1.2
32.57142857142856,0.1,3.373015778571429,0.8
32.57142857142856,0.1,3.373015778571429,0.8571428571428572
32.57142857142856,0.1,3.373015778571429,0.9142857142857143
32.57142857142856,0.1,3.373015778571429,0.9714285714285714
32.57142857142856,0.1,3.373015778571429,1.0285714285714285
32.57142857142856,0.1,3.373015778571429,1.0857142857142856
32.57142857142856,0.1,3.373015778571429,1.1428571428571428
32.57142857142856,0.1,3.373015778571429,1.2
32.57142857142856,0.1,3.61111101,0.8
32.57142857142856,0.1,3.61111101,0.8571428571428572
32.57142857142856,0.1,3.61111101,0.9142857142857143
32.57142857142856,0.1,3.61111101,0.9714285714285714
32.57142857142856,0.1,3.61111101,1.0285714285714285
32.57142857142856,0.1,3.61111101,1.0857142857142856
32.57142857142856,0.1,3.61111101,1.1428571428571428
32.57142857142856,0.1,3.61111101,1.2
32.57142857142856,0.12190136542044755,1.94444439,0.8
32.57142857142856,0.12190136542044755,1.94444439,0.8571428571428572
32.57142857142856,0.12190136542044755,1.94444439,0.9142857142857143
32.57142857142856,0.12190136542044755,1.94444439,0.9714285714285714
32.57142857142856,0.12190136542044755,1.94444439,1.0285714285714285
32.57142857142856,0.12190136542044755,1.94444439,1.0857142857142856
32.57142857142856,0.12190136542044755,1.94444439,1.1428571428571428
32.57142857142856,0.12190136542044755,1.94444439,1.2
32.57142857142856,0.12190136542044755,2.1825396214285715,0.8
32.57142857142856,0.12190136542044755,2.1825396214285715,0.8571428571428572
32.57142857142856,0.12190136542044755,2.1825396214285715,0.9142857142857143
32.57142857142856,0.12190136542044755,2.1825396214285715,0.9714285714285714
32.57142857142856,0.12190136542044755,2.1825396214285715,1.0285714285714285
32.57142857142856,0.12190136542044755,2.1825396214285715,1.0857142857142856
32.57142857142856,0.12190136542044755,2.1825396214285715,1.1428571428571428
32.57142857142856,0.12190136542044755,2.1825396214285715,1.2
32.57142857142856,0.12190136542044755,2.420634852857143,0.8
32.57142857142856,0.12190136542044755,2.420634852857143,0.8571428571428572
32.57142857142856,0.12190136542044755,2.420634852857143,0.9142857142857143
32.57142857142856,0.12190136542044755,2.420634852857143,0.9714285714285714
32.57142857142856,0.12190136542044755,2.420634852857143,1.0285714285714285
32.57142857142856,0.12190136542044755,2.420634852857143,1.0857142857142856
32.57142857142856,0.12190136542044755,2.420634852857143,1.1428571428571428
32.57142857142856,0.12190136542044755,2.420634852857143,1.2
32.57142857142856,0.12190136542044755,2.6587300842857142,0.8
32.57142857142856,0.12190136542044755,2.6587300842857142,0.8571428571428572
32.57142857142856,0.12190136542044755,2.6587300842857142,0.9142857142857143
32.57142857142856,0.12190136542044755,2.6587300842857142,0.9714285714285714
32.57142857142856,0.12190136542044755,2.6587300842857142,1.0285714285714285
32.57142857142856,0.12190136542044755,2.6587300842857142,1.0857142857142856
32.57142857142856,0.12190136542044755,2.6587300842857142,1.1428571428571428
32.57142857142856,0.12190136542044755,2.6587300842857142,1.2
32.57142857142856,0.12190136542044755,2.896825315714286,0.8
32.57142857142856,0.12190136542044755,2.896825315714286,0.8571428571428572
32.57142857142856,0.12190136542044755,2.896825315714286,0.9142857142857143
32.57142857142856,0.12190136542044755,2.896825315714286,0.9714285714285714
32.57142857142856,0.12190136542044755,2.896825315714286,1.0285714285714285
32.57142857142856,0.12190136542044755,2.896825315714286,1.0857142857142856
32.57142857142856,0.12190136542044755,2.896825315714286,1.1428571428571428
32.57142857142856,0.12190136542044755,2.896825315714286,1.2
32.57142857142856,0.12190136542044755,3.1349205471428574,0.8
32.57142857142856,0.12190136542044755,3.1349205471428574,0.8571428571428572
32.57142857142856,0.12190136542044755,3.1349205471428574,0.9142857142857143
32.57142857142856,0.12190136542044755,3.1349205471428574,0.9714285714285714
32.57142857142856,0.12190136542044755,3.1349205471428574,1.0285714285714285
32.57142857142856,0.12190136542044755,3.1349205471428574,1.0857142857142856
32.57142857142856,0.12190136542044755,3.1349205471428574,1.1428571428571428
32.57142857142856,0.12190136542044755,3.1349205471428574,1.2
32.57142857142856,0.12190136542044755,3.373015778571429,0.8
32.57142857142856,0.12190136542044755,3.373015778571429,0.8571428571428572
32.57142857142856,0.12190136542044755,3.373015778571429,0.9142857142857143
32.57142857142856,0.12190136542044755,3.373015778571429,0.9714285714285714
32.57142857142856,0.12190136542044755,3.373015778571429,1.0285714285714285
32.57142857142856,0.12190136542044755,3.373015778571429,1.0857142857142856
32.57142857142856,0.12190136542044755,3.373015778571429,1.1428571428571428
32.57142857142856,0.12190136542044755,3.373015778571429,1.2
32.57142857142856,0.12190136542044755,3.61111101,0.8
32.57142857142856,0.12190136542044755,3.61111101,0.8571428571428572
32.57142857142856,0.12190136542044755,3.61111101,0.9142857142857143
32.57142857142856,0.12190136542044755,3.61111101,0.9714285714285714
32.57142857142856,0.12190136542044755,3.61111101,1.0285714285714285
32.57142857142856,0.12190136542044755,3.61111101,1.0857142857142856
32.57142857142856,0.12190136542044755,3.61111101,1.1428571428571428
32.57142857142856,0.12190136542044755,3.61111101,1.2
32.57142857142856,0.14859942891369485,1.94444439,0.8
32.57142857142856,0.14859942891369485,1.94444439,0.8571428571428572
32.57142857142856,0.14859942891369485,1.94444439,0.9142857142857143
32.57142857142856,0.14859942891369485,1.94444439,0.9714285714285714
32.57142857142856,0.14859942891369485,1.94444439,1.0285714285714285
32.57142857142856,0.14859942891369485,1.94444439,1.0857142857142856
32.57142857142856,0.14859942891369485,1.94444439,1.1428571428571428
32.57142857142856,0.14859942891369485,1.94444439,1.2
32.57142857142856,0.14859942891369485,2.1825396214285715,0.8
32.57142857142856,0.14859942891369485,2.1825396214285715,0.8571428571428572
32.57142857142856,0.14859942891369485,2.1825396214285715,0.9142857142857143
32.57142857142856,0.14859942891369485,2.1825396214285715,0.9714285714285714
32.57142857142856,0.14859942891369485,2.1825396214285715,1.0285714285714285
32.57142857142856,0.14859942891369485,2.1825396214285715,1.0857142857142856
32.57142857142856,0.14859942891369485,2.1825396214285715,1.1428571428571428
32.57142857142856,0.14859942891369485,2.1825396214285715,1.2
32.57142857142856,0.14859942891369485,2.420634852857143,0.8
32.57142857142856,0.14859942891369485,2.420634852857143,0.8571428571428572
32.57142857142856,0.14859942891369485,2.420634852857143,0.9142857142857143
32.57142857142856,0.14859942891369485,2.420634852857143,0.9714285714285714
32.57142857142856,0.14859942891369485,2.420634852857143,1.0285714285714285
32.57142857142856,0.14859942891369485,2.420634852857143,1.0857142857142856
32.57142857142856,0.14859942891369485,2.420634852857143,1.1428571428571428
32.57142857142856,0.14859942891369485,2.420634852857143,1.2
32.57142857142856,0.14859942891369485,2.6587300842857142,0.8
32.57142857142856,0.14859942891369485,2.6587300842857142,0.8571428571428572
32.57142857142856,0.14859942891369485,2.6587300842857142,0.9142857142857143
32.57142857142856,0.14859942891369485,2.6587300842857142,0.9714285714285714
32.57142857142856,0.14859942891369485,2.6587300842857142,1.0285714285714285
32.57142857142856,0.14859942891369485,2.6587300842857142,1.0857142857142856
32.57142857142856,0.14859942891369485,2.6587300842857142,1.1428571428571428
32.57142857142856,0.14859942891369485,2.6587300842857142,1.2
32.57142857142856,0.14859942891369485,2.896825315714286,0.8
32.57142857142856,0.14859942891369485,2.896825315714286,0.8571428571428572
32.57142857142856,0.14859942891369485,2.896825315714286,0.9142857142857143
32.57142857142856,0.14859942891369485,2.896825315714286,0.9714285714285714
32.57142857142856,0.14859942891369485,2.896825315714286,1.0285714285714285
32.57142857142856,0.14859942891369485,2.896825315714286,1.0857142857142856
32.57142857142856,0.14859942891369485,2.896825315714286,1.1428571428571428
32.57142857142856,0.14859942891369485,2.896825315714286,1.2
32.57142857142856,0.14859942891369485,3.1349205471428574,0.8
32.57142857142856,0.14859942891369485,3.1349205471428574,0.8571428571428572
32.57142857142856,0.14859942891369485,3.1349205471428574,0.9142857142857143
32.57142857142856,0.14859942891369485,3.1349205471428574,0.9714285714285714
32.57142857142856,0.14859942891369485,3.1349205471428574,1.0285714285714285
32.57142857142856,0.14859942891369485,3.1349205471428574,1.0857142857142856
32.57142857142856,0.14859942891369485,3.1349205471428574,1.1428571428571428
32.57142857142856,0.14859942891369485,3.1349205471428574,1.2
32.57142857142856,0.14859942891369485,3.373015778571429,0.8
32.57142857142856,0.14859942891369485,3.373015778571429,0.8571428571428572
32.57142857142856,0.14859942891369485,3.373015778571429,0.9142857142857143
32.57142857142856,0.14859942891369485,3.373015778571429,0.9714285714285714
32.57142857142856,0.14859942891369485,3.373015778571429,1.0285714285714285
32.57142857142856,0.14859942891369485,3.373015778571429,1.0857142857142856
32.57142857142856,0.14859942891369485,3.373015778571429,1.1428571428571428
32.57142857142856,0.14859942891369485,3.373015778571429,1.2
32.57142857142856,0.14859942891369485,3.61111101,0.8
32.57142857142856,0.14859942891369485,3.61111101,0.8571428571428572
32.57142857142856,0.14859942891369485,3.61111101,0.9142857142857143
32.57142857142856,0.14859942891369485,3.61111101,0.9714285714285714
32.57142857142856,0.14859942891369485,3.61111101,1.0285714285714285
32.57142857142856,0.14859942891369485,3.61111101,1.0857142857142856
32.57142857142856,0.14859942891369485,3.61111101,1.1428571428571428
32.57142857142856,0.14859942891369485,3.61111101,1.2
32.57142857142856,0.18114473285278132,1.94444439,0.8
32.57142857142856,0.18114473285278132,1.94444439,0.8571428571428572
32.57142857142856,0.18114473285278132,1.94444439,0.9142857142857143
32.57142857142856,0.18114473285278132,1.94444439,0.9714285714285714
32.57142857142856,0.18114473285278132,1.94444439,1.0285714285714285
32.57142857142856,0.18114473285278132,1.94444439,1.0857142857142856
32.57142857142856,0.18114473285278132,1.94444439,1.1428571428571428
32.57142857142856,0.18114473285278132,1.94444439,1.2
32.57142857142856,0.18114473285278132,2.1825396214285715,0.8
32.57142857142856,0.18114473285278132,2.1825396214285715,0.8571428571428572
32.57142857142856,0.18114473285278132,2.1825396214285715,0.9142857142857143
32.57142857142856,0.18114473285278132,2.1825396214285715,0.9714285714285714
32.57142857142856,0.18114473285278132,2.1825396214285715,1.0285714285714285
32.57142857142856,0.18114473285278132,2.1825396214285715,1.0857142857142856
32.57142857142856,0.18114473285278132,2.1825396214285715,1.1428571428571428
32.57142857142856,0.18114473285278132,2.1825396214285715,1.2
32.57142857142856,0.18114473285278132,2.420634852857143,0.8
32.57142857142856,0.18114473285278132,2.420634852857143,0.8571428571428572
32.57142857142856,0.18114473285278132,2.420634852857143,0.9142857142857143
32.57142857142856,0.18114473285278132,2.420634852857143,0.9714285714285714
32.57142857142856,0.18114473285278132,2.420634852857143,1.0285714285714285
32.57142857142856,0.18114473285278132,2.420634852857143,1.0857142857142856
32.57142857142856,0.18114473285278132,2.420634852857143,1.1428571428571428
32.57142857142856,0.18114473285278132,2.420634852857143,1.2
32.57142857142856,0.18114473285278132,2.6587300842857142,0.8
32.57142857142856,0.18114473285278132,2.6587300842857142,0.8571428571428572
32.57142857142856,0.18114473285278132,2.6587300842857142,0.9142857142857143
32.57142857142856,0.18114473285278132,2.6587300842857142,0.9714285714285714
32.57142857142856,0.18114473285278132,2.6587300842857142,1.0285714285714285
32.57142857142856,0.18114473285278132,2.6587300842857142,1.0857142857142856
32.57142857142856,0.18114473285278132,2.6587300842857142,1.1428571428571428
32.57142857142856,0.18114473285278132,2.6587300842857142,1.2
32.57142857142856,0.18114473285278132,2.896825315714286,0.8
32.57142857142856,0.18114473285278132,2.896825315714286,0.8571428571428572
32.57142857142856,0.18114473285278132,2.896825315714286,0.9142857142857143
32.57142857142856,0.18114473285278132,2.896825315714286,0.9714285714285714
32.57142857142856,0.18114473285278132,2.896825315714286,1.0285714285714285
32.57142857142856,0.18114473285278132,2.896825315714286,1.0857142857142856
32.57142857142856,0.18114473285278132,2.896825315714286,1.1428571428571428
32.57142857142856,0.18114473285278132,2.896825315714286,1.2
32.57142857142856,0.18114473285278132,3.1349205471428574,0.8
32.57142857142856,0.18114473285278132,3.1349205471428574,0.8571428571428572
32.57142857142856,0.18114473285278132,3.1349205471428574,0.9142857142857143
32.57142857142856,0.18114473285278132,3.1349205471428574,0.9714285714285714
32.57142857142856,0.18114473285278132,3.1349205471428574,1.0285714285714285
32.57142857142856,0.18114473285278132,3.1349205471428574,1.0857142857142856
32.57142857142856,0.18114473285278132,3.1349205471428574,1.1428571428571428
32.57142857142856,0.18114473285278132,3.1349205471428574,1.2
32.57142857142856,0.18114473285278132,3.373015778571429,0.8
32.57142857142856,0.18114473285278132,3.373015778571429,0.8571428571428572
32.57142857142856,0.18114473285278132,3.373015778571429,0.9142857142857143
32.57142857142856,0.18114473285278132,3.373015778571429,0.9714285714285714
32.57142857142856,0.18114473285278132,3.373015778571429,1.0285714285714285
32.57142857142856,0.18114473285278132,3.373015778571429,1.0857142857142856
32.57142857142856,0.18114473285278132,3.373015778571429,1.1428571428571428
32.57142857142856,0.18114473285278132,3.373015778571429,1.2
32.57142857142856,0.18114473285278132,3.61111101,0.8
32.57142857142856,0.18114473285278132,3.61111101,0.8571428571428572
32.57142857142856,0.18114473285278132,3.61111101,0.9142857142857143
32.57142857142856,0.18114473285278132,3.61111101,0.9714285714285714
32.57142857142856,0.18114473285278132,3.61111101,1.0285714285714285
32.57142857142856,0.18114473285278132,3.61111101,1.0857142857142856
32.57142857142856,0.18114473285278132,3.61111101,1.1428571428571428
32.57142857142856,0.18114473285278132,3.61111101,1.2
32.57142857142856,0.22081790273476246,1.94444439,0.8
32.57142857142856,0.22081790273476246,1.94444439,0.8571428571428572
32.57142857142856,0.22081790273476246,1.94444439,0.9142857142857143
32.57142857142856,0.22081790273476246,1.94444439,0.9714285714285714
32.57142857142856,0.22081790273476246,1.94444439,1.0285714285714285
32.57142857142856,0.22081790273476246,1.94444439,1.0857142857142856
32.57142857142856,0.22081790273476246,1.94444439,1.1428571428571428
32.57142857142856,0.22081790273476246,1.94444439,1.2
32.57142857142856,0.22081790273476246,2.1825396214285715,0.8
32.57142857142856,0.22081790273476246,2.1825396214285715,0.8571428571428572
32.57142857142856,0.22081790273476246,2.1825396214285715,0.9142857142857143
32.57142857142856,0.22081790273476246,2.1825396214285715,0.9714285714285714
32.57142857142856,0.22081790273476246,2.1825396214285715,1.0285714285714285
32.57142857142856,0.22081790273476246,2.1825396214285715,1.0857142857142856
32.57142857142856,0.22081790273476246,2.1825396214285715,1.1428571428571428
32.57142857142856,0.22081790273476246,2.1825396214285715,1.2
32.57142857142856,0.22081790273476246,2.420634852857143,0.8
32.57142857142856,0.22081790273476246,2.420634852857143,0.8571428571428572
32.57142857142856,0.22081790273476246,2.420634852857143,0.9142857142857143
32.57142857142856,0.22081790273476246,2.420634852857143,0.9714285714285714
32.57142857142856,0.22081790273476246,2.420634852857143,1.0285714285714285
32.57142857142856,0.22081790273476246,2.420634852857143,1.0857142857142856
32.57142857142856,0.22081790273476246,2.420634852857143,1.1428571428571428
32.57142857142856,0.22081790273476246,2.420634852857143,1.2
32.57142857142856,0.22081790273476246,2.6587300842857142,0.8
32.57142857142856,0.22081790273476246,2.6587300842857142,0.8571428571428572
32.57142857142856,0.22081790273476246,2.6587300842857142,0.9142857142857143
32.57142857142856,0.22081790273476246,2.6587300842857142,0.9714285714285714
32.57142857142856,0.22081790273476246,2.6587300842857142,1.0285714285714285
32.57142857142856,0.22081790273476246,2.6587300842857142,1.0857142857142856
32.57142857142856,0.22081790273476246,2.6587300842857142,1.1428571428571428
32.57142857142856,0.22081790273476246,2.6587300842857142,1.2
32.57142857142856,0.22081790273476246,2.896825315714286,0.8
32.57142857142856,0.22081790273476246,2.896825315714286,0.8571428571428572
32.57142857142856,0.22081790273476246,2.896825315714286,0.9142857142857143
32.57142857142856,0.22081790273476246,2.896825315714286,0.9714285714285714
32.57142857142856,0.22081790273476246,2.896825315714286,1.0285714285714285
32.57142857142856,0.22081790273476246,2.896825315714286,1.0857142857142856
32.57142857142856,0.22081790273476246,2.896825315714286,1.1428571428571428
32.57142857142856,0.22081790273476246,2.896825315714286,1.2
32.57142857142856,0.22081790273476246,3.1349205471428574,0.8
32.57142857142856,0.22081790273476246,3.1349205471428574,0.8571428571428572
32.57142857142856,0.22081790273476246,3.1349205471428574,0.9142857142857143
32.57142857142856,0.22081790273476246,3.1349205471428574,0.9714285714285714
32.57142857142856,0.22081790273476246,3.1349205471428574,1.0285714285714285
32.57142857142856,0.22081790273476246,3.1349205471428574,1.0857142857142856
32.57142857142856,0.22081790273476246,3.1349205471428574,1.1428571428571428
32.57142857142856,0.22081790273476246,3.1349205471428574,1.2
32.57142857142856,0.22081790273476246,3.373015778571429,0.8
32.57142857142856,0.22081790273476246,3.373015778571429,0.8571428571428572
32.57142857142856,0.22081790273476246,3.373015778571429,0.9142857142857143
32.57142857142856,0.22081790273476246,3.373015778571429,0.9714285714285714
32.57142857142856,0.22081790273476246,3.373015778571429,1.0285714285714285
32.57142857142856,0.22081790273476246,3.373015778571429,1.0857142857142856
32.57142857142856,0.22081790273476246,3.373015778571429,1.1428571428571428
32.57142857142856,0.22081790273476246,3.373015778571429,1.2
32.57142857142856,0.22081790273476246,3.61111101,0.8
32.57142857142856,0.22081790273476246,3.61111101,0.8571428571428572
32.57142857142856,0.22081790273476246,3.61111101,0.9142857142857143
32.57142857142856,0.22081790273476246,3.61111101,0.9714285714285714
32.57142857142856,0.22081790273476246,3.61111101,1.0285714285714285
32.57142857142856,0.22081790273476246,3.61111101,1.0857142857142856
32.57142857142856,0.22081790273476246,3.61111101,1.1428571428571428
32.57142857142856,0.22081790273476246,3.61111101,1.2
32.57142857142856,0.26918003852647127,1.94444439,0.8
32.57142857142856,0.26918003852647127,1.94444439,0.8571428571428572
32.57142857142856,0.26918003852647127,1.94444439,0.9142857142857143
32.57142857142856,0.26918003852647127,1.94444439,0.9714285714285714
32.57142857142856,0.26918003852647127,1.94444439,1.0285714285714285
32.57142857142856,0.26918003852647127,1.94444439,1.0857142857142856
32.57142857142856,0.26918003852647127,1.94444439,1.1428571428571428
32.57142857142856,0.26918003852647127,1.94444439,1.2
32.57142857142856,0.26918003852647127,2.1825396214285715,0.8
32.57142857142856,0.26918003852647127,2.1825396214285715,0.8571428571428572
32.57142857142856,0.26918003852647127,2.1825396214285715,0.9142857142857143
32.57142857142856,0.26918003852647127,2.1825396214285715,0.9714285714285714
32.57142857142856,0.26918003852647127,2.1825396214285715,1.0285714285714285
32.57142857142856,0.26918003852647127,2.1825396214285715,1.0857142857142856
32.57142857142856,0.26918003852647127,2.1825396214285715,1.1428571428571428
32.57142857142856,0.26918003852647127,2.1825396214285715,1.2
32.57142857142856,0.26918003852647127,2.420634852857143,0.8
32.57142857142856,0.26918003852647127,2.420634852857143,0.8571428571428572
32.57142857142856,0.26918003852647127,2.420634852857143,0.9142857142857143
32.57142857142856,0.26918003852647127,2.420634852857143,0.9714285714285714
32.57142857142856,0.26918003852647127,2.420634852857143,1.0285714285714285
32.57142857142856,0.26918003852647127,2.420634852857143,1.0857142857142856
32.57142857142856,0.26918003852647127,2.420634852857143,1.1428571428571428
32.57142857142856,0.26918003852647127,2.420634852857143,1.2
32.57142857142856,0.26918003852647127,2.6587300842857142,0.8
32.57142857142856,0.26918003852647127,2.6587300842857142,0.8571428571428572
32.57142857142856,0.26918003852647127,2.6587300842857142,0.9142857142857143
32.57142857142856,0.26918003852647127,2.6587300842857142,0.9714285714285714
32.57142857142856,0.26918003852647127,2.6587300842857142,1.0285714285714285
32.57142857142856,0.26918003852647127,2.6587300842857142,1.0857142857142856
32.57142857142856,0.26918003852647127,2.6587300842857142,1.1428571428571428
32.57142857142856,0.26918003852647127,2.6587300842857142,1.2
32.57142857142856,0.26918003852647127,2.896825315714286,0.8
32.57142857142856,0.26918003852647127,2.896825315714286,0.8571428571428572
32.57142857142856,0.26918003852647127,2.896825315714286,0.9142857142857143
32.57142857142856,0.26918003852647127,2.896825315714286,0.9714285714285714
32.57142857142856,0.26918003852647127,2.896825315714286,1.0285714285714285
32.57142857142856,0.26918003852647127,2.896825315714286,1.0857142857142856
32.57142857142856,0.26918003852647127,2.896825315714286,1.1428571428571428
32.57142857142856,0.26918003852647127,2.896825315714286,1.2
32.57142857142856,0.26918003852647127,3.1349205471428574,0.8
32.57142857142856,0.26918003852647127,3.1349205471428574,0.8571428571428572
32.57142857142856,0.26918003852647127,3.1349205471428574,0.9142857142857143
32.57142857142856,0.26918003852647127,3.1349205471428574,0.9714285714285714
32.57142857142856,0.26918003852647127,3.1349205471428574,1.0285714285714285
32.57142857142856,0.26918003852647127,3.1349205471428574,1.0857142857142856
32.57142857142856,0.26918003852647127,3.1349205471428574,1.1428571428571428
32.57142857142856,0.26918003852647127,3.1349205471428574,1.2
32.57142857142856,0.26918003852647127,3.373015778571429,0.8
32.57142857142856,0.26918003852647127,3.373015778571429,0.8571428571428572
32.57142857142856,0.26918003852647127,3.373015778571429,0.9142857142857143
32.57142857142856,0.26918003852647127,3.373015778571429,0.9714285714285714
32.57142857142856,0.26918003852647127,3.373015778571429,1.0285714285714285
32.57142857142856,0.26918003852647127,3.373015778571429,1.0857142857142856
32.57142857142856,0.26918003852647127,3.373015778571429,1.1428571428571428
32.57142857142856,0.26918003852647127,3.373015778571429,1.2
32.57142857142856,0.26918003852647127,3.61111101,0.8
32.57142857142856,0.26918003852647127,3.61111101,0.8571428571428572
32.57142857142856,0.26918003852647127,3.61111101,0.9142857142857143
32.57142857142856,0.26918003852647127,3.61111101,0.9714285714285714
32.57142857142856,0.26918003852647127,3.61111101,1.0285714285714285
32.57142857142856,0.26918003852647127,3.61111101,1.0857142857142856
32.57142857142856,0.26918003852647127,3.61111101,1.1428571428571428
32.57142857142856,0.26918003852647127,3.61111101,1.2
32.57142857142856,0.32813414240305516,1.94444439,0.8
32.57142857142856,0.32813414240305516,1.94444439,0.8571428571428572
32.57142857142856,0.32813414240305516,1.94444439,0.9142857142857143
32.57142857142856,0.32813414240305516,1.94444439,0.9714285714285714
32.57142857142856,0.32813414240305516,1.94444439,1.0285714285714285
32.57142857142856,0.32813414240305516,1.94444439,1.0857142857142856
32.57142857142856,0.32813414240305516,1.94444439,1.1428571428571428
32.57142857142856,0.32813414240305516,1.94444439,1.2
32.57142857142856,0.32813414240305516,2.1825396214285715,0.8
32.57142857142856,0.32813414240305516,2.1825396214285715,0.8571428571428572
32.57142857142856,0.32813414240305516,2.1825396214285715,0.9142857142857143
32.57142857142856,0.32813414240305516,2.1825396214285715,0.9714285714285714
32.57142857142856,0.32813414240305516,2.1825396214285715,1.0285714285714285
32.57142857142856,0.32813414240305516,2.1825396214285715,1.0857142857142856
32.57142857142856,0.32813414240305516,2.1825396214285715,1.1428571428571428
32.57142857142856,0.32813414240305516,2.1825396214285715,1.2
32.57142857142856,0.32813414240305516,2.420634852857143,0.8
32.57142857142856,0.32813414240305516,2.420634852857143,0.8571428571428572
32.57142857142856,0.32813414240305516,2.420634852857143,0.9142857142857143
32.57142857142856,0.32813414240305516,2.420634852857143,0.9714285714285714
32.57142857142856,0.32813414240305516,2.420634852857143,1.0285714285714285
32.57142857142856,0.32813414240305516,2.420634852857143,1.0857142857142856
32.57142857142856,0.32813414240305516,2.420634852857143,1.1428571428571428
32.57142857142856,0.32813414240305516,2.420634852857143,1.2
32.57142857142856,0.32813414240305516,2.6587300842857142,0.8
32.57142857142856,0.32813414240305516,2.6587300842857142,0.8571428571428572
32.57142857142856,0.32813414240305516,2.6587300842857142,0.9142857142857143
32.57142857142856,0.32813414240305516,2.6587300842857142,0.9714285714285714
32.57142857142856,0.32813414240305516,2.6587300842857142,1.0285714285714285
32.57142857142856,0.32813414240305516,2.6587300842857142,1.0857142857142856
32.57142857142856,0.32813414240305516,2.6587300842857142,1.1428571428571428
32.57142857142856,0.32813414240305516,2.6587300842857142,1.2
32.57142857142856,0.32813414240305516,2.896825315714286,0.8
32.57142857142856,0.32813414240305516,2.896825315714286,0.8571428571428572
32.57142857142856,0.32813414240305516,2.896825315714286,0.9142857142857143
32.57142857142856,0.32813414240305516,2.896825315714286,0.9714285714285714
32.57142857142856,0.32813414240305516,2.896825315714286,1.0285714285714285
32.57142857142856,0.32813414240305516,2.896825315714286,1.0857142857142856
32.57142857142856,0.32813414240305516,2.896825315714286,1.1428571428571428
32.57142857142856,0.32813414240305516,2.896825315714286,1.2
32.57142857142856,0.32813414240305516,3.1349205471428574,0.8
32.57142857142856,0.32813414240305516,3.1349205471428574,0.8571428571428572
32.57142857142856,0.32813414240305516,3.1349205471428574,0.9142857142857143
32.57142857142856,0.32813414240305516,3.1349205471428574,0.9714285714285714
32.57142857142856,0.32813414240305516,3.1349205471428574,1.0285714285714285
32.57142857142856,0.32813414240305516,3.1349205471428574,1.0857142857142856
32.57142857142856,0.32813414240305516,3.1349205471428574,1.1428571428571428
32.57142857142856,0.32813414240305516,3.1349205471428574,1.2
32.57142857142856,0.32813414240305516,3.373015778571429,0.8
32.57142857142856,0.32813414240305516,3.373015778571429,0.8571428571428572
32.57142857142856,0.32813414240305516,3.373015778571429,0.9142857142857143
32.57142857142856,0.32813414240305516,3.373015778571429,0.9714285714285714
32.57142857142856,0.32813414240305516,3.373015778571429,1.0285714285714285
32.57142857142856,0.32813414240305516,3.373015778571429,1.0857142857142856
32.57142857142856,0.32813414240305516,3.373015778571429,1.1428571428571428
32.57142857142856,0.32813414240305516,3.373015778571429,1.2
32.57142857142856,0.32813414240305516,3.61111101,0.8
32.57142857142856,0.32813414240305516,3.61111101,0.8571428571428572
32.57142857142856,0.32813414240305516,3.61111101,0.9142857142857143
32.57142857142856,0.32813414240305516,3.61111101,0.9714285714285714
32.57142857142856,0.32813414240305516,3.61111101,1.0285714285714285
32.57142857142856,0.32813414240305516,3.61111101,1.0857142857142856
32.57142857142856,0.32813414240305516,3.61111101,1.1428571428571428
32.57142857142856,0.32813414240305516,3.61111101,1.2
32.57142857142856,0.4,1.94444439,0.8
32.57142857142856,0.4,1.94444439,0.8571428571428572
32.57142857142856,0.4,1.94444439,0.9142857142857143
32.57142857142856,0.4,1.94444439,0.9714285714285714
32.57142857142856,0.4,1.94444439,1.0285714285714285
32.57142857142856,0.4,1.94444439,1.0857142857142856
32.57142857142856,0.4,1.94444439,1.1428571428571428
32.57142857142856,0.4,1.94444439,1.2
32.57142857142856,0.4,2.1825396214285715,0.8
32.57142857142856,0.4,2.1825396214285715,0.8571428571428572
32.57142857142856,0.4,2.1825396214285715,0.9142857142857143
32.57142857142856,0.4,2.1825396214285715,0.9714285714285714
32.57142857142856,0.4,2.1825396214285715,1.0285714285714285
32.57142857142856,0.4,2.1825396214285715,1.0857142857142856
32.57142857142856,0.4,2.1825396214285715,1.1428571428571428
32.57142857142856,0.4,2.1825396214285715,1.2
32.57142857142856,0.4,2.420634852857143,0.8
32.57142857142856,0.4,2.420634852857143,0.8571428571428572
32.57142857142856,0.4,2.420634852857143,0.9142857142857143
32.57142857142856,0.4,2.420634852857143,0.9714285714285714
32.57142857142856,0.4,2.420634852857143,1.0285714285714285
32.57142857142856,0.4,2.420634852857143,1.0857142857142856
32.57142857142856,0.4,2.420634852857143,1.1428571428571428
32.57142857142856,0.4,2.420634852857143,1.2
32.57142857142856,0.4,2.6587300842857142,0.8
32.57142857142856,0.4,2.6587300842857142,0.8571428571428572
32.57142857142856,0.4,2.6587300842857142,0.9142857142857143
32.57142857142856,0.4,2.6587300842857142,0.9714285714285714
32.57142857142856,0.4,2.6587300842857142,1.0285714285714285
32.57142857142856,0.4,2.6587300842857142,1.0857142857142856
32.57142857142856,0.4,2.6587300842857142,1.1428571428571428
32.57142857142856,0.4,2.6587300842857142,1.2
32.57142857142856,0.4,2.896825315714286,0.8
32.57142857142856,0.4,2.896825315714286,0.8571428571428572
32.57142857142856,0.4,2.896825315714286,0.9142857142857143
32.57142857142856,0.4,2.896825315714286,0.9714285714285714
32.57142857142856,0.4,2.896825315714286,1.0285714285714285
32.57142857142856,0.4,2.896825315714286,1.0857142857142856
32.57142857142856,0.4,2.896825315714286,1.1428571428571428
32.57142857142856,0.4,2.896825315714286,1.2
32.57142857142856,0.4,3.1349205471428574,0.8
32.57142857142856,0.4,3.1349205471428574,0.8571428571428572
32.57142857142856,0.4,3.1349205471428574,0.9142857142857143
32.57142857142856,0.4,3.1349205471428574,0.9714285714285714
32.57142857142856,0.4,3.1349205471428574,1.0285714285714285
32.57142857142856,0.4,3.1349205471428574,1.0857142857142856
32.57142857142856,0.4,3.1349205471428574,1.1428571428571428
32.57142857142856,0.4,3.1349205471428574,1.2
32.57142857142856,0.4,3.373015778571429,0.8
32.57142857142856,0.4,3.373015778571429,0.8571428571428572
32.57142857142856,0.4,3.373015778571429,0.9142857142857143
32.57142857142856,0.4,3.373015778571429,0.9714285714285714
32.57142857142856,0.4,3.373015778571429,1.0285714285714285
32.57142857142856,0.4,3.373015778571429,1.0857142857142856
32.57142857142856,0.4,3.373015778571429,1.1428571428571428
32.57142857142856,0.4,3.373015778571429,1.2
32.57142857142856,0.4,3.61111101,0.8
32.57142857142856,0.4,3.61111101,0.8571428571428572
32.57142857142856,0.4,3.61111101,0.9142857142857143
32.57142857142856,0.4,3.61111101,0.9714285714285714
32.57142857142856,0.4,3.61111101,1.0285714285714285
32.57142857142856,0.4,3.61111101,1.0857142857142856
32.57142857142856,0.4,3.61111101,1.1428571428571428
32.57142857142856,0.4,3.61111101,1.2
34.28571428571428,0.1,1.94444439,0.8
34.28571428571428,0.1,1.94444439,0.8571428571428572
34.28571428571428,0.1,1.94444439,0.9142857142857143
34.28571428571428,0.1,1.94444439,0.9714285714285714
34.28571428571428,0.1,1.94444439,1.0285714285714285
34.28571428571428,0.1,1.94444439,1.0857142857142856
34.28571428571428,0.1,1.94444439,1.1428571428571428
34.28571428571428,0.1,1.94444439,1.2
34.28571428571428,0.1,2.1825396214285715,0.8
34.28571428571428,0.1,2.1825396214285715,0.8571428571428572
34.28571428571428,0.1,2.1825396214285715,0.9142857142857143
34.28571428571428,0.1,2.1825396214285715,0.9714285714285714
34.28571428571428,0.1,2.1825396214285715,1.0285714285714285
34.28571428571428,0.1,2.1825396214285715,1.0857142857142856
34.28571428571428,0.1,2.1825396214285715,1.1428571428571428
34.28571428571428,0.1,2.1825396214285715,1.2
34.28571428571428,0.1,2.420634852857143,0.8
34.28571428571428,0.1,2.420634852857143,0.8571428571428572
34.28571428571428,0.1,2.420634852857143,0.9142857142857143
34.28571428571428,0.1,2.420634852857143,0.9714285714285714
34.28571428571428,0.1,2.420634852857143,1.0285714285714285
34.28571428571428,0.1,2.420634852857143,1.0857142857142856
34.28571428571428,0.1,2.420634852857143,1.1428571428571428
34.28571428571428,0.1,2.420634852857143,1.2
34.28571428571428,0.1,2.6587300842857142,0.8
34.28571428571428,0.1,2.6587300842857142,0.8571428571428572
34.28571428571428,0.1,2.6587300842857142,0.9142857142857143
34.28571428571428,0.1,2.6587300842857142,0.9714285714285714
34.28571428571428,0.1,2.6587300842857142,1.0285714285714285
34.28571428571428,0.1,2.6587300842857142,1.0857142857142856
34.28571428571428,0.1,2.6587300842857142,1.1428571428571428
34.28571428571428,0.1,2.6587300842857142,1.2
34.28571428571428,0.1,2.896825315714286,0.8
34.28571428571428,0.1,2.896825315714286,0.8571428571428572
34.28571428571428,0.1,2.896825315714286,0.9142857142857143
34.28571428571428,0.1,2.896825315714286,0.9714285714285714
34.28571428571428,0.1,2.896825315714286,1.0285714285714285
34.28571428571428,0.1,2.896825315714286,1.0857142857142856
34.28571428571428,0.1,2.896825315714286,1.1428571428571428
34.28571428571428,0.1,2.896825315714286,1.2
34.28571428571428,0.1,3.1349205471428574,0.8
34.28571428571428,0.1,3.1349205471428574,0.8571428571428572
34.28571428571428,0.1,3.1349205471428574,0.9142857142857143
34.28571428571428,0.1,3.1349205471428574,0.9714285714285714
34.28571428571428,0.1,3.1349205471428574,1.0285714285714285
34.28571428571428,0.1,3.1349205471428574,1.0857142857142856
34.28571428571428,0.1,3.1349205471428574,1.1428571428571428
34.28571428571428,0.1,3.1349205471428574,1.2
34.28571428571428,0.1,3.373015778571429,0.8
34.28571428571428,0.1,3.373015778571429,0.8571428571428572
34.28571428571428,0.1,3.373015778571429,0.9142857142857143
34.28571428571428,0.1,3.373015778571429,0.9714285714285714
34.28571428571428,0.1,3.373015778571429,1.0285714285714285
34.28571428571428,0.1,3.373015778571429,1.0857142857142856
34.28571428571428,0.1,3.373015778571429,1.1428571428571428
34.28571428571428,0.1,3.373015778571429,1.2
34.28571428571428,0.1,3.61111101,0.8
34.28571428571428,0.1,3.61111101,0.8571428571428572
34.28571428571428,0.1,3.61111101,0.9142857142857143
34.28571428571428,0.1,3.61111101,0.9714285714285714
34.28571428571428,0.1,3.61111101,1.0285714285714285
34.28571428571428,0.1,3.61111101,1.0857142857142856
34.28571428571428,0.1,3.61111101,1.1428571428571428
34.28571428571428,0.1,3.61111101,1.2
34.28571428571428,0.12190136542044755,1.94444439,0.8
34.28571428571428,0.12190136542044755,1.94444439,0.8571428571428572
34.28571428571428,0.12190136542044755,1.94444439,0.9142857142857143
34.28571428571428,0.12190136542044755,1.94444439,0.9714285714285714
34.28571428571428,0.12190136542044755,1.94444439,1.0285714285714285
34.28571428571428,0.12190136542044755,1.94444439,1.0857142857142856
34.28571428571428,0.12190136542044755,1.94444439,1.1428571428571428
34.28571428571428,0.12190136542044755,1.94444439,1.2
34.28571428571428,0.12190136542044755,2.1825396214285715,0.8
34.28571428571428,0.12190136542044755,2.1825396214285715,0.8571428571428572
34.28571428571428,0.12190136542044755,2.1825396214285715,0.9142857142857143
34.28571428571428,0.12190136542044755,2.1825396214285715,0.9714285714285714
34.28571428571428,0.12190136542044755,2.1825396214285715,1.0285714285714285
34.28571428571428,0.12190136542044755,2.1825396214285715,1.0857142857142856
34.28571428571428,0.12190136542044755,2.1825396214285715,1.1428571428571428
34.28571428571428,0.12190136542044755,2.1825396214285715,1.2
34.28571428571428,0.12190136542044755,2.420634852857143,0.8
34.28571428571428,0.12190136542044755,2.420634852857143,0.8571428571428572
34.28571428571428,0.12190136542044755,2.420634852857143,0.9142857142857143
34.28571428571428,0.12190136542044755,2.420634852857143,0.9714285714285714
34.28571428571428,0.12190136542044755,2.420634852857143,1.0285714285714285
34.28571428571428,0.12190136542044755,2.420634852857143,1.0857142857142856
34.28571428571428,0.12190136542044755,2.420634852857143,1.1428571428571428
34.28571428571428,0.12190136542044755,2.420634852857143,1.2
34.28571428571428,0.12190136542044755,2.6587300842857142,0.8
34.28571428571428,0.12190136542044755,2.6587300842857142,0.8571428571428572
34.28571428571428,0.12190136542044755,2.6587300842857142,0.9142857142857143
34.28571428571428,0.12190136542044755,2.6587300842857142,0.9714285714285714
34.28571428571428,0.12190136542044755,2.6587300842857142,1.0285714285714285
34.28571428571428,0.12190136542044755,2.6587300842857142,1.0857142857142856
34.28571428571428,0.12190136542044755,2.6587300842857142,1.1428571428571428
34.28571428571428,0.12190136542044755,2.6587300842857142,1.2
34.28571428571428,0.12190136542044755,2.896825315714286,0.8
34.28571428571428,0.12190136542044755,2.896825315714286,0.8571428571428572
34.28571428571428,0.12190136542044755,2.896825315714286,0.9142857142857143
34.28571428571428,0.12190136542044755,2.896825315714286,0.9714285714285714
34.28571428571428,0.12190136542044755,2.896825315714286,1.0285714285714285
34.28571428571428,0.12190136542044755,2.896825315714286,1.0857142857142856
34.28571428571428,0.12190136542044755,2.896825315714286,1.1428571428571428
34.28571428571428,0.12190136542044755,2.896825315714286,1.2
34.28571428571428,0.12190136542044755,3.1349205471428574,0.8
34.28571428571428,0.12190136542044755,3.1349205471428574,0.8571428571428572
34.28571428571428,0.12190136542044755,3.1349205471428574,0.9142857142857143
34.28571428571428,0.12190136542044755,3.1349205471428574,0.9714285714285714
34.28571428571428,0.12190136542044755,3.1349205471428574,1.0285714285714285
34.28571428571428,0.12190136542044755,3.1349205471428574,1.0857142857142856
34.28571428571428,0.12190136542044755,3.1349205471428574,1.1428571428571428
34.28571428571428,0.12190136542044755,3.1349205471428574,1.2
34.28571428571428,0.12190136542044755,3.373015778571429,0.8
34.28571428571428,0.12190136542044755,3.373015778571429,0.8571428571428572
34.28571428571428,0.12190136542044755,3.373015778571429,0.9142857142857143
34.28571428571428,0.12190136542044755,3.373015778571429,0.9714285714285714
34.28571428571428,0.12190136542044755,3.373015778571429,1.0285714285714285
34.28571428571428,0.12190136542044755,3.373015778571429,1.0857142857142856
34.28571428571428,0.12190136542044755,3.373015778571429,1.1428571428571428
34.28571428571428,0.12190136542044755,3.373015778571429,1.2
34.28571428571428,0.12190136542044755,3.61111101,0.8
34.28571428571428,0.12190136542044755,3.61111101,0.8571428571428572
34.28571428571428,0.12190136542044755,3.61111101,0.9142857142857143
34.28571428571428,0.12190136542044755,3.61111101,0.9714285714285714
34.28571428571428,0.12190136542044755,3.61111101,1.0285714285714285
34.28571428571428,0.12190136542044755,3.61111101,1.0857142857142856
34.28571428571428,0.12190136542044755,3.61111101,1.1428571428571428
34.28571428571428,0.12190136542044755,3.61111101,1.2
34.28571428571428,0.14859942891369485,1.94444439,0.8
34.28571428571428,0.14859942891369485,1.94444439,0.8571428571428572
34.28571428571428,0.14859942891369485,1.94444439,0.9142857142857143
34.28571428571428,0.14859942891369485,1.94444439,0.9714285714285714
34.28571428571428,0.14859942891369485,1.94444439,1.0285714285714285
34.28571428571428,0.14859942891369485,1.94444439,1.0857142857142856
34.28571428571428,0.14859942891369485,1.94444439,1.1428571428571428
34.28571428571428,0.14859942891369485,1.94444439,1.2
34.28571428571428,0.14859942891369485,2.1825396214285715,0.8
34.28571428571428,0.14859942891369485,2.1825396214285715,0.8571428571428572
34.28571428571428,0.14859942891369485,2.1825396214285715,0.9142857142857143
34.28571428571428,0.14859942891369485,2.1825396214285715,0.9714285714285714
34.28571428571428,0.14859942891369485,2.1825396214285715,1.0285714285714285
34.28571428571428,0.14859942891369485,2.1825396214285715,1.0857142857142856
34.28571428571428,0.14859942891369485,2.1825396214285715,1.1428571428571428
34.28571428571428,0.14859942891369485,2.1825396214285715,1.2
34.28571428571428,0.14859942891369485,2.420634852857143,0.8
34.28571428571428,0.14859942891369485,2.420634852857143,0.8571428571428572
34.28571428571428,0.14859942891369485,2.420634852857143,0.9142857142857143
34.28571428571428,0.14859942891369485,2.420634852857143,0.9714285714285714
34.28571428571428,0.14859942891369485,2.420634852857143,1.0285714285714285
34.28571428571428,0.14859942891369485,2.420634852857143,1.0857142857142856
34.28571428571428,0.14859942891369485,2.420634852857143,1.1428571428571428
34.28571428571428,0.14859942891369485,2.420634852857143,1.2
34.28571428571428,0.14859942891369485,2.6587300842857142,0.8
34.28571428571428,0.14859942891369485,2.6587300842857142,0.8571428571428572
34.28571428571428,0.14859942891369485,2.6587300842857142,0.9142857142857143
34.28571428571428,0.14859942891369485,2.6587300842857142,0.9714285714285714
34.28571428571428,0.14859942891369485,2.6587300842857142,1.0285714285714285
34.28571428571428,0.14859942891369485,2.6587300842857142,1.0857142857142856
34.28571428571428,0.14859942891369485,2.6587300842857142,1.1428571428571428
34.28571428571428,0.14859942891369485,2.6587300842857142,1.2
34.28571428571428,0.14859942891369485,2.896825315714286,0.8
34.28571428571428,0.14859942891369485,2.896825315714286,0.8571428571428572
34.28571428571428,0.14859942891369485,2.896825315714286,0.9142857142857143
34.28571428571428,0.14859942891369485,2.896825315714286,0.9714285714285714
34.28571428571428,0.14859942891369485,2.896825315714286,1.0285714285714285
34.28571428571428,0.14859942891369485,2.896825315714286,1.0857142857142856
34.28571428571428,0.14859942891369485,2.896825315714286,1.1428571428571428
34.28571428571428,0.14859942891369485,2.896825315714286,1.2
34.28571428571428,0.14859942891369485,3.1349205471428574,0.8
34.28571428571428,0.14859942891369485,3.1349205471428574,0.8571428571428572
34.28571428571428,0.14859942891369485,3.1349205471428574,0.9142857142857143
34.28571428571428,0.14859942891369485,3.1349205471428574,0.9714285714285714
34.28571428571428,0.14859942891369485,3.1349205471428574,1.0285714285714285
34.28571428571428,0.14859942891369485,3.1349205471428574,1.0857142857142856
34.28571428571428,0.14859942891369485,3.1349205471428574,1.1428571428571428
34.28571428571428,0.14859942891369485,3.1349205471428574,1.2
34.28571428571428,0.14859942891369485,3.373015778571429,0.8
34.28571428571428,0.14859942891369485,3.373015778571429,0.8571428571428572
34.28571428571428,0.14859942891369485,3.373015778571429,0.9142857142857143
34.28571428571428,0.14859942891369485,3.373015778571429,0.9714285714285714
34.28571428571428,0.14859942891369485,3.373015778571429,1.0285714285714285
34.28571428571428,0.14859942891369485,3.373015778571429,1.0857142857142856
34.28571428571428,0.14859942891369485,3.373015778571429,1.1428571428571428
34.28571428571428,0.14859942891369485,3.373015778571429,1.2
34.28571428571428,0.14859942891369485,3.61111101,0.8
34.28571428571428,0.14859942891369485,3.61111101,0.8571428571428572
34.28571428571428,0.14859942891369485,3.61111101,0.9142857142857143
34.28571428571428,0.14859942891369485,3.61111101,0.9714285714285714
34.28571428571428,0.14859942891369485,3.61111101,1.0285714285714285
34.28571428571428,0.14859942891369485,3.61111101,1.0857142857142856
34.28571428571428,0.14859942891369485,3.61111101,1.1428571428571428
34.28571428571428,0.14859942891369485,3.61111101,1.2
34.28571428571428,0.18114473285278132,1.94444439,0.8
34.28571428571428,0.18114473285278132,1.94444439,0.8571428571428572
34.28571428571428,0.18114473285278132,1.94444439,0.9142857142857143
34.28571428571428,0.18114473285278132,1.94444439,0.9714285714285714
34.28571428571428,0.18114473285278132,1.94444439,1.0285714285714285
34.28571428571428,0.18114473285278132,1.94444439,1.0857142857142856
34.28571428571428,0.18114473285278132,1.94444439,1.1428571428571428
34.28571428571428,0.18114473285278132,1.94444439,1.2
34.28571428571428,0.18114473285278132,2.1825396214285715,0.8
34.28571428571428,0.18114473285278132,2.1825396214285715,0.8571428571428572
34.28571428571428,0.18114473285278132,2.1825396214285715,0.9142857142857143
34.28571428571428,0.18114473285278132,2.1825396214285715,0.9714285714285714
34.28571428571428,0.18114473285278132,2.1825396214285715,1.0285714285714285
34.28571428571428,0.18114473285278132,2.1825396214285715,1.0857142857142856
34.28571428571428,0.18114473285278132,2.1825396214285715,1.1428571428571428
34.28571428571428,0.18114473285278132,2.1825396214285715,1.2
34.28571428571428,0.18114473285278132,2.420634852857143,0.8
34.28571428571428,0.18114473285278132,2.420634852857143,0.8571428571428572
34.28571428571428,0.18114473285278132,2.420634852857143,0.9142857142857143
34.28571428571428,0.18114473285278132,2.420634852857143,0.9714285714285714
34.28571428571428,0.18114473285278132,2.420634852857143,1.0285714285714285
34.28571428571428,0.18114473285278132,2.420634852857143,1.0857142857142856
34.28571428571428,0.18114473285278132,2.420634852857143,1.1428571428571428
34.28571428571428,0.18114473285278132,2.420634852857143,1.2
34.28571428571428,0.18114473285278132,2.6587300842857142,0.8
34.28571428571428,0.18114473285278132,2.6587300842857142,0.8571428571428572
34.28571428571428,0.18114473285278132,2.6587300842857142,0.9142857142857143
34.28571428571428,0.18114473285278132,2.6587300842857142,0.9714285714285714
34.28571428571428,0.18114473285278132,2.6587300842857142,1.0285714285714285
34.28571428571428,0.18114473285278132,2.6587300842857142,1.0857142857142856
34.28571428571428,0.18114473285278132,2.6587300842857142,1.1428571428571428
34.28571428571428,0.18114473285278132,2.6587300842857142,1.2
34.28571428571428,0.18114473285278132,2.896825315714286,0.8
34.28571428571428,0.18114473285278132,2.896825315714286,0.8571428571428572
34.28571428571428,0.18114473285278132,2.896825315714286,0.9142857142857143
34.28571428571428,0.18114473285278132,2.896825315714286,0.9714285714285714
34.28571428571428,0.18114473285278132,2.896825315714286,1.0285714285714285
34.28571428571428,0.18114473285278132,2.896825315714286,1.0857142857142856
34.28571428571428,0.18114473285278132,2.896825315714286,1.1428571428571428
34.28571428571428,0.18114473285278132,2.896825315714286,1.2
34.28571428571428,0.18114473285278132,3.1349205471428574,0.8
34.28571428571428,0.18114473285278132,3.1349205471428574,0.8571428571428572
34.28571428571428,0.18114473285278132,3.1349205471428574,0.9142857142857143
34.28571428571428,0.18114473285278132,3.1349205471428574,0.9714285714285714
34.28571428571428,0.18114473285278132,3.1349205471428574,1.0285714285714285
34.28571428571428,0.18114473285278132,3.1349205471428574,1.0857142857142856
34.28571428571428,0.18114473285278132,3.1349205471428574,1.1428571428571428
34.28571428571428,0.18114473285278132,3.1349205471428574,1.2
34.28571428571428,0.18114473285278132,3.373015778571429,0.8
34.28571428571428,0.18114473285278132,3.373015778571429,0.8571428571428572
34.28571428571428,0.18114473285278132,3.373015778571429,0.9142857142857143
34.28571428571428,0.18114473285278132,3.373015778571429,0.9714285714285714
34.28571428571428,0.18114473285278132,3.373015778571429,1.0285714285714285
34.28571428571428,0.18114473285278132,3.373015778571429,1.0857142857142856
34.28571428571428,0.18114473285278132,3.373015778571429,1.1428571428571428
34.28571428571428,0.18114473285278132,3.373015778571429,1.2
34.28571428571428,0.18114473285278132,3.61111101,0.8
34.28571428571428,0.18114473285278132,3.61111101,0.8571428571428572
34.28571428571428,0.18114473285278132,3.61111101,0.9142857142857143
34.28571428571428,0.18114473285278132,3.61111101,0.9714285714285714
34.28571428571428,0.18114473285278132,3.61111101,1.0285714285714285
34.28571428571428,0.18114473285278132,3.61111101,1.0857142857142856
34.28571428571428,0.18114473285278132,3.61111101,1.1428571428571428
34.28571428571428,0.18114473285278132,3.61111101,1.2
34.28571428571428,0.22081790273476246,1.94444439,0.8
34.28571428571428,0.22081790273476246,1.94444439,0.8571428571428572
34.28571428571428,0.22081790273476246,1.94444439,0.9142857142857143
34.28571428571428,0.22081790273476246,1.94444439,0.9714285714285714
34.28571428571428,0.22081790273476246,1.94444439,1.0285714285714285
34.28571428571428,0.22081790273476246,1.94444439,1.0857142857142856
34.28571428571428,0.22081790273476246,1.94444439,1.1428571428571428
34.28571428571428,0.22081790273476246,1.94444439,1.2
34.28571428571428,0.22081790273476246,2.1825396214285715,0.8
34.28571428571428,0.22081790273476246,2.1825396214285715,0.8571428571428572
34.28571428571428,0.22081790273476246,2.1825396214285715,0.9142857142857143
34.28571428571428,0.22081790273476246,2.1825396214285715,0.9714285714285714
34.28571428571428,0.22081790273476246,2.1825396214285715,1.0285714285714285
34.28571428571428,0.22081790273476246,2.1825396214285715,1.0857142857142856
34.28571428571428,0.22081790273476246,2.1825396214285715,1.1428571428571428
34.28571428571428,0.22081790273476246,2.1825396214285715,1.2
34.28571428571428,0.22081790273476246,2.420634852857143,0.8
34.28571428571428,0.22081790273476246,2.420634852857143,0.8571428571428572
34.28571428571428,0.22081790273476246,2.420634852857143,0.9142857142857143
34.28571428571428,0.22081790273476246,2.420634852857143,0.9714285714285714
34.28571428571428,0.22081790273476246,2.420634852857143,1.0285714285714285
34.28571428571428,0.22081790273476246,2.420634852857143,1.0857142857142856
34.28571428571428,0.22081790273476246,2.420634852857143,1.1428571428571428
34.28571428571428,0.22081790273476246,2.420634852857143,1.2
34.28571428571428,0.22081790273476246,2.6587300842857142,0.8
34.28571428571428,0.22081790273476246,2.6587300842857142,0.8571428571428572
34.28571428571428,0.22081790273476246,2.6587300842857142,0.9142857142857143
34.28571428571428,0.22081790273476246,2.6587300842857142,0.9714285714285714
34.28571428571428,0.22081790273476246,2.6587300842857142,1.0285714285714285
34.28571428571428,0.22081790273476246,2.6587300842857142,1.0857142857142856
34.28571428571428,0.22081790273476246,2.6587300842857142,1.1428571428571428
34.28571428571428,0.22081790273476246,2.6587300842857142,1.2
34.28571428571428,0.22081790273476246,2.896825315714286,0.8
34.28571428571428,0.22081790273476246,2.896825315714286,0.8571428571428572
34.28571428571428,0.22081790273476246,2.896825315714286,0.9142857142857143
34.28571428571428,0.22081790273476246,2.896825315714286,0.9714285714285714
34.28571428571428,0.22081790273476246,2.896825315714286,1.0285714285714285
34.28571428571428,0.22081790273476246,2.896825315714286,1.0857142857142856
34.28571428571428,0.22081790273476246,2.896825315714286,1.1428571428571428
34.28571428571428,0.22081790273476246,2.896825315714286,1.2
34.28571428571428,0.22081790273476246,3.1349205471428574,0.8
34.28571428571428,0.22081790273476246,3.1349205471428574,0.8571428571428572
34.28571428571428,0.22081790273476246,3.1349205471428574,0.9142857142857143
34.28571428571428,0.22081790273476246,3.1349205471428574,0.9714285714285714
34.28571428571428,0.22081790273476246,3.1349205471428574,1.0285714285714285
34.28571428571428,0.22081790273476246,3.1349205471428574,1.0857142857142856
34.28571428571428,0.22081790273476246,3.1349205471428574,1.1428571428571428
34.28571428571428,0.22081790273476246,3.1349205471428574,1.2
34.28571428571428,0.22081790273476246,3.373015778571429,0.8
34.28571428571428,0.22081790273476246,3.373015778571429,0.8571428571428572
34.28571428571428,0.22081790273476246,3.373015778571429,0.9142857142857143
34.28571428571428,0.22081790273476246,3.373015778571429,0.9714285714285714
34.28571428571428,0.22081790273476246,3.373015778571429,1.0285714285714285
34.28571428571428,0.22081790273476246,3.373015778571429,1.0857142857142856
34.28571428571428,0.22081790273476246,3.373015778571429,1.1428571428571428
34.28571428571428,0.22081790273476246,3.373015778571429,1.2
34.28571428571428,0.22081790273476246,3.61111101,0.8
34.28571428571428,0.22081790273476246,3.61111101,0.8571428571428572
34.28571428571428,0.22081790273476246,3.61111101,0.9142857142857143
34.28571428571428,0.22081790273476246,3.61111101,0.9714285714285714
34.28571428571428,0.22081790273476246,3.61111101,1.0285714285714285
34.28571428571428,0.22081790273476246,3.61111101,1.0857142857142856
34.28571428571428,0.22081790273476246,3.61111101,1.1428571428571428
34.28571428571428,0.22081790273476246,3.61111101,1.2
34.28571428571428,0.26918003852647127,1.94444439,0.8
34.28571428571428,0.26918003852647127,1.94444439,0.8571428571428572
34.28571428571428,0.26918003852647127,1.94444439,0.9142857142857143
34.28571428571428,0.26918003852647127,1.94444439,0.9714285714285714
34.28571428571428,0.26918003852647127,1.94444439,1.0285714285714285
34.28571428571428,0.26918003852647127,1.94444439,1.0857142857142856
34.28571428571428,0.26918003852647127,1.94444439,1.1428571428571428
34.28571428571428,0.26918003852647127,1.94444439,1.2
34.28571428571428,0.26918003852647127,2.1825396214285715,0.8
34.28571428571428,0.26918003852647127,2.1825396214285715,0.8571428571428572
34.28571428571428,0.26918003852647127,2.1825396214285715,0.9142857142857143
34.28571428571428,0.26918003852647127,2.1825396214285715,0.9714285714285714
34.28571428571428,0.26918003852647127,2.1825396214285715,1.0285714285714285
34.28571428571428,0.26918003852647127,2.1825396214285715,1.0857142857142856
34.28571428571428,0.26918003852647127,2.1825396214285715,1.1428571428571428
34.28571428571428,0.26918003852647127,2.1825396214285715,1.2
34.28571428571428,0.26918003852647127,2.420634852857143,0.8
34.28571428571428,0.26918003852647127,2.420634852857143,0.8571428571428572
34.28571428571428,0.26918003852647127,2.420634852857143,0.9142857142857143
34.28571428571428,0.26918003852647127,2.420634852857143,0.9714285714285714
34.28571428571428,0.26918003852647127,2.420634852857143,1.0285714285714285
34.28571428571428,0.26918003852647127,2.420634852857143,1.0857142857142856
34.28571428571428,0.26918003852647127,2.420634852857143,1.1428571428571428
34.28571428571428,0.26918003852647127,2.420634852857143,1.2
34.28571428571428,0.26918003852647127,2.6587300842857142,0.8
34.28571428571428,0.26918003852647127,2.6587300842857142,0.8571428571428572
34.28571428571428,0.26918003852647127,2.6587300842857142,0.9142857142857143
34.28571428571428,0.26918003852647127,2.6587300842857142,0.9714285714285714
34.28571428571428,0.26918003852647127,2.6587300842857142,1.0285714285714285
34.28571428571428,0.26918003852647127,2.6587300842857142,1.0857142857142856
34.28571428571428,0.26918003852647127,2.6587300842857142,1.1428571428571428
34.28571428571428,0.26918003852647127,2.6587300842857142,1.2
34.28571428571428,0.26918003852647127,2.896825315714286,0.8
34.28571428571428,0.26918003852647127,2.896825315714286,0.8571428571428572
34.28571428571428,0.26918003852647127,2.896825315714286,0.9142857142857143
34.28571428571428,0.26918003852647127,2.896825315714286,0.9714285714285714
34.28571428571428,0.26918003852647127,2.896825315714286,1.0285714285714285
34.28571428571428,0.26918003852647127,2.896825315714286,1.0857142857142856
34.28571428571428,0.26918003852647127,2.896825315714286,1.1428571428571428
34.28571428571428,0.26918003852647127,2.896825315714286,1.2
34.28571428571428,0.26918003852647127,3.1349205471428574,0.8
34.28571428571428,0.26918003852647127,3.1349205471428574,0.8571428571428572
34.28571428571428,0.26918003852647127,3.1349205471428574,0.9142857142857143
34.28571428571428,0.26918003852647127,3.1349205471428574,0.9714285714285714
34.28571428571428,0.26918003852647127,3.1349205471428574,1.0285714285714285
34.28571428571428,0.26918003852647127,3.1349205471428574,1.0857142857142856
34.28571428571428,0.26918003852647127,3.1349205471428574,1.1428571428571428
34.28571428571428,0.26918003852647127,3.1349205471428574,1.2
34.28571428571428,0.26918003852647127,3.373015778571429,0.8
34.28571428571428,0.26918003852647127,3.373015778571429,0.8571428571428572
34.28571428571428,0.26918003852647127,3.373015778571429,0.9142857142857143
34.28571428571428,0.26918003852647127,3.373015778571429,0.9714285714285714
34.28571428571428,0.26918003852647127,3.373015778571429,1.0285714285714285
34.28571428571428,0.26918003852647127,3.373015778571429,1.0857142857142856
34.28571428571428,0.26918003852647127,3.373015778571429,1.1428571428571428
34.28571428571428,0.26918003852647127,3.373015778571429,1.2
34.28571428571428,0.26918003852647127,3.61111101,0.8
34.28571428571428,0.26918003852647127,3.61111101,0.8571428571428572
34.28571428571428,0.26918003852647127,3.61111101,0.9142857142857143
34.28571428571428,0.26918003852647127,3.61111101,0.9714285714285714
34.28571428571428,0.26918003852647127,3.61111101,1.0285714285714285
34.28571428571428,0.26918003852647127,3.61111101,1.0857142857142856
34.28571428571428,0.26918003852647127,3.61111101,1.1428571428571428
34.28571428571428,0.26918003852647127,3.61111101,1.2
34.28571428571428,0.32813414240305516,1.94444439,0.8
34.28571428571428,0.32813414240305516,1.94444439,0.8571428571428572
34.28571428571428,0.32813414240305516,1.94444439,0.9142857142857143
34.28571428571428,0.32813414240305516,1.94444439,0.9714285714285714
34.28571428571428,0.32813414240305516,1.94444439,1.0285714285714285
34.28571428571428,0.32813414240305516,1.94444439,1.0857142857142856
34.28571428571428,0.32813414240305516,1.94444439,1.1428571428571428
34.28571428571428,0.32813414240305516,1.94444439,1.2
34.28571428571428,0.32813414240305516,2.1825396214285715,0.8
34.28571428571428,0.32813414240305516,2.1825396214285715,0.8571428571428572
34.28571428571428,0.32813414240305516,2.1825396214285715,0.9142857142857143
34.28571428571428,0.32813414240305516,2.1825396214285715,0.9714285714285714
34.28571428571428,0.32813414240305516,2.1825396214285715,1.0285714285714285
34.28571428571428,0.32813414240305516,2.1825396214285715,1.0857142857142856
34.28571428571428,0.32813414240305516,2.1825396214285715,1.1428571428571428
34.28571428571428,0.32813414240305516,2.1825396214285715,1.2
34.28571428571428,0.32813414240305516,2.420634852857143,0.8
34.28571428571428,0.32813414240305516,2.420634852857143,0.8571428571428572
34.28571428571428,0.32813414240305516,2.420634852857143,0.9142857142857143
34.28571428571428,0.32813414240305516,2.420634852857143,0.9714285714285714
34.28571428571428,0.32813414240305516,2.420634852857143,1.0285714285714285
34.28571428571428,0.32813414240305516,2.420634852857143,1.0857142857142856
34.28571428571428,0.32813414240305516,2.420634852857143,1.1428571428571428
34.28571428571428,0.32813414240305516,2.420634852857143,1.2
34.28571428571428,0.32813414240305516,2.6587300842857142,0.8
34.28571428571428,0.32813414240305516,2.6587300842857142,0.8571428571428572
34.28571428571428,0.32813414240305516,2.6587300842857142,0.9142857142857143
34.28571428571428,0.32813414240305516,2.6587300842857142,0.9714285714285714
34.28571428571428,0.32813414240305516,2.6587300842857142,1.0285714285714285
34.28571428571428,0.32813414240305516,2.6587300842857142,1.0857142857142856
34.28571428571428,0.32813414240305516,2.6587300842857142,1.1428571428571428
34.28571428571428,0.32813414240305516,2.6587300842857142,1.2
34.28571428571428,0.32813414240305516,2.896825315714286,0.8
34.28571428571428,0.32813414240305516,2.896825315714286,0.8571428571428572
34.28571428571428,0.32813414240305516,2.896825315714286,0.9142857142857143
34.28571428571428,0.32813414240305516,2.896825315714286,0.9714285714285714
34.28571428571428,0.32813414240305516,2.896825315714286,1.0285714285714285
34.28571428571428,0.32813414240305516,2.896825315714286,1.0857142857142856
34.28571428571428,0.32813414240305516,2.896825315714286,1.1428571428571428
34.28571428571428,0.32813414240305516,2.896825315714286,1.2
34.28571428571428,0.32813414240305516,3.1349205471428574,0.8
34.28571428571428,0.32813414240305516,3.1349205471428574,0.8571428571428572
34.28571428571428,0.32813414240305516,3.1349205471428574,0.9142857142857143
34.28571428571428,0.32813414240305516,3.1349205471428574,0.9714285714285714
34.28571428571428,0.32813414240305516,3.1349205471428574,1.0285714285714285
34.28571428571428,0.32813414240305516,3.1349205471428574,1.0857142857142856
34.28571428571428,0.32813414240305516,3.1349205471428574,1.1428571428571428
34.28571428571428,0.32813414240305516,3.1349205471428574,1.2
34.28571428571428,0.32813414240305516,3.373015778571429,0.8
34.28571428571428,0.32813414240305516,3.373015778571429,0.8571428571428572
34.28571428571428,0.32813414240305516,3.373015778571429,0.9142857142857143
34.28571428571428,0.32813414240305516,3.373015778571429,0.9714285714285714
34.28571428571428,0.32813414240305516,3.373015778571429,1.0285714285714285
34.28571428571428,0.32813414240305516,3.373015778571429,1.0857142857142856
34.28571428571428,0.32813414240305516,3.373015778571429,1.1428571428571428
34.28571428571428,0.32813414240305516,3.373015778571429,1.2
34.28571428571428,0.32813414240305516,3.61111101,0.8
34.28571428571428,0.32813414240305516,3.61111101,0.8571428571428572
34.28571428571428,0.32813414240305516,3.61111101,0.9142857142857143
34.28571428571428,0.32813414240305516,3.61111101,0.9714285714285714
34.28571428571428,0.32813414240305516,3.61111101,1.0285714285714285
34.28571428571428,0.32813414240305516,3.61111101,1.0857142857142856
34.28571428571428,0.32813414240305516,3.61111101,1.1428571428571428
34.28571428571428,0.32813414240305516,3.61111101,1.2
34.28571428571428,0.4,1.94444439,0.8
34.28571428571428,0.4,1.94444439,0.8571428571428572
34.28571428571428,0.4,1.94444439,0.9142857142857143
34.28571428571428,0.4,1.94444439,0.9714285714285714
34.28571428571428,0.4,1.94444439,1.0285714285714285
34.28571428571428,0.4,1.94444439,1.0857142857142856
34.28571428571428,0.4,1.94444439,1.1428571428571428
34.28571428571428,0.4,1.94444439,1.2
34.28571428571428,0.4,2.1825396214285715,0.8
34.28571428571428,0.4,2.1825396214285715,0.8571428571428572
34.28571428571428,0.4,2.1825396214285715,0.9142857142857143
34.28571428571428,0.4,2.1825396214285715,0.9714285714285714
34.28571428571428,0.4,2.1825396214285715,1.0285714285714285
34.28571428571428,0.4,2.1825396214285715,1.0857142857142856
34.28571428571428,0.4,2.1825396214285715,1.1428571428571428
34.28571428571428,0.4,2.1825396214285715,1.2
34.28571428571428,0.4,2.420634852857143,0.8
34.28571428571428,0.4,2.420634852857143,0.8571428571428572
34.28571428571428,0.4,2.420634852857143,0.9142857142857143
34.28571428571428,0.4,2.420634852857143,0.9714285714285714
34.28571428571428,0.4,2.420634852857143,1.0285714285714285
34.28571428571428,0.4,2.420634852857143,1.0857142857142856
34.28571428571428,0.4,2.420634852857143,1.1428571428571428
34.28571428571428,0.4,2.420634852857143,1.2
34.28571428571428,0.4,2.6587300842857142,0.8
34.28571428571428,0.4,2.6587300842857142,0.8571428571428572
34.28571428571428,0.4,2.6587300842857142,0.9142857142857143
34.28571428571428,0.4,2.6587300842857142,0.9714285714285714
34.28571428571428,0.4,2.6587300842857142,1.0285714285714285
34.28571428571428,0.4,2.6587300842857142,1.0857142857142856
34.28571428571428,0.4,2.6587300842857142,1.1428571428571428
34.28571428571428,0.4,2.6587300842857142,1.2
34.28571428571428,0.4,2.896825315714286,0.8
34.28571428571428,0.4,2.896825315714286,0.8571428571428572
34.28571428571428,0.4,2.896825315714286,0.9142857142857143
34.28571428571428,0.4,2.896825315714286,0.9714285714285714
34.28571428571428,0.4,2.896825315714286,1.0285714285714285
34.28571428571428,0.4,2.896825315714286,1.0857142857142856
34.28571428571428,0.4,2.896825315714286,1.1428571428571428
34.28571428571428,0.4,2.896825315714286,1.2
34.28571428571428,0.4,3.1349205471428574,0.8
34.28571428571428,0.4,3.1349205471428574,0.8571428571428572
34.28571428571428,0.4,3.1349205471428574,0.9142857142857143
34.28571428571428,0.4,3.1349205471428574,0.9714285714285714
34.28571428571428,0.4,3.1349205471428574,1.0285714285714285
34.28571428571428,0.4,3.1349205471428574,1.0857142857142856
34.28571428571428,0.4,3.1349205471428574,1.1428571428571428
34.28571428571428,0.4,3.1349205471428574,1.2
34.28571428571428,0.4,3.373015778571429,0.8
34.28571428571428,0.4,3.373015778571429,0.8571428571428572
34.28571428571428,0.4,3.373015778571429,0.9142857142857143
34.28571428571428,0.4,3.373015778571429,0.9714285714285714
34.28571428571428,0.4,3.373015778571429,1.0285714285714285
34.28571428571428,0.4,3.373015778571429,1.0857142857142856
34.28571428571428,0.4,3.373015778571429,1.1428571428571428
34.28571428571428,0.4,3.373015778571429,1.2
34.28571428571428,0.4,3.61111101,0.8
34.28571428571428,0.4,3.61111101,0.8571428571428572
34.28571428571428,0.4,3.61111101,0.9142857142857143
34.28571428571428,0.4,3.61111101,0.9714285714285714
34.28571428571428,0.4,3.61111101,1.0285714285714285
34.28571428571428,0.4,3.61111101,1.0857142857142856
34.28571428571428,0.4,3.61111101,1.1428571428571428
34.28571428571428,0.4,3.61111101,1.2
35.99999999999999,0.1,1.94444439,0.8
35.99999999999999,0.1,1.94444439,0.8571428571428572
35.99999999999999,0.1,1.94444439,0.9142857142857143
35.99999999999999,0.1,1.94444439,0.9714285714285714
35.99999999999999,0.1,1.94444439,1.0285714285714285
35.99999999999999,0.1,1.94444439,1.0857142857142856
35.99999999999999,0.1,1.94444439,1.1428571428571428
35.99999999999999,0.1,1.94444439,1.2
35.99999999999999,0.1,2.1825396214285715,0.8
35.99999999999999,0.1,2.1825396214285715,0.8571428571428572
35.99999999999999,0.1,2.1825396214285715,0.9142857142857143
35.99999999999999,0.1,2.1825396214285715,0.9714285714285714
35.99999999999999,0.1,2.1825396214285715,1.0285714285714285
35.99999999999999,0.1,2.1825396214285715,1.0857142857142856
35.99999999999999,0.1,2.1825396214285715,1.1428571428571428
35.99999999999999,0.1,2.1825396214285715,1.2
35.99999999999999,0.1,2.420634852857143,0.8
35.99999999999999,0.1,2.420634852857143,0.8571428571428572
35.99999999999999,0.1,2.420634852857143,0.9142857142857143
35.99999999999999,0.1,2.420634852857143,0.9714285714285714
35.99999999999999,0.1,2.420634852857143,1.0285714285714285
35.99999999999999,0.1,2.420634852857143,1.0857142857142856
35.99999999999999,0.1,2.420634852857143,1.1428571428571428
35.99999999999999,0.1,2.420634852857143,1.2
35.99999999999999,0.1,2.6587300842857142,0.8
35.99999999999999,0.1,2.6587300842857142,0.8571428571428572
35.99999999999999,0.1,2.6587300842857142,0.9142857142857143
35.99999999999999,0.1,2.6587300842857142,0.9714285714285714
35.99999999999999,0.1,2.6587300842857142,1.0285714285714285
35.99999999999999,0.1,2.6587300842857142,1.0857142857142856
35.99999999999999,0.1,2.6587300842857142,1.1428571428571428
35.99999999999999,0.1,2.6587300842857142,1.2
35.99999999999999,0.1,2.896825315714286,0.8
35.99999999999999,0.1,2.896825315714286,0.8571428571428572
35.99999999999999,0.1,2.896825315714286,0.9142857142857143
35.99999999999999,0.1,2.896825315714286,0.9714285714285714
35.99999999999999,0.1,2.896825315714286,1.0285714285714285
35.99999999999999,0.1,2.896825315714286,1.0857142857142856
35.99999999999999,0.1,2.896825315714286,1.1428571428571428
35.99999999999999,0.1,2.896825315714286,1.2
35.99999999999999,0.1,3.1349205471428574,0.8
35.99999999999999,0.1,3.1349205471428574,0.8571428571428572
35.99999999999999,0.1,3.1349205471428574,0.9142857142857143
35.99999999999999,0.1,3.1349205471428574,0.9714285714285714
35.99999999999999,0.1,3.1349205471428574,1.0285714285714285
35.99999999999999,0.1,3.1349205471428574,1.0857142857142856
35.99999999999999,0.1,3.1349205471428574,1.1428571428571428
35.99999999999999,0.1,3.1349205471428574,1.2
35.99999999999999,0.1,3.373015778571429,0.8
35.99999999999999,0.1,3.373015778571429,0.8571428571428572
35.99999999999999,0.1,3.373015778571429,0.9142857142857143
35.99999999999999,0.1,3.373015778571429,0.9714285714285714
35.99999999999999,0.1,3.373015778571429,1.0285714285714285
35.99999999999999,0.1,3.373015778571429,1.0857142857142856
35.99999999999999,0.1,3.373015778571429,1.1428571428571428
35.99999999999999,0.1,3.373015778571429,1.2
35.99999999999999,0.1,3.61111101,0.8
35.99999999999999,0.1,3.61111101,0.8571428571428572
35.99999999999999,0.1,3.61111101,0.9142857142857143
35.99999999999999,0.1,3.61111101,0.9714285714285714
35.99999999999999,0.1,3.61111101,1.0285714285714285
35.99999999999999,0.1,3.61111101,1.0857142857142856
35.99999999999999,0.1,3.61111101,1.1428571428571428
35.99999999999999,0.1,3.61111101,1.2
35.99999999999999,0.12190136542044755,1.94444439,0.8
35.99999999999999,0.12190136542044755,1.94444439,0.8571428571428572
35.99999999999999,0.12190136542044755,1.94444439,0.9142857142857143
35.99999999999999,0.12190136542044755,1.94444439,0.9714285714285714
35.99999999999999,0.12190136542044755,1.94444439,1.0285714285714285
35.99999999999999,0.12190136542044755,1.94444439,1.0857142857142856
35.99999999999999,0.12190136542044755,1.94444439,1.1428571428571428
35.99999999999999,0.12190136542044755,1.94444439,1.2
35.99999999999999,0.12190136542044755,2.1825396214285715,0.8
35.99999999999999,0.12190136542044755,2.1825396214285715,0.8571428571428572
35.99999999999999,0.12190136542044755,2.1825396214285715,0.9142857142857143
35.99999999999999,0.12190136542044755,2.1825396214285715,0.9714285714285714
35.99999999999999,0.12190136542044755,2.1825396214285715,1.0285714285714285
35.99999999999999,0.12190136542044755,2.1825396214285715,1.0857142857142856
35.99999999999999,0.12190136542044755,2.1825396214285715,1.1428571428571428
35.99999999999999,0.12190136542044755,2.1825396214285715,1.2
35.99999999999999,0.12190136542044755,2.420634852857143,0.8
35.99999999999999,0.12190136542044755,2.420634852857143,0.8571428571428572
35.99999999999999,0.12190136542044755,2.420634852857143,0.9142857142857143
35.99999999999999,0.12190136542044755,2.420634852857143,0.9714285714285714
35.99999999999999,0.12190136542044755,2.420634852857143,1.0285714285714285
35.99999999999999,0.12190136542044755,2.420634852857143,1.0857142857142856
35.99999999999999,0.12190136542044755,2.420634852857143,1.1428571428571428
35.99999999999999,0.12190136542044755,2.420634852857143,1.2
35.99999999999999,0.12190136542044755,2.6587300842857142,0.8
35.99999999999999,0.12190136542044755,2.6587300842857142,0.8571428571428572
35.99999999999999,0.12190136542044755,2.6587300842857142,0.9142857142857143
35.99999999999999,0.12190136542044755,2.6587300842857142,0.9714285714285714
35.99999999999999,0.12190136542044755,2.6587300842857142,1.0285714285714285
35.99999999999999,0.12190136542044755,2.6587300842857142,1.0857142857142856
35.99999999999999,0.12190136542044755,2.6587300842857142,1.1428571428571428
35.99999999999999,0.12190136542044755,2.6587300842857142,1.2
35.99999999999999,0.12190136542044755,2.896825315714286,0.8
35.99999999999999,0.12190136542044755,2.896825315714286,0.8571428571428572
35.99999999999999,0.12190136542044755,2.896825315714286,0.9142857142857143
35.99999999999999,0.12190136542044755,2.896825315714286,0.9714285714285714
35.99999999999999,0.12190136542044755,2.896825315714286,1.0285714285714285
35.99999999999999,0.12190136542044755,2.896825315714286,1.0857142857142856
35.99999999999999,0.12190136542044755,2.896825315714286,1.1428571428571428
35.99999999999999,0.12190136542044755,2.896825315714286,1.2
35.99999999999999,0.12190136542044755,3.1349205471428574,0.8
35.99999999999999,0.12190136542044755,3.1349205471428574,0.8571428571428572
35.99999999999999,0.12190136542044755,3.1349205471428574,0.9142857142857143
35.99999999999999,0.12190136542044755,3.1349205471428574,0.9714285714285714
35.99999999999999,0.12190136542044755,3.1349205471428574,1.0285714285714285
35.99999999999999,0.12190136542044755,3.1349205471428574,1.0857142857142856
35.99999999999999,0.12190136542044755,3.1349205471428574,1.1428571428571428
35.99999999999999,0.12190136542044755,3.1349205471428574,1.2
35.99999999999999,0.12190136542044755,3.373015778571429,0.8
35.99999999999999,0.12190136542044755,3.373015778571429,0.8571428571428572
35.99999999999999,0.12190136542044755,3.373015778571429,0.9142857142857143
35.99999999999999,0.12190136542044755,3.373015778571429,0.9714285714285714
35.99999999999999,0.12190136542044755,3.373015778571429,1.0285714285714285
35.99999999999999,0.12190136542044755,3.373015778571429,1.0857142857142856
35.99999999999999,0.12190136542044755,3.373015778571429,1.1428571428571428
35.99999999999999,0.12190136542044755,3.373015778571429,1.2
35.99999999999999,0.12190136542044755,3.61111101,0.8
35.99999999999999,0.12190136542044755,3.61111101,0.8571428571428572
35.99999999999999,0.12190136542044755,3.61111101,0.9142857142857143
35.99999999999999,0.12190136542044755,3.61111101,0.9714285714285714
35.99999999999999,0.12190136542044755,3.61111101,1.0285714285714285
35.99999999999999,0.12190136542044755,3.61111101,1.0857142857142856
35.99999999999999,0.12190136542044755,3.61111101,1.1428571428571428
35.99999999999999,0.12190136542044755,3.61111101,1.2
35.99999999999999,0.14859942891369485,1.94444439,0.8
35.99999999999999,0.14859942891369485,1.94444439,0.8571428571428572
35.99999999999999,0.14859942891369485,1.94444439,0.9142857142857143
35.99999999999999,0.14859942891369485,1.94444439,0.9714285714285714
35.99999999999999,0.14859942891369485,1.94444439,1.0285714285714285
35.99999999999999,0.14859942891369485,1.94444439,1.0857142857142856
35.99999999999999,0.14859942891369485,1.94444439,1.1428571428571428
35.99999999999999,0.14859942891369485,1.94444439,1.2
35.99999999999999,0.14859942891369485,2.1825396214285715,0.8
35.99999999999999,0.14859942891369485,2.1825396214285715,0.8571428571428572
35.99999999999999,0.14859942891369485,2.1825396214285715,0.9142857142857143
35.99999999999999,0.14859942891369485,2.1825396214285715,0.9714285714285714
35.99999999999999,0.14859942891369485,2.1825396214285715,1.0285714285714285
35.99999999999999,0.14859942891369485,2.1825396214285715,1.0857142857142856
35.99999999999999,0.14859942891369485,2.1825396214285715,1.1428571428571428
35.99999999999999,0.14859942891369485,2.1825396214285715,1.2
35.99999999999999,0.14859942891369485,2.420634852857143,0.8
35.99999999999999,0.14859942891369485,2.420634852857143,0.8571428571428572
35.99999999999999,0.14859942891369485,2.420634852857143,0.9142857142857143
35.99999999999999,0.14859942891369485,2.420634852857143,0.9714285714285714
35.99999999999999,0.14859942891369485,2.420634852857143,1.0285714285714285
35.99999999999999,0.14859942891369485,2.420634852857143,1.0857142857142856
35.99999999999999,0.14859942891369485,2.420634852857143,1.1428571428571428
35.99999999999999,0.14859942891369485,2.420634852857143,1.2
35.99999999999999,0.14859942891369485,2.6587300842857142,0.8
35.99999999999999,0.14859942891369485,2.6587300842857142,0.8571428571428572
35.99999999999999,0.14859942891369485,2.6587300842857142,0.9142857142857143
35.99999999999999,0.14859942891369485,2.6587300842857142,0.9714285714285714
35.99999999999999,0.14859942891369485,2.6587300842857142,1.0285714285714285
35.99999999999999,0.14859942891369485,2.6587300842857142,1.0857142857142856
35.99999999999999,0.14859942891369485,2.6587300842857142,1.1428571428571428
35.99999999999999,0.14859942891369485,2.6587300842857142,1.2
35.99999999999999,0.14859942891369485,2.896825315714286,0.8
35.99999999999999,0.14859942891369485,2.896825315714286,0.8571428571428572
35.99999999999999,0.14859942891369485,2.896825315714286,0.9142857142857143
35.99999999999999,0.14859942891369485,2.896825315714286,0.9714285714285714
35.99999999999999,0.14859942891369485,2.896825315714286,1.0285714285714285
35.99999999999999,0.14859942891369485,2.896825315714286,1.0857142857142856
35.99999999999999,0.14859942891369485,2.896825315714286,1.1428571428571428
35.99999999999999,0.14859942891369485,2.896825315714286,1.2
35.99999999999999,0.14859942891369485,3.1349205471428574,0.8
35.99999999999999,0.14859942891369485,3.1349205471428574,0.8571428571428572
35.99999999999999,0.14859942891369485,3.1349205471428574,0.9142857142857143
35.99999999999999,0.14859942891369485,3.1349205471428574,0.9714285714285714
35.99999999999999,0.14859942891369485,3.1349205471428574,1.0285714285714285
35.99999999999999,0.14859942891369485,3.1349205471428574,1.0857142857142856
35.99999999999999,0.14859942891369485,3.1349205471428574,1.1428571428571428
35.99999999999999,0.14859942891369485,3.1349205471428574,1.2
35.99999999999999,0.14859942891369485,3.373015778571429,0.8
35.99999999999999,0.14859942891369485,3.373015778571429,0.8571428571428572
35.99999999999999,0.14859942891369485,3.373015778571429,0.9142857142857143
35.99999999999999,0.14859942891369485,3.373015778571429,0.9714285714285714
35.99999999999999,0.14859942891369485,3.373015778571429,1.0285714285714285
35.99999999999999,0.14859942891369485,3.373015778571429,1.0857142857142856
35.99999999999999,0.14859942891369485,3.373015778571429,1.1428571428571428
35.99999999999999,0.14859942891369485,3.373015778571429,1.2
35.99999999999999,0.14859942891369485,3.61111101,0.8
35.99999999999999,0.14859942891369485,3.61111101,0.8571428571428572
35.99999999999999,0.14859942891369485,3.61111101,0.9142857142857143
35.99999999999999,0.14859942891369485,3.61111101,0.9714285714285714
35.99999999999999,0.14859942891369485,3.61111101,1.0285714285714285
35.99999999999999,0.14859942891369485,3.61111101,1.0857142857142856
35.99999999999999,0.14859942891369485,3.61111101,1.1428571428571428
35.99999999999999,0.14859942891369485,3.61111101,1.2
35.99999999999999,0.18114473285278132,1.94444439,0.8
35.99999999999999,0.18114473285278132,1.94444439,0.8571428571428572
35.99999999999999,0.18114473285278132,1.94444439,0.9142857142857143
35.99999999999999,0.18114473285278132,1.94444439,0.9714285714285714
35.99999999999999,0.18114473285278132,1.94444439,1.0285714285714285
35.99999999999999,0.18114473285278132,1.94444439,1.0857142857142856
35.99999999999999,0.18114473285278132,1.94444439,1.1428571428571428
35.99999999999999,0.18114473285278132,1.94444439,1.2
35.99999999999999,0.18114473285278132,2.1825396214285715,0.8
35.99999999999999,0.18114473285278132,2.1825396214285715,0.8571428571428572
35.99999999999999,0.18114473285278132,2.1825396214285715,0.9142857142857143
35.99999999999999,0.18114473285278132,2.1825396214285715,0.9714285714285714
35.99999999999999,0.18114473285278132,2.1825396214285715,1.0285714285714285
35.99999999999999,0.18114473285278132,2.1825396214285715,1.0857142857142856
35.99999999999999,0.18114473285278132,2.1825396214285715,1.1428571428571428
35.99999999999999,0.18114473285278132,2.1825396214285715,1.2
35.99999999999999,0.18114473285278132,2.420634852857143,0.8
35.99999999999999,0.18114473285278132,2.420634852857143,0.8571428571428572
35.99999999999999,0.18114473285278132,2.420634852857143,0.9142857142857143
35.99999999999999,0.18114473285278132,2.420634852857143,0.9714285714285714
35.99999999999999,0.18114473285278132,2.420634852857143,1.0285714285714285
35.99999999999999,0.18114473285278132,2.420634852857143,1.0857142857142856
35.99999999999999,0.18114473285278132,2.420634852857143,1.1428571428571428
35.99999999999999,0.18114473285278132,2.420634852857143,1.2
35.99999999999999,0.18114473285278132,2.6587300842857142,0.8
35.99999999999999,0.18114473285278132,2.6587300842857142,0.8571428571428572
35.99999999999999,0.18114473285278132,2.6587300842857142,0.9142857142857143
35.99999999999999,0.18114473285278132,2.6587300842857142,0.9714285714285714
35.99999999999999,0.18114473285278132,2.6587300842857142,1.0285714285714285
35.99999999999999,0.18114473285278132,2.6587300842857142,1.0857142857142856
35.99999999999999,0.18114473285278132,2.6587300842857142,1.1428571428571428
35.99999999999999,0.18114473285278132,2.6587300842857142,1.2
35.99999999999999,0.18114473285278132,2.896825315714286,0.8
35.99999999999999,0.18114473285278132,2.896825315714286,0.8571428571428572
35.99999999999999,0.18114473285278132,2.896825315714286,0.9142857142857143
35.99999999999999,0.18114473285278132,2.896825315714286,0.9714285714285714
35.99999999999999,0.18114473285278132,2.896825315714286,1.0285714285714285
35.99999999999999,0.18114473285278132,2.896825315714286,1.0857142857142856
35.99999999999999,0.18114473285278132,2.896825315714286,1.1428571428571428
35.99999999999999,0.18114473285278132,2.896825315714286,1.2
35.99999999999999,0.18114473285278132,3.1349205471428574,0.8
35.99999999999999,0.18114473285278132,3.1349205471428574,0.8571428571428572
35.99999999999999,0.18114473285278132,3.1349205471428574,0.9142857142857143
35.99999999999999,0.18114473285278132,3.1349205471428574,0.9714285714285714
35.99999999999999,0.18114473285278132,3.1349205471428574,1.0285714285714285
35.99999999999999,0.18114473285278132,3.1349205471428574,1.0857142857142856
35.99999999999999,0.18114473285278132,3.1349205471428574,1.1428571428571428
35.99999999999999,0.18114473285278132,3.1349205471428574,1.2
35.99999999999999,0.18114473285278132,3.373015778571429,0.8
35.99999999999999,0.18114473285278132,3.373015778571429,0.8571428571428572
35.99999999999999,0.18114473285278132,3.373015778571429,0.9142857142857143
35.99999999999999,0.18114473285278132,3.373015778571429,0.9714285714285714
35.99999999999999,0.18114473285278132,3.373015778571429,1.0285714285714285
35.99999999999999,0.18114473285278132,3.373015778571429,1.0857142857142856
35.99999999999999,0.18114473285278132,3.373015778571429,1.1428571428571428
35.99999999999999,0.18114473285278132,3.373015778571429,1.2
35.99999999999999,0.18114473285278132,3.61111101,0.8
35.99999999999999,0.18114473285278132,3.61111101,0.8571428571428572
35.99999999999999,0.18114473285278132,3.61111101,0.9142857142857143
35.99999999999999,0.18114473285278132,3.61111101,0.9714285714285714
35.99999999999999,0.18114473285278132,3.61111101,1.0285714285714285
35.99999999999999,0.18114473285278132,3.61111101,1.0857142857142856
35.99999999999999,0.18114473285278132,3.61111101,1.1428571428571428
35.99999999999999,0.18114473285278132,3.61111101,1.2
35.99999999999999,0.22081790273476246,1.94444439,0.8
35.99999999999999,0.22081790273476246,1.94444439,0.8571428571428572
35.99999999999999,0.22081790273476246,1.94444439,0.9142857142857143
35.99999999999999,0.22081790273476246,1.94444439,0.9714285714285714
35.99999999999999,0.22081790273476246,1.94444439,1.0285714285714285
35.99999999999999,0.22081790273476246,1.94444439,1.0857142857142856
35.99999999999999,0.22081790273476246,1.94444439,1.1428571428571428
35.99999999999999,0.22081790273476246,1.94444439,1.2
35.99999999999999,0.22081790273476246,2.1825396214285715,0.8
35.99999999999999,0.22081790273476246,2.1825396214285715,0.8571428571428572
35.99999999999999,0.22081790273476246,2.1825396214285715,0.9142857142857143
35.99999999999999,0.22081790273476246,2.1825396214285715,0.9714285714285714
35.99999999999999,0.22081790273476246,2.1825396214285715,1.0285714285714285
35.99999999999999,0.22081790273476246,2.1825396214285715,1.0857142857142856
35.99999999999999,0.22081790273476246,2.1825396214285715,1.1428571428571428
35.99999999999999,0.22081790273476246,2.1825396214285715,1.2
35.99999999999999,0.22081790273476246,2.420634852857143,0.8
35.99999999999999,0.22081790273476246,2.420634852857143,0.8571428571428572
35.99999999999999,0.22081790273476246,2.420634852857143,0.9142857142857143
35.99999999999999,0.22081790273476246,2.420634852857143,0.9714285714285714
35.99999999999999,0.22081790273476246,2.420634852857143,1.0285714285714285
35.99999999999999,0.22081790273476246,2.420634852857143,1.0857142857142856
35.99999999999999,0.22081790273476246,2.420634852857143,1.1428571428571428
35.99999999999999,0.22081790273476246,2.420634852857143,1.2
35.99999999999999,0.22081790273476246,2.6587300842857142,0.8
35.99999999999999,0.22081790273476246,2.6587300842857142,0.8571428571428572
35.99999999999999,0.22081790273476246,2.6587300842857142,0.9142857142857143
35.99999999999999,0.22081790273476246,2.6587300842857142,0.9714285714285714
35.99999999999999,0.22081790273476246,2.6587300842857142,1.0285714285714285
35.99999999999999,0.22081790273476246,2.6587300842857142,1.0857142857142856
35.99999999999999,0.22081790273476246,2.6587300842857142,1.1428571428571428
35.99999999999999,0.22081790273476246,2.6587300842857142,1.2
35.99999999999999,0.22081790273476246,2.896825315714286,0.8
35.99999999999999,0.22081790273476246,2.896825315714286,0.8571428571428572
35.99999999999999,0.22081790273476246,2.896825315714286,0.9142857142857143
35.99999999999999,0.22081790273476246,2.896825315714286,0.9714285714285714
35.99999999999999,0.22081790273476246,2.896825315714286,1.0285714285714285
35.99999999999999,0.22081790273476246,2.896825315714286,1.0857142857142856
35.99999999999999,0.22081790273476246,2.896825315714286,1.1428571428571428
35.99999999999999,0.22081790273476246,2.896825315714286,1.2
35.99999999999999,0.22081790273476246,3.1349205471428574,0.8
35.99999999999999,0.22081790273476246,3.1349205471428574,0.8571428571428572
35.99999999999999,0.22081790273476246,3.1349205471428574,0.9142857142857143
35.99999999999999,0.22081790273476246,3.1349205471428574,0.9714285714285714
35.99999999999999,0.22081790273476246,3.1349205471428574,1.0285714285714285
35.99999999999999,0.22081790273476246,3.1349205471428574,1.0857142857142856
35.99999999999999,0.22081790273476246,3.1349205471428574,1.1428571428571428
35.99999999999999,0.22081790273476246,3.1349205471428574,1.2
35.99999999999999,0.22081790273476246,3.373015778571429,0.8
35.99999999999999,0.22081790273476246,3.373015778571429,0.8571428571428572
35.99999999999999,0.22081790273476246,3.373015778571429,0.9142857142857143
35.99999999999999,0.22081790273476246,3.373015778571429,0.9714285714285714
35.99999999999999,0.22081790273476246,3.373015778571429,1.0285714285714285
35.99999999999999,0.22081790273476246,3.373015778571429,1.0857142857142856
35.99999999999999,0.22081790273476246,3.373015778571429,1.1428571428571428
35.99999999999999,0.22081790273476246,3.373015778571429,1.2
35.99999999999999,0.22081790273476246,3.61111101,0.8
35.99999999999999,0.22081790273476246,3.61111101,0.8571428571428572
35.99999999999999,0.22081790273476246,3.61111101,0.9142857142857143
35.99999999999999,0.22081790273476246,3.61111101,0.9714285714285714
35.99999999999999,0.22081790273476246,3.61111101,1.0285714285714285
35.99999999999999,0.22081790273476246,3.61111101,1.0857142857142856
35.99999999999999,0.22081790273476246,3.61111101,1.1428571428571428
35.99999999999999,0.22081790273476246,3.61111101,1.2
35.99999999999999,0.26918003852647127,1.94444439,0.8
35.99999999999999,0.26918003852647127,1.94444439,0.8571428571428572
35.99999999999999,0.26918003852647127,1.94444439,0.9142857142857143
35.99999999999999,0.26918003852647127,1.94444439,0.9714285714285714
35.99999999999999,0.26918003852647127,1.94444439,1.0285714285714285
35.99999999999999,0.26918003852647127,1.94444439,1.0857142857142856
35.99999999999999,0.26918003852647127,1.94444439,1.1428571428571428
35.99999999999999,0.26918003852647127,1.94444439,1.2
35.99999999999999,0.26918003852647127,2.1825396214285715,0.8
35.99999999999999,0.26918003852647127,2.1825396214285715,0.8571428571428572
35.99999999999999,0.26918003852647127,2.1825396214285715,0.9142857142857143
35.99999999999999,0.26918003852647127,2.1825396214285715,0.9714285714285714
35.99999999999999,0.26918003852647127,2.1825396214285715,1.0285714285714285
35.99999999999999,0.26918003852647127,2.1825396214285715,1.0857142857142856
35.99999999999999,0.26918003852647127,2.1825396214285715,1.1428571428571428
35.99999999999999,0.26918003852647127,2.1825396214285715,1.2
35.99999999999999,0.26918003852647127,2.420634852857143,0.8
35.99999999999999,0.26918003852647127,2.420634852857143,0.8571428571428572
35.99999999999999,0.26918003852647127,2.420634852857143,0.9142857142857143
35.99999999999999,0.26918003852647127,2.420634852857143,0.9714285714285714
35.99999999999999,0.26918003852647127,2.420634852857143,1.0285714285714285
35.99999999999999,0.26918003852647127,2.420634852857143,1.0857142857142856
35.99999999999999,0.26918003852647127,2.420634852857143,1.1428571428571428
35.99999999999999,0.26918003852647127,2.420634852857143,1.2
35.99999999999999,0.26918003852647127,2.6587300842857142,0.8
35.99999999999999,0.26918003852647127,2.6587300842857142,0.8571428571428572
35.99999999999999,0.26918003852647127,2.6587300842857142,0.9142857142857143
35.99999999999999,0.26918003852647127,2.6587300842857142,0.9714285714285714
35.99999999999999,0.26918003852647127,2.6587300842857142,1.0285714285714285
35.99999999999999,0.26918003852647127,2.6587300842857142,1.0857142857142856
35.99999999999999,0.26918003852647127,2.6587300842857142,1.1428571428571428
35.99999999999999,0.26918003852647127,2.6587300842857142,1.2
35.99999999999999,0.26918003852647127,2.896825315714286,0.8
35.99999999999999,0.26918003852647127,2.896825315714286,0.8571428571428572
35.99999999999999,0.26918003852647127,2.896825315714286,0.9142857142857143
35.99999999999999,0.26918003852647127,2.896825315714286,0.9714285714285714
35.99999999999999,0.26918003852647127,2.896825315714286,1.0285714285714285
35.99999999999999,0.26918003852647127,2.896825315714286,1.0857142857142856
35.99999999999999,0.26918003852647127,2.896825315714286,1.1428571428571428
35.99999999999999,0.26918003852647127,2.896825315714286,1.2
35.99999999999999,0.26918003852647127,3.1349205471428574,0.8
35.99999999999999,0.26918003852647127,3.1349205471428574,0.8571428571428572
35.99999999999999,0.26918003852647127,3.1349205471428574,0.9142857142857143
35.99999999999999,0.26918003852647127,3.1349205471428574,0.9714285714285714
35.99999999999999,0.26918003852647127,3.1349205471428574,1.0285714285714285
35.99999999999999,0.26918003852647127,3.1349205471428574,1.0857142857142856
35.99999999999999,0.26918003852647127,3.1349205471428574,1.1428571428571428
35.99999999999999,0.26918003852647127,3.1349205471428574,1.2
35.99999999999999,0.26918003852647127,3.373015778571429,0.8
35.99999999999999,0.26918003852647127,3.373015778571429,0.8571428571428572
35.99999999999999,0.26918003852647127,3.373015778571429,0.9142857142857143
35.99999999999999,0.26918003852647127,3.373015778571429,0.9714285714285714
35.99999999999999,0.26918003852647127,3.373015778571429,1.0285714285714285
35.99999999999999,0.26918003852647127,3.373015778571429,1.0857142857142856
35.99999999999999,0.26918003852647127,3.373015778571429,1.1428571428571428
35.99999999999999,0.26918003852647127,3.373015778571429,1.2
35.99999999999999,0.26918003852647127,3.61111101,0.8
35.99999999999999,0.26918003852647127,3.61111101,0.8571428571428572
35.99999999999999,0.26918003852647127,3.61111101,0.9142857142857143
35.99999999999999,0.26918003852647127,3.61111101,0.9714285714285714
35.99999999999999,0.26918003852647127,3.61111101,1.0285714285714285
35.99999999999999,0.26918003852647127,3.61111101,1.0857142857142856
35.99999999999999,0.26918003852647127,3.61111101,1.1428571428571428
35.99999999999999,0.26918003852647127,3.61111101,1.2
35.99999999999999,0.32813414240305516,1.94444439,0.8
35.99999999999999,0.32813414240305516,1.94444439,0.8571428571428572
35.99999999999999,0.32813414240305516,1.94444439,0.9142857142857143
35.99999999999999,0.32813414240305516,1.94444439,0.9714285714285714
35.99999999999999,0.32813414240305516,1.94444439,1.0285714285714285
35.99999999999999,0.32813414240305516,1.94444439,1.0857142857142856
35.99999999999999,0.32813414240305516,1.94444439,1.1428571428571428
35.99999999999999,0.32813414240305516,1.94444439,1.2
35.99999999999999,0.32813414240305516,2.1825396214285715,0.8
35.99999999999999,0.32813414240305516,2.1825396214285715,0.8571428571428572
35.99999999999999,0.32813414240305516,2.1825396214285715,0.9142857142857143
35.99999999999999,0.32813414240305516,2.1825396214285715,0.9714285714285714
35.99999999999999,0.32813414240305516,2.1825396214285715,1.0285714285714285
35.99999999999999,0.32813414240305516,2.1825396214285715,1.0857142857142856
35.99999999999999,0.32813414240305516,2.1825396214285715,1.1428571428571428
35.99999999999999,0.32813414240305516,2.1825396214285715,1.2
35.99999999999999,0.32813414240305516,2.420634852857143,0.8
35.99999999999999,0.32813414240305516,2.420634852857143,0.8571428571428572
35.99999999999999,0.32813414240305516,2.420634852857143,0.9142857142857143
35.99999999999999,0.32813414240305516,2.420634852857143,0.9714285714285714
35.99999999999999,0.32813414240305516,2.420634852857143,1.0285714285714285
35.99999999999999,0.32813414240305516,2.420634852857143,1.0857142857142856
35.99999999999999,0.32813414240305516,2.420634852857143,1.1428571428571428
35.99999999999999,0.32813414240305516,2.420634852857143,1.2
35.99999999999999,0.32813414240305516,2.6587300842857142,0.8
35.99999999999999,0.32813414240305516,2.6587300842857142,0.8571428571428572
35.99999999999999,0.32813414240305516,2.6587300842857142,0.9142857142857143
35.99999999999999,0.32813414240305516,2.6587300842857142,0.9714285714285714
35.99999999999999,0.32813414240305516,2.6587300842857142,1.0285714285714285
35.99999999999999,0.32813414240305516,2.6587300842857142,1.0857142857142856
35.99999999999999,0.32813414240305516,2.6587300842857142,1.1428571428571428
35.99999999999999,0.32813414240305516,2.6587300842857142,1.2
35.99999999999999,0.32813414240305516,2.896825315714286,0.8
35.99999999999999,0.32813414240305516,2.896825315714286,0.8571428571428572
35.99999999999999,0.32813414240305516,2.896825315714286,0.9142857142857143
35.99999999999999,0.32813414240305516,2.896825315714286,0.9714285714285714
35.99999999999999,0.32813414240305516,2.896825315714286,1.0285714285714285
35.99999999999999,0.32813414240305516,2.896825315714286,1.0857142857142856
35.99999999999999,0.32813414240305516,2.896825315714286,1.1428571428571428
35.99999999999999,0.32813414240305516,2.896825315714286,1.2
35.99999999999999,0.32813414240305516,3.1349205471428574,0.8
35.99999999999999,0.32813414240305516,3.1349205471428574,0.8571428571428572
35.99999999999999,0.32813414240305516,3.1349205471428574,0.9142857142857143
35.99999999999999,0.32813414240305516,3.1349205471428574,0.9714285714285714
35.99999999999999,0.32813414240305516,3.1349205471428574,1.0285714285714285
35.99999999999999,0.32813414240305516,3.1349205471428574,1.0857142857142856
35.99999999999999,0.32813414240305516,3.1349205471428574,1.1428571428571428
35.99999999999999,0.32813414240305516,3.1349205471428574,1.2
35.99999999999999,0.32813414240305516,3.373015778571429,0.8
35.99999999999999,0.32813414240305516,3.373015778571429,0.8571428571428572
35.99999999999999,0.32813414240305516,3.373015778571429,0.9142857142857143
35.99999999999999,0.32813414240305516,3.373015778571429,0.9714285714285714
35.99999999999999,0.32813414240305516,3.373015778571429,1.0285714285714285
35.99999999999999,0.32813414240305516,3.373015778571429,1.0857142857142856
35.99999999999999,0.32813414240305516,3.373015778571429,1.1428571428571428
35.99999999999999,0.32813414240305516,3.373015778571429,1.2
35.99999999999999,0.32813414240305516,3.61111101,0.8
35.99999999999999,0.32813414240305516,3.61111101,0.8571428571428572
35.99999999999999,0.32813414240305516,3.61111101,0.9142857142857143
35.99999999999999,0.32813414240305516,3.61111101,0.9714285714285714
35.99999999999999,0.32813414240305516,3.61111101,1.0285714285714285
35.99999999999999,0.32813414240305516,3.61111101,1.0857142857142856
35.99999999999999,0.32813414240305516,3.61111101,1.1428571428571428
35.99999999999999,0.32813414240305516,3.61111101,1.2
35.99999999999999,0.4,1.94444439,0.8
35.99999999999999,0.4,1.94444439,0.8571428571428572
35.99999999999999,0.4,1.94444439,0.9142857142857143
35.99999999999999,0.4,1.94444439,0.9714285714285714
35.99999999999999,0.4,1.94444439,1.0285714285714285
35.99999999999999,0.4,1.94444439,1.0857142857142856
35.99999999999999,0.4,1.94444439,1.1428571428571428
35.99999999999999,0.4,1.94444439,1.2
35.99999999999999,0.4,2.1825396214285715,0.8
35.99999999999999,0.4,2.1825396214285715,0.8571428571428572
35.99999999999999,0.4,2.1825396214285715,0.9142857142857143
35.99999999999999,0.4,2.1825396214285715,0.9714285714285714
35.99999999999999,0.4,2.1825396214285715,1.0285714285714285
35.99999999999999,0.4,2.1825396214285715,1.0857142857142856
35.99999999999999,0.4,2.1825396214285715,1.1428571428571428
35.99999999999999,0.4,2.1825396214285715,1.2
35.99999999999999,0.4,2.420634852857143,0.8
35.99999999999999,0.4,2.420634852857143,0.8571428571428572
35.99999999999999,0.4,2.420634852857143,0.9142857142857143
35.99999999999999,0.4,2.420634852857143,0.9714285714285714
35.99999999999999,0.4,2.420634852857143,1.0285714285714285
35.99999999999999,0.4,2.420634852857143,1.0857142857142856
35.99999999999999,0.4,2.420634852857143,1.1428571428571428
35.99999999999999,0.4,2.420634852857143,1.2
35.99999999999999,0.4,2.6587300842857142,0.8
35.99999999999999,0.4,2.6587300842857142,0.8571428571428572
35.99999999999999,0.4,2.6587300842857142,0.9142857142857143
35.99999999999999,0.4,2.6587300842857142,0.9714285714285714
35.99999999999999,0.4,2.6587300842857142,1.0285714285714285
35.99999999999999,0.4,2.6587300842857142,1.0857142857142856
35.99999999999999,0.4,2.6587300842857142,1.1428571428571428
35.99999999999999,0.4,2.6587300842857142,1.2
35.99999999999999,0.4,2.896825315714286,0.8
35.99999999999999,0.4,2.896825315714286,0.8571428571428572
35.99999999999999,0.4,2.896825315714286,0.9142857142857143
35.99999999999999,0.4,2.896825315714286,0.9714285714285714
35.99999999999999,0.4,2.896825315714286,1.0285714285714285
35.99999999999999,0.4,2.896825315714286,1.0857142857142856
35.99999999999999,0.4,2.896825315714286,1.1428571428571428
35.99999999999999,0.4,2.896825315714286,1.2
35.99999999999999,0.4,3.1349205471428574,0.8
35.99999999999999,0.4,3.1349205471428574,0.8571428571428572
35.99999999999999,0.4,3.1349205471428574,0.9142857142857143
35.99999999999999,0.4,3.1349205471428574,0.9714285714285714
35.99999999999999,0.4,3.1349205471428574,1.0285714285714285
35.99999999999999,0.4,3.1349205471428574,1.0857142857142856
35.99999999999999,0.4,3.1349205471428574,1.1428571428571428
35.99999999999999,0.4,3.1349205471428574,1.2
35.99999999999999,0.4,3.373015778571429,0.8
35.99999999999999,0.4,3.373015778571429,0.8571428571428572
35.99999999999999,0.4,3.373015778571429,0.9142857142857143
35.99999999999999,0.4,3.373015778571429,0.9714285714285714
35.99999999999999,0.4,3.373015778571429,1.0285714285714285
35.99999999999999,0.4,3.373015778571429,1.0857142857142856
35.99999999999999,0.4,3.373015778571429,1.1428571428571428
35.99999999999999,0.4,3.373015778571429,1.2
35.99999999999999,0.4,3.61111101,0.8
35.99999999999999,0.4,3.61111101,0.8571428571428572
35.99999999999999,0.4,3.61111101,0.9142857142857143
35.99999999999999,0.4,3.61111101,0.9714285714285714
35.99999999999999,0.4,3.61111101,1.0285714285714285
35.99999999999999,0.4,3.61111101,1.0857142857142856
35.99999999999999,0.4,3.61111101,1.1428571428571428
35.99999999999999,0.4,3.61111101,1.2
