14.142836194330599,155.58609669195422,504.94226563347723,-21.757083314169535
9.63168866378257,160.66192790855487,396.9744613380734,-24.572304802465926
13.258145042264552,156.5796512512312,563.6872705199696,-15.029382186511821
11.47899355944117,158.40864003459072,467.6833815582745,-18.52428144985336
11.249247392446375,158.48620280634285,393.4846448980182,-22.539878432947827
14.050736341556046,155.36614441397114,509.51531224238136,-13.854148592341392
16.24741600858276,152.25040568408812,513.55652680621,-12.334248797295443
11.796700836293995,157.50011054748364,464.377973900951,-15.653428682138966
14.702968411572,154.42437247951366,482.1552155912615,-12.860658785280283
12.30606628604502,157.64579036660461,488.5012798473466,-17.536009442234434
12.342230884752611,157.46412354333302,467.6614235985496,-17.757856530259442
13.477748268460955,156.3271820446192,450.5230788970792,-26.535673295171527
13.26390654201095,156.53460157197583,518.4514119338704,-16.32727708498994
12.17265785100794,157.16648761145674,459.1410566367663,-11.929809226745343
11.23719261828174,158.34533609579387,434.87636012752046,-16.993719450195357
15.697515068129874,152.96486165031743,476.1813109041388,-13.844477012007102
11.47373422483586,158.6367775700655,460.52749047024173,-21.230886780854124
13.792087145606057,155.50588109250697,451.80997201933934,-15.564824190005933
11.729274128756353,158.44697789953045,471.95257386255446,-24.284995995909398
15.701082434006917,153.22787404742203,438.77158342889436,-22.0231280735291
16.435490926897565,152.81074791981786,470.2354559068129,-22.19902230799695
16.140271151472394,152.57075039452835,445.73353068988774,-15.080296377702709
11.135159966299401,159.05722215473253,446.4732612507813,-23.671749291260696
9.502219196755766,160.6844544777141,398.03547833389223,-20.657971793905926
13.733258881485671,155.98302507223315,477.7152097335269,-20.0324165875196
10.13925988134032,159.9148996643682,378.4260362692077,-25.695543416852562
11.671699435846891,157.82840484202913,439.52020462699807,-13.300063218901856
12.635061526939948,157.01957736897148,442.8431196284557,-18.297877337851236
17.546343756128795,150.50536158092046,482.7673595031959,-12.012721734801172
11.314723963887591,158.39733482125024,366.7537398813663,-23.172987831085596
15.283432196305434,153.42010151836013,406.30868302935585,-21.3009683300163
15.538857658502856,153.88623173859057,563.1097571197336,-14.427667029224326
17.015909899357233,152.11451024994264,471.17633157263754,-20.105310293482145
12.296301959498228,157.15029387403854,469.3421494492328,-14.740935062018556
17.225545449805654,151.91603832297486,464.5763287861977,-24.504008597278457
18.911203734002584,149.7276449542661,511.4632336099802,-12.443623748816526
10.346627336763698,159.642874299199,417.393431253799,-20.887425024070414
13.356627154503622,156.4317369653746,510.232068308181,-19.946506065708583
19.311888983271366,149.61081521428878,511.00730845190105,-21.66808073489516
16.013869465932128,153.09999016553772,454.82662472372516,-18.206592277212188
12.487515408806232,157.43032081107825,498.2395330889135,-17.789329297287797
12.269607672602023,157.63144572326993,524.2845720421328,-13.006161545578328
16.547985553052246,152.77481186503232,515.6956537761494,-21.826228799272645
14.429779671721766,155.0674393854985,538.2366246549491,-16.864567459237975
16.71744023737646,152.20368608120103,544.1324960793352,-14.300554344119812
14.687717195215471,154.53847976329078,489.5826962183472,-14.064981051018062
12.691044370107083,157.22518302044514,511.52018191469733,-17.82630246731263
14.948536723399023,154.46426491199207,454.4035106307137,-20.530613367378237
11.379787725189802,158.65730391158067,460.5694070310654,-20.64820823019756
13.998140817571736,155.27168054042127,518.7496688731964,-15.13677938068846
12.87300219037755,156.7524983184252,523.9008696142917,-15.420793067538323
9.619161098175132,160.61375111546386,380.0922614991059,-26.47105542219975
11.21957868505298,158.82840362947863,408.43187527046746,-24.18220345765821
13.20747947537088,156.45435147793145,465.7001420399177,-21.664251562756796
12.296997083963833,157.33995359180065,414.0506736208132,-25.942740223402613
10.956840961706712,158.92453798408604,449.4553944632453,-14.83361233323472
15.759243742556201,153.20363388157165,509.8246203976049,-14.77647305366214
16.073278367269964,153.32576024529558,502.8852579031452,-21.93453600449155
17.723197952316642,151.31027442101055,497.80852226141764,-20.775137159421483
16.5692734049095,152.5231409398163,482.74141360958123,-17.729607774966578
19.763293304494397,148.6737824515741,499.14704073553423,-10.793369707590566
14.016380280306372,155.04364208934305,509.41396855159695,-12.157514405121754
13.0577305631356,156.84050692446303,518.5234207641424,-20.462227581860585
13.700874810523496,155.97980681947504,437.06955387123253,-24.821082931553203
12.527223169404824,157.4001864607318,524.6288255492545,-16.202640162134447
18.37600319431745,150.46637303223397,550.6720060725569,-13.726265702662463
15.40780917212377,154.1988268417857,499.7723906377933,-25.32709166465285
19.014717041614908,149.85625359799405,557.1148333847374,-13.694621823892808
19.139266025697374,149.40240774085947,507.916845651797,-13.194376464111265
10.69536101327867,158.8717735027646,439.16551633007555,-16.75495336771408
12.419009259803753,157.52750826534387,460.06116947007354,-25.548494261653207
18.192846317037677,150.79036820292106,499.5254428424259,-20.32654215114261
12.200555439152717,157.4643934141269,436.29491018642887,-23.7979649951465
10.928574414030887,158.85674750148053,456.83290465421953,-18.17424103931973
15.756735112313335,153.39129645343192,485.4675947992805,-15.215311470054544
18.97803650588385,149.81775756467258,530.8215441544686,-12.175302906729097
13.545470126603043,155.6808572744136,464.1795479298933,-16.086593066336615
13.909898661224155,155.8954718094063,471.71413042908006,-25.892433062425027
14.749463490779764,154.77607043901506,426.1496909668328,-28.806881051536003
13.451639921664002,156.2858045169036,425.81845838020774,-28.29672015655216
16.782546437169433,152.09974691714837,454.1673873637328,-21.3647104757574
13.602978239334957,155.91350947059016,406.74673393482146,-28.474264653044578
13.857896394316777,155.30305721704738,389.36171722331613,-22.117250169923736
15.200907447819473,153.37689959205088,494.12124938189817,-12.901679452336861
13.849658666914953,155.94546272701925,499.62578143359264,-20.550378346531847
12.782940700612695,157.0880243738906,519.4800520696931,-17.40456217897423
11.473576153022163,158.2578892273037,446.5349269217342,-14.529189881312938
12.755874932059298,156.74217658128418,470.566018643708,-12.223314975857518
11.188249660345534,158.58738072125382,400.27649771881056,-23.32625965988403
19.35905289162547,149.20571642250658,517.6111106946701,-15.535043509631537
14.388285019818124,154.55618598453464,478.32729857213064,-16.631120293490238
11.23219200040728,158.91561363742565,428.83158732460913,-27.92615349376251
14.972810474971846,154.50244350230682,552.2580867145141,-16.214003391664647
12.202592739265343,157.39849452553491,442.1214413770217,-17.2000442347443
17.763864503641308,151.1625390426154,562.4786139028546,-12.50313172878647
14.205388772146438,155.46743793368867,442.92395110399104,-28.322794940929636
17.74043997858682,150.4073278851486,468.236281122716,-14.079028554727898
14.369348616389354,155.2862103658665,481.5349752810589,-22.52482882544771
21.613550518248317,146.49887444194923,525.0069679201702,-12.61582734775831
10.305351327122143,159.63746885736808,409.7516703240413,-24.237320729061217
14.033045433960966,155.58900479484467,460.0358345867543,-21.146768031246175
14.624075542129471,154.0984695250542,427.0684390686771,-18.900409384481787
13.029638800190517,156.00652964583065,437.08645659445733,-17.90159848730576
12.212047451071696,157.85517095858418,518.0881593771275,-16.524621625387912
19.89214609445691,148.67980040771707,538.4602655172332,-15.311431829320558
11.154528535389602,159.03354750251805,424.8257767387813,-26.381396503763785
12.107525147780514,158.13685094926294,471.17051969626505,-29.86659081087129
10.37544645595883,159.71657908398018,375.5437068413289,-24.557288075892494
12.844077833786576,156.4173536805269,451.50261321738566,-14.50143699334918
12.092297810616715,157.40621875082127,469.5916549284004,-16.998280583690853
11.022544804824683,159.36675298921026,462.4982774019798,-27.87260877641692
13.97660269891112,155.62393707014672,517.7081120515188,-13.573341462519181
14.113690286143237,154.63371277092554,459.46505270156143,-12.645060661730039
13.420549329159488,156.2157597881937,421.17959197465996,-28.26517813056229
10.613506524696195,159.71398671067655,437.6253002678023,-27.248922065103923
13.316193656028211,156.5251588789912,540.8439073106842,-17.787793809041638
14.95652077643418,154.64290897293316,464.03538572767206,-26.558848388123835
14.152551702019482,155.4264599654373,423.905333454413,-25.34050319429135
11.45888020730456,158.5229054530006,456.94593118135424,-22.022877018204305
20.464392169379625,147.82715857272132,550.8805345226359,-12.95543203181444
12.513978469499111,157.30094155144238,427.1285900638065,-23.373452542919164
14.397594694285628,154.94912953715922,414.7734646576556,-27.37537574462521
17.837106220864158,151.19989013897433,488.1675334205247,-16.88353699842664
18.01179512481488,150.58524611236467,489.47420568449684,-12.055408908249412
11.707934040144252,157.79779611934134,389.1788217398444,-19.424802742772947
16.248475188359794,152.72771686839727,456.5708547344441,-21.027498000284023
17.032881396361073,152.02877508798778,476.80722715096755,-20.827683944438178
16.483667853463427,152.63418260269094,480.4883946263666,-15.438948938277745
11.189585373657664,159.16981029731718,444.79020508288113,-30.235708137898644
10.42798686732272,159.6778615459487,431.822846059228,-21.111208367933582
13.015089878675447,156.99077878840887,480.34968831966876,-26.696295944438535
11.616302185455572,158.42894039289433,487.59986536105646,-16.211613047359194
12.279935263708666,157.21135832530226,413.36447651175087,-23.42365560692413
12.865203668781092,157.06629445447533,507.1483248433813,-18.18732998106468
10.013887161943067,160.45964698443265,423.6927770148073,-27.884283808203193
15.452336216492549,153.90056181249156,527.044159622204,-15.19214118049511
10.90414690623006,159.1787050038619,460.5563988046408,-19.327627618039795
10.843999420598669,159.59322055035628,442.28398186498384,-30.501135193414033
12.169518270444009,157.88348773800033,524.4375402306598,-14.718142631408407
13.980340828329423,155.01051611948498,510.85859949642213,-13.092824445419302
10.984566306691876,159.0861026139504,452.5187860435553,-22.286922630073047
13.8902117394036,155.8249444494488,463.8974409237436,-22.7022760222279
16.0277811967669,152.44287217900253,468.76911189234386,-14.67886990597708
11.70454519793184,157.71756983799176,436.82538335349403,-15.663491664477998
16.34752839923903,153.07733386091707,481.69289110063386,-25.179856018818324
14.63759782436207,154.9049499811017,445.9822564959372,-23.353115331868644
13.630665759946764,155.92781670127883,472.3349878722096,-20.547505097060714
12.146674602111336,157.68236075127376,457.2803740129589,-17.39435523044821
15.652157958480927,153.63731482623274,450.30096123953007,-25.755715007712205
12.554386138222313,157.17633786868913,444.48319964009715,-23.59754536408028
11.957625750338206,158.305621587305,457.94508682532336,-30.953728808464728
14.90459148525827,154.56438872463508,453.7170110094664,-20.717638998180703
11.308697058852056,158.96695048921796,450.9314803122731,-26.609194055272276
13.543700220305825,156.26467740475232,432.7718448224148,-29.35341254851521
11.833537282896087,158.37074190296232,454.83742256203897,-27.59533946366795
9.500825171645532,160.80013810957456,358.8254021827662,-27.55063587558654
12.349619887679447,157.3044188009922,439.9083678344548,-19.956340994840087
19.482121822690303,148.59991987749876,504.16249731096354,-11.641244215435426
18.93208589565289,149.84737501459063,503.4115919586781,-14.479975321749707
10.617194168158258,159.221315325134,399.7275355630097,-18.69329447991547
15.031579193501933,153.35845213235493,475.0022896805466,-11.678691771244731
11.572594160996783,158.63770711280867,462.98217410812174,-24.397813378433067
12.64550390757389,156.66284625331366,401.6410056338853,-18.771843809240817
11.144091858554441,158.14793725439495,446.70930324444583,-11.663644495880648
17.328548691809548,151.19402137867954,458.8974009285761,-16.489956559167997
18.179178108542377,150.76450455629535,493.50435139642013,-15.99378125183177
11.269444595426693,158.8136804266508,419.5937009957015,-27.836292717323573
11.514391661458246,158.2683193584462,437.4993941844895,-16.28054861004444
15.314915411267295,154.21252788201153,525.3316544892999,-20.369019260532934
11.047729961342606,158.7772511837689,466.71325336036443,-17.699418670708145
12.647368549011892,156.78480391269548,380.0586559977261,-22.325881320219807
16.39510563294776,152.47066083766097,443.2888825935551,-19.49711040005957
17.342312519025867,151.8088606947841,513.2622795023627,-17.99004872081967
11.352381847026134,158.80069009621147,434.6297976185538,-25.549692069202866
15.333751679217212,153.23107361254296,438.59297717633547,-13.042224724791067
10.884766931714417,159.26805093251625,410.16479965469813,-27.1246909070462
12.45938722943512,157.20706261290061,506.1519882032545,-16.154722358034206
11.465319434950187,158.03994767289072,481.561637018737,-15.292211302457542
15.665193051915066,153.88667350403273,456.3909787554296,-29.960992425660493
11.562821541024359,158.42024762714735,393.7508499923438,-25.779059741361504
14.555207126918013,154.94260495261742,490.0775917229739,-19.701820152866066
13.921060539072068,155.4689657789876,455.1461896503358,-21.543451914662565
11.271286801148884,158.37126200103808,444.9832970493997,-16.9203633251047
11.86584426948233,158.17088365608996,452.74917584457154,-21.57755750295674
11.067967302848922,159.22692739896084,458.69095883106564,-24.926859376687187
11.802038947527862,158.34251855838397,426.974827119833,-29.21757426669272
18.18560071479689,150.19581617832353,486.89832387016173,-10.915272598945675
16.513674385944377,152.60424667823446,495.96833765645164,-15.775108676152575
19.222562795005587,148.98999657999886,493.42862234002297,-11.99237699929492
12.360637913155552,156.90637727378814,468.0271457854112,-11.824897723905899
15.258358249964758,154.33378846311734,461.2216887946494,-27.36246943873859
12.896342468030046,155.97099558648807,478.7432031227728,-12.675387702360416
11.583352918250714,157.90360156077273,429.2778662958799,-18.748959403486165
11.312461997753159,158.96883743077777,470.29304291648833,-23.40702369411419
9.80555784405777,160.7097130409642,414.5518324285336,-27.987180140635136
13.78073949586935,155.99099256437196,435.35533199505306,-29.660996837563776
18.00374323845146,150.62870386156402,463.0594491864703,-20.413435491415594
13.952679778480835,155.82885715189028,451.6825668310805,-27.459724859222668
14.557162721469544,154.2069456017126,442.39355959916605,-13.981384116456086
12.018754959220177,157.61619058634798,432.6716798215347,-22.671428953280834
11.741593448841362,158.4220019421809,462.77609779553643,-23.427564474284306
11.959873025191355,157.12461203157673,465.6929400115397,-12.286511547088141
12.633944969872065,157.41380149275705,440.1016499734194,-29.783776830641322
12.160070284898557,157.49504892402243,452.7945307902953,-21.359275061865166
15.475964849196039,154.00168984536995,526.0788321707454,-15.062657658691469
13.144444857967603,156.61591805944826,422.6847614296067,-24.799247791565964
11.974381218752836,158.03831025580888,475.1226554703775,-22.837729948389143
10.998534895003809,158.78915460398443,430.899932016371,-18.591357526189174
13.62947074503399,156.0376186604852,452.61753276050626,-20.83026881992527
14.912011834404927,154.63543864760584,454.65382578133136,-23.251977161756553
12.594405602069312,157.14959266079654,383.97538177998445,-25.99875911215447
16.24747977977061,152.95849467330848,499.75827599228575,-19.54474354845875
10.501764072309204,159.36761466971922,403.36714751217926,-18.814426910791408
13.52197730144988,155.54801283196184,405.71763724393253,-18.912580407558146
16.725942093110216,152.49653501492458,446.1442893316011,-23.81110906053367
11.463140812308906,158.16515794258478,402.0372453752709,-22.550559212304
15.352877011547987,153.9135202433834,540.0199538661556,-15.660616568931747
10.838509509620032,159.01021109503304,414.43694732149714,-21.281264123227146
10.866364747573606,159.52799951536693,467.5392588605658,-25.347097829740054
11.407315083000448,158.26968021285313,429.6049198328685,-16.871176001212337
12.776153652060977,157.34419131159558,474.8337112147663,-28.172533055511845
12.248539632985619,157.64047170382327,422.4630827605596,-24.250070350567537
12.851266341399576,156.55942708590456,480.6491265740316,-15.964288520961471
14.242856707548373,155.48163706443282,457.04453503498416,-25.91433135678031
11.810939049893236,158.26575317396447,481.1150118239912,-18.781450646279943
11.752444884917027,158.33095671104365,460.4005539465213,-24.902924148610126
12.486480081089217,157.4574626728604,425.05153183839474,-27.202334274471543
12.642663405793945,157.31322752690483,443.51099275542316,-25.867440590838108
14.862074413911463,154.79585701002827,504.1703998605055,-22.599817981817186
13.405211352602066,155.7638858814478,462.6788544980765,-10.802769158043633
14.10553282712906,155.42639433005778,509.9022071230866,-14.677734270642377
13.670190265722914,155.85755256068518,391.2935387251346,-26.5802585121396
19.01483256784431,149.9071785428813,503.3536071990578,-20.11101151025613
14.40474285265839,154.59100504108582,480.8540922367731,-11.983723164243633
15.810153283951438,152.53254949289305,461.22893935594664,-13.27989121064242
18.92650268155843,149.5649470800204,523.4473871468005,-14.5884962891272
14.956503703293254,154.23015382169024,490.33974853350816,-11.172590093443924
11.83600816941312,158.3065221433635,433.9555895434108,-26.97797371625114
13.005209630771269,156.33441054966406,503.7552088413585,-12.52676296707535
11.729657909213394,158.43108358557117,479.46289467841706,-20.917325281054918
16.973216659852547,152.01855278690914,453.9417771474639,-21.087385715093802
11.943838995170486,157.9870241596693,411.39963306625606,-27.07661439164743
10.744693856699849,159.09575398465068,430.8367910432034,-20.354682160356624
14.33380885128524,155.35488369795888,428.89784731579965,-29.499835832191355
13.696462900225239,156.0418160483158,513.6359058718849,-18.048021533704386
11.362817915054592,158.73958222152476,433.3856488237161,-23.918397697143504
11.886651683788836,157.26830917919838,453.09014254473385,-14.182743150042004
18.41708716543785,150.32067033803995,474.33959954750816,-13.405231353817504
11.719808306066243,158.48037516811002,506.5707783825762,-18.16410272987618
11.531782534535811,158.57155120006297,407.2302594968769,-26.64156943266521
14.009553860634512,154.80334957807943,470.63846453909605,-15.34913906765933
20.91407425706236,147.6659101192297,534.1116413667762,-11.509267915317329
12.202653062288512,157.8552285607389,502.74396921893924,-19.143917899296824
12.104812883023083,157.986295949364,446.1506266962202,-25.519373495486153
12.949700842915309,156.65080574434708,458.9674061570524,-18.197423361644063
12.765119031699731,156.61938686833597,401.36182890498435,-21.92834921681382
10.26934838166418,159.86322930416355,372.687586439688,-24.685068306119156
15.01515463861397,153.62184169856732,420.58455324255215,-15.020171414571287
13.958137594724516,155.6409345185652,457.8658858467581,-20.745780598637257
10.12478523678312,160.51530036986787,433.7324044918723,-31.440615416991584
16.100581378380813,153.30660553249893,508.049279418731,-20.880750262936225
17.22683714326521,152.00027553111622,535.0763255239114,-16.095193583046914
15.408990503221538,154.02068120640223,426.2787577026577,-28.418410536400554
18.334652559119437,150.26388719401663,504.56754364806295,-12.895472217577431
13.207934070855975,156.55139417145463,416.6490916383967,-26.39591014997329
12.277340650173358,157.80803817425567,482.7746863061213,-21.54954157942686
12.87786278128517,156.83104277263683,522.3404524628579,-15.231238389913141
15.802925332347906,153.28450258407798,513.6044195234709,-13.90887440983236
13.19538651138969,156.69985652337104,437.4563625328763,-28.01891528920569
14.345394785832193,154.76068847922858,466.04347625260107,-17.66988585250461
11.472576686826867,158.20285240912824,464.92417040878206,-15.637253755610585
11.041600855983672,159.2720336734131,463.77345209561486,-23.071083224605847
12.107617872156826,157.4774082672009,467.54691021129184,-15.011515020151288
15.10787406286682,154.43228186603534,510.7414960672971,-15.714600507593468
15.340721777396185,154.0175325118449,420.0988358558346,-25.87621400421418
17.46538723896686,151.47911194214194,466.1228967469284,-21.982425827862514
12.17145200708269,157.51647538323184,451.4108167883318,-19.034798862052423
11.247208159283893,158.25049436042625,469.85462109504306,-12.629217495302798
10.024235323323108,160.21909338081642,385.88545119086234,-23.587563806380217
9.649564690745926,160.87166855534775,395.1033273210564,-27.301894212600136
12.666466758684978,157.1734786358121,405.9040385518273,-26.64806078662015
17.63441550707199,151.51202304217648,463.3441979848931,-21.61098307634008
11.943168804654293,157.92569757554537,457.1999460029743,-16.158917715692983
13.781904223372196,155.51643138795865,401.44996050332685,-22.8736891904733
14.439735636234055,154.51103707708683,425.3118720757966,-14.794095360602723
12.707446549133568,157.35937026062982,478.15282166260334,-24.09112822547269
15.15437921046883,154.32841293695307,503.68661317774485,-19.72253530277837
14.013089894676785,155.3832276982096,417.98656496602024,-20.30390455986393
10.114371634144307,160.35148083046303,414.85307705522877,-26.623033338076496
14.452344365414413,155.33453608323677,476.51354915585256,-26.348269035948732
16.042448365715497,153.39264945346318,573.8547040724429,-14.98593006011038
12.590033900571026,156.84967715467494,507.10498850679346,-13.196857151460318
18.000658471049302,150.48693526896275,479.00115567109015,-12.360035914308177
12.189732228738873,157.25929990377082,461.3548355919638,-17.243836825666072
9.04944986612998,161.45458984302545,366.9532906078005,-25.333397358667995
10.243144127654038,159.90658670446248,382.97826299304444,-23.38733413420025
9.968026391303775,160.25849669576522,409.14110900780975,-19.732937004251724
14.714856744856204,154.14654318664725,431.9103381576851,-16.1392002058555
14.243401462833695,154.84829869656647,471.0708124521239,-14.658928813287117
11.766202661108577,157.6265109711164,433.7382411698872,-15.730298121449701
12.035900568969488,157.98054842978587,434.9720212363102,-25.34946827750124
11.613181729622013,158.529758544699,460.18789397996596,-21.382727685147138
10.952229812937986,158.8438149399611,462.26522566964707,-13.649667839795512
15.669661626073845,153.7210845197546,473.48330765847606,-18.154409906532212
13.049618331644181,156.97256147051962,448.513977148805,-29.066651596178634
17.639430569933843,151.13055052268277,487.57510220576887,-14.466334863070411
9.711942648184454,160.69858127725436,396.8654717301282,-24.127946961836656
12.239785326733417,157.77539404558468,435.84551519140086,-26.878139087797646
15.388429010033109,154.0087226861132,465.8866341900984,-18.658403418851385
15.061980282402253,154.2490779747669,481.7683652821537,-15.799706553887393
10.317195006731131,159.67315494305456,385.65839345783417,-22.899126693548755
10.608707345643287,159.7509481006855,414.2598687502829,-27.030287277826872
11.985253918109796,158.1608704697963,511.46242756109245,-16.10989246439983
14.019436133560932,155.64987929975035,524.4802370852948,-14.822797540758016
15.381989562166543,154.00945348611825,512.0919086187992,-14.28023385492904
15.981544686117678,153.43520062013286,476.2292507121238,-19.979941987429076
13.37968247788514,156.1159336355438,402.4280697042319,-24.222389260011088
12.694958956165232,157.0739367860593,529.0503621330906,-16.2085598021471
11.407254087682645,158.63947640133978,410.426068171866,-25.549730470534616
11.184316750313071,158.67905709684624,385.90118583952034,-22.498200751069756
11.528493008376643,158.81957616761966,467.82907510165893,-27.169512885373557
13.414335443799663,155.73029190427846,457.455389032062,-11.507093323939406
13.121544065907369,155.97128626380285,421.0022200164444,-15.87086467580769
15.215763076906152,153.97846866922447,442.079118101267,-18.760080541286843
16.363958133892105,153.08074338819378,528.0808178281587,-18.583804740526645
12.363146249858199,156.96006155170159,460.48574709414453,-11.519616741731912
16.763736365677953,152.3171279633582,524.4691761206575,-12.054700243381886
11.446573490085118,158.14469847652762,443.02956300345795,-17.19443738096624
16.536089111910226,152.3519247438139,494.17647633156344,-13.383148506637195
10.06828646862878,159.97980828012564,410.07947102671733,-22.554155988241646
15.378532081387803,153.8836676534433,527.5395408591012,-13.164506722024631
16.931737897208162,151.6169401319579,439.3910345454416,-12.704450294625895
14.547251841226347,154.72461189695292,484.2105300308695,-18.110198731459562
11.937903546229526,157.66509055475802,428.5604470196243,-15.505749232762865
12.986888241537205,156.62110504971125,474.7746816775664,-13.236430602781084
10.064219248130046,160.33144108894814,387.1374307336706,-26.265593544560968
16.242120320265617,152.7601834829758,549.4384766152995,-12.719539416773033
11.436594454188008,158.61354739300177,421.27599125822206,-25.983327277429748
14.940874863039532,154.66117058670812,519.1808866517188,-16.496099094073315
16.529413601349287,152.93391198851162,496.31732702866117,-23.848183367540496
12.580387452566544,157.03180494513063,453.5985207267912,-20.819924610149158
12.424225285523859,157.17854965452062,501.3647834863532,-12.151899406792557
18.0958705926779,150.03944382018716,473.41949622055677,-14.237459564258437
10.601914768638784,159.4174494813262,443.78986167311587,-14.835945975939639
11.987755747094308,158.2094498129378,464.96646985863975,-24.32022066908776
14.976167516863683,154.7369919712981,550.5045526166425,-18.548996043220175
16.120241998041525,152.5909737545343,435.32778885914894,-13.043574684904828
11.277825524826076,159.0016038929315,455.71300793471585,-22.55409308878928
13.757897216612795,155.56868658218343,459.1338216334014,-17.71854681975324
15.663265840041877,153.7905047311556,566.8696727989046,-13.52311726372416
13.171381161373862,156.46224566539902,428.57139041615864,-19.6396184281864
14.13077417200589,155.39039927941195,475.06687657228434,-20.446595760922342
15.35288156071372,153.99913540919266,415.4142497220536,-27.97474462552228
18.788061011439645,150.04113742405636,507.2458906223075,-14.897863949888048
16.575114471160088,152.80698621086088,500.7983820665445,-21.06975988067531
12.466662012264143,157.26166118192086,461.86094265185193,-14.577636032606037
11.971505841673668,157.62466865156188,494.6306228443968,-13.30515769006371
12.215155929347628,157.85212600172738,431.81748818505446,-25.247458366064
12.078840372330776,157.37280382199728,479.3517016925411,-15.646438720262703
13.29797784121068,156.17707812820854,369.37815311947486,-26.487336854506804
9.847082845031949,160.606252839444,416.50173792360124,-26.415291195453293
10.367295456743388,159.97437848746867,419.38512816945087,-26.293439459952253
12.959098567330193,156.86657981552602,469.312705877413,-17.208634819121094
10.398352853401114,159.49659685343693,405.1340750492187,-16.426512300107817
15.45307215313655,153.45463420323247,475.01127729078377,-11.088367372927832
12.891918253239748,156.83402539105708,395.3526836902679,-27.606510332438503
15.707800185855318,153.62552378011387,515.0660935940375,-11.775014397735145
12.102778979783338,158.05503148719822,454.90575499582786,-24.47127792946406
11.080564598755446,159.06184155906277,423.2734701348998,-24.37797175108778
12.32397975092122,157.89796407767682,444.9602370717615,-30.388316806824154
9.662996700810698,160.90225985487,395.0150306551533,-27.518567330992294
11.54423235491861,158.7482467933193,487.2690151742008,-20.41667942311196
11.742819690755745,157.95528607054158,479.06738837237594,-15.97724110199891
12.48425968143178,157.66055416030446,466.3842103390546,-26.701468664979174
11.020432892541033,159.3060496002951,438.7767339622123,-24.38830096214891
13.316786112531931,155.980041505501,398.4690471615964,-20.248978322772878
10.000708206129639,160.43076397172712,411.8951392305519,-25.7858030017222
18.365753235955342,150.69987367480275,492.7200276896251,-17.861860483283106
21.33756963501095,147.19012866603845,559.5415875298868,-12.96000713953518
10.618896541140478,159.23532909500923,417.44660497272054,-20.333101965009604
11.227923395350052,159.22810893361964,468.71700517571765,-26.984580450948886
9.528512790056332,161.12675020488848,397.8604440654172,-29.046374195800695
10.261658793933849,159.948531397865,389.03472915258646,-22.464897857089476
14.173267868448471,155.17766880528654,422.72675048495745,-19.231902211310953
11.41655865783637,158.5557516194176,411.28343416126717,-21.429509556292615
11.118801228521212,159.00306161944854,446.16721209496666,-21.719466428594668
20.287174268002122,148.5001893944662,529.363280045747,-18.005284184884804
16.766611113400977,152.4351235199164,505.0910046069123,-19.386210804426636
14.18105112697323,155.25286956986747,472.6826043649972,-14.404214458328648
18.347804003044153,150.54269360415194,471.97088148477195,-20.30627553507579
10.357616628913208,159.87578703560754,413.79004821753443,-25.56612751460465
12.080159535924208,158.01409757431728,513.9022442426484,-19.104404697174306
12.900841616232446,157.20190556171318,483.71874402631283,-24.505617652876893
13.033769618631618,156.26321506189475,453.958255441528,-11.712482336669682
10.522939421939448,159.75341226778772,401.3119834110734,-25.9157984103299
13.490414802214634,155.89486328861457,433.00923761813084,-18.496847374157486
15.827688768459806,153.6069032085757,502.36618402154755,-16.334776344332326
13.654140989848923,156.06826036907904,501.41824889639673,-15.190301380186547
12.471325852349413,157.49861578178894,445.5166730939558,-24.504848687664715
11.20023899472986,159.10669658648362,411.67195851749244,-29.156253364574194
12.433016982564345,157.462988975651,476.7628781452746,-15.872806227236307
19.971557943710877,148.7908490165375,514.39809175573,-16.12580996930894
12.566963840462773,157.0537539292267,445.29966747325676,-16.28792950217175
10.898183254341252,159.2360537935437,460.778707633823,-20.240683029039324
10.350318008524154,160.10540792460185,427.5674584010414,-24.32257074300136
10.879516409687955,159.57331105892195,456.9820926134117,-24.921694633115628
13.550219151644585,156.048197241261,455.3933918056591,-16.07918682586566
15.641465044065617,153.39172883095438,444.34425009721923,-19.69638382008398
11.858576637311813,158.28545070166564,505.73998054000947,-15.300660138569203
11.0991085681127,159.17548720263974,414.5404883776022,-26.71724363477452
11.97588854767582,158.30684851735785,447.7353543714141,-29.45300496979421
14.749444641348498,154.84346886223148,419.4548428354897,-25.61397377397438
17.799731655218235,151.24612375651654,528.8971590876142,-12.218565772965407
12.888261285366129,157.1067484888829,502.9304642059925,-17.873398681643636
14.117855481417022,155.77982537762782,484.55740747252787,-24.91943513180638
17.213915104842986,152.147087002637,473.93928991904767,-24.489545909526463
12.391738052342212,157.67974384951538,427.1301778024399,-27.78657374503833
12.741171589899574,157.15973471398766,515.1891161561472,-18.025939259767082
12.631876500163552,157.04588038848848,387.04208755672204,-22.822132857520767
14.632681410950285,154.29644197122042,413.15312882856534,-21.259268119133356
11.96896156682281,158.32935301142683,471.8287178729136,-25.452686422743298
14.521778248525457,154.051975153135,460.82676542506334,-14.178647283023146
11.006594702337381,159.4865006589111,447.73178904714877,-28.489293411756027
11.906112660300474,158.05953871838835,501.50418281531785,-13.799742129185109
12.156070476243075,157.83246644929147,484.2682101461894,-20.255294697483915
13.884572975460003,155.89548690123414,458.52128709428064,-20.941214550337524
12.177087442071667,157.2689194438862,472.93377813995045,-11.51287904796891
16.180781230939857,153.09262383639128,504.5995403731581,-11.90551730453349
13.853332740893856,155.77563134053253,509.9853729737432,-17.039782219152023
13.110445405788928,156.46052653640382,439.27649043387925,-20.177931917097098
12.43690842576615,157.5751329959447,423.90983868134686,-24.801751965144682
10.930485110522671,159.03526665072025,399.5430941295368,-22.972433710654023
10.914096244492812,158.8883130653266,431.13477030573296,-20.26765821356464
10.766121861955895,159.69940355710062,433.00439616736566,-28.17517874850182
13.556015393398487,156.33952053590164,536.0109338509344,-14.41606901328368
16.626575668095743,152.6817942454056,483.45141184930674,-16.19297942551667
13.209596158844509,156.30596312535414,442.3504301005968,-17.825179447507026
15.246958086211924,154.4279470946189,448.0042585064457,-28.84563973227148
13.648979070343723,155.65845845230453,443.7647002147291,-15.467143434042084
21.97310613774297,146.32413395787842,539.7472129512261,-12.061182284551242
13.572165703166018,156.38350301180773,559.5038865322903,-15.588881633038781
16.373857734825496,152.39871289661164,430.7202354905482,-17.147944243712338
15.39591625813126,154.1159139624876,544.0633786888963,-16.63180371669069
12.802019057595139,157.285600083419,452.4392501177192,-25.76637636432139
9.679569464755978,160.9659207873231,408.29531780597483,-28.540042884338305
17.55087007021494,150.9538665696174,486.81731404002727,-14.074377687157234
12.643874340190077,157.48440095669224,505.86753926835297,-21.877768412830772
12.698122693486019,156.99245359653224,423.014691155415,-21.483837530297848
13.067189632010594,156.68763718491627,432.5827078166686,-24.37446853639572
10.233394428343738,159.98588634057393,422.52543069251794,-19.668269043273536
12.427671131342647,157.45504634427272,448.1971669087724,-22.044191285999762
14.40235175587307,155.35936319089026,493.21670111128975,-20.074905295655174
18.44494172264264,150.6051311747536,511.1306819611669,-19.290194692717314
14.68456038474447,155.00779382917295,445.79143625455725,-25.564101927176903
12.809846735717025,157.17084293045093,532.6976060999307,-15.607693935718837
11.541725033417737,158.5133310236337,417.17177842707235,-21.129822676339245
12.474412286849699,157.6173506161392,423.04550723037136,-27.898350812017114
17.92002699166201,151.09148056624008,475.4706875904538,-15.9856568768401
12.976055475884905,156.9004667551399,508.6419513772546,-14.675533670893783
13.812403395657451,156.11050961455277,445.8557933310901,-27.981870827656454
14.13941431352795,155.2003670738379,449.2182779099429,-20.42914255438792
10.425539747791412,160.08614405443151,416.6396813572062,-27.548875244612216
16.761704142147824,152.28189121239402,452.7251828395835,-17.689506388222355
13.19850791749676,156.7750680791973,458.2427687250205,-22.668966479773704
12.351864868674058,157.79660331024022,443.3202960245393,-25.728747453088822
13.573935889862186,156.24554193956607,494.49026030176657,-19.255813949047575
13.774405576559719,155.58193547883488,485.9447519449022,-16.027390022669845
14.569010144407175,155.11919117650734,434.85235534616044,-24.687492650423202
15.128391077040563,154.44616768420246,469.0711723210103,-23.11289654615652
17.214621491987756,151.60499821663223,510.307711217831,-14.613289980441074
11.921986407844972,158.11593758913656,425.3193151194273,-20.984791738635256
15.721752329398036,153.7473200865628,440.33237628314026,-25.503262628701332
12.446548393745516,157.6975421733907,486.94251279932513,-19.815018670183083
16.873168830717265,152.3539396970833,523.4206597079764,-13.63818634394174
16.259675638883433,153.05051272038332,483.6635356304415,-19.486690772017138
12.330413476851627,157.567452192388,453.5919982477534,-22.727099629885178
12.812416325633915,157.13743327230074,446.0005773781597,-24.580787751052814
14.270286804331006,154.99353015413456,487.94105312670786,-14.054823851928008
15.748250098266709,153.69561659124562,513.4257733555951,-15.386458906816484
21.429257187697857,147.09276051255267,554.1866863759168,-13.798792851783004
14.370018202063031,154.5551636603702,478.6493570505898,-13.277726037930904
14.876593220747568,154.35674942791204,497.5482260982463,-12.348126109972586
18.397944389719232,150.79194580451545,480.37016077720403,-22.566261328008252
19.920780443129072,148.62305418066427,507.51604393514094,-13.251527804382775
12.873915143151397,157.09821464409356,413.87647728288937,-27.621113636367216
13.615101015145903,156.2720269481855,507.40564190110285,-19.935547078741912
21.55180684470036,146.68208658410228,522.110748375921,-12.195068938297535
11.350491885964201,158.28421019685663,443.2914815419184,-17.438815890128275
18.777183879437924,149.66829642499556,500.8956536962448,-11.98274934063123
17.474960503760364,151.5964957159247,479.93594303498236,-20.060505298986566
11.809052972250571,158.29773367617832,502.8906677835189,-12.16468016929566
14.865516185376222,154.49043060594062,457.1306284404984,-14.481165147165239
12.8698653650506,157.3160266145759,502.3219951291918,-22.858269850362223
12.18683261677657,157.42997383623185,406.9794530658793,-21.67418849973451
15.367802802584254,154.18828359180276,505.62180434848,-15.306409535436405
12.460823382852823,157.49793514729066,450.3672325782944,-23.830950734040268
10.063019937976286,160.54456458150844,425.7388126848414,-26.27702763040294
17.242312059091272,151.93883743196105,471.9736883955505,-18.016386677017337
9.685632240747912,160.90058920674883,404.7937844243348,-24.212547946349247
11.327535332057158,158.91267912364344,427.8328634807155,-22.1619457004281
11.586227820403982,157.962600481334,427.4113895656251,-12.631335713248635
11.695170723769461,158.4600262265267,427.17108095234255,-22.266124757162217
15.664268707104148,153.81815686910448,437.9018251159255,-23.42438972574175
15.629932915749421,153.14520065918703,433.5999342591902,-14.659571441117201
13.063448115242014,156.99363168599004,458.586533588081,-26.513400395185975
16.9092403249223,152.3258576439981,542.016320661668,-16.025123093095818
13.797471809994748,155.51373890292953,469.53963415353894,-16.36095563360371
17.399760816173487,151.81146718075627,457.3769122956262,-21.538360689023033
12.084830419395301,157.97817630291487,398.4388856942102,-28.30634144487834
12.014388304578251,158.20311155572298,463.5155703969735,-24.065261131347125
15.217783323605575,153.55439541245963,423.42592362820403,-13.7043312980594
13.308101008269576,156.4317553093199,478.2468984319442,-14.310413341686953
13.65936208334487,156.18349997053164,476.04274437134376,-22.17311396911727
13.36229325603307,156.4456496785992,432.3310985609022,-24.867380826190008
16.85577828863581,152.62648579400692,500.83862475767376,-22.190141864329572
15.977386567051495,153.30136891929558,517.7398867142522,-12.014901553070036
13.4972992955115,155.8001579027237,478.55086154763956,-15.218629126348285
15.30604540161671,154.4262694602712,458.29905261334125,-27.6079430486754
9.71670546873237,160.96699894110031,404.34270561961324,-27.994555474101602
12.220771381743631,157.9227231258214,479.29775203644255,-20.60865968420901
15.758426102077289,153.61351805021485,421.85809600119916,-25.62418926751564
10.220552944376609,160.07921909684939,428.7621675325555,-21.09019722209504
12.067066616916009,158.1281429437593,509.48487482851004,-15.80851775864652
12.902551302610336,156.7109266826147,465.12286419265996,-14.573271994367206
12.739126921986887,156.8152556371281,450.67387681029896,-14.876143956539122
12.255375314651967,157.62498983989877,476.9863043057152,-18.936310727706406
10.145736263209123,160.31711299469038,393.88421205732044,-24.605264562742192
11.335678147552072,158.77061484482604,465.231523173143,-16.567428361461246
9.868779361642133,160.4558908422647,412.53831325824973,-20.561072769389334
13.084625441491166,156.57305814295088,373.70228350004766,-24.079156434377087
12.502655168680079,157.64202318340367,498.3995245384421,-20.926135267487194
13.43355930838408,155.7158359247166,408.55466015438066,-16.343930135087152
12.934846353818113,156.2500701245754,443.2241206906896,-11.57582025089152
12.590144271276547,157.64246798532972,442.684784791381,-29.84591800689969
15.93377155551948,153.560466439787,446.19515921626066,-25.58091183367995
15.60192675518872,153.80371874319778,492.9898550787573,-13.53533413566522
12.198045000310183,158.18370604237884,453.482803258569,-31.01358635945328
17.906988009166128,151.23815423865065,480.6070847080998,-16.493081137568442
15.736485419034917,153.7975162297635,473.3191387524314,-19.916335185164424
18.350519293258728,149.98224631483274,509.11193980712153,-12.398600462520223
14.5553918027828,155.00453513588465,447.4884433639138,-17.929873504204004
13.286775545524705,156.30233694030787,499.97601321710926,-14.935073009362291
14.666594621275667,154.7068084776547,434.32334391576154,-19.737653405956383
18.67421508621778,150.1691005693704,529.6684582549934,-14.54257583174195
12.81546626597192,157.2198500194612,440.2262254454732,-25.938090969713297
12.742070427777431,156.99925486698652,511.6594139100365,-13.431168388087771
10.12507721886834,160.06457448661166,399.5118090339151,-19.51131899169557
15.961308282829732,153.0381155372289,532.6136205916616,-12.52427754766555
15.062642457251723,153.6259101519483,484.88012128676195,-12.50257397937859
10.197599088486367,160.3550492107552,404.79243476525806,-27.035647548813824
13.07969241709707,156.870554965812,444.7640447642744,-22.830815329904972
11.080161319342798,159.34461183430537,426.3313680334981,-27.80380693734698
13.019907695949003,156.71769697626422,378.90020365270266,-27.20657650729987
12.325122429990696,157.44529905518772,402.5549077759744,-24.25059942101304
11.125098369949086,159.23328425885472,438.96759529532187,-24.327672894615887
15.548452739405267,153.95322141499187,448.5227433454462,-24.43791556626237
11.88419668568426,158.325531629996,423.8798460006484,-25.78778652302559
11.510910145880063,158.1309729466826,428.0361350798505,-19.499018464529982
15.071744490435629,154.54202989586966,435.0084054627554,-22.633196297684417
13.699943293451721,156.1755508296992,493.0440514538286,-20.656262203635496
13.339193560243196,156.63058613526954,467.4377354758946,-20.35992561891134
9.834627957356325,160.320478437628,397.1155275142422,-20.375048628227315
12.02372664280131,158.00988601955464,380.0614645697808,-25.57735821607561
14.26000409408955,154.8243983342232,402.3296041427952,-19.410358794111314
17.672036394901493,151.5000905644628,492.3396404713448,-17.408560363665977
11.867865852476086,158.38737084771688,434.60643707014026,-26.676477787691702
13.45224336970345,156.4954142646759,441.08350787471454,-23.8615031950191
9.882400185734307,160.51607699905068,362.60400919654546,-25.738775463236887
14.051419167382557,155.45985560884924,519.3745985903844,-14.573132028799785
15.111704136653882,154.59474921907574,500.8057821177957,-18.498267193662986
11.157970447927795,159.20452801516794,453.0099199029471,-22.63701276935905
13.308761751849437,156.60119308053268,477.84412995759936,-18.5208827690255
13.516312750454572,156.2619930299608,430.94716009717035,-25.07908482678982
12.476382141601858,157.45897518680994,506.73909823485604,-14.916461940117802
11.59298857772677,158.8093927256537,446.5831090367335,-27.496993589461635
11.995016649066711,157.72813319117984,424.1957463865711,-19.12014303500812
19.02602239131611,149.8781402916001,517.7931308693871,-16.247543260576
16.69977921541613,152.59691721065946,464.81483768190384,-16.548648039633253
10.49103137791718,159.52815181968833,388.955662837673,-18.187767818813512
16.294220295163857,153.1216353708864,476.5748545159136,-17.023442998454957
16.246844112458344,153.35796021095933,449.38993175921956,-28.289096318006013
19.905803148760693,149.0354771030412,525.2763615720409,-16.506427358508567
18.163459557125226,150.5653438044795,472.8171799417893,-15.43390804163996
10.23382688590525,160.1793135323829,378.8264772674479,-27.0069563672765
14.74064121356726,155.01888353626984,451.2435196839826,-24.484666326001168
13.353358738837777,156.49036599900754,530.0644585995843,-14.10703178467944
10.95146663610362,158.7918187725706,416.9508434613848,-16.74883790067153
16.667663627173038,152.78030545506613,522.0198083545698,-18.825457594120117
14.984113784207883,154.31976774111493,534.0811538991193,-12.587248724626036
13.99068547818848,155.38644972228866,397.304702064608,-22.462261918110073
14.636762623126527,155.05649364919316,412.23651476466006,-25.732557667262462
14.339106821265826,155.5663085059625,507.09078096495824,-22.092873273522958
16.88122087250943,151.61971079304396,479.0777670020859,-11.52440915423814
16.09126139167329,153.2646666781166,457.27918855610295,-22.223922655631622
14.700043841759847,154.08904155414828,485.1392965580123,-12.002502056071082
16.714314216381503,151.73178955782754,445.71049875794716,-11.163998805031612
14.026482246295924,155.3676808470187,518.2277213027425,-13.097705688003098
11.802560785355514,157.7813324622091,424.69627241237316,-15.055561684469073
15.126801052894667,154.4754687981206,509.26771113975116,-17.577082150955512
10.563099121778903,159.96331409638952,413.54221425391813,-28.475524323539897
9.484694994252667,161.21610178492872,392.28256342485747,-27.405317912822056
17.00736298287592,152.23393165809966,550.9676530578283,-14.890947566388878
12.839182158193724,157.21668539663278,435.24503177449367,-26.764316710589757
12.609463188975461,157.46214513089816,457.88861108088116,-19.47203833433031
15.861187510779914,153.38621718879,462.7529312347056,-20.257466886489244
12.555861380297374,156.82896527906524,463.41662796034154,-11.448731506473296
10.426037659309996,159.3995902041287,437.14769211374914,-14.757138637375524
15.401335845075355,154.05585167434577,563.2830965845966,-12.94990383618649
14.424998957276236,154.59327564470755,424.3158034803582,-15.259358402875884
14.807179611132854,154.79246447734556,551.1836449894226,-14.199458820273389
11.462090989676419,158.55003729063748,425.0512206151584,-22.883967536758348
14.030850945413391,155.75572258691162,441.9047762796931,-22.615168739172358
12.37939293031209,157.0879926839254,455.13417671406233,-15.542192616223566
12.394766586639966,157.63694244120154,465.4041700982276,-18.63096681515306
10.860344530358047,159.6183835930542,419.07993196715125,-28.5195847109934
12.276373340884962,157.3183127371591,487.6113517358528,-14.633579389802911
20.173194643373716,148.47005611390475,526.0830266901713,-13.253457899657668
15.021592420895919,154.23247249154733,512.0613179838086,-12.810782466530362
11.175723330967221,159.2287882117158,416.7658017521005,-26.544406774598652
12.610659731880155,157.54103760098192,443.06012948532157,-24.257697692291032
10.997318583859512,159.42639844808744,399.8130672180259,-28.141507567682396
10.628685683121283,159.60151945486584,398.8742596377231,-25.220509936744705
12.459290233591894,157.5125317474141,444.94579665000964,-18.924667679760557
12.835472639276606,156.99682302967258,417.20031170546764,-22.644483345164065
9.479133207314302,161.16383629584175,392.19877905340576,-25.346327300098544
11.846877764497966,158.29491040925822,491.518275264616,-16.01141434365254
15.641625102342406,153.4313824909018,414.9355260609789,-22.764523055583947
12.64022476447344,157.508139688484,464.25417763085045,-21.55926482119463
10.46979345170605,160.12368482776446,436.93323646298063,-25.549000388452292
14.005900141908343,155.91118810874144,495.94547060842757,-18.770758938810154
11.531186704983995,158.4015468953943,444.8332626674034,-14.922103846678857
16.14527941062109,153.32204387628502,495.7383175821247,-19.65685655136443
14.345439630247638,155.0483353566676,482.82145742125255,-14.968372706985045
11.49369534012344,158.70636424661683,388.97494913744436,-28.96858810440986
13.408147888238,156.49936581473136,493.53857533874066,-16.24348835023715
14.268611096976585,155.21943857073012,489.3455548930704,-12.401895743581367
20.807457731234408,147.78783814416985,543.171028255678,-12.841712397062135
15.035937265431556,154.23195719212023,427.2510645893326,-17.26520121374592
14.155224675966412,155.65984319856415,471.16119551472093,-22.355498366803914
14.878317709850101,154.60391027875713,498.2393231586959,-11.135071771016642
14.312222416280246,155.33671565764385,474.053142571535,-14.777870820871648
12.979497725157508,156.54408990220796,449.26051443542264,-18.26144152931129
9.70480245677954,160.9150701268173,395.5223128405017,-24.29612981729901
13.231017176955254,156.94284049019464,449.2090101044892,-29.359626177845353
14.999840363805838,154.2795307650102,403.8694621448559,-24.219963840835828
14.217612156301724,155.32350900187527,479.7649895236879,-12.007025761223247
16.06423831959477,153.52090446094275,500.1011663721024,-21.18407347655183
12.934754518131784,156.9579038174378,404.572742687332,-25.017135717726223
11.226401213629657,159.16201659642795,421.67883347314825,-26.612251408314506
12.368880996323625,157.31385491257052,409.1343439577701,-17.007315909968312
12.219946827876484,157.55068973267709,474.9044715843026,-11.818537890722615
13.489850652076498,156.58009468649794,454.7779977619447,-25.665952003033425
19.795771981976273,149.00122049970474,548.3410516782001,-12.250260281448512
16.37587017515704,152.71769606649738,454.22256077018034,-15.800002623873757
11.217946151748874,159.06432600526435,469.67766867619105,-18.750921486490594
11.975051335719883,157.46517201268534,436.3306951322066,-14.77073852466274
17.1086865997643,152.2752743333499,515.8251817055418,-15.510570305507834
12.8067723762026,157.30380744415453,417.3626754453774,-27.185912443307704
12.273124176743975,157.2603072378033,430.9822315890699,-17.617738328036197
10.906150400045489,159.30907489776857,379.6444673134748,-23.905079593903242
10.379098891676767,160.16149823801575,419.0494503348792,-23.624016984996608
14.80513780978416,154.78758702577792,457.0470030835472,-22.20578897643851
11.060789121302605,159.42104067208808,418.8804831675925,-27.53687248256581
12.6178290424635,157.2581197526343,388.6771774988943,-28.108551473602226
13.28355901359126,156.63117724033467,551.8567558351602,-14.490599184513915
11.897497032117837,158.52685941806334,474.0536212624387,-25.274305483965176
14.237793840289855,154.62290767448638,422.41484246232915,-10.612649193473032
10.730664786668221,159.04804289142496,429.41506368270245,-16.049333794282145
21.265312268402436,147.2129835843936,526.3958540654409,-12.522633415740652
11.787677578385644,158.47731986420732,418.5818960594567,-25.882810404607756
15.435779992686456,153.9547822976245,465.2949874677183,-19.911709022827228
13.503864926295766,155.88441647879634,488.74112033058265,-13.78740863690011
19.272974826094114,149.7514906885434,503.04101787720384,-13.89380807720963
10.797734897826068,159.74977834482692,435.25789093003215,-25.66809505065388
10.666169400583437,160.05678543465393,435.5258346856613,-31.291389475791153
10.639505592513961,159.61388476147914,375.6007468579362,-24.042458101525046
13.813287713140161,156.02761166410502,455.9289515345437,-19.60594524408994
12.609950726290242,157.47838376333135,502.842460134619,-14.800599765326181
13.004739351734832,157.1356659232931,463.7144766687608,-23.67178661045498
16.222675920797215,152.6284406960994,458.5705237172733,-15.87895282015243
13.782847625092352,155.59514139607728,449.9500250605505,-18.757274788977316
13.18893217482475,156.86602824682646,480.7483568626649,-19.74245285724367
13.801378543946129,155.957736255288,498.87881513337237,-14.56944515031004
11.724366383696958,158.6880796367719,440.2054030915524,-28.458260637544317
10.850875108393835,159.20151495218272,445.3363982483383,-16.837942719940262
14.808855123699598,154.8683771921675,507.6154499734769,-15.839739165896239
11.308346309959408,159.15094088610905,469.915768807117,-21.128695353898845
10.224305391548553,160.51672124352993,434.60504751842825,-27.70563910752664
11.28135371199521,159.3014706558053,441.1480282468424,-29.986313244817485
15.923303420833717,153.18520608476152,432.10313515438276,-16.420952476860684
13.729209188920372,156.29007816983656,454.5273680498596,-24.623746531579986
14.821411454525691,154.34312456249307,478.07464054319667,-14.643815391632902
14.876536712379668,154.91331103933743,516.127041159113,-18.500299644856188
10.537479960563347,159.37855119928983,437.978356171388,-18.24413088017758
9.729491841956994,160.6209550516118,394.31771097138653,-20.91573346204329
13.666847124926717,156.29559997697967,528.3250957275471,-15.477607472605568
14.898952142813142,154.27352517875966,507.282293106392,-12.462775038749218
12.012002978129775,158.3467277351974,512.4016459828712,-18.118083318603595
12.682627925611245,157.2800496183461,466.36422296045566,-15.686098336677574
18.37813726286132,150.79156867955695,495.7212049558061,-19.554725443189565
13.646837315674214,156.0078650929939,452.4403407078295,-19.802352417766308
13.293111726612567,156.28944842006388,400.8765444065439,-23.079500079986374
14.33972347271013,155.29519799608676,479.32279637020804,-15.1046039729279
18.074461209643253,151.17413467470953,492.52697022255745,-16.450316955690678
16.632203019107795,152.74502688413344,466.6732800750862,-21.927913916585165
12.63369931582691,156.9074933155564,459.24035971524046,-13.991785717011851
13.901942424543174,155.6960927799229,484.36480873913104,-12.445231371984194
10.455233321541884,160.08230790480988,407.9050031366367,-27.59418096956955
10.817938184336402,159.3364353205734,372.9027302059957,-24.504424839365736
12.825322228323241,157.2656712660628,478.07037540056143,-17.2514221533154
18.269655388863598,150.71519368519608,484.1369413641469,-13.678177018253837
10.97095065323312,158.75935224218125,431.9573060241045,-13.994536850207174
13.917025542439852,155.95459141908395,509.45516312530515,-12.384902482863387
15.023062850742756,154.70953179285925,468.9886593630424,-23.967397531069416
9.662368765548022,161.00090767534363,391.76530298209616,-24.794791671465084
14.20933285783973,155.17690251885358,473.57360230690915,-14.023044198978573
17.759579912856907,151.33653072394173,554.1869287165456,-13.296409397674296
10.391040493705582,160.34187486304964,433.61858021698094,-28.486606934187208
14.021952291453708,155.34846583045496,463.58099528748033,-16.119176862944013
14.642520160777948,154.88403351314707,522.1903475268467,-12.83162982055792
11.311304481643193,159.05270521971622,448.2367562113258,-24.678885425694688
19.018568560253936,149.5998150684719,483.8718220825444,-13.071165517762848
13.419144530234922,156.44763660606446,476.06328634959385,-18.353006115946755
11.634196059031012,158.62437384395793,421.56150151582995,-26.891869881002286
12.676613119335103,157.68261352166616,466.9450224955178,-28.247362350096594
11.639476470997652,158.67041942904063,451.937553430591,-20.115668535164495
13.316506922624344,155.97628535656065,490.872073844611,-13.622360218999047
11.585490415712167,158.88855670859448,484.1966775242515,-21.806289780774375
16.7203767622621,152.26234107868498,474.85187888787084,-16.126562625211605
12.751998067241637,156.68103877851624,401.6999231763824,-17.5680083117249
14.456826869345983,155.3292195935087,513.6312501942351,-16.92678231290311
14.774427087218903,155.1196246609598,524.6127392681043,-19.798252880382112
14.222794922363807,154.99001824934314,469.4168026146728,-14.105601917493418
12.032994209865835,157.427370051942,419.6979648876078,-14.722316606190848
17.867818760703564,151.35851734491501,514.7133746219965,-11.65651234214777
13.939133541526258,156.16893068972442,453.3751680278117,-29.51174198703552
14.760650151729168,154.27960276029893,445.9851222896338,-11.802140911087063
15.54462410981858,154.11472039240482,479.26283333066186,-18.660531859518226
16.932875237275944,152.53339888296486,478.6334560691253,-21.59414354796977
15.894184643613729,153.08440649534106,471.79657666784414,-14.657070321601179
14.25481688969604,155.7562258923785,527.7694647944625,-20.301391254742427
11.886630688429488,158.27064060573798,451.4771591444894,-21.169481388637212
10.591737384959782,160.02081875247484,407.6778454087779,-29.013253239428924
13.749329987000447,156.31274483221503,504.6055139270438,-21.903336035655997
18.63436079610034,150.57636005214803,491.8364468529975,-18.313547032079043
11.441201314067015,158.82014326292668,423.72842141490486,-20.820168170530962
15.90294672639064,153.69994869652828,505.6835502823473,-17.877440180553357
12.547314357549286,157.12690857296187,503.20401604979173,-12.992117963408383
14.460575047410824,155.45151237591944,430.3140394919789,-28.449640753175043
12.559434906794399,157.704535623277,487.16711010306176,-20.98177881877963
13.943771885189054,155.50704032299353,375.3311305993446,-22.19252130842398
16.96082329928944,152.18603927083262,528.4173542988276,-13.367948857832728
14.310213855696125,155.17278667264122,488.8352923193402,-11.566578685823856
11.54227930952216,159.0379528390634,485.6906202624271,-25.174458955112286
10.993567329982191,159.11595355222425,378.2208294208595,-21.433179123574693
16.05404530686995,153.2594012389053,424.48537048555613,-20.09707496211414
13.48360614234638,156.5395771007213,514.1467250234573,-15.98187965992292
12.490653326614368,157.38375482088975,481.83577910517135,-11.366195688874145
11.765390691449259,158.4070355331561,430.75064548888264,-21.24192011907364
17.466628481018606,151.74012746771274,545.9467175645007,-12.819038089307185
12.116364683520601,158.2824703035738,458.21477736512793,-25.916784517263
10.15914021008301,160.53748367378262,430.17949265140237,-25.148339835113504
11.267566300237105,158.59916971323238,457.209575673626,-14.148838629870513
11.883066968517696,158.19049420645928,474.1743435258632,-17.523856366925497
14.790043469320533,154.95847408613804,517.2258089042651,-17.073717033670448
13.760472223218942,156.22062146128877,425.1579832752441,-26.53054076630406
11.878403643828763,158.14505348883645,446.41508596002376,-18.499492419391984
14.525084023990589,154.93459148754076,465.75706994959734,-14.538684522362368
11.82485034853497,158.43719777185277,437.4196930290106,-23.505440709931843
11.780452736018159,158.28435725179236,418.87270680335456,-19.331551215861538
21.122670406554022,147.5829046499592,529.6005765307871,-13.455249798621011
13.147150381992999,156.8793705384875,441.0062943206413,-21.219759085549907
14.037932497534783,155.7753037327723,393.4373342305069,-25.426732341941268
12.775245349434668,156.3973446858394,453.70584634721655,-11.50326111176572
11.917566667450089,158.21321170644555,449.2603412801774,-20.223527287811134
16.45235720455793,152.95905304446052,451.6453663625388,-18.182219445874207
19.28366140737756,149.61174066619415,503.6681255422367,-12.082562856357873
13.257120254048631,156.78464731031443,441.69385001716006,-25.52848862149601
11.565687283184289,158.84503630691958,406.40687852582266,-29.367687683270628
10.618094251453266,159.78900129168218,412.96590370228614,-25.465352355549165
15.668255594151972,153.9923061147599,497.1109177745429,-16.1411089234256
12.143910059373031,157.95919227763207,402.423230370704,-24.19748515632242
15.127623126509016,154.61374791139212,479.1790601411463,-21.11096020333512
12.54755090633681,157.6435453711569,443.55398482079465,-23.639070428968317
10.517884052513736,160.07359483933735,404.0173423784658,-26.668934554904112
12.756923866839879,157.5264342168536,492.6140093744894,-21.960880285460938
11.92081612765519,158.43901223154182,501.5279536069209,-20.590809954443735
12.316109050075683,157.9650513060454,523.37948018038,-14.923396141910475
12.033279705527857,158.271959152224,509.63339028606157,-14.359898118997227
14.325869223887464,155.1399340286869,470.78914963433334,-16.95223341933234
14.894221902685961,154.55769600254476,441.28590175258483,-17.387139206399894
11.556938260926255,158.59091674135476,406.42014399349074,-21.26513901987134
15.230154431157786,154.2107335875936,486.7748654652646,-16.851669961929378
16.40952167883431,152.41024535391114,441.29856342994236,-14.823028758045687
11.096209333322767,158.9111114567817,445.94537936500075,-13.43802449254489
19.91936880486562,148.9821274750817,498.7603363630617,-19.112320634384645
10.102382196667222,160.1885024735454,375.5378281868332,-22.253438856160898
12.266467485017232,157.85188759944083,454.970935339997,-19.134408211537608
14.09425782421995,155.7744543049749,454.0102427187609,-21.036464206459932
12.843278523054092,157.31480527314892,406.7265958231199,-28.589880778824384
10.804836140843456,159.7775247725871,458.1767367104332,-21.39379591590675
10.465810291652113,159.89591334339585,404.426374730314,-20.5095335895294
15.199575211640674,154.19861671526638,474.8729993951885,-13.262212279302283
9.621150210594404,161.21271540648357,399.7568756517053,-28.118459223989884
14.181647608089774,155.56929526252654,505.57218286208297,-17.127252393257283
16.966000922995065,152.64086165949664,451.15603162241814,-28.492797911767337
17.523849669866742,151.49440265118267,491.7448501743968,-13.922976398551986
13.166407840099128,156.90316426551252,491.55600104293416,-15.729162298094373
14.972765588709365,154.6452921249684,491.01637933174294,-18.065983069286943
11.045721136472991,159.68055847843561,472.3829317030328,-27.51698912149245
13.581447896490985,155.93847128478984,502.7556537427682,-12.87135531079205
9.022961079039668,161.75312225971751,366.2812038502448,-29.166159890692665
13.067624798146928,156.65534193846648,386.5432784464996,-26.539400904985175
15.457959542317836,154.2878485409288,481.05378774247805,-21.634862769372333
14.933917727521923,154.60033983394348,458.75007166215516,-14.872708181229935
11.519930435322129,158.19262796361642,433.695371090061,-15.103114825057675
17.127169993166426,152.0350642314797,501.6991761299148,-15.963451507809006
14.856494001825892,153.98475740922075,441.1191693024495,-13.223888094144169
14.997433894183777,154.78452498123832,504.13220182850773,-20.544928094211826
9.920330642649995,160.447742410594,396.47824037361613,-21.482551214041237
14.152902814694464,155.763096110958,489.8585316277524,-21.771215102525485
13.430185369396614,156.52925546513367,407.0447092488129,-26.22230387340745
11.258279867057064,158.37621929840935,446.1183511205345,-11.796129391612231
11.232554535451008,159.5048889582782,483.0249601893963,-27.87673483659509
14.92239552403527,154.5276934149865,482.57147330461004,-12.695590913290864
12.520180063435658,156.8856363860744,472.1176402049294,-12.71243307980732
10.452556377140834,159.9275849653589,369.0025470865173,-28.32745185029184
11.306848610184591,158.97851949023953,387.88790052004606,-23.648599535874514
15.508247092521527,153.8397355739671,457.91462703292274,-13.87400915379824
14.710860534054474,154.45634361642382,488.47805581622583,-13.684567083768572
16.149048010098007,153.48133502876934,541.2600117562823,-17.164781648674897
10.462138620664515,159.7228367476355,413.6906866631588,-17.019428821143308
12.813692398418944,156.49866237048113,433.3102238679598,-12.732100783808063
13.977480349660421,155.92741852444536,531.1480497112312,-14.423012726020197
13.932819362070504,155.88346944526648,433.1965874108227,-23.826555996510944
13.519589058503845,156.08383079942155,472.08881922610607,-12.326438846302104
11.954506833466695,158.17304571369652,416.646788004665,-21.95571789334172
12.461474526265265,157.0387676829124,435.79587149736693,-17.86647029335839
11.870960938195772,158.0906773312493,398.15726702197344,-25.089223379365322
14.046715382789397,155.73707685932322,404.5825251250371,-25.78102425893384
11.149797075190358,158.69983208739197,419.54837254713004,-13.77030752380322
16.68548459349582,152.54168989075973,502.72113468961265,-14.133136960503705
12.630872509964936,157.36093388694795,488.83935788412566,-15.151292983209448
12.554159549391828,157.26853721895318,471.84694699820574,-14.43376660663536
10.825631685741765,159.5268042170774,397.76641260222596,-22.571883774105505
14.304733028956186,154.63466525286722,442.6130492282382,-11.249339825259595
13.161112986380854,156.71103730553298,395.6398832229875,-26.044435678076603
11.195392880297458,159.03220049432264,430.0964559163619,-22.75366265622092
11.237009293738907,159.11249509011327,427.01121505094466,-20.493900153060284
11.369306893330345,159.06042320245453,473.7814144964485,-18.077630930428317
15.816984215722318,153.8087214928085,448.1459223226762,-21.0104851139719
15.257080268455102,154.1008522307438,509.7516404669856,-13.014803013281979
11.53054514408412,158.72276798729604,471.31784097351783,-17.182137572824214
12.641399507803024,157.2629764723447,400.2464934234566,-25.654421693165485
10.343715701413977,160.32723335588494,399.85492399101054,-27.780571960834205
11.213862367151886,159.12701729449876,469.76186498150173,-19.52778776960024
13.08042052385937,157.0327845349834,418.5591473480214,-27.011455302624412
11.369067697894804,159.07396419093521,426.5801396980677,-25.81686047939746
12.882890239543254,157.11270159557174,482.1600757408788,-16.787973672523933
10.796587051418086,159.52264610464516,388.12093303879277,-21.900893764048558
10.748629079885177,159.6101399622471,435.2804033350886,-17.588167633781016
11.547765201208732,158.94917636785763,462.4812081661803,-25.306082508637317
13.12523013865217,156.8440799654506,417.46068840643994,-22.736248220414954
13.829149938254464,155.4321411280201,460.73254673475185,-13.20019773413602
14.326016678109914,155.4277467924336,459.87662576435156,-16.551842159542034
10.882790839296534,159.0778438942064,434.4638001325999,-19.220610510461427
13.057725212401841,156.59445469502475,458.5108907230507,-12.960811174021298
15.253891738719078,154.5122337028087,487.99277642780896,-18.172414083482767
9.835029782522179,160.9888964350856,400.5552942345213,-28.79158796728826
14.471546934461275,155.51300841861735,443.38783183027414,-27.238201438627456
14.082333410548038,155.7425527323973,530.096608712231,-13.126016902817936
11.773007425202344,158.49646005027236,483.6167070143599,-16.263751641500544
14.048211100642115,155.92090506759078,441.7808120441097,-25.687381708826102
11.044632069328133,159.21166902943443,373.3273866104424,-24.964642325338083
13.39834116356359,156.5715612367008,495.00525939244045,-17.40110023884448
11.546216022400655,158.4631496407362,380.9164584235707,-23.134112406665153
10.824714376055649,159.50142690163963,391.4499650720781,-22.934526909348975
14.263755949853893,155.71277870101122,549.7485043950812,-15.527440076929016
13.717171006102635,155.78508052452128,420.00206105307257,-18.979896001046566
11.819667654547347,157.9490667006347,389.28441302120325,-19.18408506442285
12.120642339700288,158.2816458699338,494.8471894045297,-19.606856189445782
16.596494445512054,153.01458321339493,466.27949434296846,-24.506207731710607
8.9486672201236,161.78533666723968,368.28604185347456,-22.723249852313646
10.37023790315155,160.07096177673765,428.93633769745315,-22.219225600983485
17.818147792199323,151.2159027727297,480.9944385511665,-12.023535097339881
15.211661954100594,154.3896378027243,470.02308375684726,-17.84751277663603
19.240505034810433,149.8139437941137,509.7575245416732,-16.646246187775443
14.483984948903661,155.37111291269093,407.97423439297955,-26.451283464796628
10.814256255553666,159.33419869399464,451.33402469157613,-15.587699466420023
14.105861829031253,155.6571557603694,455.60295404607245,-16.998863740867883
15.821912864807379,153.42196579334484,488.80167326059376,-11.72609435546935
16.057045043740132,153.51865755532558,489.4078188998772,-17.860713452875796
10.885170140429796,159.36573002348428,388.4273109922398,-23.231898442962216
11.793120775637895,158.63651911098577,470.5519667958329,-21.120501495143042
14.63266312320312,154.57896030239453,511.0915001386671,-13.025743371737827
13.49953624581276,156.53754926686742,474.8711155793824,-17.14096330540072
18.735512735182702,150.23031916864622,536.8364750273229,-12.712401163021026
13.969126839798095,155.29499606251167,497.3954301215528,-12.832313114180675
10.489361456166355,160.14308189511524,409.7034740850226,-28.670199153847715
10.487340326717414,160.23232614885242,427.23380142246737,-27.301658663827393
11.440478618229005,158.94417373435002,401.2325483817891,-28.819017782304464
11.771340560293355,158.59974346872835,408.4093876138107,-28.744764350429197
12.13938829245382,158.21997256315905,432.34536132806437,-25.84807433516742
16.683731279308386,152.68821712780831,459.27071839707025,-22.65405230203238
9.79263290775876,160.90062270012194,397.7014483565013,-25.26120178917351
12.07740188065614,157.72648285628685,436.49080678717144,-18.81726410469363
19.06114192769513,150.16359991003316,524.9773036701371,-18.588855294360695
10.29487221980522,160.45203700628684,413.4503186639712,-28.8262338254503
9.550675379097369,161.23640861256155,394.4824028233869,-25.315246984428118
13.621678460113433,156.1816393074934,417.14302382310126,-23.391594295861278
10.267151973769318,160.38428081482235,398.5841170046259,-25.520250610534827
13.143967774386422,157.02784960555556,557.2367354672893,-13.882704972069613
14.728166911910451,155.19853461435864,537.4580012478651,-17.45772591583874
12.80495576545174,157.35617508428743,524.2228126382907,-17.390728560513555
14.88693468662725,154.61338291694474,453.61334070523947,-17.400739707258893
17.580622496084146,151.76115489104558,483.650131881269,-20.16552479936259
15.372935115621303,154.14305098153312,470.0776689612236,-13.713089215475883
14.647887531927704,155.1747361007057,419.76529184841166,-28.454754933605088
13.802097136820183,156.00091322017798,514.4731326097829,-15.151641429675662
11.468938563781565,159.01102105394895,451.18206253681154,-22.104398206506634
14.321995541086727,155.59858985278055,498.41687357422046,-16.976112282618605
8.611664824492562,162.33444610299577,351.34488069481216,-27.014671728072265
11.219009224926051,159.26519740745022,464.5054729589909,-22.309373445681643
13.006923885498322,157.08993738481468,511.21993433864054,-17.377645931772285
10.419162192735943,159.94038993952782,417.7098014008084,-22.51746930238274
12.490458928445499,157.63419949213187,493.37633673264264,-18.239202034921988
13.393748315904835,156.751060590053,484.86806498730635,-22.973991069964445
10.791927327644949,159.5283232750183,371.81050629559365,-26.743523964046226
10.167796097666114,160.6078103395418,420.9614333655009,-28.177418674096266
16.386654945784546,152.9988027304296,477.01515734593784,-19.896459105456216
16.315298215026747,152.19842915419994,449.708507381421,-13.023508927260918
19.28122090628966,149.72405094897942,532.3296851585085,-14.43703496082853
14.439695285286936,155.44864329978986,491.0968475138694,-17.257225968089198
12.232934126295541,157.62578011965212,484.6205263080115,-14.091119791339782
13.176173744190478,156.7334247119366,392.12471822100434,-26.456848412581557
13.644474978404457,156.29780449743635,449.88596781910434,-19.05838653279184
12.843421870129493,157.30628885690345,438.915371696393,-23.80462578636213
11.98389421566834,157.8446448460226,430.02762685631603,-14.856029889951204
11.794099051804558,158.45499028961802,386.4792555263299,-25.18376659533141
10.824590020096823,159.78155874728864,467.1533505069086,-19.534880376080086
16.402135865957135,153.01838683385424,493.395643662089,-11.837927603473455
12.654564286188918,156.728951847128,432.67028370671443,-16.800469361944533
12.712682958126429,157.199637061199,403.45263102572284,-20.341790163074457
12.447920734512016,157.8265852919924,416.15501142372955,-27.609084156361412
14.323989705907687,155.10037882633486,480.4042734903473,-12.463725347579036
12.680924162102723,157.26395589039706,448.2226292664114,-16.437894204954315
14.57288199406178,155.4111272201997,477.6761083477424,-23.622273114974497
14.076960987886503,155.84591189022225,445.3277853925339,-23.656608543112092
13.000346737548844,156.95844073423794,392.06559948752096,-23.81634352398992
13.714409280593351,156.33166555351488,436.6341856656698,-24.205008510608128
12.779736332936146,157.44960953597496,455.03291946527787,-22.892993467657174
10.893431041105321,158.9225858105706,431.59899247018,-14.624122995352113
14.568884072191922,155.18267791670198,503.42115407333625,-13.841517401388186
13.940978097026175,155.9136564416366,441.0242506899736,-21.27952509153069
11.459202811873432,159.08733576343624,474.5630488630508,-21.75420657960862
11.767296190912017,158.5858157060192,446.2343187099378,-19.63460806892585
12.576813145939722,157.02536908377783,407.45420464734815,-21.489933597374616
14.216153825613796,155.72537453123482,479.09561599670013,-19.837477347334357
13.004635182647432,156.84443957859241,508.10052585775566,-13.616064610413929
15.331357236626511,154.44474637234666,413.3153091580508,-27.617047716880702
13.941095095497419,155.88563469382927,517.6030421468014,-15.301572226807547
10.462928940554256,159.65789303865662,387.52855531511517,-17.595734574261357
18.507127812135266,150.32948044697474,472.5173842987181,-15.758352639578527
11.578494938117757,158.52990633076197,466.5600493532486,-18.138453527071704
15.118570440586684,154.72713135288367,487.80607248524444,-21.87822767124037
14.242859432974813,155.07587506076487,483.86889951291835,-14.197226051834479
13.192523218165148,156.98692428858925,465.16440083179253,-21.667540212634712
14.610010624127833,154.94460769091074,391.8826316136742,-25.643938012761918
10.914029066605929,159.69719323745747,460.2137257153216,-21.981451732120206
11.968449989547313,157.89387683481638,400.3444748633229,-17.585985869878392
12.077248763558156,157.90713824464262,505.510788985628,-13.33236487528715
16.163627530564696,153.3338376631793,457.0958946324676,-17.255478775259906
13.578139830374443,156.6290308342987,449.84202953943884,-27.673981439794822
13.197254811562352,156.81598407267475,411.4487344999148,-26.187929753387017
11.459731192704524,159.01466584169654,483.1771944411822,-21.30986356802274
12.21923041001399,157.9427891189442,427.2812317661942,-22.110726565875584
13.093478035148712,157.1205936949861,539.415811436028,-15.389209690827496
12.613823565876555,157.17253440496745,497.0898427211482,-13.985421872427935
12.026163118897454,157.49110972756176,461.5682595928306,-12.940702858915618
11.208567223374367,159.31141361691948,455.6762061512995,-20.128041584951117
14.472303067656494,155.10802444862625,495.3036550886488,-14.835575565726927
16.794247719504177,152.65611532064048,474.2785534312241,-16.837811218264406
11.65744334525755,158.3905805069305,389.78894701520045,-22.381478470425527
15.150521916419828,154.28195101358932,409.84503017996394,-22.988942355668467
12.81389486561864,157.4312795503229,455.49322008383234,-22.12286205603016
13.627267195492198,155.88062627994668,455.5130386522578,-16.608532998329313
18.340217511653464,150.51062780680587,515.0018827758767,-13.242289739735686
14.12550141932393,154.99759207322123,435.0837518710572,-10.503063913764262
12.640117445381987,157.1585809300257,404.0257246663111,-22.504370270231316
16.377998446879936,152.4930756558366,476.6417034128955,-13.611550650304501
15.03997008402397,154.60636915153293,410.58838802511895,-21.971664715952134
15.42706412181401,154.40158757114736,464.44996887919797,-24.679176552811644
17.079009176246664,152.10633447252852,465.62945514510517,-15.47667499197189
10.02888316646548,160.3137914175619,418.22691954535475,-16.76478430332327
20.115645777108337,148.90971017179612,552.5820617473539,-14.438977243413449
11.757051427130051,158.67580251202367,443.40275297615665,-23.265862091696764
17.393201785505248,151.6592750202366,482.55542065026816,-12.868125331317382
11.635217020501823,158.90905787020162,449.77145927167845,-26.638821403685427
18.971702427086118,149.99965257502035,494.1752205996464,-11.594200302295185
13.799038628339346,155.78956810618317,452.2075226575963,-15.522658659950332
12.90451132071874,157.07182783191945,413.70145016699934,-20.79356485409273
9.99649308129237,160.7028197718585,417.2911132828883,-21.686240324089837
12.646087802293808,157.07798580992855,414.43173899760177,-19.60625244354067
17.884644959693727,151.4699023124957,549.4383916063971,-13.223818922979289
12.212915607011947,158.23643497298377,471.94814184240096,-23.642893701971463
13.40433208768454,156.20154699330757,401.3483616230885,-22.322744667525022
14.046552789753317,156.13713882715354,456.49135414968083,-28.775911208233786
15.208263827636717,154.05638861570264,411.53153315710256,-18.066987429426963
19.88689303899738,149.11678102525602,511.88766642280245,-14.316161160840219
10.702066775562262,160.00596171821272,432.8821330122838,-26.02833638721777
12.689933112495083,157.59229299295612,501.7211581146181,-20.002968295288504
10.960523948423251,159.8057619228278,460.52096907246994,-27.045752867119834
12.754027161961274,156.94869617880278,470.52738386759995,-12.357193380554836
14.052456472477681,155.30668337594855,509.20101759233256,-13.233664440420402
12.263743302368841,158.21762270136526,432.26514037767504,-30.422024120548564
12.737753168733343,157.47582309977994,423.19956762813695,-26.226049279896877
11.723042735093749,158.28539645012833,401.68093001688396,-20.37539747661418
14.873935881121165,154.36559599558575,460.95697802168183,-12.699483945594906
13.270547985772552,156.9558633706206,470.7657199003298,-23.504013937408622
15.011821169437196,154.79407502735825,513.3771427499842,-18.564434468608088
9.599611972977675,161.05061886195506,363.31973334722284,-27.964649341792725
10.525748458379264,160.1266742982104,421.3268085099924,-23.64834240075122
12.730380326554556,156.8320623537125,435.2001132719339,-14.630252774591535
12.700568258827737,157.3633300546329,386.9535174641045,-24.05676053224417
16.2267853505021,153.3250333590129,542.4114640500377,-15.401527747501762
15.22909887790024,154.19363764890537,442.6983643041603,-16.268763779419846
14.634728199215607,155.17944181460032,402.94605159135267,-25.089069964198583
13.461443257835027,156.78862869286166,492.3855545701366,-22.226012329695436
13.438366595287583,156.71593836019827,439.28713972074627,-25.04653971072338
11.62629599926636,158.68599251121307,411.6061713780835,-24.19010312246598
12.435439622199588,157.73264158001362,529.6637666770181,-12.695690801811258
15.364482430067174,154.0511791245192,479.8675656890826,-15.208494961058049
18.460213191693228,150.12942667769508,468.2797379465598,-11.900229487313874
18.685824587606884,149.99018013075926,522.9471592790321,-12.53303956457865
14.28202249529015,154.74153280677916,440.45202930600567,-11.692087509161464
18.42596720829842,150.22962195047614,478.5311942188329,-14.214865166752604
15.868429583628329,153.0533674558248,485.1540006970618,-11.774460098783013
12.442928472625443,157.69853774208562,506.07706889221157,-12.449633707694785
18.18533432421074,150.89072509453663,526.4306409124101,-14.552031323642103
15.834734290140803,153.4976103623956,460.372141401294,-19.604207637948722
16.42166290235264,153.01605642418548,474.6380202903867,-18.675315984156274
11.166148084996175,159.2579869257359,468.77566239730345,-19.39613327593398
12.473175158541904,157.8127522883318,451.53322702473696,-22.591014448772544
13.426795625736093,156.3562914568083,471.40953543163164,-16.727079579377627
11.311683623247601,159.00777266656942,481.6411817431995,-13.283973912002256
14.379308261029928,154.84035826961872,437.46685549862246,-14.724500769447653
10.411905533380596,160.20375466220287,381.35117911054596,-29.185911683493952
11.639703081986102,158.5580275279948,370.8004285964888,-23.835694606935203
17.1418119895872,152.10504253365315,542.5852670235702,-12.501705076721851
11.802305714935828,158.25880521594902,388.3387782243732,-25.83478670230298
9.423594628269406,161.51982254815317,396.2445618511016,-27.96821204457647
8.822467956507856,162.02425285689773,348.360995297575,-26.116980903170152
16.16840469163771,152.9402026535221,496.43939413277025,-14.913770739459409
16.859362358552726,151.71331342888644,437.82065077063567,-16.363368024719048
11.10040964051814,158.94979486357258,450.9124926749341,-15.823840413075358
13.589337620830545,156.14525010886106,439.00315955388965,-16.574802781089655
11.558421496162735,158.97647555461936,486.44259540079366,-19.207352576059986
12.635645296661881,157.44016981084616,493.68458769638056,-13.490063914409285
9.800360747346929,161.05201769062168,387.405022104386,-29.05380600501039
15.863378380571897,153.28363780129834,424.96289806349074,-19.1606849454971
13.604956796727969,156.53165906868026,433.54213210315766,-25.671946353921424
12.47206802879288,157.73906532496758,446.63429603282685,-19.81086714453749
10.501098739507853,159.75180068305266,408.6537537366624,-22.013755511252903
13.393147040541805,156.0468266768893,476.6119621681604,-12.251856285307944
13.08596092592439,156.76648937391784,370.240611448604,-26.334689794073064
12.381681296787862,158.08344753291328,466.05547886486016,-25.251434678419038
15.026582592990188,154.66837470840545,452.15531634216876,-19.445249771531728
13.947724119169864,156.22471330785606,443.41451572534345,-28.918317693753806
12.574692069234867,157.6099895233249,525.6703229254406,-12.897845465701304
12.775338758209152,157.2755074787704,378.4170329259715,-25.477949229004146
14.85663817213451,154.42233770850984,453.0179852891692,-12.100347790232972
17.001957610108118,151.8671264423724,454.4705945888808,-11.172709514820395
11.896904124351359,158.51131098912958,425.2897540837031,-25.90450686267262
13.984239438845027,155.94453446646622,487.1395606558254,-17.557796037476542
16.425873686437555,153.33860708454074,477.14213440604107,-24.863365641827
11.16764315007995,159.26298650583115,405.9232212964142,-22.110456607626773
13.518566074624445,156.4717631021789,465.1701784199514,-22.303340497779022
15.674263672756954,153.7887187897355,500.13301144944677,-14.511148315214589
16.28678101097775,152.9910312057439,453.77018849852544,-18.31135734405012
11.443719757105313,158.53348703847433,469.39586511419685,-11.380405511275088
12.821570354806173,157.53297836473925,494.7151693256551,-20.88976516197566
12.061628319771964,158.34438638731135,409.6896451666865,-27.623105408837276
11.816477855409547,158.55436841693404,389.75068905805784,-26.69426182278204
14.793977548357336,154.2032390689511,439.4757753132908,-12.112141271342983
18.312141786333743,151.14373665387964,477.43020247145256,-23.938851614683
13.730020931744866,156.37737348641303,429.54750769575605,-26.089816614262205
14.984255285986919,154.68195975697466,498.51223138660714,-15.533358415017103
19.11890890016401,149.95836480956598,503.5163129392646,-15.251999666014507
15.575490632453054,154.21287879926786,459.28525320791175,-24.799623665746573
13.369051313258044,156.4887423202046,456.3566988211653,-15.846533441099915
13.406222155237467,156.01250860373952,437.8558242627838,-13.970097903496338
10.511556773626005,159.69869988780394,435.6174248383471,-18.979411080014067
17.475693027916297,151.86876098117338,472.61624175534496,-15.627013083909928
14.296078160721539,155.44703690206057,471.31747757304623,-16.016005811064094
11.909370503028292,158.29835018618408,482.52646363726654,-16.356999661709036
9.396998134593925,161.24164845471205,370.5035463407224,-23.340341987901102
13.8841405472578,156.06713758057776,411.4772290809075,-24.069727906467868
10.81979273890007,159.96818191081766,458.79425153528723,-25.877316993907396
10.458372543186943,159.76127222958237,391.63258241774224,-17.36847469994505
12.358937424171847,157.85072401652798,478.4184527460409,-20.864697810641538
13.245851747107467,156.76972409126788,512.0215831614232,-14.451322483973536
16.506186138815853,152.51172591277495,446.7602906291899,-14.09622188611083
16.211189230605136,153.25495156083196,476.81769486983836,-16.86462019085226
13.387824903569276,156.80196430664205,460.4396331101123,-21.79743720242572
11.55735240459042,158.76855842150886,385.5375861124691,-26.994853219603048
14.674727681982542,155.36295198540546,474.9670267523249,-24.579705252473083
13.476346769866941,156.105284303458,445.42088316627536,-14.118386335003235
14.231605510194296,155.27310991248922,493.7690636010485,-12.334253799536786
16.999067960659907,152.418060584334,494.9366458643221,-12.639154375795723
15.115127198467246,154.50814345065095,508.89518645182403,-13.921375959924752
13.650497310625864,156.28724050995422,547.8418902302233,-13.223636796522591
16.320516849257167,152.76994570603011,479.33350876298954,-11.39025015457174
11.293620283056773,159.30425611438918,428.141923683084,-26.15895708354108
8.62926323721466,162.32439826512473,345.72768095382094,-27.628349630891268
19.192352181531223,149.93172567825428,518.4799395693738,-16.451230269410264
13.674691180513795,156.08944505651215,396.5631798771064,-23.91503656306421
10.757418243442428,159.36545311892138,451.3635718189534,-12.76726144664105
11.359038255614935,158.43516490693952,429.50737078173444,-15.813409639405366
11.706326771073268,158.28228374864037,453.25395773284697,-12.296394635203388
10.872254651908365,159.6714773774792,422.1246767433121,-23.08315557145051
20.665891630283262,148.27388336828326,536.5889147222452,-12.572832912829524
14.952279667630346,154.52939544515908,412.3521074516588,-17.180515684289468
12.496891087283629,157.77398327856434,439.7794291196305,-24.73030535398507
11.01523022717977,158.83855239805533,447.4517481562522,-13.707163740280894
11.070855942150068,159.4559477258946,462.02268392612086,-21.696590579077768
13.552953752039205,156.55497856948992,451.7601282132889,-23.89736402900465
11.2704697914759,159.23474340791245,415.84216502721563,-26.97748509038714
17.17496635979271,152.35494956729553,507.3408232623561,-18.51551300135881
16.071649288829775,152.95806205243727,458.28578997558054,-11.033308061429691
14.852241401248738,154.8351909329894,502.5437451564457,-14.747195072202654
15.021974797970685,154.84297956195533,418.38510857223264,-26.608727007050437
11.5921039693058,158.71940406035662,373.70297316290294,-26.754449260956367
14.044629159274683,155.61452521005054,437.57655029333074,-19.707643301176777
11.314849459700586,159.0301380605576,467.2343360034585,-19.85787349547481
16.724549059491455,152.91381373383172,461.06687128215594,-21.614113257205137
17.701678358673767,151.6335934461211,534.6491909599565,-12.393781699470464
14.957267845900182,155.00671832779764,431.95489571842324,-28.03063876928907
13.718140623418677,155.57733670655182,483.11601757523835,-14.014866694991547
15.476951487070163,153.73959039266612,516.3779104172845,-12.82232043472927
15.663862138577606,153.19404044124565,437.76365353272666,-11.467874659521867
12.703290792665028,157.52668847143823,537.3537739782763,-13.778977238762572
13.028041761820543,157.23152755677893,465.09390399629694,-23.648296807814003
11.963324822625827,158.3704244731888,399.1573893977164,-24.777896671236203
12.90689459953121,157.40660096080552,477.4786233417725,-21.05602020834511
10.372727449471547,160.43087279394334,426.283390247101,-27.20662432287848
18.155321236769172,151.11412853332342,499.6393761278282,-15.746758298629974
10.170241676870512,160.65038305201043,428.68425751662363,-26.34453730269505
14.061990380754386,155.9545769998063,408.614792531031,-26.620320540901883
12.573594336479726,157.08980026035164,400.91271224655355,-19.00944705972922
12.624656026474415,157.62020712505586,441.3052458652624,-24.572741314501812
14.607680125056842,155.07461727663082,396.3743538346349,-21.574230722389327
14.105554589668385,155.1690242746107,420.369474134548,-17.26157688696026
13.786968723414393,155.94360695241724,395.57681300385565,-24.509733876996442
10.319033519762222,160.12572716288832,427.10002314898077,-16.124412908078163
11.17439638592726,159.10377500216848,443.99478750151417,-18.994272572899735
11.38265416208219,158.905253024039,480.34064552894324,-13.410305138904047
11.792223928727308,158.46355680057925,421.2584086399591,-20.802095263881988
11.905160879527273,158.63748247184495,453.80788911594055,-25.12437006927006
10.896685797621354,159.6404298590394,385.3848988557773,-28.674102195143213
13.04863596190149,156.45339893443838,414.23695251529966,-17.861967917761845
16.34988393329675,152.35710066821974,443.5929662848418,-12.461278304223107
15.93745581925323,153.7562600227776,467.6000553506594,-23.408915263786596
15.030592311312034,154.75539542841474,533.5578686390062,-15.76640516078836
14.497923875950779,155.48865579336928,447.9329210900068,-23.775806590971747
16.637986821951944,152.65367764992845,455.20158033915556,-15.82164686837417
11.235610056600757,159.06534382247247,365.6351881716392,-27.028916171985315
19.26045420288828,149.80529668015018,552.4800159672307,-13.118225579172645
16.223851015356423,153.24018272231538,463.65169439055177,-17.450048296584644
13.396008036460563,156.753959722245,528.5483970303102,-13.64892746104586
11.251243581395443,159.03186610062656,425.667465680591,-19.262509091958936
10.159937267713786,160.7260362430144,404.58617687011275,-30.031870328390976
12.034118822777119,158.28886424038924,443.04080893825403,-20.953681725577873
13.265855985312436,156.60282461372267,435.62560364341385,-21.269421571444838
20.269329814412274,148.52188303472926,522.9327396820173,-13.610825356907489
14.06862297884784,155.95502963607947,503.8089667137657,-17.892966448154542
11.535853072884937,159.0447800369574,427.34678975199853,-27.52789908636364
15.704702563458042,153.69324589073946,421.4886448274398,-22.851064077332783
10.516875380660016,160.2821808682704,414.77520136372823,-29.222915387483503
11.548429599896021,158.7239458616545,434.6793912544341,-22.35253653917644
14.96938971307062,154.78057709965753,520.8792032627184,-12.710483979387524
10.840240677154858,159.83737410152546,440.1799754903752,-25.567917395416835
9.780791426254776,160.71774492948362,396.5397221439507,-18.81567873508421
17.81068196819191,151.1510441577313,519.4870633929688,-13.587191951349588
10.020325359606455,160.90514196819396,426.61599434756084,-27.475254929906914
13.302598452797486,156.19767527901118,391.4422677592425,-15.684365382559575
17.6788616289989,151.56996425388692,462.67882448360695,-15.022393504051267
11.240368987977142,159.48897356105599,463.6341480646353,-25.59004704416921
13.906925505374213,155.3976501355002,493.3646822241756,-12.89556460696944
15.434409693360088,153.66603970512926,446.08985243610766,-16.186976318539852
10.787454335880936,159.90561120424132,410.5902493917382,-28.802605798337154
11.503644741710334,158.9093566989348,429.80213477076404,-20.78177361102049
11.027666141782456,158.876714842231,398.17799075610617,-14.260403819174368
10.41731930089337,160.35911000991408,417.2493694003858,-26.157299178630456
15.837258497445871,153.5125399358562,527.9053208713997,-13.316861526281972
11.847313771447187,158.72323420503426,431.7299789365333,-29.448535940056924
12.516566360947913,156.77120529917502,472.3934847110735,-12.673105186333197
13.756148070566319,156.268568728145,541.1809838741196,-13.679124195129292
10.433104811113752,159.95868259214302,424.95555928650754,-17.069949964787963
9.634526204301949,161.06570972343,360.66833039903287,-25.21676723682372
12.7587297470189,157.46401016293274,522.040708030227,-12.448770010793247
14.563282442110445,155.35396171622273,413.3745836148543,-25.554492590665543
13.164097877327988,156.09514883907468,460.34466091339044,-12.123537733567066
13.1975607016601,156.06170936953345,440.5758087020284,-13.534325849602373
11.265492674391904,159.51852442453205,448.6750886844401,-30.009131675761406
11.402078581195093,158.9833634975836,402.32888878079115,-22.224358895702572
14.950866143037116,154.22868860367694,466.8071154848556,-13.875300567237996
11.775951045270189,158.5484699273655,425.4537463742679,-20.8917521786509
10.49827498441546,159.92199994977912,369.1286236118496,-24.232891912815095
11.117682771561975,158.99332412492086,468.2583196922759,-13.690703923326643
14.038511163358988,156.0351525256111,429.46433768312295,-26.083918598081276
11.199527419543083,159.01879160552252,439.2818665406064,-14.863996466671258
14.187431327751506,155.934990049732,449.74201594587356,-27.151445973395067
11.558145864923114,158.23996867431808,398.1759325707576,-14.263004142047503
19.806956930907972,149.299597328155,518.9451861188705,-13.760588054249936
10.22256266025045,160.5500713231491,400.32650932844786,-28.763526912543693
11.338239784463848,159.40898723200016,448.46876364903585,-29.49963789490326
12.105780018454896,158.1141264781455,440.49452138835636,-23.25931748321186
11.735852109022472,158.3415047832953,494.46049383182407,-12.813103279723698
11.890893426411179,158.18920492663918,417.4550147996581,-22.702647663235187
13.589530028569559,156.17827037416663,493.7434368444265,-12.555901558637851
12.513517170786008,157.8287350964823,518.7997477793465,-13.867351325285378
12.636444001656283,156.8926133629295,479.59007671363787,-12.79440644924055
14.676531924638798,155.2006168604672,463.6539687374708,-21.164262646144287
14.150302619972084,155.99089107890325,517.7489504845852,-20.303288644882784
13.734420837268908,156.3415849279432,459.9607412853363,-21.037877419393023
10.651206749231244,159.8732279984296,407.38832271039155,-23.7190128945654
9.22051978884684,161.75337821488742,383.3096896943833,-27.707611874424416
13.59702133320179,156.49993862764933,477.6528700934437,-22.07095128912434
10.78586455031797,159.0615774529437,430.8108078039282,-13.865686077958847
12.502918391071628,157.41188340225543,419.83265304660637,-16.693916143750222
13.733763468725032,155.9698078335745,383.6509980028619,-25.18220106633663
13.601778798926947,156.57400260527058,525.6518033995076,-17.19543755539922
16.95908043059752,151.43800697009772,455.2354692686571,-11.314714731555759
12.053240070239202,158.357246743356,506.8296304454519,-18.85936745856861
12.71884150676066,157.6616753370013,487.6238490597881,-22.34710308296817
14.24477869951729,155.3704244079588,451.1479759663313,-13.79897800756812
11.57085852879837,158.84549745056555,397.6428912918007,-26.20735490498598
15.177697422233837,154.58365775448792,486.57532889283067,-19.488526274507848
13.840734786268614,155.6981981316796,445.1002335364147,-18.981875478152173
11.665344898164328,158.80277709641405,439.17238363347434,-25.754310988406775
14.5391652456006,155.08471278691817,411.14157927147994,-20.055922480905522
18.805215765768445,150.5927283078141,490.053771943315,-22.789430790292265
14.080802565557759,156.0630383151571,525.4278592439362,-18.1315915320414
14.812124440125876,154.62252003837457,400.05851423131185,-22.713884941895262
9.67913522733383,160.77235345220032,393.70856831834567,-20.950228608504837
14.346273679303371,155.58084776337606,515.9907013484014,-16.99795161629592
15.455225849809755,154.0460594767983,456.63475888602306,-13.627246925960035
11.618773963866113,158.35771226858472,417.1065947601139,-20.608977711102582
13.704668173890628,156.1634446456658,435.9498218804539,-17.067315069309114
11.469043603823701,159.0708205669176,489.8522558890796,-16.82111466310825
10.361136389124225,160.33132384208915,433.6097639857711,-22.993172444752137
16.277948414123376,152.59675849895388,441.50739858132533,-13.80275132349576
14.831661319420915,155.26719846514914,487.63080568015084,-24.59612572608896
10.984185618298826,159.5052997459272,427.613742603606,-20.799047989483043
13.09308667911309,157.20914720891412,500.16206944312415,-21.625378440581663
12.213496204704555,158.05696653159686,415.7705258190636,-25.20025315794186
18.376240560768327,150.9087335959544,507.13104837882486,-11.908326795291636
13.521704005932406,156.41574305110862,519.9706531644805,-15.46994343857772
10.078555862219911,160.9167465055454,433.5398942039582,-30.930577148905737
11.337130467636973,159.2563853409849,410.24516769811027,-28.20421631629009
12.407094539168003,157.88323482958577,428.39454416493476,-21.21507132990283
11.792267949795153,158.5097089344671,421.07054458674384,-19.29166944891772
15.892522120424122,153.9997567810068,442.5152850503093,-29.563551156175482
11.227022849926305,159.46581647443455,418.9035565548402,-29.070446778964328
11.766628383062098,158.6618771815497,424.9644067366301,-23.82690125312117
12.451625358242174,158.01939429919577,431.0352181224963,-29.662160959635653
10.406489288105343,159.73623893733452,400.3496049766239,-15.472627877236949
10.30920601716273,159.91463875184752,406.52944718723876,-19.863140759660823
12.687381324077169,157.319913757448,499.94160959746904,-16.68565721966801
12.23390402472149,158.12250186202994,403.0997356293604,-26.11604787809881
15.23851555633954,153.76967674615878,454.2059801989405,-15.153448109258779
10.56745850013572,160.21877264894582,451.5189881535933,-22.776048831947143
11.123906660564087,159.35764919410894,464.82253302492774,-18.045315465797135
12.378027923182929,158.0875070425235,442.8442862762974,-26.148375067104876
10.443301927984423,159.8850269238609,391.19726571641525,-19.98129601977019
12.700317514592593,157.81503601046236,453.28514538661494,-29.621249894728994
12.184147633528987,157.77917632698032,476.3329412488391,-14.501445369969886
13.055729674998858,156.8175844826892,483.8181486804791,-12.395991077915056
14.748015419203028,154.9082058210368,399.7519968795993,-21.294740916876357
13.780489245965727,156.2408734164257,497.90056588100634,-16.14701440679838
14.098257603885694,155.6726807671694,469.4190448553157,-13.926907333319729
13.069458743558293,156.72837610282497,397.26238282820276,-23.212138202142615
11.449768978254548,159.00268258115406,431.9904811022095,-25.188870083010393
12.184754083689368,158.27731177883655,475.61847770830485,-22.680740670732245
14.138964958297816,156.05470286050752,446.7173326409948,-28.694490388327523
15.597135091961457,153.39349494188582,447.1025023241978,-14.593585867424517
12.05481908650871,158.16299939482053,392.0576855957604,-23.342857788154852
14.204131345430694,155.73192773089883,435.56741277956166,-25.339999285052144
15.33335357099386,154.43825183181593,511.83017608946216,-12.808066821453306
11.086801489510727,159.33785924013108,437.45465800374575,-18.456088996733993
12.487259005466901,157.25714837979794,456.58256230089546,-17.51598946019118
11.475085650311959,159.03890603279433,472.4283061530905,-18.852144176814317
15.671061922018914,154.1928904559524,503.24973752394567,-20.70966154042992
13.612624950292222,155.90622372172803,383.06403705984565,-20.144861490392767
12.40510364242916,157.80361173696522,409.70183212328084,-26.142359422192673
13.69316770670383,155.71604155909026,493.38865857264227,-13.46476402521807
11.361332577915562,158.30100985409655,441.1876119514645,-14.51503594757515
15.41830450881606,153.65939544096906,415.86324627672315,-19.07926779128041
14.254339232841124,155.68074625332122,401.57729329521203,-24.47231615476043
13.101714680012899,156.99209292094247,504.8896251872278,-15.343430747255953
14.947939562875034,155.0490129869825,428.9048303221898,-27.97012173487897
13.388082918942457,156.11040842642421,401.0286974810347,-14.82545495826486
9.714695081125573,161.20199142421532,404.1143072325548,-26.37514543009257
13.588420765200848,156.5522544057289,470.4620986358102,-17.86538664271375
11.97900639305451,158.43547313716357,394.7614874468772,-28.48920429593723
12.902960390695817,157.39939679104646,436.99908333267535,-24.565919123562946
12.70986691718784,157.39548477380382,388.2319935002928,-24.502470466993415
13.694741280933215,155.8740404880601,386.17002323590333,-23.85699747800472
10.119051514189643,160.75195091597516,403.1628061248585,-28.227888931626097
13.789329439940976,155.90434802502415,515.670794368508,-12.328216117641894
17.179895070669435,152.23657398381354,486.89391419541096,-16.036814557500858
14.242075169071716,155.8818130966969,505.3921389380855,-19.456442044254636
10.940452646770618,158.88866625994822,451.06100210364195,-11.843828360789773
13.618608606695584,156.15847596427764,420.43844071190176,-22.848091408919796
11.447716523950913,158.83051530525813,408.11057165187367,-19.414337216177586
14.986898515142276,154.9035704016931,534.7996545252394,-12.555271298006756
19.233024740649153,149.40194120217043,484.5226998596701,-15.109552311812921
10.065334440721184,160.73405217987914,385.0526191892424,-26.5131729842075
11.078078106486672,159.77225233786106,444.28360909374584,-30.9791969072479
12.297401885466956,158.1247349202285,458.70562111938284,-21.10463713933299
11.218337030919622,159.51738179364108,440.8979679332276,-27.287667307448256
14.209711100700398,155.77395588036381,422.2786924966804,-23.465256658932546
14.034407923964773,155.9948477093719,543.3746365986156,-12.991719121709263
15.105772196142892,154.70596686427334,476.78473461651043,-15.318717656918427
15.197537664299096,154.7491369212999,482.10552121074505,-23.49085327696569
11.650170184108879,159.03842754076484,449.0528113280976,-28.092426786687
16.625334063819146,153.00640816129655,463.3272672040698,-21.69614454813084
14.705652739308153,154.8361539615,452.4576798697091,-12.437742282276922
12.859190432428914,157.20051906461197,496.5424291073922,-12.981761183285244
11.111570151917405,159.4523859127066,393.5580675954201,-27.02448161036574
13.666452111459238,156.38047932144633,441.1139489482423,-22.424773314578378
15.960736159346748,153.42780890097987,451.04479478534677,-14.53494990814593
16.370837262663997,153.1818142812852,499.93166278102825,-12.000027814917983
13.116299977968522,157.2137371747309,551.5555939255727,-16.309047079287478
13.785873545964462,156.26814214932975,508.7299302751839,-14.390722290800833
17.331748581569084,152.38185493027532,468.4773014838968,-27.027050608878245
9.724838195325358,161.12118711641733,397.87728890350314,-24.97225143046491
14.323234339107625,155.37170266086932,498.23499301959424,-12.313498177351994
14.577591278821808,155.21972107782096,458.1948464197932,-15.87784850595935
11.791982077220679,158.76815102720428,450.4447254932617,-23.682791052322884
10.7905299860264,159.51797581731327,398.98696802109373,-20.318410915270437
13.22325167311615,156.79205835062623,400.66098558932816,-25.579294442537154
18.128890732223027,151.25854934087502,532.6312408652853,-15.655879677721222
18.962995938011492,149.86831909202328,489.4836560552197,-12.008307784225199
11.850092939304524,158.62944413450245,489.3050518437132,-20.77785415043135
14.665306985983854,155.40203335347678,475.83343335463184,-24.659130988716967
12.75855272494427,157.50601022442038,427.93487483336213,-23.224507496463293
12.765172203673933,157.63351915137278,455.69562647752144,-24.957058882019346
11.66075082824983,158.7111773735208,497.90512866161345,-15.12085960154236
14.72041852677303,155.15199536458593,534.332845837223,-15.55454986805905
12.09297703562954,157.5226206712209,419.32713102820463,-15.169604211080525
16.569916633175552,152.88375586228935,450.64895683587065,-20.26149065734445
13.138671009196475,157.04236166239122,401.23212144642423,-25.272472508239854
13.10360702509403,157.09557550407987,402.25862455267975,-29.1247402867484
10.977194791242317,158.9558051384859,440.0555734543028,-12.391211741849197
16.217644362537598,153.55169547798425,521.3599420492021,-18.52302988433709
13.388645152621311,156.64890917625738,469.8557748909439,-15.753438093842105
10.087667521219748,160.75218603690985,426.1368985012982,-24.476222649858567
11.877622328587318,158.63131254906423,415.6426656412481,-28.1686264126499
19.653920878557408,149.30045376941902,503.9959613507343,-11.456227217777615
17.17220224076331,151.9983582348268,474.65745892395967,-14.492001895056486
13.734982590700724,156.20972244688622,512.741125496477,-13.691449117518879
9.61749879348419,161.25594029999982,370.658696721683,-26.882681300111884
15.094119174846405,154.67925065581846,481.1692506843364,-20.62577976114586
12.814346921252083,157.27777569157735,495.6222520627635,-17.20481450847334
14.710990708595734,155.15875899982274,475.8341535629785,-19.063002878586094
14.036160493122772,155.24593940314423,404.4888388712322,-15.855667294600506
12.127564500740585,157.65826435293496,479.2344992985729,-12.92210723357635
14.075135053129408,155.19824263192638,493.11674962479646,-12.24875532192377
10.183117825144464,160.05884073370103,425.02640610091663,-12.878418813258953
11.541907050408005,158.7416518126574,477.72969071224134,-11.512897733700562
15.394641095759123,154.0965274891934,451.1937535071635,-17.79415595261889
12.215919843445059,157.88813454555518,472.0042633242749,-18.772133762235395
14.266361086038353,155.4099371049821,463.63171534101303,-18.930116972054883
14.010110670634468,155.81390215360793,446.02265557743067,-21.82917780162914
12.42180313878151,157.61036841465193,431.71679336055627,-19.710507726882668
10.713290527058808,159.32641257098462,436.0162537386045,-17.46960590095895
15.150384748098245,154.71157476580993,408.4221518787329,-25.89697327700394
11.336124720692302,159.18793549852734,438.4538123419234,-21.76330378501403
18.186549668366645,150.3854934525398,487.799936878287,-12.604882229102495
15.236695965348927,154.5499334636976,488.14366124042124,-14.72217929501067
11.273629994677215,159.38546646448512,446.73022424242504,-23.21358490381448
13.375139122898252,156.74731790132375,465.73506062422865,-17.33847765162323
15.048303556572618,154.86436572034245,446.6318912840718,-22.991069433342663
13.105863423871261,157.22162626783197,467.71991984369043,-21.806782936873258
13.476293915739436,156.730806302463,411.5173586723982,-27.31977134519288
10.89185273314016,159.5124642921962,398.80594561370526,-24.43777307494213
16.60337488492189,152.74654209033662,457.54039754615206,-15.470230787400586
13.77332556570222,155.6904162861349,475.41751200420873,-13.734351627512867
11.976326774970694,158.14808267222918,410.71945689054684,-21.985729682041104
18.9585467271962,150.1558869864344,520.3029125402643,-14.216755118158652
12.801012430927734,157.60492673589755,434.24353869906554,-27.481096858776564
10.17344791912512,160.72518831774843,436.8849244243438,-26.209355602817944
13.009706702172544,157.12751228818718,485.99134050234625,-17.161016306105758
13.477852476066454,156.70002919003193,406.30250238527833,-27.978058425710504
11.372600306277915,159.14326444778425,426.74427420997256,-21.6425009211382
11.818251984406654,158.39688372301254,460.4997408331086,-14.443664603274526
11.175190592623297,158.99864149825095,408.8288580589945,-17.959865912766386
16.846992368879647,152.80697934924729,545.965834913886,-16.088140206314097
11.092238615704204,159.11332145660646,397.92244871943876,-18.42721006804979
14.126237693116257,155.94617589491446,416.41009987758105,-25.59658409302364
14.606003887048736,155.16881408068167,424.6884685969472,-20.392848827826878
11.61894853140268,158.7459931364528,441.23036363414303,-23.11011109460393
13.919715113501356,156.15021766777483,510.3043453112666,-12.192024067343176
13.038822359245525,157.3522085793148,434.3467117660698,-29.119216972667335
11.815387308809944,158.47123987583782,391.4056175329399,-26.5469868014721
16.484780477860657,153.35904366222994,452.66447623836564,-28.288850197445303
13.688850028868497,156.6574297160773,462.88051535602045,-28.08991176685558
15.05650155458076,154.86015052251506,463.95231962497564,-18.66563996139683
16.227515340639453,153.4950067844569,532.1974726787207,-14.277658027026202
13.401753936651158,156.3935206092058,451.1715748041058,-15.000022269702491
11.929124569847279,158.51857382600184,456.0827131829599,-20.703593807453927
12.099772160456174,158.27091094158897,420.1577403535847,-22.51373590938285
10.963810779372915,158.87941364768554,429.52598042532543,-13.094529550912487
17.101355516803572,152.4620903521003,496.09435169044997,-17.49651737619344
14.084946957974157,155.73356429897817,499.2757157070729,-14.048093772286183
12.765773090292509,157.3836757494237,369.6463025780494,-26.50983012610768
14.806062152822577,154.84255475060638,473.5275321785693,-16.030205476385945
21.89776404928068,146.6251902361977,524.9373123675,-12.386333280282585
13.953066276645991,156.25145373781672,485.65600227690175,-20.64023292248033
14.501477019216594,155.4368150326939,538.675975569538,-14.817251656816806
13.946846507022281,155.856729144786,417.50236431246805,-18.34191189157885
13.369174356849848,156.71976840038405,441.0558276649481,-21.076959087663386
15.25927363979151,154.46718675362268,530.3691543884105,-15.255405108941492
13.047500190833977,156.8066903012435,400.01986936129015,-17.799808974904423
11.74728700672274,158.87943726490428,462.13270180417487,-23.594166314035306
14.337419687288671,155.65225996602695,483.8054710712202,-15.386195547757303
15.194880092298309,154.38852541376954,466.2395506516119,-14.541367511454865
14.857002218144968,154.799914382145,415.98770579699004,-18.622532128922845
13.23453943635215,156.27438588827127,410.26579808457774,-15.781893091702619
16.580193850681983,153.04538971878748,483.52529833037727,-15.296035372795078
14.621759021824685,155.17112151292343,509.3395774578652,-13.277689105367077
13.917494188385229,155.93138828218875,428.69572772867986,-23.137320815923854
14.534480264759027,155.4878719821806,426.9318756938396,-25.575326220611668
12.654471390041635,157.4104810450966,405.15747832265913,-23.478703116416906
17.906946667243872,150.9926495191117,456.6330198650461,-12.350920897019323
13.26287190898365,157.06025358017152,442.9778854747133,-25.627569119387207
17.1602241520152,152.27114394949697,498.7448079594238,-11.497171206639303
16.713511212875265,153.0115482966253,455.35742134329627,-24.37007748312594
14.534573226283541,155.38549611373426,515.8407385763786,-16.458330249402504
12.518740348606013,157.3584256874242,375.98519592725836,-19.46502964904223
15.009130146877911,154.58005691742014,534.13759998614,-13.573996646044122
13.389790078442761,156.73012250972266,517.4960647930002,-12.718854813582738
10.382452487352332,160.22739984600423,431.8296093512062,-22.000614633756165
14.407155998461846,155.75124531958915,515.9175459881222,-19.887749569927966
12.190206726964597,158.21840544925288,424.78444913810046,-23.153182799458257
12.483945592208086,157.4125653965649,421.66173717136587,-18.79501291004198
11.583386064173498,159.04656569489174,411.52577942263554,-28.80105423995462
12.451202895934406,157.88542029287646,404.69799442644495,-27.24982540553993
14.805606533055611,154.79719315808865,462.507973679171,-12.760981936437911
9.908601498655258,160.73515741890412,401.08234232284735,-24.466899999172863
14.963884082204174,155.03601001831527,494.1383101912602,-20.769616186781658
10.740873995568624,159.81656546775267,452.83505468875427,-20.866299195824443
14.467094734695568,155.6732557281368,455.06993648217303,-25.559309098698943
12.10985423505843,158.08661293172312,375.9842493861102,-24.78963574507117
9.840774122370332,161.17393387241717,417.1743025255523,-27.780634417672548
13.289371470036546,156.48598268557177,495.2087082080855,-14.268325710031691
17.574531826743094,151.7068531241404,461.51709886623075,-14.38489248794134
11.44078505375044,158.85010898085287,467.83161881379016,-12.822903198547122
16.37694549945867,153.34518292453313,505.0303608703476,-15.383808121285679
12.60181434807611,157.7002607199243,440.55355292250795,-20.337415353407568
17.6603975174558,150.95276450582318,463.9438055112721,-14.472657521712812
13.440482381605868,156.63319439188086,490.13974837371995,-14.94296961059462
11.624011995537437,158.52285161977179,396.23550870857434,-21.176072887899096
11.972058784852944,158.1919425151102,481.9038793452638,-13.520837899425537
10.470778856679864,160.3743042773969,417.6243299415919,-28.515452934332508
15.848200770876584,153.5589536572666,459.24194929831197,-12.886266470221488
14.492935597226756,155.5375556958275,493.221895643939,-18.67280996053651
11.716787370100835,158.53908689972542,453.9502053482144,-14.305083167278486
20.063187983870236,148.62691444590905,525.8218358079951,-12.254252079011684
17.02610334486789,152.44206282500912,546.962002131837,-12.574265879540036
11.754498112037245,158.10537502345025,446.3310680059127,-16.64163019274969
15.355909729950046,154.21145628121073,466.8798921325203,-13.730363163397376
11.983036998640943,158.53815177748916,446.1963078780869,-23.400062064153936
13.991746226944457,155.80795266246696,503.94032478992665,-12.122747421025528
13.708975027172482,156.4229806725986,477.06412704112836,-18.33626297692443
14.184511127230788,155.54310355672743,468.0521086124606,-14.557397711029502
20.368020722835947,148.055798107649,512.136534231958,-11.834510011335272
15.069959072590962,154.90025264652908,432.0833617081002,-28.373850733307815
17.497581064879252,151.98235431567022,483.7576406515919,-20.242375089978324
15.503225538836128,154.4793890779106,496.03287929115464,-21.300438053074156
16.184401950444336,153.5930109420485,443.8287781258716,-23.60992382885491
17.351523422686995,152.1075076677674,472.3466277873137,-15.210055474325081
12.651264133521538,157.30838601708928,392.7033130365206,-19.543588500488127
16.331022763127322,152.4522201068333,482.4838216199179,-12.982729776613215
10.9168252766796,159.15651804529287,455.4394522416863,-12.553518667084395
15.791664324800303,154.0455631026143,442.2337807866759,-23.584788166513654
11.431241677621966,158.61524463608512,407.52793988236886,-15.103148308987626
12.839834367265142,156.9302459175584,433.79554941120995,-13.543179072753965
16.169573398296865,153.58271751322798,559.9653808091755,-14.640226787279861
13.53049091989624,156.35328223943512,424.3158029448194,-21.46045275935952
9.881038896220666,161.03160488993117,411.276187354918,-25.56276547770256
17.388877806093888,152.21338621870234,489.88518546349485,-21.319974629298514
14.322729503925366,155.53530398204998,491.39039210994457,-14.961811422238547
13.73544059578783,156.18976837142634,399.5699603456543,-24.423188710582384
12.466078269375975,158.0581235822357,442.1488132401047,-27.725182941929166
12.059394808006969,158.19907684521726,457.54283069092384,-15.691114044893599
13.102851617465708,157.27639165132632,511.4869488353543,-18.73617986171953
15.754608882996653,153.95511844954316,509.2886446785255,-13.982294998375147
14.735336920418467,155.1517956536854,461.40062153127343,-19.67117104146994
10.32817141423125,160.17090689913633,396.66850536775326,-20.117709440345486
11.237512544572894,158.98102689565403,390.84096252920034,-24.180193216139827
12.835041522598779,157.41234776508287,426.7304679603233,-23.491154140056608
12.364105294700156,157.26518576635047,441.66521226812193,-16.72992908215172
16.057560990278038,153.6727984398297,485.17724620445205,-19.79245963552627
9.603833346712323,161.40700167248917,399.76388711754225,-26.997038472063686
12.601319523874094,157.7959534124873,451.8383929117954,-21.90504690197315
17.995391396257343,150.55746077571175,460.1998087250433,-11.687939116715505
14.086226877986524,155.71016240529127,451.2099234994738,-14.18141470942159
12.862808871985767,157.31974770542854,462.94502273757644,-18.229787800620194
18.0349557267978,151.22997117793898,477.01415787545295,-16.856217677906674
14.196765520387146,154.87809527013823,425.8423646333515,-10.894427954828858
10.993367905162478,159.44324545499535,462.66125920019135,-16.529000359136063
17.338314923408163,151.88121785025953,519.7410652792288,-13.002318187089564
11.186845954457501,159.52243723581077,467.65153198951543,-20.628367841847698
15.855966822192316,153.817466306939,433.66725195020547,-24.244593083061243
11.277985289674096,159.37219773712707,398.9769091026739,-28.125699698282094
13.299335900945374,157.02706752104996,446.6778851718246,-27.075457998468202
10.975276439042386,159.7592432226384,465.75385609162663,-20.09329440806374
12.823208017192398,157.19697234777476,371.8406321157758,-26.763859138835105
14.58318801545391,155.3798727774067,474.4769015485746,-17.10931771366404
12.8316131794688,157.29391148990857,398.5439384082076,-25.91372124211545
10.920431340755293,159.9782445681136,450.44544603175666,-28.718032516606925
14.082593687643147,155.62572463215818,439.7977359307485,-18.105879758797247
12.860476242200868,156.85332237084808,392.4065316610253,-21.21383016052672
10.626443544219706,160.0213760923396,390.1283943474862,-23.78426236884039
12.45566472224864,157.3085067800967,416.6882687211224,-17.927554710803534
14.750673313092369,154.62110410875175,470.0969005982958,-11.714501916995484
12.574057209444522,158.00505870861443,477.97552713127595,-26.275404506205373
10.640807878121676,160.00002257242105,401.9860705413704,-26.02176092041069
10.933512387206124,159.52403394593165,424.81521082384677,-22.635019803616377
11.601891548411905,158.9117744191008,484.7005356895561,-15.268735773108773
16.7767818173392,152.527896083858,457.42951588893067,-12.583290931916308
11.830322348929085,158.90017601521117,456.00210933107996,-28.618412808515615
14.640451307245359,154.77132362030278,463.32491718631917,-11.42816791368681
13.417601524451868,156.78025384430802,466.3227178991641,-18.19399959237692
11.608471585446628,158.709972083833,403.3859213543412,-22.005367533431507
9.839621023460914,161.16684248563675,419.3737687103008,-29.2626610744984
14.575497046374405,155.58012732808882,509.1554946611069,-20.55360647517997
13.958856941867323,155.70902567469273,463.11103459262245,-12.833604766395085
16.348374592092327,153.42430823204276,438.92146564448484,-25.08219359360642
15.298357606909923,154.19166761843286,438.0802802930068,-16.654509569904654
10.098489103909152,160.79557128055114,404.06528626905373,-27.056877958034683
20.208520196838368,148.80462511554552,511.79060966220595,-14.319019216467513
10.668978114858113,160.02604419163092,424.9375912226256,-25.37300881138018
14.802598661875798,154.81929594381168,476.0670881069779,-17.4103637541416
16.203467082063113,153.12978393561576,467.45257877960154,-13.953816928689939
10.996157025861923,159.01483986921258,463.1366455548216,-12.108563454989556
12.291319462081045,157.75696290572677,479.24721608998385,-14.640328007455299
11.183976965413825,159.57994017644359,452.4549897295189,-25.24765357565421
11.417872172832828,159.28535926363156,432.0192549566693,-27.521813548321003
10.330554920705996,160.06614074642437,389.33774585605806,-24.164346657658246
9.509532280201528,161.2802427747975,349.861613003061,-25.200421593997202
15.093247600237008,154.09125331749212,459.4755236765412,-12.191337736293113
17.445513777728923,152.20463793994037,485.9491686411405,-22.251629560685036
10.497466589112388,160.06525736172108,432.027413935373,-16.60931907748926
10.5671796511002,159.89010929735767,416.28082452017685,-19.125552806549273
16.988032060000776,151.80772198354214,452.0066251210998,-12.215528007816598
13.994017693534971,156.08639702535777,475.4828564758634,-18.498971780217
10.678018583324654,160.18796573242733,420.40018213112756,-28.643021149448494
15.067330320174245,154.89521533598432,447.4162278344107,-22.04143462537498
12.743798903991337,157.3802446892331,483.0503125377253,-12.615613597921401
13.93846276865516,155.37707091081762,470.88207353474144,-14.396163389039048
14.024621098847284,155.33532516058506,442.8188841855731,-12.096743657676233
14.579575026197462,155.31088241624641,511.8450794889275,-17.114511777595435
13.58167775662655,156.59712454133555,502.8265909605152,-15.672490210489928
18.117432135633855,151.12441017893238,473.56488105718864,-18.377189176469937
11.873416338229735,158.55899168527122,447.2883579725548,-18.395970399833715
14.950534188442559,154.63473735305706,403.8234155137318,-19.668478289952283
13.618274998105042,156.42559541515953,486.392334729643,-14.75503077493343
15.489580717279003,154.33585912446833,534.5998817353138,-13.57992620267515
20.055737390416848,149.07125698651345,512.981244720965,-12.08025432367808
14.68532898843823,154.86917175074746,397.1156059618078,-21.079352792673333
12.30429107260811,158.0181897579062,413.99896020298263,-26.87359796441084
13.041260772791116,157.27947071368118,423.8167349757493,-25.44022224677646
13.644521170071526,156.74651012740102,444.13127608684965,-30.384598365516016
13.248821964788588,156.83985690094462,527.9234313925591,-15.838229356744694
15.721305228954293,154.2429366764797,467.2846633209495,-25.088738965583932
12.37753366020836,157.80149758980914,470.397516360464,-19.191962214949815
15.705599544499421,153.7349415183301,512.0149618999475,-12.125026004332625
13.336340917795372,157.05643912273263,457.8586775955071,-25.90441938280484
11.100946075401524,159.04153662073392,452.29672863609386,-14.257636996683244
15.05346648554501,154.45088401851402,494.24801909176523,-14.495001326359958
14.130889779535755,155.95229997911133,446.6287164646021,-22.313556865509987
12.699663492056791,157.70845506204373,521.8357306400901,-18.80515647152764
12.581628861606312,157.9505977071942,433.89304513700176,-29.166529914844112
14.838632179541989,155.0826543576309,460.76739800224084,-19.75698203428261
17.102006035665546,152.18801409586555,489.1784157919568,-14.073602602703358
11.972786508869738,158.65078723656404,499.26680852122087,-21.504924696060808
18.40648326853486,150.06151841749775,480.80211908858803,-12.851435227488311
11.441356100409568,159.2261057762104,488.97551760627937,-18.235490371690577
12.671266794723227,157.26276515730984,469.0589425485598,-16.232623046759233
15.661082175776569,153.64661827394397,410.98831410286357,-16.781280812767953
16.24521513179174,153.48803003793023,514.6574388542892,-14.830749660529621
13.27767392164659,157.1122013118434,468.98457918406535,-24.30331728448178
10.58425757041113,160.01487938077588,433.5725889437838,-18.435211707986184
12.823773823111816,157.3836282464619,479.99161383993203,-16.487208774816565
12.093493976315928,158.34720410888244,464.9874040358955,-17.189911413974617
12.741220372642786,157.57415848681012,424.2333435727172,-22.97632900906279
13.056780778438895,156.56010276135274,469.8437842411187,-12.30121641955202
11.316486456594703,159.53178667627805,444.40356098338873,-29.923925691353457
11.448812910314356,159.0674282274152,468.68121911555306,-17.13937836372166
14.538643176369325,155.05208393738423,413.1264506866572,-21.158975185649027
15.631805514949017,153.74775655482753,458.0177762935848,-11.960737024569362
9.833313665717041,161.08381477454932,400.87956881131475,-27.97098096649941
10.856215980425656,159.5827585662824,449.33859115330534,-14.963638623011596
13.397581998207608,157.01580996621163,481.61918967642623,-24.412470719787816
14.595082343591434,155.40270961322983,421.94323053447766,-24.2275027309007
17.12668167434677,152.21267097825688,457.9073966861715,-13.385431140185455
19.82363956752482,148.5838545967163,489.8106214955294,-12.383038009083274
12.43945561559294,157.979690538748,466.31243592812046,-19.378857744220458
13.47608165452145,156.7284707217572,495.1614620879344,-19.09869246986327
10.576618676198015,160.22936329138778,428.33230151937596,-23.439081459804623
10.082273026472222,160.50381924450315,359.47422206171467,-24.979591037438478
10.835532025119141,159.64553842631383,441.2509754452142,-17.792996723251928
17.06292989886645,152.22363246318739,497.09092424869107,-15.142097433986065
10.467908206504458,160.28857409564083,417.2926756837832,-23.26169588478231
15.187686042696312,154.78888538057635,479.97067707094806,-22.97863085758565
13.69768086130084,155.91007489644505,441.9037715878162,-17.055182895141247
15.271546139185045,154.55323375706817,487.3815460071172,-18.51782592877293
10.586366448242698,160.4596235153212,452.00809514906666,-30.27381430831923
15.945672488464309,153.38580312242777,478.4528909149179,-11.261090158894042
13.401988319809147,156.2632046827541,474.08853580192977,-14.915633723791464
14.461436560230961,155.47273744677906,541.2026322032049,-14.093165388225959
16.915973434868707,152.56857200063993,468.6818204392493,-17.11913592539728
11.023263510380492,159.86544865195557,454.3218499221926,-27.563786419224083
13.534948164345785,156.5870006109151,465.166339713648,-19.31909693299536
15.880100534925594,153.88314349072056,510.49788719915796,-11.792517942265267
16.044215690711603,153.42058342078107,457.93079450085645,-15.60365119289405
11.617383117026609,159.05592819665,459.0905282033857,-24.37535029960034
13.643700543392619,155.86539597720414,490.6782249767945,-12.94263381645976
13.04836696012998,157.2995690924129,489.1983344751025,-17.510805582353832
11.965039322637582,158.62270690006972,432.03037328130864,-26.968439005240306
14.948701798217908,155.06965044701877,473.71098907113293,-22.768041256526647
11.399754568477134,159.00194563125677,358.38722661355297,-26.73095255551889
12.107248795325784,157.7050926960131,427.7973549522024,-13.120195686521177
15.064100811812517,154.70471917620475,472.5115388968204,-20.558261854728716
17.974155568585328,151.50064516773952,507.9164553887791,-15.061488152506804
12.034907253593214,158.57301563306598,454.75978125685936,-24.270876601955027
15.600668564154166,154.28798002122662,420.2312166739602,-25.970572113178463
15.911093704178668,153.3989350373895,450.2695139599183,-13.528775229790973
15.03173220983033,154.6792579625263,441.5196099469371,-17.404474568682257
10.736404774238395,159.22739563321102,446.5561835792247,-11.443491133385894
12.64401373027818,157.05507978395292,426.49705172769916,-16.161422172610518
15.344602726243455,154.72206984051692,438.3219944189207,-29.4727125720639
11.338764516719161,158.65081547789748,447.6099922156058,-11.218077109279479
10.803612928065125,160.02615368928917,427.2167257861437,-27.190116650884047
11.952472224392864,158.19832166752215,362.2638878898151,-24.4226712440457
14.675866625493716,155.33586932391944,501.1002560553107,-16.395574539203093
9.631399070381407,161.30971875638642,386.6040745979869,-25.305862484473835
10.757316978949602,159.18019597054627,442.7038953891015,-15.762379160288793
15.444857924520111,154.29224815140518,429.52090180066796,-22.39631313124364
13.27393481939313,156.73590329762334,395.9199402082121,-23.096018949791286
16.09334756831878,153.43779803978686,469.24984245981,-19.467471714370145
14.316027354587048,155.75246107604755,513.1299133689405,-18.864551466351823
10.542751513774418,159.79900568344692,427.58372766524286,-15.606045222762894
13.133272033426008,156.69004445647604,520.312544672915,-13.588296395748056
15.5385783340207,154.2103895842471,456.478170954201,-16.195557766585228
15.342757611661389,154.51698212321222,453.62586478644414,-18.693253102897458
12.79829110245861,157.6550114507183,434.61812399254575,-26.67574091315364
14.032724445007492,156.10668176437053,543.6733003564416,-13.382266600840552
12.586188764016308,157.42359878171467,410.8659775656685,-22.670176761998338
11.534563287554313,159.24434129224346,494.11234318265304,-22.62399701361415
17.455838299552603,151.56732328705374,501.7340655701919,-13.81117004793944
14.018023186258684,155.77093674631868,427.67519406393563,-19.12024924820103
10.912240959832252,159.82917963945494,450.26622080517905,-20.968087879338295
11.213750841657667,159.50396099614014,399.2349515293059,-28.90456157618257
16.28151661213727,152.8046935362298,474.3586574085504,-14.739057853486154
11.01542197462148,159.04154959952737,426.4228280555698,-11.907599639622973
15.564255039433169,153.84685479558485,438.9730608090199,-14.292031669542324
17.108434143206672,152.53055167258933,543.5653114038415,-14.816630551494862
11.869848583781799,158.36372247349604,461.9892818097747,-15.343399590677647
11.818856934614901,158.43093786251126,445.8028035835665,-17.99166549655968
19.33729612931443,149.66555694500545,484.0216662164341,-12.753651912144031
16.578276027392413,153.17744544546704,521.4066320241756,-16.185173349624627
10.57155480152239,159.45779740575662,435.8689795807231,-16.793846091633462
12.80963525493391,157.14707005532063,463.7961856231904,-13.965618727776022
18.124541669311018,150.8025097549835,461.1182945691863,-15.245492114554422
19.150079614051332,150.2629664727978,504.30708129524976,-19.485260124945277
11.293654599931221,158.55908809197533,438.39049301296984,-14.421854946889455
17.321053902381465,152.29237117319835,479.4851325871036,-22.632297607994367
12.160429962150822,158.3988958751172,466.53005846562496,-23.778327688934166
10.268744111148846,160.6319275389887,432.9525731195707,-23.594228305157966
14.733838042246148,155.14510947481506,489.9347701250825,-16.55595434790929
11.553990307559216,159.03190235934298,393.7137589352543,-28.162633401021782
13.646588071787539,156.21152353231608,369.18873949543325,-26.893654996900754
11.626434617585515,158.82595705946804,477.06031359749323,-18.73588634585597
13.325999423666477,156.3445199083006,410.7822134983173,-19.60386120487077
12.729017722399817,157.3132619963139,432.19236080547,-18.11905945064117
13.459683609268886,156.32052327084028,426.5793333918285,-17.619496653764344
11.337594378785752,159.00879855093496,377.3875905179016,-24.316969343567052
13.001086907275042,157.07423311108602,487.0411780852678,-14.322230461687809
12.273853099411442,157.8605092115205,498.7939311680914,-13.316200038827233
17.149885697443644,152.3338246509313,457.33331996865866,-16.056308062147664
11.735728238712134,158.94178095667587,480.6098649814621,-21.927897703985714
13.375759665825079,156.76631729768613,467.9899848149226,-18.342465176769224
15.31584117492977,154.34677853316524,411.15003007403175,-24.374280514912645
11.147278551486714,159.32240824618353,369.24040486311037,-25.523213305594606
9.890916451604816,161.0712656317298,385.0417576789838,-28.10344521518468
20.25686005079972,148.8614742090541,553.8586412778268,-14.178139431937913
12.789282737125404,157.5955238024541,421.83680527430045,-26.37546816739178
10.928059039092595,159.3975583770073,449.8810218544421,-14.938116078556028
14.203918745551245,155.93111869337534,519.1896822367287,-18.21598231809173
11.925738743023551,158.70954550523842,489.60481339766716,-21.656088342478967
13.780787276350848,155.69270319928174,413.23923266746374,-15.798961472418842
14.634094491069725,155.10558330521783,417.09008648581727,-19.085559495177687
12.379674611908433,157.9079291882816,446.8171583247342,-18.988359946548563
15.16977943966909,153.9833186821659,437.19170865514724,-14.96539314813752
17.98958961607429,151.16729610716055,470.9656218941034,-16.148672619531713
10.8389096291661,159.40148214234785,388.66207106548495,-21.27464934956769
15.912837773333331,153.33506496309752,446.0059982766248,-16.43164927125042
15.656863226132419,154.2701866173486,430.25323964936655,-27.21890503724041
12.927310099978742,156.6181297077687,411.5060728301825,-13.621214088783612
13.201601970459818,157.01000506044664,465.30182575902177,-21.457544663872422
13.190041659016781,157.25343491202335,484.618661844162,-22.620337039900335
15.330015743429886,153.80752895567878,431.0940117692261,-11.327453343952183
14.253197427764633,155.58240224035598,450.04889805516547,-16.42517946131374
16.75163685719874,152.26385336944082,438.35843199409,-16.817485322436244
17.034534753957594,152.52429925979897,550.7332658555582,-13.375522264961392
16.576443939201273,153.0136810924875,499.08200886195243,-14.394538429248373
10.769837873149566,159.26027521421452,424.52649475319987,-12.716012149265019
15.735018207271569,153.91552069706177,504.0650786350812,-15.604283237537793
19.03907174501386,150.27332033872509,566.6659315918189,-12.982302979118044
12.358902129758155,158.09562522417636,404.31945223623694,-29.768384432790015
15.533973465155823,154.53637927153025,447.8835167826268,-29.054385171003453
14.019428952978046,155.9894619837539,453.60169422127433,-20.967391954920846
13.253406257380597,156.5836015752503,477.25566249607635,-14.529729581153545
12.799635812289143,157.3180877237681,435.1899668434181,-16.99420099584385
12.686396003953012,157.56796081236288,425.8237805178261,-20.137077981113958
15.810220096079979,154.16016745555487,515.0658914280951,-20.635934264501426
10.507780384215842,160.18747503537722,435.53349063166235,-21.820376432173912
9.543073991345654,161.47785329495872,400.77035105136815,-24.920120306325604
18.63762521970003,150.56740614546817,507.96940625523223,-11.773601111836657
12.961438570757089,156.90264106558976,438.82253612280823,-15.78313596751339
10.99662365163367,159.31815299415842,396.1323161558123,-19.19166421806018
17.700835965172505,151.41511742272903,462.2874640208561,-15.598382580509668
12.385219693717435,157.99255147068442,465.1552023583375,-21.35009933781271
13.785135706036096,155.59365508839642,411.2502988569293,-16.202678454466913
10.801230663301183,159.92023367329764,396.0948123772158,-26.67566293385422
16.448893483307007,152.16327943616133,438.14303972407515,-11.006933886723349
16.974529663229053,152.29614914423277,442.97790651714996,-20.92846176994944
9.81455622424137,161.2230036603731,412.6008350384579,-26.67915483841785
14.494040993234586,155.1769641968174,436.9383420798665,-18.25470758859984
19.008304518374842,150.08746850551836,482.1332270579685,-11.643901267435721
17.356694011513405,151.4354632278876,469.40177504755945,-11.193907686237614
10.576465829433003,159.9122805477225,386.9456282072431,-21.425372833345552
18.307032310214026,151.09401145534218,489.9263163080277,-17.018509600222348
12.810760565350524,156.946054271636,397.1058276467944,-19.04805245327511
14.2215197613385,155.66448724189567,522.1314341124883,-15.765567121996275
10.807256391842968,160.1241310951397,463.6990473702603,-25.14202517552638
12.534862548645746,157.9505310427497,470.53569662926844,-20.725080700644295
11.119804601193426,159.47123195811494,376.4409022483595,-25.718754762548787
11.099590245936442,159.64623077137912,429.6243400532724,-26.42861898597762
15.648403060028688,153.69644041596166,480.31703570207964,-11.870767377776135
16.11400330226232,153.0451372852811,433.0576385028359,-18.786436997756972
10.524491029596339,160.34704469566074,446.2408481670053,-23.895921965610306
16.284774844864007,153.18232570260102,506.59103773239866,-14.329405874750558
13.276517336670876,156.91390021846829,448.1981840171291,-18.343333281766427
12.661131581618909,157.62352982356228,453.9882171651757,-22.137068203180828
19.8494336566824,149.29688526854372,503.39380368181094,-18.56795730091039
13.112474951583978,157.01646207121297,540.5184027532906,-13.93330109469568
16.888957631566736,152.73012774081107,563.0960987962102,-12.669250666681162
14.594547501733766,155.08818907168836,440.94994890155243,-19.368216472140784
10.774732141171906,159.50946537377922,400.0386822004947,-18.947776265010706
16.084299739694192,153.7848584709014,445.62562882342536,-25.368343758008574
11.771210063541814,158.86589900418923,438.2531941014521,-26.200239317936823
11.121523133054518,158.90506115559978,434.3887794320703,-14.132786454788743
10.63851411282641,159.56275031751366,406.0924935991096,-17.8873007888452
11.320859653132235,159.24426409308506,443.6324970269065,-21.41723024072404
18.373256340105844,151.22866714412925,485.5011296572732,-24.041408121873875
16.184991997319415,153.58726458180388,446.7325875975794,-20.737387285172897
14.958781249736614,154.64022699258084,442.39540781379594,-20.6843863341721
11.401160951933269,159.41156348416996,464.1875067172258,-25.172780034106
12.232285653284341,157.71605677392367,408.21054207135523,-19.15879193981024
12.141866788624421,158.37931898765814,406.6620743958186,-27.418214899506467
14.359130312461193,155.7011974777172,500.44936068663304,-19.398777461643107
11.487015013660512,159.08468074120185,403.33725342004936,-24.426869530214734
13.623818882398695,156.1332805111487,452.91162572608755,-12.515736610195072
10.205742753020477,160.41117349469036,420.05807047725193,-20.785892525467176
11.495211400582209,158.87505929311675,463.8937035752696,-17.912634700958247
13.365628097819803,156.96370524693387,444.0508748667737,-23.547449706741162
15.645458259704887,154.32816114593376,538.3955409570852,-18.147282210842572
11.943433574667878,158.64738269798985,411.6392786378485,-28.381810678966186
15.083984417565722,154.42503762310452,473.8149861461988,-16.51528630890823
17.24604023487977,152.27781276169574,461.18165108373586,-16.38966584167442
15.151988071928649,154.05971154225165,423.9484703948961,-15.224173936591768
14.391507041621617,155.1102093038348,409.5125879847427,-15.037643040746904
10.18498147487251,160.4752379473307,396.6903473066185,-20.897240770764846
13.619887399137458,156.488035620241,547.1160157933488,-13.279823934123499
13.503862255565801,156.4439659517322,460.2931356075492,-19.60601714035469
10.94086510671677,159.25971671156756,389.6915122096668,-19.800032316882525
17.6401869245783,151.95472474410724,486.4661517921984,-19.620069625287638
15.305334724956248,154.69586210151715,437.3202068624617,-25.126631104305513
10.861844812517052,159.74296514959897,430.6636340882018,-24.15251904303441
10.25091438561812,160.3363161107953,430.05782544323546,-18.862304439159814
15.994337946091472,153.56077025791882,505.4727629549173,-12.891589137965905
11.444617393833218,159.256884493419,433.4325829855918,-25.018515372180282
10.932342567445144,159.88466655209845,443.2323541712083,-23.72893258698116
11.904072881414248,158.58605645114542,401.1823240081355,-24.828905589009164
11.184435038025057,159.10035353193476,441.2010725050835,-13.659207775302885
9.55155226337086,161.2048161212877,361.53937491060407,-23.275235876140076
10.58266191535277,160.12886718218783,419.33332709139864,-24.259351192048246
16.915163902110763,152.33227703529616,468.0952815754105,-15.042226732555937
10.697239341592175,160.15580898158908,402.67492584097005,-28.269235310061397
11.847431117857239,157.97836086311906,418.2935795275056,-12.090955062002687
19.464704191090895,149.25010915602397,490.9420084246882,-12.766310632921135
15.801022670443256,153.94186460008402,489.1579374123788,-12.731188819445926
12.568745166804723,157.99535126309488,437.1304586054663,-28.058984968480885
10.351922345316655,160.232516595176,416.55541843727616,-23.03355451700951
14.591885862731907,155.47665337447586,442.2769204233473,-26.36036910335853
10.961602611060904,159.75289014078817,391.952309759348,-26.339503211949395
12.301321213388096,158.12314002394555,474.7626486616837,-17.119319340259413
13.247472023665114,157.09523830691214,465.8972650260934,-20.13591641831525
12.394449022904517,157.91658458351625,483.59905158733505,-13.566640352044258
14.126488124444373,155.94060684758168,401.76667443833713,-24.967259124276257
15.818797288549328,153.86655645174358,500.0425873362399,-17.397366255135616
11.46011744700167,159.2182204557308,400.57507992789493,-28.715185475426242
10.66129747349823,160.16890555283754,448.9128374183822,-21.003638597910015
19.122470876959547,150.2568315359355,485.6353564066723,-16.936317236747158
14.670787989595347,155.09900018300058,419.84563544145055,-19.024221755995573
9.509143609933849,161.32457109422228,382.8076779377078,-22.614948311771297
12.735360274677003,156.92741637988374,419.8915380050179,-16.127817975982023
16.53952856803193,152.36413339759326,432.9394798860827,-10.359504615390417
14.068625349862137,155.58280499284908,469.18837190167557,-13.896885839928851
15.618418238694638,153.64457409903005,469.1182929779621,-15.554317983203843
17.009663189428323,152.72305145992217,452.7816262044907,-22.245003260085593
11.20540480563606,159.39603595051062,472.754868162571,-16.2943642353608
13.338179318277437,156.72407707279487,485.5992424556291,-15.91786570165633
18.049650519900784,151.2771397216647,494.68761348967195,-17.35840952720681
14.173113697429764,155.23476487319158,398.0568444826564,-18.239034604873194
12.798496791756502,156.69293950087672,438.4697029801871,-11.66695981654033
11.000684934841823,159.42674585952392,402.39751792288,-19.443393466219927
11.328565047234104,159.21490664707866,363.7359947459464,-26.585007022566884
14.58652033908627,154.87281467141094,464.80734468322186,-14.354148351337983
13.068025138718633,157.42117949119321,466.4612911083472,-24.643616156807852
13.249435088448955,157.09395678921692,488.01653685097074,-17.716266783172006
12.818778107024594,157.61979070806532,433.4330417126932,-24.88953733591645
12.116774741617778,158.46296249904216,483.95585673657945,-21.506766811168365
11.574403314481359,158.46573624489,417.52372364570914,-17.939576219287677
12.46517676085638,157.97607362363345,450.3270267125496,-19.998844717565945
10.72145693232245,160.13707138869384,444.6019450071413,-23.78135000760417
12.511898785849047,157.8436187550857,469.5593088587561,-17.001424136753855
16.477050782610924,152.66955322113733,450.629705477274,-15.759276349729358
13.995779839086186,156.16104690973697,534.3999446293732,-14.936860104138491
13.579304811375101,156.42194387514368,494.4747143566776,-15.653771325822227
10.556286932265348,160.2083637265369,388.7179439532129,-26.727469504779833
10.95570047283971,159.46307063634993,446.51362394187356,-18.593471604477834
12.3233186022281,158.05482835852905,456.7773199491103,-18.41738353459422
12.697737198007118,157.59086644641226,526.6419518009533,-14.008912907859282
10.807792614180526,160.12631549511576,421.7278900886326,-29.8350789880559
11.450929463521117,159.21156693861084,474.8794046330505,-18.081406316500292
12.997426541308187,156.82423672065343,369.20489090836406,-20.71186747038844
12.556847872780807,157.23922132270886,442.1574998291123,-13.494233033501343
17.79160729915494,151.53039730573784,550.8448627090785,-12.813129075358997
14.105384360252089,155.61618976211932,487.0825871384729,-14.572693983266308
10.20315028329041,160.70347888089663,430.1058160775089,-25.680359672734294
12.378029596199637,157.86144270476225,366.45718817100567,-25.037767574103153
16.672961496450412,152.70494616344405,533.2659511870908,-13.2541806064201
11.400662464656131,158.80404024454296,416.2195975170459,-15.911253973964206
20.170956435923795,149.12503629086257,513.5012247715464,-19.43127685931679
11.62439607614161,158.92269320481964,424.9812058507195,-26.07714452772749
10.771209470700821,160.0616161067883,432.51377076776294,-26.03876590175377
12.87231482676242,157.57178653927915,488.61696568697135,-20.244334006956752
12.375943892339505,157.9156877875375,486.50306548443984,-19.099843742225396
12.542065377600158,157.17783026088466,410.4338860807024,-16.048068497791242
16.33568963216766,153.57266001120462,497.95010448601863,-22.41157436524097
10.133030838273491,161.0285241263735,429.7352638169695,-31.670723599452486
16.494207810878017,153.05404384624254,438.45324052816454,-22.9604716547784
11.210367902931651,159.46648118053838,403.0632098356063,-25.031677298463137
11.78156819467971,158.06837095877196,448.53871803459356,-12.186672985152784
13.309224575233396,156.43503380134595,405.35760061666826,-21.908314357644358
11.123629409835017,159.68295357202467,428.8302693945436,-27.401057721470675
10.916402619437392,160.109334647762,470.08845021173136,-28.231916837089894
16.010877358261393,153.25290325186347,474.5327129311232,-14.347852433922318
18.630659950471202,150.61540573899177,493.7886285197248,-10.65260492716278
19.70117706897046,149.53875817993523,525.5242501568196,-15.21427971106067
14.406533248043674,155.10104399385372,453.52369681200736,-17.081001684854314
17.239513980826786,152.3228424924314,497.29275817275635,-15.565652802710693
9.819560061094114,160.94247249126303,353.89842894927403,-25.346347322372505
16.05258981480109,153.81392343764892,434.1903857912077,-24.151139029581365
12.759235381721743,157.42242514529778,412.25165592235624,-20.176041520936334
10.356918203931079,160.59664934783453,429.23399508001717,-25.806242229022363
12.52252223771888,157.8258403814052,499.02948352818015,-15.292971397261192
14.85914086768567,154.83932640283922,532.2658383174546,-12.7110821502029
13.714757942717576,155.85426479557526,398.9471632528185,-16.366519749178014
9.823157980739435,160.85131158580566,389.2530132222652,-23.65988469122644
12.977553864719432,157.34649691112253,501.91415569091214,-12.772294987633856
14.087802229998456,155.69585569154435,480.93064252396437,-16.070953176014072
11.242007914532659,159.50830975381754,481.8316468396701,-18.864260061590144
18.393759829805123,150.77763943494818,504.4603659969403,-12.981596481573044
9.745459838398714,161.1706290209884,382.82326705537554,-28.666615801703184
14.07566643688869,156.20477438062204,542.8807147506417,-18.02466905848078
14.417098841579408,155.64776333245615,507.77837474926014,-14.75021177765092
11.153022161055244,159.27764087223863,412.29456012151917,-20.702089626041786
11.236574880836207,159.42519578515268,413.4863808630888,-25.069596723417742
14.505629918504418,155.57238574853227,464.7058781894011,-18.897030653848745
11.973932373203892,158.20346629659528,480.42771377487287,-15.53419270315898
10.281613162418674,160.48494640108945,370.9471134449163,-26.88750319139285
10.967472855362413,159.0753580591885,400.58031895894595,-13.744922089751945
10.126535862459653,160.547710053764,398.9755831135172,-21.49668502979751
19.878448269564462,149.0786342470486,521.2970257441184,-12.015875675537744
12.525136508518932,157.6239149094554,419.98519631322654,-19.961803225195883
10.069156196966665,160.54870436862416,395.52276157451,-21.666210967663414
15.623498927954266,153.7523958520454,449.0934299454007,-14.204127960915292
12.093715143801901,157.9554815355062,503.90169357217695,-12.295807788523621
12.238477385690343,157.4237118585231,457.92020735045975,-13.585186247669252
11.25017487713325,159.06302560206626,428.69077242417944,-16.327459023089276
18.528134720157176,150.7130740905783,486.532104402752,-12.575641520604156
16.72518849331407,152.9815462047366,465.8282480690525,-17.375484857279602
12.484525373721368,157.71586211170552,498.83948296317664,-13.557819889053334
14.752974882986003,155.5122008059835,462.5326407816265,-28.44169175683106
15.160509587156357,154.82210861674704,504.5894533141013,-19.151847310896216
13.510338324699736,156.36520873371282,491.76415964874246,-16.494547324050675
20.795880552790255,148.19356473179027,525.8581376895114,-12.126610035444731
12.440091103666498,157.31839749911273,434.79151698605494,-12.435922656951833
10.842668679073595,159.97773558051577,420.0247563505804,-25.232823423741593
13.267463049033257,156.6610630472505,380.81899667274473,-24.608436466577704
13.251622828362763,157.0346065108188,437.2877128511179,-23.52679702308174
13.217560647951249,156.94178730822682,456.8808151933445,-21.46534076111724
15.822302948653435,154.12734866256324,462.2787045133618,-24.65322968978792
11.358310214131022,159.32460638814212,440.88442247210395,-21.325646284843295
15.885275427136367,154.0984002214057,432.10010310001195,-28.77431009034659
11.45853454152724,159.3515918857447,441.16579875824806,-27.581650153971886
14.835213788297056,155.0933562893601,508.44826351035374,-13.502841335438248
12.361470901836567,158.04799088068776,473.03454218369836,-20.305317534254524
15.651482990567441,153.55933114103033,474.424197420814,-14.521371593168395
12.352883177620296,157.79554879353606,467.3511896302653,-15.60625851338097
12.223970767167351,158.19049810851214,437.71739708022983,-20.651197693253764
12.11346679933297,158.1916981146085,497.71882985063183,-12.550217413661654
13.927168850463154,156.0268996987087,490.45655454582277,-16.220655057186644
9.601904400636041,161.26288984981255,375.8451547036772,-26.468331024475738
12.186383524971856,158.2329973978049,446.382127624245,-17.74952348726936
14.966703004493285,154.48879165485204,448.4030716175005,-11.29755025835068
15.488375651117327,154.5177243560884,437.8793987657537,-25.55698663398228
17.28602930489698,152.4468484997475,465.0826649431328,-22.920221415214257
15.99337439983153,153.98311504567636,460.03513103019134,-25.494649248989273
9.611949996224046,161.52033056874623,397.7761312635744,-29.959060452925034
13.08546802110208,156.86819337991975,371.0095653184927,-26.860613427716913
11.569419710773388,158.88041211572303,452.27831259750786,-21.320505069217244
11.762831841966532,158.16496573032776,410.8301519933911,-14.408775258139011
17.47093720261278,151.60290299741519,492.6523442347343,-13.007703530207735
10.93307146170625,159.48515104260755,416.82253380941967,-20.35838833814907
10.889974661365486,159.92690984432028,419.6623758962142,-27.10411114125218
12.69858924025077,157.11548862941876,408.8633922299604,-20.692897598559423
12.833948174740042,157.4584126136363,434.60587913756405,-23.412139503886067
18.00358750619333,151.55655314529207,505.50588814785624,-16.816653011131358
13.180880015413083,157.19620361988564,484.3918465766024,-17.648991704299515
15.079118052430871,154.6126311352404,440.7634738849005,-19.158036661991577
12.000665800225326,158.69716267193212,470.34831416650275,-23.86487707682523
10.008706717426499,160.87253763469064,373.1830224991032,-26.399480846758646
9.28175016687413,161.74127028815204,366.23470560194806,-26.679392845527676
11.588446700515862,159.02463583128738,482.6695929513885,-20.54745757652225
9.987340545815801,161.09182159412384,417.74161610017336,-27.99521687528435
15.619433660140716,153.98169987243048,480.3000422630414,-17.518003646344564
21.10747091853224,147.67626229244303,528.4204514370526,-12.979069925822534
15.935699928204684,153.45573248602648,425.4459648972722,-14.468135865523017
14.413982037565049,155.70802737963916,479.0976139567629,-21.899581621485726
13.75194026094851,156.33604771695758,489.70627454050486,-13.938824577188448
15.640491335331191,154.20501472036221,537.2328068565093,-14.424384350255654
14.878919904530637,155.29809566131573,463.0482256126609,-26.288587916008602
14.369697115739175,155.7452184060234,527.9193045100418,-16.317593766335232
13.220753983490704,157.18727510219097,425.3693461453307,-27.88574630665547
12.207591175600237,157.76001683448064,424.4492164615954,-19.287735003640105
12.873059851515277,157.2904412819206,384.1823950462093,-25.937765000480876
17.269871302227415,151.750175567778,485.38212694204003,-13.25030713261164
12.552206877654362,157.04278599985383,456.7690094374102,-13.120481667596582
12.046750574499887,158.5320739259474,500.2292746494383,-15.259894807741258
11.919339742804162,158.3173451103208,362.8608928025535,-27.145593261744512
14.790891208257024,155.03264482312122,504.5122917633814,-12.316382160357175
12.320880288131479,157.37770889303317,427.28267972287745,-16.451575398453652
13.437285365907547,156.65617574352683,390.39516152623884,-26.537229618755816
16.914780347673194,152.89575201381362,517.8382061243099,-19.84569503110594
12.967425937700487,157.43248940315746,435.4897178335123,-23.206392179961117
15.90900441204545,153.65077832675647,497.4790895561825,-12.654543796548051
15.312419127514929,154.74344744225525,428.7927042423105,-28.706815466979545
15.169440314961685,154.79563539663044,446.1039448079563,-21.630216263725977
12.305984272639181,158.15568854615583,415.11242271627776,-24.245322266649215
12.240526751295839,158.17248851871847,498.4898946872549,-18.06806003163004
15.454492987177614,154.40714156500385,481.9395681656576,-14.036887886841605
12.672253366548523,157.54741072499095,494.12810714577853,-12.145104213624426
13.672794037133366,156.42221303941812,408.74184502292894,-23.867052858053672
13.905966771137708,155.7984845913521,384.5605976122923,-23.64788076656775
12.778498925825177,157.5796874374256,457.28821683229546,-18.99965674184933
11.337604377653907,159.13225380491255,482.58924120100136,-14.378578790484076
15.806849293186984,153.7353591080327,426.1586106705615,-17.640317173776197
11.69728608120982,158.125275427241,468.367567429499,-14.215725200069896
12.924248173506383,157.38780421539647,484.9642564232241,-18.6969896292912
11.62548210391284,158.15357797330554,451.74884059181494,-11.587314399506282
12.558253124438536,157.7998860992635,434.04088655612117,-21.11084684911718
15.59992030116117,153.55581132744172,444.1864133652596,-11.200338150447227
10.542820323779937,160.28568735989907,400.295209119274,-24.895546058739132
13.040291050489444,156.79635247684845,436.6454677178334,-15.634981853416457
12.30902082642656,158.30072812175894,446.0996496621411,-25.487142655678028
10.198670544804889,160.7874492834186,415.50819668674376,-28.64950714265422
12.869365141191704,157.31313070258108,419.52669127101285,-19.004856198096693
20.058378663413738,149.13672326958547,555.6008878592531,-12.540746072711451
11.230334802886057,159.54068247007362,435.9166829116282,-25.0462846738741
15.306428316287032,153.9817929225321,427.9580706569028,-14.82966032794171
14.77445825719257,155.38631802517168,493.6348690773602,-19.6085327876047
11.55061668644204,159.10146678063057,402.8937200394569,-26.952148917696118
10.749598860542418,159.6618524066915,434.7655617343231,-19.839986717691026
12.81992952271566,156.7508223263656,417.7458888031718,-12.620426724564648
13.947351523606802,156.23687032165702,543.2110434096461,-14.895572050179636
11.784339357055352,158.8883967469311,431.07444723501794,-26.482765801086924
14.225895764947857,155.9312609349123,402.8339588593067,-27.255918308333918
11.024347680086679,159.73602585618184,467.0271541396877,-19.31288290693064
15.122815021260797,154.8420488851949,538.3707784604374,-12.86505833061728
16.201604014639074,153.61549397380244,457.9135508398547,-18.39016465778191
14.400226940392571,155.50106199776982,418.48925255419965,-21.963027454227984
11.333034717120595,158.76091189025027,425.1302990388532,-18.213732260564637
14.948159384048076,155.0199799383543,495.53180315885095,-13.170505248649384
12.970184941320143,157.232557996394,487.20883763052086,-15.143052292344851
14.144005895258738,155.76437690176627,386.1510643808085,-26.48823722098293
12.62373090985141,157.25709819707592,478.463049554367,-12.360690400620783
15.814458838549696,153.71054546868757,536.0276461396328,-12.766189219460752
15.019606467318724,154.2262344123649,450.148195888087,-14.870505424946561
13.172725698283845,156.69667678826397,390.58076224871996,-23.264201057857882
12.611143997099783,157.86612607384862,420.47338435481436,-25.965822566681098
12.45025112830295,157.61737030285593,482.90715965321107,-13.45124465158166
16.111249984302955,153.88023371817465,465.5196018817495,-24.864673013559475
11.188576446539724,159.61320870953787,463.0366035564318,-21.218248718757412
11.896203697070888,158.5305249471195,455.8848220585206,-19.26330486058462
10.589383226746135,159.70066358062752,424.28516658617133,-16.729931015059158
11.338963250946312,158.45007076192854,450.40944374652537,-14.02398624785994
18.6377320174259,150.04113512907585,488.45034362494846,-12.368577476452534
8.746275321622655,162.33604310831478,351.32024340049065,-25.84803243479338
16.108029438713743,153.66890526434236,490.289011089822,-14.54431927735973
11.104372049643061,159.4432348156617,462.7758933853044,-20.50596856955983
15.169306022666474,154.61436518300738,491.9183448965133,-11.649667553557775
18.95009262161353,149.84424521738643,496.6095467881346,-13.46122138422699
9.851402200018434,161.10019719085838,391.2334258661485,-24.49394076670708
10.81548454434626,159.8765241576877,450.14040144330056,-17.967638873690422
17.22864446291901,152.53094011754288,496.9222415249115,-21.603271824335593
14.550057962877892,155.01365535907047,465.6479213291107,-13.897960964089862
14.098589120707722,155.6898166676135,467.79307488243165,-15.886620716108725
13.70364830718819,156.53821300311645,403.5258680472773,-26.296821081039248
12.339326950362906,158.05705096036434,436.3449351323902,-19.110423486345912
10.38796752111343,160.36256217730272,387.3272484337643,-25.120212095932974
10.14109938250976,160.35657670531364,409.0321738807785,-22.1344320901654
11.584592080041071,159.24866830843072,464.0157543610166,-25.72601767830858
11.272767895213725,159.53997407198068,416.63174810739974,-28.741953266498804
15.178734355900112,154.1338138469251,479.9203950882683,-12.235075393055133
19.005584009132637,149.82951066213195,487.3918217245074,-14.240332056223997
10.947809427385694,159.97416621508384,452.04193869115966,-25.578340375652566
14.265902994082785,155.4005822783889,434.0926983701579,-13.975202513347217
11.500023883162497,159.20909852876164,412.86430105271864,-26.83803811834849
16.620286591075345,152.43834448802198,431.6574514390075,-17.174138200665052
13.133733123285229,157.39316318665087,452.5828508321262,-27.67427825079879
17.739080162026326,151.74125896130073,483.15067769035863,-15.889467096838638
10.428541010003098,160.27792516139456,394.9263392704021,-21.6715520124938
13.093218449951724,156.92112437748196,507.6004708511905,-14.113563853243386
9.324532218640298,161.59226890535572,371.5401493330393,-24.541390219968704
14.184947872946104,155.78226056673836,492.0969275693085,-12.262010482520271
15.546939998816853,153.69214607793015,423.4902103992568,-14.812909378587452
12.277504558303523,158.10929158738614,389.72849947814814,-23.93183149087736
14.14012435748055,155.5442558467591,434.1740889842815,-19.067804276324424
11.00177175620965,159.6025532609974,378.44276620905475,-28.038638992488405
12.000111252756708,158.3043625338587,376.9926438277862,-24.570262828176816
11.02139265555411,159.92934257077584,427.5539296729884,-30.28642269601903
13.737514490999468,155.91391032319035,448.0727709506881,-10.650560526637507
13.822238923594211,156.45254672288624,419.3652441916344,-28.14542257393369
12.427628314141373,157.5049079039756,461.66914832596467,-14.799928674189669
12.894286649123636,157.2541274237089,371.39021313209196,-24.356644808444404
11.568709715502331,158.39114923206753,435.6780520259169,-14.905893160740149
17.31523346758524,152.488067827942,462.7993887866771,-26.12430666041313
12.779846448518875,157.36456472946907,527.4881752079407,-12.984541942923947
15.151813892911274,154.90897305110124,415.9554399658367,-27.574376284955356
15.020560012271112,154.98859839550113,422.2366398947849,-24.983381591345303
13.975633855904883,155.47595176378218,473.5476451838255,-12.65830862342942
12.105861549811179,157.97033481448304,479.5580427599483,-13.071204127444972
12.155157806084377,157.8135891490356,468.8123900742569,-12.37272102152126
11.094903204440483,159.93052625426157,455.1642503328631,-30.438254494924603
10.400132936948719,159.96318059557024,403.66288111629564,-17.26806450130818
10.866788486821195,160.00595899383114,449.26082048124835,-23.303524187989083
17.109675071652102,152.03095789939672,465.06789918606324,-14.682944226922883
13.714253088931812,156.61069672468201,477.42661342467693,-21.031538959241452
10.239944157985096,160.54963127084258,381.05089952506756,-25.817606093507468
16.763184863011887,152.85570971879514,487.4309817149465,-16.62959114888014
12.703913649297931,157.61266304797022,532.7758147868124,-15.309168751973779
16.993094797249608,152.76777229971498,480.58510906493257,-22.648228292441544
15.351319720535612,154.47943949685822,522.4662462417849,-12.377493284931969
11.53857783755369,159.27592674516634,439.005414125173,-27.60369460402578
11.712995528751422,158.8884251526784,435.93369133807226,-25.3468787235376
15.58731280623248,154.20279625979848,519.8457956000574,-16.715703697783322
15.860098644820143,154.13567578635832,481.1133169858521,-22.71270053633301
10.115281073990863,160.65610676792457,409.07556775182695,-22.432710917661993
10.919426811260804,159.99428629560725,437.8996911975706,-26.958930036764695
13.971651924217973,156.31345408124736,419.70930260775805,-27.62648130405817
11.988845367657916,158.60937850815966,449.42992902899584,-21.309296272863616
11.737836823241038,158.6780048520943,415.345288377857,-19.675855223463262
13.541818857631563,156.6939608820073,529.9570381136339,-14.633364667256277
19.403201898016224,149.7332524561584,503.91596205333923,-16.29451706541147
12.599489333804952,157.912005580303,427.3276387121464,-25.194066545273223
17.6267894057343,151.97210906318082,492.88979369922225,-16.04296814193148
15.388087515983244,154.53014370557068,459.0751560981788,-21.559505214744593
10.80262642492973,159.99596612066827,401.9680465118086,-28.417193797111604
10.58538848874435,160.2882985395867,398.3336025301802,-28.39003076987103
11.647370540261592,158.64543734114017,436.3268575510453,-16.42321051158887
14.630744879014932,155.20041509138986,453.50531847963873,-16.11988201604082
15.730259396529995,154.03452970320816,473.3917029085264,-14.850007551672128
11.972727615082212,158.3268928301559,413.1747784076521,-21.360312684142503
14.629400898500343,155.28729372809437,470.42472921198697,-18.34045425612328
12.658058956779186,157.34434811142663,387.37610588207247,-21.16083174535433
13.3632098835015,156.91821498745887,463.6558543200824,-19.099737534167048
13.600690504408597,156.6449832031457,481.653529134045,-18.0039074875545
12.526627224286546,157.7971615388658,458.8890211906343,-18.773216129706565
14.875029767671071,155.27295206058113,442.85604947623693,-27.52476535343001
11.094903196724525,159.70917994918932,433.5305749531518,-23.86331133686175
14.228630123749864,155.70142424626314,427.2564414840041,-21.05303890255265
14.461940550726633,155.40969700653977,427.49668900855903,-21.360918482111558
11.503165851036904,159.02223257245055,482.80121978656194,-16.342433557695305
15.47682078940119,154.09068511283493,481.59967628924926,-12.8514004512228
10.501208612451604,160.4594275647764,432.7927085767824,-26.887567051439984
10.517631608718695,160.3726640236069,400.1643793296168,-29.098943492944496
10.751899786069247,159.9791591117609,439.97862236554073,-20.67763776024766
14.110864264749518,156.20352045066085,478.96779029253844,-23.616432748650865
10.977541866196002,159.91140922463094,451.71392396017654,-24.211883718661717
11.087024229580065,159.06705018170237,427.8363938175065,-19.276573397187647
18.662197267675978,150.3490009229834,470.76367268461604,-13.592467976071546
13.864322517526164,156.34865696039677,442.0263067512474,-21.604439606147984
10.714512065732103,159.88795040494162,413.4778362141442,-18.31173511012914
12.829875118704141,157.24363146532718,409.636847508709,-21.88285106209404
15.828836793054382,153.89541028288824,542.687308700219,-12.866797622737995
11.631504215381407,159.2022134455158,439.0368204306244,-28.98721111112067
11.650062769674733,158.33947647066168,415.0162611161879,-14.730186269648527
11.408593145869757,159.06268040864305,379.62355330991824,-27.026759704507
9.148295703769252,161.94865273038434,360.12959860731826,-27.838296246712336
14.625201421472656,155.35406845541686,493.6284539554847,-19.12164583718173
14.503098158693977,155.55035722639167,522.2729848598235,-16.98011669560636
12.329144125171911,158.13448363966614,388.9069955958509,-28.27403383753592
13.091077321262473,157.49477384161975,444.1322096807121,-30.06093512512205
15.778578805919693,153.92539929794606,518.723279483341,-13.508974690215888
13.72338520735878,156.46433248642535,511.98226325483597,-15.463384819495014
15.510490112473269,154.28944864937225,495.3429129538199,-18.444910882180512
12.990861125358586,157.05464268723338,387.5191832079511,-21.518423050526398
17.158799601380483,152.27383409053505,453.6555212378106,-17.763698575300353
11.154631683947366,159.40888489860325,368.84089085454775,-26.87546415224923
15.46132701076388,153.72099361729516,447.0569065000406,-14.262557120368829
12.48807143873663,157.36380828665304,437.3032335448512,-17.169107894777742
13.209809766058205,157.00314986010423,489.9825504489572,-17.651384327025067
12.09287497261528,158.2596106055037,488.97930395649354,-16.802400346886195
10.272910176650601,160.2592028372543,422.4887663443175,-16.975935683598212
19.05442692421917,150.16403823478132,512.8604935997018,-16.165231172657396
10.65793231277806,159.50199143070296,414.347262492994,-12.237501237620176
10.752590912290962,160.1422945634059,442.98025797703167,-25.097805855204314
15.775227978949529,153.936539389902,501.0662096750579,-15.604540038733415
11.256499625649253,158.7642548889278,438.83045296889384,-16.809726330473048
15.209086237603604,154.8275790401494,410.82238586329373,-27.138756036604562
16.06803062664063,153.57572302546058,483.25981941842196,-16.327090870268634
12.813944605604645,157.87257239203146,473.37981302778684,-28.026679280005283
12.909043447914184,157.3558434407183,395.6898671593536,-24.32701889625503
13.823722936952556,156.43258504250667,481.442265552054,-18.104773719978603
12.395879292767411,157.71017820428676,416.96428246549505,-20.065533642118734
10.6129408480092,160.16293241728926,432.26598361052817,-19.78598771260784
11.791274144511972,159.03838745611202,486.21604873298014,-23.954398113204988
10.74145403790611,160.03772662591481,446.2353280674168,-21.016555616048755
11.318393367143427,158.9721072110067,428.39082670640363,-15.763361765986438
12.628512054789443,157.77458326550953,473.6094760372915,-21.555514046295457
12.894127189262758,157.58874123125761,450.8972288282316,-23.51648036606942
14.26883901719171,155.13567298966956,492.7433734286468,-12.738743551505797
10.708159418019171,160.1609253405014,407.3795912207776,-26.97304651387601
14.616789970294667,154.99167996994063,438.678966218551,-17.50371452919385
11.709688773944807,158.85844617001186,411.69910848850657,-23.639154402639107
10.692678974534878,160.45487406258735,449.75819499666244,-32.2377943142635
10.681037881789036,160.295204003515,410.099389009087,-29.77622563445731
10.663095676254164,159.68259766855212,406.99055548173715,-18.06104559843533
11.019463623329006,159.66355072885122,425.99982326660574,-20.359751294249996
16.82876954441644,152.65484159060475,467.8925976838905,-13.888197941068867
12.801389618330708,157.75652829832165,490.9790898133911,-21.712847060325057
17.20316360931038,152.35628498020205,475.17763497816986,-14.422208766073496
14.114026825690132,156.17412456002086,420.85454393297925,-28.933500764626892
14.27085881525518,155.82019951376816,495.98022330480524,-19.661906978185304
10.11655895226034,160.74481271886523,401.14084655085753,-23.420016703057794
10.20783166109047,160.2450036482962,426.76649554805067,-16.342046504255052
13.918501269177586,156.37192675528277,423.5066191858588,-26.341270105611805
17.448399657114408,152.3404378894441,471.75031506499727,-23.620041202511796
11.521215517162068,158.59968380271096,447.78760305487185,-16.95255390481194
15.550912848180285,154.373745119856,422.9230407884683,-24.22072426235975
12.101183888587608,158.2089398348847,449.4796779193772,-17.91626388976245
15.183979029403911,154.5402550477615,455.4461124705663,-19.510893198387677
13.41190806408549,156.94496428801762,425.3685157574019,-24.96140132501615
11.26915824853068,159.22327545832985,374.5380856755955,-27.894190079279394
12.969446764333012,157.49473134325052,492.4362480286187,-18.068933587984663
12.565782390076585,157.59073410503865,446.485591663637,-14.49178993916436
10.421512858471763,160.52257178338004,433.8967027075987,-22.911538219378887
12.187881072477314,158.4413183175764,448.7307700887425,-25.850200444465564
14.39217273138266,155.5710543661426,442.7083618776012,-19.891802940481035
14.019255807712122,156.22858612190325,431.9542094219871,-23.826380515246054
13.320881447752242,156.74815339125843,420.64269437543885,-20.463518651234107
18.1452205894147,150.91772677889963,512.6635493889477,-11.939951498062763
13.565442887304956,156.42994186087523,368.6782737106241,-26.58016251644272
11.425530756406538,159.09507261340926,484.17059799045086,-15.474686733698988
10.98789727964119,159.53713532377822,381.9241170319311,-23.50036979242487
12.645182139969675,157.8854799690162,454.5274613651165,-22.007757844618716
10.63393008325282,160.02948591100824,433.15441671277995,-19.71032196472987
10.966057411059474,159.67814317726987,442.84752773115395,-20.602024973079757
13.600911999009657,155.95716431179503,444.53132939015643,-14.025051863641828
14.07599745752678,155.78203787463164,438.6615115772497,-18.33440595311688
16.37500207548692,152.79924358416469,475.92798722320856,-12.297634674230462
11.54065437915353,158.93454947467012,471.7318460440502,-19.326421838861254
16.029427508228448,153.251536157371,473.86100178253724,-14.044957585554975
12.461673099128623,157.70539246295115,427.3009788519751,-16.140601947641375
10.110002511369734,160.92318845352003,425.34270165344265,-25.735150793031625
12.112092739579559,158.6854961864887,487.250987529041,-25.09229314676609
13.984560137103335,156.33795065413094,434.3762036189311,-26.460245622398286
17.898937902181626,151.47736723199472,537.482810575717,-12.128174644977134
11.956549062524351,158.44362107737464,459.91164456072505,-15.607780347676428
13.086763799521952,157.4552078514246,499.0746054157239,-21.753235204257134
9.427896775356002,161.64224872266573,372.9806268518033,-26.593435686337052
13.994017007236547,156.16704406581368,467.13210394316695,-21.481064518800398
14.986676439068962,154.5383680583298,468.0804715097637,-14.633591454384668
13.618335417052787,156.03261774683804,408.1783166263397,-19.70370408919129
13.029689386086108,157.47567487418127,509.1318933073856,-19.426045169850322
13.593846820754267,156.81318220206262,483.0608073087785,-20.60181357354629
12.766367680667,157.3374182675727,461.6735589222573,-15.490346087781516
19.705353209667713,149.48516055712568,498.9967331603287,-13.550355169836402
11.806200940337982,158.67040683446746,451.155399653569,-21.75288166939928
11.201173737364618,158.96034576690883,448.26519732903887,-10.996290392811709
11.619645898789706,158.6573960142606,463.5165184560069,-16.5413089837661
17.514499368186303,152.12346071175517,518.5988563760933,-16.552957087278727
10.516361630467738,159.91878971569992,430.64192029264234,-14.539601652240194
14.44001756762562,155.64982351610797,433.0383909778617,-21.026826886760695
10.280347073617069,160.50704857610324,417.05582303912087,-19.22288658687331
16.841231664045697,152.69706084947174,512.5537798019133,-11.779075853951605
10.091826666042925,160.95052978676816,403.6660587911043,-28.053020637874223
15.464331783718048,154.67067883958276,490.33753325275995,-22.814093637773265
10.99869175077422,159.71542539693468,379.0752061306177,-26.033919384623132
13.411044403071015,156.77360152521578,485.4445830973855,-17.593572352845417
10.611997702700087,160.3143206712586,406.2783177060651,-28.339264911918637
17.72828594540817,151.73149601631962,530.3230246030536,-14.321347290200269
14.178617411216889,155.21145087688015,443.28219563701913,-14.106650193777398
11.235911960743106,158.95067606166126,416.2663593895951,-16.566510736237586
14.203704474368578,155.98836195931912,500.02319883099176,-15.205753616477779
13.07561456851336,157.47210481129315,500.6651454137966,-20.859133623884535
13.790848098462524,156.49166577117666,484.24191718847806,-17.03613000765781
17.26480962537123,152.3534518247203,468.4133349832578,-18.952038972440725
10.882348315485512,159.9637605110378,440.53196576550573,-25.591823069996906
11.244521340692812,159.55441208425674,417.80424391171806,-26.809970395567827
15.143367101047616,154.385773800728,464.39761657822174,-17.095693051164456
15.450645021218497,153.60453739824138,429.9421071580828,-13.493271841006678
10.984463295249961,159.71907420681683,461.7184201671035,-19.56151153480159
21.821713008244924,147.1636701822484,529.5115173140643,-12.375787009039165
10.391035851267727,159.98302154760458,428.46555866501814,-18.183856590534532
13.337636816368107,156.94992466662126,423.9485560042333,-23.860364020778757
10.891465476564132,160.11297348381373,452.1769416011906,-26.94639638809932
12.038242874788466,158.21497927708128,413.399131234234,-21.45991941757852
10.598263751299418,160.267625354719,387.3879512541408,-26.706245375638357
14.150328665329992,155.37467432466562,425.561754157703,-13.374274554073248
14.517351333480072,155.82392104211416,442.3561891575063,-30.238320983288894
11.437370063973416,159.18060548262997,447.26686369137946,-18.024183323751206
13.325777050426826,157.00350298984208,514.7189955583035,-13.414059735630694
11.657545445829141,158.99737431609944,466.5334541793386,-17.855229303450272
11.54426203210289,159.1084569294423,428.72556206761664,-21.50288924231486
12.822955392841259,157.3597987394966,464.49694235948016,-15.260610487536278
11.780804959250256,158.30836240761835,445.9018435701444,-15.684001725412916
19.082668622888995,149.76929890565847,502.374658398217,-13.113531894777097
11.455488333872657,159.34802784084306,429.44228775940803,-28.136398325978703
11.167437864727278,159.54870469614252,447.58786144736456,-18.33606706841652
10.699566790680578,160.02956057335004,440.2856478600116,-20.795935234962165
10.863919528845894,159.29963237346786,418.1835943235705,-12.375531438799873
11.562151703469802,159.16466792521376,450.5400445724693,-22.618039482807742
12.17025239234687,158.11172858384955,393.1118396731762,-21.754388806781357
16.720210878411805,152.96352511355158,463.55617089406064,-21.769158968744808
13.540292217150157,156.0876738209555,454.33940171577905,-10.985457116366332
15.535011705453309,154.35850945438892,518.2561498840569,-14.058876282111058
15.002548999651705,154.93166659517604,504.9867510051396,-11.218651471281065
13.94379420580467,156.1633749421932,458.16840977433293,-19.79694146330898
17.552214057094822,152.092982692075,464.66713593547894,-18.545780611448382
12.561156751674135,157.56395557975884,418.2965963567167,-20.646594119268897
15.802466903363662,153.200766395321,481.83198136667414,-11.65362672718745
9.911625266762188,161.06123290387058,415.72722935186744,-25.080273771730102
14.324804327479656,155.85618969394554,454.00556419437754,-20.122017984247954
11.29717347393633,159.16403427943553,388.4380050482576,-25.72238819384544
12.604976285605359,157.46229388096822,459.7684535821959,-16.756556574867655
12.527581912308458,157.86588156357408,450.3208273623807,-22.018423681271962
14.76895713700002,155.00012204868213,434.5667615825071,-21.330136630158208
14.53563270590218,155.3593372447577,394.77080887371034,-24.01156910647155
13.810687721786408,156.44817863981928,508.9477420852513,-15.127172017464858
10.723654670296314,160.25292973204884,407.14602596397197,-30.01572082308558
9.329648886451285,161.65360591994417,346.1777763133191,-26.48545707859216
12.853012423453317,157.3006943265304,454.83495058888,-16.05092900428368
15.722124062558628,153.9022703968273,486.1716326978725,-11.53760455452898
10.996445600958708,159.64402469821945,396.5993432478378,-21.766789187144095
11.617051068512286,159.14733827530526,455.7983399336354,-22.814164999117143
11.473739247829098,158.93713061469515,379.61900834717846,-22.33556873470633
12.586619932545483,157.92477462977413,499.3012759721911,-18.302385489872012
16.230731035472985,153.58121379241723,494.99906380403155,-20.19248770250582
14.063806541431944,156.1192546890778,487.4717879688428,-19.360236621139244
14.499702065625884,155.5064329230137,466.4967896616833,-16.226151242985672
12.728616666960162,157.82737019984702,449.106355817844,-25.473006880823974
16.747680932523842,153.06725330257476,468.3245543221998,-19.04084698401137
16.67680826999813,152.69234938134062,449.02754774093216,-16.10625558936466
16.57687837741823,152.81289033636435,438.8068666347232,-16.128605722304748
13.678432317814329,156.72563839133556,430.942164739823,-29.36812894377699
14.552597790436815,155.19323466951332,512.013820072762,-13.419890380573248
10.583433284612147,160.3562118842939,426.47572901962974,-27.214394072281298
13.890573460316304,155.5080295030339,465.0148380601872,-13.677482953096668
13.286993659714932,157.08768651953056,495.5444268647536,-20.341896293362797
10.805082353515177,159.44857473732486,434.7681608671545,-16.096325643898584
9.721581774150835,161.07166499197996,362.78325494916237,-22.28324664438259
12.274223633243869,157.66678067478378,399.88822017854983,-17.566498506899777
16.79687988751314,152.8470387404288,473.6068505631307,-17.96385037790505
13.130072386627536,156.5729292558403,489.19539446658945,-13.646321780324664
11.332341328711255,158.89100981695523,386.1055282281111,-20.872892558348102
10.525799479814236,160.0590452665758,418.19659203744914,-22.89728294327629
11.01484002598644,159.4175497846399,464.00045206614465,-14.633399810554494
10.933882180645263,159.9442584636211,426.5781299639887,-24.940298295513355
11.336817824146975,159.4965438839685,468.8614778465016,-22.040136842597157
14.935496207724361,154.84332557818297,510.1181958785549,-13.361126023352883
9.550888490038748,161.48905068369982,380.56279327058587,-26.12086444817858
13.19280071800557,157.297523434891,508.1737246094627,-18.978280119889607
14.548713058217654,154.8031253990681,438.9014039458139,-11.6801794577201
12.802860213983221,156.67156695031977,470.8474059348988,-12.656565227995275
14.870827059467066,155.27494511226624,517.6108024263929,-15.977485059244747
12.063870958110204,158.5032035452058,411.8341379061021,-24.14265156813609
10.56020656100197,160.3730985901074,395.70399535445205,-28.755317953244106
12.189100513537053,158.46190517129924,503.1785093444748,-18.009605138805316
10.65852110225237,160.14336896038958,403.83610614026776,-26.532242981529627
13.647031619184379,156.61061959570952,429.7185919611666,-21.95639360310073
10.48650674963886,160.49031771602628,438.8867597868239,-24.276580083061436
10.648664998145753,159.7972620260233,419.66756095473636,-20.706974346864758
11.853846948145875,158.53835964899469,490.0762858899268,-16.81676043308523
12.679580512453093,157.84265943203036,436.526274643906,-23.774946657741697
10.862679668546583,160.08215102933076,429.9897622315969,-26.537524703125893
11.406042042603028,159.11550556211458,431.23140982701835,-19.163580372532902
13.295970431623727,156.9868674446716,429.74698957258465,-22.836195072455347
11.217017871296783,159.53952880606462,415.8099985055403,-24.602959298682038
12.642005071733582,157.87992727650814,405.2547520935401,-28.53550365176834
12.741979505243338,157.63990858669592,471.9852888956111,-21.49248219723022
11.553092020002348,158.70733279526618,462.46989795031664,-16.68562438559162
13.641403606540926,156.3099038650915,385.38592818071896,-20.589388355035492
16.080432518781077,153.5998770687293,479.92427064702747,-16.466857007607647
15.244233964276823,154.13793698625935,487.0630067997906,-13.277554964011415
18.020043145086188,151.571805780155,501.3619549304347,-18.81688446915193
12.972178209871943,157.3710412141012,460.47455760974435,-16.92847566977182
14.257131565984276,155.37628143094574,422.42581324651337,-13.79844343278294
10.62137055056459,160.513434051207,442.956562265191,-30.451035883709878
15.668305130945509,154.38732883038048,469.0883785612845,-23.289383550994167
10.562411829153149,159.8971838485634,406.6771340808578,-20.501848095456143
14.8663205635935,154.93549200540338,498.49118763789266,-11.726028854438677
14.31080482455433,155.95744711668422,498.27595788969114,-20.908170379500525
11.697578833689608,158.8013243025067,460.5388955258947,-18.093836556318042
11.898276090674512,158.39235031282243,434.94839215064894,-15.48556627290435
13.057858412682275,156.96965552410637,500.9099389869957,-14.550818395344836
11.958381178758383,158.0402429529751,431.1890760623037,-13.923182477328137
9.53747899018692,161.65053818793217,389.7709713575732,-28.689516394167885
11.418361027676742,158.8702761749927,435.19337450572925,-15.631874974159711
11.234455553097238,159.29944898337868,451.7283708669685,-19.478203079154728
14.894210135284554,155.2888500227315,476.17475246810216,-21.036781550490296
17.349450089676125,152.02135386314512,465.3093181133417,-12.085694694952904
12.134446515524782,158.32162301428932,438.30381455818934,-22.63296209028303
11.807656664595235,158.49420220086404,375.4848764264802,-22.287262890529984
18.324558531485426,150.9483455350613,471.6043269535795,-12.989859696396966
15.8322659217317,154.0580041327944,556.3016663979593,-14.680590250531482
13.405957223329885,156.72309399582332,468.8307734741384,-14.035349766862442
11.398697561287296,159.29019926131167,451.30746316487364,-19.18654161501587
14.129817842428261,155.41271086647842,472.2462967914779,-13.78116616724254
15.5604928566304,154.33255159420634,506.6962006572893,-17.45074224867836
12.855127190198157,156.85291339510323,456.1608362444153,-13.094639578563209
17.971247974500017,151.54303257200831,538.1929665471328,-14.397324105551965
13.443828541535519,156.88728104641402,498.4908074355465,-18.46022434868784
14.658828349780176,155.20803161888875,431.2780326174008,-18.39731581621621
10.220213371876795,160.7708304118582,434.28188501167244,-21.79382770229122
11.588456936577689,158.8360398511162,382.03416311796985,-24.10036752918587
16.03345076066904,153.8331530455052,503.89695286791164,-13.864096646616582
14.041344894081258,156.11663088114696,476.44522614832465,-19.677467566921496
15.437625879441606,154.35583950872456,479.414842807275,-14.272464297858754
14.548016327575532,155.5230001485649,435.5763948701909,-20.054618295032437
13.041319174247574,157.4815076053725,470.37123575460646,-23.466663474264458
17.637288039132788,152.00757648953635,465.94617404488525,-22.788959791731532
10.692941487572144,160.06672721807178,381.9271824167088,-26.672681460916134
12.710975767320909,157.48666353135508,404.5424651221123,-23.333323408921093
18.107488240436698,151.49223949340526,481.271999821687,-21.10670246100945
13.8244294047212,156.5714990913318,508.1874751390401,-19.750572834500915
16.500771063924784,153.1143375236806,473.28662591683604,-12.523146830156012
11.886246418515546,158.83091862474674,475.03281796131387,-21.634784379861657
10.91304247449259,159.4626080323194,437.1782418991539,-12.704675570198704
11.173321592182635,159.49496704652822,402.02876087685615,-22.435604128342074
14.870062055410202,154.77378845108382,398.93264100825445,-18.27000217642971
11.968365415713425,158.3371701006915,457.3648244864412,-15.79978803849228
13.80447104978853,155.9079366311603,388.57823939379205,-19.491542079438705
10.648409610647844,160.2214264799301,400.33880984120776,-28.27206178902168
16.12845239281421,153.2977309842748,464.30246923800314,-13.822942642295724
9.820885684563585,161.25528427689457,399.9553749877972,-25.521336390963278
14.06144026323814,155.67799916581626,462.0785820414594,-10.717852387146854
12.930798476033985,157.26105595955184,400.65519176998146,-24.50921914175096
15.225672496501073,154.54457708567168,431.6729917578803,-19.95648448816544
12.901714752393682,157.49843552277224,411.11108144011166,-25.158063708461896
16.19794983257158,153.4784906579845,481.2955257649594,-12.313975397822059
13.96273649285209,156.08941970815263,466.35798727956154,-17.20216897743823
9.435981473198781,161.8040534558908,394.5402326177049,-29.406278592411553
10.77830482189831,160.0674294929547,450.1946147091197,-19.340771192824914
10.72568018836431,159.8454217337049,429.6578900750824,-16.613656183259767
13.881245543426413,156.03667252398782,483.0834970793249,-15.545679890794425
10.0549961874225,160.71683743226515,357.10838223966505,-25.654370532163696
12.876239720486891,156.90919426846884,440.1032819155692,-16.02735315571302
13.833288391551799,155.7521955944249,399.86442722230504,-17.949787018743653
11.337438960762862,159.33480812136375,445.2407956489771,-18.22241276906757
15.67254381654936,154.016619851894,482.0322452961886,-16.378399325592458
10.02723286749644,160.69014211072727,409.67075426066447,-18.32092766604913
16.465202259595223,153.43242292315472,501.69935208719966,-19.092369971108834
13.676481710193778,156.0967234798889,448.16209641429543,-18.315206590161562
19.55912073673186,149.67016514371974,523.1785413632978,-13.10006931854821
16.767963385333267,152.50163115190819,444.3145416402043,-15.073628053634366
12.334094500656917,158.20232883828683,488.22751992378704,-14.563911863870324
12.952487944961987,157.66469766800185,468.521282861606,-25.047991877852137
12.960205479010257,157.10407718108715,411.0737281317163,-19.76721039819425
16.376938361755442,153.51380881297467,488.07639624439065,-18.05793581487877
15.48278748500817,154.66924395826922,476.0197048424912,-25.170598907822804
19.110539861322344,150.3104211237867,486.4820354621354,-18.59940857284602
11.714727943188992,158.9321844040593,447.52704185336074,-22.37943490948343
11.544773017176912,158.67838771288953,404.1445020201256,-18.920604106368522
14.023310426558812,156.11770710895,450.7595604363633,-18.677250405265312
13.396056298123277,156.5578258953129,366.70749899456706,-22.536539915045687
14.919169666520817,155.19136068145093,436.48367115932666,-25.779708044352336
15.533714082608595,154.34770799405445,470.90301392643636,-20.827640073661918
11.290609930290548,159.00346748049782,435.0365218851851,-16.18656886182269
15.663310051659225,154.0319577776582,520.687030618778,-14.413010357984945
10.161929889737575,160.890338816125,412.6068204605198,-27.111742762841274
13.085250577361965,157.14761955478485,455.6323738958424,-16.60140153670141
12.105989753538422,158.44735053029157,472.3287614351572,-15.949078983034086
17.973474391441524,151.60305297122432,467.3725385592632,-16.119854597848395
13.16782945100357,157.18738894171508,450.2320120248263,-21.260166933178375
12.039742504131846,158.29800871897484,389.2379939905439,-21.31882726370452
11.334039277164162,159.31282395322697,425.0745965863371,-24.48031026785184
12.42534024712198,157.92337903901426,404.1803683703803,-24.129910153234604
12.967689895826654,157.1615843666172,406.9408409750737,-22.66269903835555
13.85189800137591,156.24998635159088,434.2592955564557,-20.95838612737263
15.048571322652837,154.84985785954646,431.28773786554063,-22.039019713033852
11.018707715761568,159.92007928928533,450.34095039989495,-25.24684822283711
13.683981583799639,156.62458583901653,516.6640942329515,-17.039330659404406
11.34875533031294,158.95894400547803,401.6557415970216,-17.626510399618063
11.997553888408387,158.52473604872299,401.5917620286509,-23.606642832613733
9.925879804807764,160.90773017392246,383.61859893966823,-22.52014088586955
11.548744037022278,158.96685998201224,487.94372856591565,-11.377863543511454
15.09276198591242,155.09482715762212,461.18715638054005,-25.569010383168546
14.280354624438758,155.85934097388846,536.1855453135684,-13.044874130431372
10.337249602164498,160.69780005039436,427.3737003995326,-25.118944253080297
12.689918846252354,157.82358873694196,417.68551751881216,-25.739855360287137
14.082390657579104,156.2419290857832,466.629159163957,-23.599376867136698
11.219478713390371,159.50952720352475,422.22381260763063,-22.433363488927327
13.824676530700007,156.02942150982537,390.3626781427555,-18.656039427460286
17.840731939502547,151.93571613661916,470.0815672155476,-23.824502440904844
18.04860301204462,151.57369079449995,530.9731803079843,-15.65277210112002
11.842839995054238,158.60412641860032,493.6301413632098,-11.540406675187699
13.67842380089698,156.27211373888247,388.5125749899063,-21.709821788111647
12.219762277043626,158.331456577361,508.0435195302475,-13.804412959862033
10.475680550225874,160.28302896212787,390.6858846875899,-21.83384237316089
15.310353286292873,154.74126282800813,512.7786998882871,-17.09706976939127
13.264603725524745,157.03140276553086,551.6096686661552,-14.521023727108638
20.66241899649694,148.06846193389018,511.2289803048458,-11.865257242930486
11.392554314922904,158.92101736037847,448.47380016748764,-17.318149671725482
13.171207000724802,156.6634989456946,453.1408467327443,-12.836551869212856
14.074808633319634,156.2214702580171,545.6939208593014,-15.084908479457994
13.81636815916762,156.6337344926491,498.9823349652471,-22.34959217380581
12.071858206405325,157.82014059025457,495.477248456918,-13.05328341047192
14.87985867766083,154.74817020349363,404.0929054478175,-19.091643545931916
13.201882233833198,156.9833656148566,381.66523048786877,-28.36037844546956
10.997164275512796,159.7218657653901,454.89936170731016,-16.36824371669888
13.395734068033727,156.43135241627044,411.2463676969024,-18.848144254088428
19.806563206159932,149.1650338935675,523.3815616742139,-12.513540675657513
15.585542101572724,154.23428223771253,474.79085215668897,-18.429046191689757
11.749191585994275,158.63713610032823,474.5732079967445,-12.166481497847938
14.798888995257867,155.42453417709146,497.24023687397045,-19.345023936433968
14.720219467347261,155.51167526482794,522.3459983865519,-19.20440552699034
11.06513256564424,159.8104540782674,437.49271711264225,-26.187411489823187
13.252592305291305,157.1400204323226,459.9817275904461,-19.555855216079568
14.402646465371824,155.20873964196753,453.64728929868073,-14.501479243032659
17.49265047699063,152.20847179237205,491.32011202073437,-17.23706001920478
15.809383951679882,154.22093783064622,518.1513935649594,-17.525180829695532
14.461946350053356,155.86214633086715,431.37612665766653,-29.038923848871285
12.145489260380279,158.41501477353708,399.105594862964,-28.055404017717105
10.708621864661188,160.10403458558253,398.80632937952623,-27.62596896978292
12.82798835038856,157.35438566279274,464.2002048602763,-17.545998380415288
14.786584294630229,155.327930734525,411.6770552288404,-27.523903185582185
12.591364124167752,157.3648747608693,415.33298615384587,-16.584897013192126
15.483392899173015,153.83453279518872,437.30573138285285,-10.756756995560826
12.981946876979931,157.4084591964126,499.37303575140515,-19.31208671835188
11.589577712872654,159.29012898808276,469.6461571091136,-25.238792781747033
12.27978919157058,157.36775248150084,437.1889195049048,-12.011136176711762
12.860872093866476,157.7091083060614,448.8743190285835,-24.39109628586835
12.847400471801848,157.0196828991946,431.3033601563178,-12.46310325707587
11.860834775480802,158.9278885838057,482.3549834741125,-23.071299940416093
14.362704787567129,155.41527247403707,437.807155987686,-14.82172956425484
13.477680528063436,156.83028072169236,412.3512790609902,-26.415618295319824
15.187055915835455,154.96857766925737,495.0610305255362,-19.619281107077637
15.296007213735042,154.74018917351302,480.41680553581915,-15.69134305136124
13.310101551404419,157.02372980431184,416.01602080864717,-22.908397378269424
18.04413905743223,150.9307927383858,476.4755692461691,-13.143771325265847
13.764785183629412,156.5410474742495,498.3101890588746,-15.61960469673934
10.348460906962726,160.5100015312549,400.849589509197,-23.928408514708938
14.774792952013655,154.6517499809381,403.0068045064171,-16.99707148061991
12.429625010705271,157.84546921043412,463.7177235656446,-12.577790180786238
14.81134100455065,155.18529916809578,508.4998413501005,-12.910931853429064
12.364312404470612,158.17248434414103,469.1453593481174,-16.86377728028518
10.404730674327034,160.54031077170035,411.2841148398944,-26.12914276353784
8.850165683207928,162.28467359971512,343.07624192378387,-26.983832997461406
17.634989277564724,151.95049698193318,500.646012129847,-15.860935061578434
14.064375048300718,155.8260392418588,377.28200832714936,-24.02439277119423
16.31600049778205,153.0247567604018,488.5652518457992,-11.801717412090362
13.65608776805542,156.86326347880095,466.41007171285304,-26.313935190817872
9.91009078029675,161.2265160399042,417.044116498839,-27.006932003337692
17.169522316480272,152.51232884963815,470.6523565165191,-22.030989876703874
13.038492870265378,157.3485093577053,437.081992663922,-24.193811402242844
14.20535552729769,155.6991993411763,526.165811547544,-12.987642458967297
12.29735339529688,158.235036142581,477.0649579073635,-16.730208516892123
10.598818172225183,160.41941177882592,429.1908179900041,-27.50026177880736
10.636179327541408,159.65566650977956,422.94410680795426,-18.567650248052093
16.033085139857217,153.66560353694385,507.52066574195004,-14.564405752145946
13.213769969455122,157.11980834799448,440.7989986204095,-21.862149839896738
12.768422991594017,157.5048577616325,400.78378901652434,-23.417204876254786
14.473911174558216,155.60873189038088,519.1312768940772,-14.45277579744911
11.933339770557014,158.87525302822223,445.3300965420326,-27.16134146478415
12.686684546182263,157.41773132786037,454.50644088565116,-18.79583779547336
13.670814182337084,156.36064413371648,452.67169627733165,-14.19943919064324
18.641104068700688,150.67709926361496,485.6266744135183,-15.538836345471726
13.366879865484217,156.4506520997729,452.49279234913604,-15.669723334861187
11.736241956218821,158.75109221281775,468.6108676400342,-13.911243724121945
14.765162832569965,154.3941411086897,428.8199297747357,-10.531044126817859
12.796018211893971,157.0946732354131,406.4098651906975,-17.12104207215525
20.47164272424775,148.83122904654587,516.4925030547166,-18.17819442912195
11.729760613816303,158.8707877983661,487.61582625482316,-19.06079101317713
13.014342342705971,157.11342987941958,479.21793963757693,-13.183310189289827
12.85198018353696,156.96708869813867,427.85468850903027,-12.555976719028253
12.661032166310706,157.9996058088618,456.9892189567362,-25.424110682970692
14.220044754276161,155.1356274001483,468.77962825216355,-11.95652963276024
9.65168818386186,161.46647460852083,387.2520207787879,-27.764001464074862
11.58502919895586,158.68322195969813,403.65778230826265,-18.982793562418856
10.93394745025131,159.64997594835157,356.56853400473005,-26.208303860100408
16.11866755071396,153.01412814371443,474.37572047782004,-12.820284965314416
15.975412763002153,153.96213629114825,560.5031013875569,-13.205931682045666
15.600705219013467,154.25596461806273,449.2784614621388,-17.163797310908073
12.273418397291689,158.16624195335703,447.2454758506862,-22.09703734053163
17.401484801580768,151.60944242145052,444.2625602740058,-12.75251575015656
15.933824970075744,153.89849880238944,499.1555359186543,-14.260951929289174
13.633809493281776,156.27170848064537,410.24230957987857,-20.58270294028404
11.807839801898494,158.10404210520275,472.83568970889553,-13.456671727733838
12.575722702896238,157.66168199741793,432.24773657912664,-22.207331148948448
11.657012336076546,159.11375396383406,466.81040181290894,-21.76864402069668
13.373749601486596,156.18110939466368,418.7238268501015,-13.299710030699869
12.128269635699004,157.59460778982154,458.0196033937965,-11.71904468880944
13.984682653139727,156.2347794987097,488.1068698521754,-15.793871930909711
11.961914657804735,158.52522277386652,505.81869216179547,-12.910279044323588
15.281151501516177,154.53790648346396,409.41064170428774,-24.191102081809053
14.710739278881604,155.21490714944758,512.5483581887648,-16.5845497405898
16.31294588041293,153.52080746122218,471.7630268630267,-17.59395009540417
16.06188284951587,153.72621489960034,460.3596893750008,-17.085376912129107
10.998313078030058,159.3795446780673,444.9149370573147,-15.255331915554965
16.5547124940672,153.4058615453768,501.9594569045095,-21.850274538777906
12.187020736717301,158.31238195959088,419.86471906605556,-25.57235649138523
10.289969213339669,160.54744870699867,378.9545641260485,-26.288063310741055
11.776919882113143,158.64466092742413,449.90358700709754,-15.248876905420822
16.34496015491745,153.06003765830258,431.3654418504895,-20.95861967081701
12.132777843642554,158.14877491162304,509.73249385908866,-14.524946998710204
13.164819561486162,157.3189577580608,479.5595890371431,-19.825583162172983
12.32664982143607,157.9811203011887,368.50497993893066,-23.315032217453282
12.734280139532592,157.32348335475714,419.7890216396202,-16.562510884482446
13.759600741838995,156.16491844367295,451.88619695661146,-13.956066961885593
15.203815342516522,154.5435809297864,450.4526794430937,-20.921965207431878
11.371282234481104,159.29979492665257,390.10054817916915,-24.177755040326154
15.963607562291335,154.0013600362572,464.1578636787438,-18.479283446066066
17.910276404673358,151.41863087045883,517.8030973216121,-14.634521236237422
12.02345836443837,158.32265098606112,470.8277688195857,-18.967890118055386
11.186706425781162,159.08657959549515,396.7687449115891,-22.087627807227317
17.252533460811243,152.48667924344898,466.95485721511994,-20.991166005819707
10.938914353928226,159.44951166187693,457.5198153139847,-17.747722218659774
13.830471957377329,156.18699992842758,472.51109022233146,-15.639642205070295
11.191982830753343,159.6654948875389,413.81600807965094,-26.976554934002902
12.730505872776542,157.8011624091014,469.0075698334698,-21.754369701559934
11.349691899151447,159.35998089432655,482.82537219336797,-15.092342265915981
15.13739307565394,154.2902992236928,481.26487744310793,-12.387369800915929
15.092059905074807,154.37249678394485,467.6958184192436,-11.002909506483329
12.55248242919757,157.7621398705742,519.1876005264616,-14.64702499505312
14.590496760751783,155.49876337058566,510.23015252521566,-12.653886210140325
11.964180375155793,158.53776033286067,500.9119384782375,-11.632770217063724
10.763336362854675,160.20156950144107,419.36833730058197,-26.70632918085605
12.711596828586352,157.95104704565887,473.7185476363146,-23.41744830515802
19.060890534987728,150.46707967741887,513.8286840205385,-18.60337919771282
11.766068248175909,158.69170347599493,437.37088797364976,-20.328785111252948
12.764939844151153,157.69393133105976,441.94960185808725,-20.84926866471212
11.774093479401001,158.2802696964967,408.16471894132206,-15.230593501985364
16.845748905055718,153.05263087190852,536.5927483780773,-18.043887358123644
11.87214355803599,158.55925093908886,492.1116549229565,-14.782281702807165
12.050501520603367,158.525195575122,480.3766142875755,-16.833352795513118
11.528752616947175,159.12759999415843,405.3297565434666,-27.39920154284657
16.953044077472725,152.96406783089085,506.24300949182555,-21.231900996956824
14.796199343829132,155.47917643722542,473.9467970125278,-23.00637118478417
12.803961657978242,157.37461234759354,437.154646437123,-18.178460684880708
14.274036852820114,155.93031901579027,468.18604490035966,-17.00847491712812
14.647722618423854,155.12161578946095,439.43337992103767,-18.74032784094227
12.583448642022214,158.0064318587601,511.9979131094942,-18.92495210916025
16.942126881893575,152.89343563301946,512.5644869921006,-17.697426972930177
9.708663396570063,161.32343439472427,393.2017453246296,-27.843175103312326
13.006280350372775,156.90364435397484,503.12183091924663,-13.526167681327017
10.296065730029952,160.9193294996215,438.53174885419475,-29.856891730614976
16.434536404492704,153.07236983249507,536.6489415838653,-13.140149574708298
12.359107405939412,158.33807826854323,467.6416188758562,-23.765109626194338
10.308902481185042,160.73418863741938,422.11553673639474,-24.884623952400144
9.748172829483277,161.13795968717798,405.74057982614687,-24.06635526657096
13.209477509133814,157.21424941552075,502.03716873219895,-13.93771621959205
10.552787997839982,160.27212873623563,417.87511218569483,-23.295713256367304
12.5348001585704,157.64549455288312,508.94354249603424,-14.519366434382691
14.48550497775373,155.57449387649058,419.5516939751868,-25.391054669309884
18.33116175059489,150.8184110483922,469.1557038956594,-11.755603653547379
12.484962841080387,158.17546934130792,447.98127125943796,-24.67360596698053
14.042896426264544,156.04886691320317,535.0948681662635,-15.001292564160462
12.958999319641421,157.52299174843088,504.4336095471394,-17.64605157902196
14.050642535319366,155.6121755405986,451.568407093867,-13.44151315876545
15.258618728204638,154.58102290971055,503.0785766178875,-13.666739433574099
15.01631625933097,155.15816332476533,500.8508738384443,-19.12700123003728
15.614073521926946,154.1882797138608,460.2261842637514,-19.56453381076193
15.34957389082975,154.05990635960268,442.39945436367765,-12.711293573903895
12.09775831467401,158.04060224724003,468.52552933878553,-15.236359551527814
15.05212536073189,154.8276488375826,440.3665925980027,-17.28299646829435
11.52317529718107,159.33746415555294,449.98252726134933,-25.04007979324692
13.465957889430813,156.2914467509861,465.7354987149279,-15.06900389555271
12.790400950530078,157.28060238117274,415.8178751791357,-15.485752004881455
12.345198355055766,158.13408208823327,515.4080269739499,-12.116357156674665
10.290632620464232,160.489405594266,408.67462075952267,-22.08111023739958
17.94143083378766,151.71575617011322,472.60138142391634,-17.74986259208483
10.138310812345138,160.60885555963466,397.7057385963865,-21.621240341408463
15.411622779893003,154.2661433350362,477.98447987640407,-11.302575328986102
9.217615485421284,161.8530923344144,347.1509213190692,-26.70505170773085
17.97307464531586,151.58993321446638,483.40418197213984,-20.80250660531311
11.288061781758433,159.44805258734525,476.762139793412,-15.72836239296083
12.63840111058016,157.79287742502518,417.64244898149286,-26.491859535823597
12.186791262033765,158.51883058469565,423.43752608885904,-27.876091589520126
12.600707421659223,157.89761582168583,404.96940604541135,-25.583959717814164
13.637093436263017,156.56699504776384,416.58569794642926,-20.57908623727042
12.643881086097588,157.5361960954514,506.92241969093277,-13.218544267046079
10.335739788162861,160.87266375845286,442.0256600762448,-29.307444422883304
9.884982253119052,161.20628923062924,402.6983247139182,-25.28053850859935
12.887234876383458,157.1922384993339,515.7028549816064,-13.97431831094301
11.086214153769204,159.2679301878215,428.9843175045574,-20.086956310548665
11.992292688255965,158.48575641212165,483.1333417986726,-12.328861594509416
14.265867212447795,156.09952886605276,432.95900590820196,-28.222024915093424
14.648698895363898,154.9676466048748,455.51618046888234,-18.085356862617623
13.640146463009359,156.74011619360664,408.73603783803776,-27.128109823022186
10.647628009936586,159.87437903892396,415.88281262479427,-17.360366005790258
16.171480047284447,153.53591071208857,459.17714621670586,-16.235086193853515
16.23621634982251,153.53451071842858,549.2827525568445,-12.792152420037013
11.246409372259443,159.4425341308557,443.38507202685105,-18.52235917176755
12.470180726446875,157.2334718913584,477.4788107376364,-12.414694793647998
11.884608262729751,158.06595392111117,450.8775921829871,-16.38323168213318
13.131320406072991,157.31642261685082,512.8175427840133,-14.830306395564827
12.529864483331204,157.98174414021867,446.88313853924325,-20.354130139999025
12.057247810314975,157.88434363678576,476.1048061957535,-11.861181926447033
13.034633770470236,157.0909656987769,439.64987662762195,-19.749784653639946
10.1767093174033,160.55358390094418,410.4815018077965,-17.865214288423953
12.267552438019797,157.96764242492108,462.90930722367403,-18.883542535205347
11.18922104259816,159.60965915705427,439.8442860182519,-22.803634816511163
11.61538287548746,159.10086476726624,473.332404642285,-17.369713762459902
19.507253521875352,149.72124457913182,490.3300540132915,-17.78099600352692
14.53724328334957,155.18414804035905,466.9978453757991,-11.058426601324427
13.327405664166058,157.066206330852,408.91291461266576,-24.910596735697336
15.009881607740112,155.14344871749736,433.05293836468485,-24.138953352329295
12.74485164197885,157.747460401537,437.0415991474678,-25.80209051588993
13.625031935186263,156.59068531002143,500.9560216271965,-18.375867913569532
11.953671289217162,158.7872331700756,494.87798390568133,-20.253419156977227
15.988182874769295,153.9958769172929,553.7839638384751,-14.816895183607643
11.012715877688372,160.0230705486162,439.0350756189452,-28.500851039474487
15.797329179154053,153.48159729235968,428.18025018220123,-18.32033448379094
10.184453651131626,160.301829938926,420.46963040372367,-14.469626481157874
11.532360771216911,158.96610979412145,438.77776391323243,-17.059858080439465
12.74492055693176,157.92448072364525,433.8604172177832,-28.741334078202545
12.058086961465815,158.66209114817647,441.7621295311178,-26.628096984040184
11.696953151721024,158.22590725172495,434.07822095408005,-13.40918992386717
17.026328348502766,152.7882340452056,480.74037240323634,-22.48595365950476
15.060948991997206,154.585527018692,429.6107590342535,-18.109212851842386
11.463550412659778,159.26513723407382,436.32261150257784,-21.042229656192728
11.653891772713829,158.36710825095173,423.43738343614416,-18.617575530295348
16.08448513029653,153.34882590464937,467.5739921203261,-17.44469958486099
17.60815520260276,151.97704905927668,538.7751687380598,-12.44032150660153
15.764189552858872,153.6321726683023,488.92880488189354,-14.224656465042875
9.848457709721496,161.30109464909387,391.7814090349791,-29.587296493990088
12.745278335581084,157.98536838408276,449.0926450823438,-29.334367661605423
15.627378263424555,153.55492512284073,472.2205674882136,-13.692152355521753
16.710351536117187,152.36741408256987,454.51784358901926,-10.906168248243409
11.475773003077343,158.8330658231234,379.24262445523584,-20.00824296670003
14.974788746103952,154.81126239355342,406.5639382610732,-21.447002083715432
14.801668710763863,155.2957965597216,454.41680276068354,-22.774897672250734
13.42468310000193,156.57399169436545,463.4942205922835,-18.359466683769238
15.39496431830792,154.1843894294351,510.3211300271911,-13.723349943993721
15.217890302720116,154.70731530645023,515.1234967028009,-16.825936454012123
11.627160130332028,158.61101024049526,421.4146391330356,-18.63697292269038
11.399971698948745,159.4915730794935,432.5990505223734,-26.650490368170423
15.920738088177327,153.30874105748737,442.0336907841045,-17.348204359448577
13.894793163183397,155.6564862046854,446.6906479436205,-15.641830649264298
14.302713086971373,155.71698863585104,506.7120733073097,-16.522814055780817
10.925545759417316,159.6549296012757,381.7983215380383,-26.018020866552135
12.750906299600802,157.26925952420876,366.9797540756481,-20.505268938832
14.821857487395842,155.35583444647014,506.28459129583246,-18.469196901555822
11.641255879544907,159.07174180247887,437.3271912730808,-22.963963509123865
14.459721419542056,155.78146625519352,484.3186159219631,-19.694855911244584
16.518988560842985,153.2530901765918,534.463941258411,-14.733379776784336
13.034252789972268,157.34478970330414,395.2966251579959,-24.45005317205043
15.628282912606348,154.41302309099038,558.6789968571627,-14.853079970255552
11.46932083769813,159.45839740676251,474.24159778074386,-23.800117665750182
11.825559413635078,158.93444812524174,451.448537470421,-22.304087692277047
16.843693054033032,152.85067845042568,516.7030955720292,-14.465653002651052
12.527432684834393,157.7777397086676,417.7772009462424,-22.37398209472791
14.572363207217043,155.7296057391476,509.05591986133317,-20.777509867968217
12.50244016156662,157.93954259819483,495.96562590757645,-14.546921794417411
15.484878114209046,153.73004817461077,438.12755694893985,-16.275109263685746
17.01015587564738,152.61966955951482,498.8834892350322,-14.185287966940512
12.14744670490974,158.70592197651396,450.0468273246902,-29.17838212480175
13.700253408163734,156.84068384195018,491.9087331526236,-24.411614282592534
14.370659759238913,155.6922633389446,465.6454588074016,-20.540516699703044
14.654007659742927,155.5015229831852,523.8667411481014,-11.911300382234787
13.818017181021586,156.34974908939816,485.025560216396,-15.074381603822381
11.811853316112808,158.65211474721684,448.710106503087,-18.500270008268718
13.254869638064685,157.30680760368517,445.34983573887416,-27.589198980628666
15.4514435516544,154.76146113857916,457.37890333311003,-26.47650482568991
13.879500935142197,156.30090053444567,516.9878286978201,-15.88732228184428
11.008620465146036,160.0247211217782,454.67744454358734,-26.475996465943947
11.473499045934647,159.0099454729258,454.4002413321673,-19.19917439111074
14.905061478781814,155.30988128968312,441.4924805549116,-24.558607951904158
13.964607852220851,156.38852322209837,498.1053555377567,-20.096142687514806
11.787162670762362,159.05769744602455,421.3843017393636,-29.361218510786944
13.990139025277715,156.32330802773632,422.01761237900655,-24.650470591110302
12.30007339304108,158.3481991287129,431.5064124580094,-26.535469638769204
10.686343837902607,159.89822757230033,398.5860190769876,-20.72275170753392
19.162931932074024,150.38707958536685,487.42990372492466,-19.85054252329999
10.544995843373027,159.99592564652298,372.98208284750706,-21.21792594681809
13.435338353713558,156.81444776721113,412.40763778037206,-24.771221112357544
17.30691555589717,151.7608113266434,505.06556890012405,-12.244626025926076
14.723718009422429,154.7997497254374,392.9790551625064,-18.826836336935013
13.91444688345141,156.26443746661695,420.39877878989296,-25.587929784754493
14.034882367680867,156.34203209340126,495.5239310002428,-19.268156761999574
18.15581459474041,150.9329522787324,514.9275203426283,-13.33597319314599
14.300682155989582,155.8948552953876,452.36969523648736,-23.695662688901628
9.17909879373505,162.07101400393714,378.0997475483388,-27.30366834307044
11.73140032442431,159.09287986643898,431.0980766844242,-27.78762783187167
15.651036604400643,154.11066663396608,461.7510130551946,-14.699508857146448
9.546972696295045,161.67859896867807,385.30023913238654,-28.581405454106374
18.142001662007846,151.64912399870923,478.0880539988006,-24.89231041865756
15.673895676448861,154.2391491856568,540.1407817871788,-13.857212016597323
12.040059133432708,158.42107634944162,463.3955023190871,-17.715420976524435
11.131972149485938,159.75122219039517,463.3319369149843,-19.70773266259395
12.344889368022345,158.4552132025643,467.2002060559148,-26.1478396832491
13.56574278316895,156.5858901970708,406.6114974992888,-24.174137843194067
13.258145751999148,157.17253162299505,403.3944853040273,-26.35221805459333
15.486409842671515,153.74622450464216,449.9198934451466,-10.970851344421545
13.139155025541479,156.41951205904743,426.5851636186443,-14.857632420014044
11.503473106465666,158.89982853570217,351.1572995059542,-23.72454581934316
21.781190164685295,147.2000139609915,530.1619475646717,-13.622890269839026
14.748770073981005,155.5789932899008,492.35040225906664,-23.48972834554651
15.387710663880487,154.2703150570304,494.80595667392,-12.328083532632846
14.233027630323264,155.57349228404718,429.4041780425834,-16.553737297622725
11.363116876336825,158.55206934834393,439.7602707415954,-12.701651572418093
11.566749325772992,159.21519559760284,398.58422166518244,-27.495246653809712
15.473097088668636,154.01786315474425,430.11104298118534,-19.948641851750413
11.499138480283282,158.56680998468485,424.04407643890255,-17.94633608708928
16.759611136598554,152.29403991865132,440.7869875998284,-13.22789297176303
15.256584601501098,154.917115144258,487.5634601637026,-19.616782369353444
12.048311718893945,158.2505008722149,420.706871643798,-20.198141661139385
19.650443881939466,149.2676570948864,491.63219697049755,-12.497402279576114
12.590083731973676,157.4135706185633,454.9063836186468,-14.971585789808215
12.459789626435024,158.19381663788224,414.3125814476743,-29.228583749901603
12.107367241102299,158.01656721601526,463.7427158389239,-14.966706673376965
11.82138626860817,158.2938402486221,436.70087215887423,-12.86701222377148
14.910567835404875,155.25200138958897,467.95292038830985,-22.59113169130676
15.198045910823787,154.91322225333852,436.0639342819342,-23.79390192974876
11.550512891317121,158.8337586445357,413.67701800523656,-17.407731332497928
14.428796954438058,155.86732989076157,486.6744075925032,-20.343408193150637
12.095327330111518,158.46041676481235,470.04177296973774,-19.632927754914085
15.112821356544508,154.9153166694522,462.4121035887023,-20.77423646964374
11.813582966172303,158.9211165625717,479.9377646615067,-17.820343123437883
19.033510744260138,150.1015868357107,479.4641176980644,-16.288281928010367
15.002955463778223,155.1505480903989,420.77090039235463,-27.401508813833185
13.189140096887083,156.78516829784317,495.2974199951418,-15.032177233079192
10.786050279640163,160.21181192346094,442.52563972077246,-24.994502734912192
17.424399937910955,152.39702458644132,519.4029908801979,-18.217553383282077
13.04510385667567,156.9258824988563,410.44603390483894,-20.33270504158034
9.65751523407793,161.2341470299668,350.76752287829396,-24.260258904791343
10.890934191818191,159.34758418544823,425.49425369459146,-15.114361232286864
13.295880248664798,157.18832596907558,498.1303516048667,-17.49648460189535
12.58159823895417,157.90247113835204,450.3138072147786,-23.159063111897336
14.012771464204599,156.06984403190052,401.7548621606625,-23.792958669486854
10.870370068680687,160.19149620097775,423.1896112849858,-29.7814895565826
10.985848401090237,159.32483067176048,459.03158565004964,-11.78568683564635
18.012518445233177,151.72596001245276,483.8401009534443,-22.179826796297043
11.701816070933537,158.9104191792598,450.2347694705068,-18.046984177046607
9.831615867467827,161.00669518867286,407.28590084659095,-21.382284413456524
17.649214085003205,151.41597954951055,485.3823439856439,-13.733426173842112
15.662789340584048,154.52498266458542,458.95695088643754,-26.459748774720175
11.25061267213997,159.63470735214233,422.9907426514519,-26.672408608334027
12.968847287986073,157.52487849720094,402.2608941690014,-29.226882691461697
11.850712796266354,158.78596919341905,462.142615884186,-16.336371376138324
12.57288563683841,157.7164363981384,460.70272436424517,-20.267290092154738
17.391448955305673,151.8035940016676,448.4163379436639,-16.1667430130312
17.952069394951042,150.79472610895442,467.5636188058808,-11.8893210973532
13.204618024115671,157.21601219326308,473.5954139038281,-21.688967764489682
12.581969967603785,157.36472107921205,451.3313214239132,-14.347866386819424
9.950330002498513,160.9905817647158,365.07976619972226,-25.211938538686997
18.206032387282075,151.0090065712634,464.36835838347065,-11.009563945751006
17.086499707254145,152.7331796926985,464.5920405227679,-18.45029582474734
11.298577778795305,159.31853317656507,455.72569866957605,-18.95189505427132
12.619092411122141,157.74959402134482,481.22134450328986,-16.128170694792765
16.272508723624924,153.6349932961975,494.68291135268726,-16.173278568832764
11.776875014573665,158.7077118972621,478.41486045284023,-13.292544984240122
13.652645323478135,156.50052201631271,475.23624773915196,-17.377894894326065
10.498830653985266,160.34006116741176,406.33252500816604,-24.09276577380956
18.74914447149708,150.8355900897898,493.73489817834275,-17.315086904042214
11.88322091917789,158.87493086121034,490.8976775628999,-17.834224132232144
15.017842952796606,154.69545044535775,410.93325301382,-17.923954218490213
15.415755042380729,154.75736434085678,430.6873289533385,-27.901037685570017
11.590287321502291,158.40176753478374,459.24211565494414,-15.442048307047026
19.91404510258819,149.35677961127845,495.7314286496756,-15.684589242614363
10.918672147403823,159.93629334913598,426.94705135946435,-22.43844417718333
12.022055053123657,158.0637278615536,431.4039760415981,-15.808117308081613
16.812503922405284,153.0755361797037,481.16914325255664,-20.01226960729429
16.257400665687722,153.51793954173488,436.1840266744893,-24.06989741610907
15.400370503012772,154.69602193658682,506.8684859584974,-19.245764289074486
16.675045535842724,152.1761901310319,485.5026816032003,-11.973601369683575
10.95033336000958,159.99394209987813,448.606165151603,-22.053075046428127
13.686444284240556,156.30342583459512,497.19259086744313,-13.366711044623123
13.907797753123706,156.47376159326433,417.1143060392206,-27.13759822772735
14.11217629718848,156.36963995389,462.1261414711771,-27.639720148112268
13.311789638856116,156.25964533007513,419.35549999758615,-14.114203361323234
15.596862834326442,154.60429074893005,449.1446399201302,-28.4247083487768
13.43855267029905,156.8265550672987,470.43292563047333,-14.886859628270706
15.90532268035213,153.94174789978334,492.72236151556706,-12.800178735347485
15.47294643077859,154.50486817725923,490.79920303667905,-14.61620126796795
13.383827937883835,156.50917967327985,420.780499820402,-19.958786014526435
10.892578187217502,160.19482980536154,423.749674462131,-30.684826680671794
14.264703920478684,156.0671597208008,493.10615207995585,-21.9273191630103
12.744736181952579,157.24409527564103,399.85748965484777,-19.252702907033733
11.75250857191028,159.06280456856666,433.85487916941867,-25.513514640491707
10.564591647440034,160.06108897983867,418.6958782019201,-18.01624381698835
14.894447183885644,155.36291319124217,506.73684097290743,-19.93341539634823
11.460827124863453,158.67928200853083,415.7668574481103,-18.93874183320106
15.483990167242132,154.5759444182369,481.92304132261904,-16.038616311271486
12.887578546426784,156.98437338485556,420.87119361711916,-14.706390567876047
11.826009201987985,158.93160038419308,446.5744994670562,-25.36796576587321
13.238620139008539,157.3197129928659,512.9431788352214,-18.67581037442106
11.896526497055698,158.2877639786407,434.1244959614945,-17.591830364725098
16.174901204182266,153.53621569825668,491.6166083900066,-14.984547242658603
12.713703497900246,157.9729954955458,483.5618711994252,-21.891229299341028
13.606555288363142,156.68635253014506,401.0928474965955,-24.51300140437741
14.707677703991436,155.31715338127125,440.646467720126,-17.073275081360467
13.41797252817844,156.96099580566056,465.7248485693272,-21.231320851289585
10.64611063060175,160.01885612492725,408.3525592075607,-18.191824618006
10.618356680563037,160.33066016662966,449.0271356542807,-19.189467851725954
12.634729070636377,157.29577310570244,466.14014525463637,-13.372375911364166
10.865566970582872,160.09430968252263,427.5538853808413,-26.685333309004175
11.660668884596177,159.08056703173878,399.07186604930007,-28.055296815899506
13.562820189897684,156.04070301839718,442.6393311923178,-11.98259877398092
9.866038891978762,161.05890006261365,364.7869572000644,-24.357288987660557
14.236321400478486,154.9878744234055,470.4994960344443,-12.05707813573872
11.181859830461752,159.2155370867752,392.57509071503085,-22.967444851328068
10.888596777603114,159.73241211448413,438.4623704527907,-15.137133067733187
12.007835233273491,158.83713961250146,430.0011298917175,-29.826727946092028
13.4118020087949,156.6523455993206,409.65455111209184,-18.947506190881125
16.46806480139416,153.25956421805435,519.1932423702375,-12.397645900492288
12.691884719115908,157.88491257210424,408.64980199431204,-26.57262160230219
14.06456577147701,156.22810585766703,405.2338695463552,-26.07210996890262
9.27050601871184,161.8953757908789,371.2248640817741,-28.216784425139913
11.449630512352716,158.58291242303153,448.2403096348839,-15.704690027448166
12.579830835725076,157.99918861684336,420.7263191069816,-24.244664704080225
14.908871550348943,155.12864406264364,510.95665492534584,-13.628845452786473
18.433611080299286,150.96057574662805,528.6833080101446,-15.231958461137154
10.641545734171142,159.90022837468499,426.22813597406,-15.128605991933377
13.462610728330029,156.57323162686737,445.1095761565945,-14.856306056722852
17.874949396542526,151.5702197048206,473.16076124426826,-14.150270883214711
15.336761929706986,154.53773634094924,495.54145275189944,-13.266489035585176
11.025429453753176,159.60136179364798,358.50750172389786,-27.358658867412263
11.198779885589223,159.32307358054229,463.92307908710075,-13.306436123551284
18.60716643568073,150.96339494885444,476.22813645462344,-20.774089528818752
10.944727607993231,159.88297702502555,417.9366798001091,-25.086135934447253
11.77532704925907,158.5116156252067,449.76620488178054,-18.050182503997462
10.95477560150413,159.92196731567896,456.5286532073726,-19.756976062658996
15.060578716044228,154.71017576964104,520.231507600588,-14.578878229291034
13.819673341556939,155.944926041674,448.55238670293426,-13.631429830244352
11.95489720063655,158.27132486232847,377.87211384867413,-19.034160765634788
16.858206944502466,153.127455351567,454.2267706743346,-25.786274765767597
13.09039146859168,156.8261390612711,387.30212002346116,-19.14075025584783
14.124159922289364,156.17887552827315,425.5651092645296,-25.045237373806348
10.973312038942987,159.57367971373498,442.0462338439839,-14.637763626403178
15.634493185416432,154.455114885672,437.1130752761053,-27.51176853414548
12.482860915826974,157.9965554914676,389.36094724045415,-24.829080328678213
11.633466282512313,158.53921113211393,422.18744516631506,-19.649801437163795
11.689002079919105,159.0720604258461,396.1711830266591,-27.537533870134432
11.240481470361214,159.3846432919308,381.9706082256585,-26.914948905590528
17.072385102056245,152.79651584324594,451.6378910182193,-22.484791116473428
14.726753581057485,155.44421898803466,487.0989774994317,-18.541471058186083
13.487292786050396,156.66646291223284,407.65183840998463,-20.37829199030966
13.799439130519566,156.64179732541598,446.9943153622001,-24.392074211443997
9.89698653893063,161.27108397187132,410.6318768163478,-26.877558435989755
13.544959751484889,156.9018599228998,548.8206516016468,-15.687532475323268
18.56150123913315,150.36606733651658,492.6051302468151,-13.477143601414213
13.752846800631904,156.52941657034995,446.50977825363015,-20.095851608311314
12.641534857563464,157.39537771992556,484.98573696026546,-12.708675396586816
11.839325963026674,158.94818210326923,487.1012028694193,-18.07952948607502
19.179164589139347,150.31522881259284,525.1771445076099,-15.96571780197893
17.411036517143508,152.3370906559847,454.43868988426516,-18.941352137328153
10.32633738191701,160.71911672165604,414.3601712087488,-24.436543596849273
11.306529148804184,159.58362412139726,479.9858717299416,-21.83532001521828
10.199721272828604,160.40231112093593,424.9639645574549,-16.897761557143113
11.649549914152047,158.57291815289994,433.31899847743557,-13.259305785711675
13.084021429442878,157.1888715595685,390.9730937109704,-23.831798608385796
12.30766692871595,158.34815304139883,399.69021201025186,-27.632328345448688
18.505721567687562,150.52472250219225,466.4562975705303,-11.063936169648217
16.387943327223656,153.5309964515106,449.6988864868944,-24.442457967172945
14.240132932271077,156.07651405136826,446.90683089214264,-23.16316344873386
9.474202654153999,161.80835733217833,395.933297719911,-29.45712906890639
13.223322820841458,156.92727929894082,388.9137461758944,-25.06262748385038
15.243898929370982,154.05542146958464,425.620152201229,-14.496215231680207
10.884881966108834,160.03425073189675,434.34591853463144,-25.300060750055895
17.210222156448467,152.69401547650205,453.9683998037219,-24.371002610749326
17.384315006794665,152.44506927604212,472.4465348567656,-23.017425774408185
19.359170472105994,150.02231632832306,538.4321420635155,-12.37369994167439
12.368418204754958,158.25511029812188,470.87318452446135,-19.154855667966658
13.173413477966117,157.44183813146446,485.7294379556421,-23.205047960245878
13.542264773141316,156.3795105556242,444.96288371954716,-18.344660367273566
12.233641512626203,158.57708208093146,463.42204971831126,-25.113265134648913
12.641535545872726,158.11657097038963,453.10267722987925,-27.657738642112662
9.330424684579729,161.8057873673035,365.330919342782,-27.28363676058486
14.981525157937572,155.00475632315406,510.6135133624696,-13.328695537182185
12.382410670055505,158.21238725185063,417.77366781037483,-25.82950335260748
11.124467932724173,159.5268074702417,398.27177143332904,-25.699167984687108
13.089133929695192,156.98444947995262,481.0595527730767,-11.863405300583251
18.349666380900405,151.27092511577192,506.91661676382785,-14.354363028646993
13.29942056000092,157.29004146728593,463.5157376359687,-24.46250695042671
13.281053898971578,156.84123776981224,420.3083427936772,-19.456225484376066
12.562500803013169,157.89765060700887,512.6779533404837,-15.351390894799032
10.676931028522054,160.1520955929841,366.0668509811426,-26.04496537906294
13.095233286246225,157.21501725627144,403.9860010613107,-22.03835831832897
16.531407513622362,152.67500407605672,455.3522496829366,-14.83946385993898
10.954102778935116,159.8906481623064,457.5305616925914,-18.86527318970271
10.68588842487313,160.02866005101546,343.98291992083426,-25.642609124354856
15.576597665871807,154.14729049383436,476.1077358156909,-16.377843073697747
11.233317803326747,159.3748849964395,384.5475221230577,-23.010696552114602
12.706174219709022,157.90539558258072,494.8864135211155,-17.35439196836699
15.74841781856408,154.34663581818415,452.65007462388456,-23.832824134110624
15.056582446914629,154.62981048028084,417.4048380813864,-18.675376047711843
15.301399085235827,154.71984324630498,465.7848839454536,-15.839749869718032
13.099990740120461,156.99560978426808,445.03825042967344,-19.025761976634595
10.797406802444433,159.83810797777664,449.55966822555814,-15.99338706644471
16.091018942933925,153.96576657658474,503.3676409799715,-20.677590867029956
12.655493398695286,157.33208177014038,391.26103408298894,-20.623405121930666
11.675398047640764,159.2783512987336,445.8064450316872,-28.728539456648534
13.24708009329148,156.55091775089022,451.6008851466067,-12.77568707154415
11.375042491278103,158.71838690099608,430.54892359371337,-11.934243168628788
15.479899427932388,154.15439573822627,440.54093251922745,-18.01440771104699
17.316288779574727,152.181698374854,503.4402448338776,-11.46032906096532
9.984311323246626,161.2849193573672,421.7603023618258,-29.93889571520429
11.24710737052484,159.14800279174023,378.980745720285,-22.737795500759304
13.991804416812748,155.2871868083464,468.7981740505465,-12.257378693294983
14.112403517393025,156.069481056523,455.27771505583996,-17.315472813832244
15.580031632465305,154.53776242814166,491.7672309953491,-18.14504080937345
16.7024846587586,153.28803152165978,471.2348335224957,-22.93410084189509
10.927959873529847,160.0328353107323,459.1496215018443,-20.659308616383154
14.682119603301377,154.81426430859926,456.1684482441036,-12.616926280449814
13.428604234678048,157.05689147810483,469.92174327659234,-22.130841615217378
13.93328421076388,156.4151985956121,495.2473872269991,-16.36457471303726
13.883658852113097,156.24217021070268,416.6271781214962,-23.993051577640017
12.632863890268839,158.0962868300687,447.98180775018994,-26.89600858234564
14.917108044026211,155.25321443952268,423.6285857050037,-27.801005782842044
11.469937212860623,159.4925425388313,465.9018552628155,-24.723329186033737
11.05085841199934,159.8926344779853,446.47064412917837,-22.45600090233538
16.639712448026,152.92717102965966,515.4041337082829,-12.625904927683278
17.521706183935574,152.2754562427104,467.224651153097,-23.989110012928165
13.515739151531069,156.94860539661764,528.7088967201182,-17.783243569564114
13.567490548799054,156.8822865075294,462.5389509147277,-20.3140072081034
11.476501237867545,159.2723116069931,436.3179507877981,-23.716570509793627
10.887410899222688,159.8050120668817,390.63392699534904,-21.966373494173467
12.28920995245833,158.05368909482073,450.78665488252136,-17.631848616464968
18.357897288355822,151.38220047253895,474.50846122957824,-23.19131273456593
13.003433884729096,157.1857909879363,419.05879000588607,-17.781198364704938
14.513401316082287,155.75624396779259,439.59974327404524,-22.588525319901517
12.18334142989917,158.16600891381228,420.4234646536509,-18.212156038215173
9.410959864577684,161.85664497045403,387.8188966137423,-29.43723845016075
11.325573628200624,159.03930231784494,396.0957794055345,-23.296759751367514
13.538407828617117,156.4895461362743,487.2142566904379,-13.854389675906333
13.42172805898313,156.8251493973167,455.63779984248777,-15.693054751083187
18.972135532597846,150.51291840396726,496.1767403750961,-15.607088372467798
13.223907451965433,157.17949102408087,468.24000909919545,-19.937527451798882
12.913792788878096,157.29273746853926,410.37563857304076,-21.6031786840071
11.562027833708958,159.28229150120055,449.6393197224433,-22.200820395768698
12.796755423986806,157.30970159485793,414.9013111758243,-17.07920735795976
13.56655483263299,156.0957581881071,418.34532626976505,-16.87980530451008
15.201351094760343,154.88863264130975,549.5371333013841,-12.685575765596923
15.698757250637009,154.15083966096384,415.2876007023401,-21.724375692558937
16.876631681257436,152.3419351899261,490.2028329793286,-12.613738224305507
11.470322761926214,159.00905615319903,455.0633372071873,-16.268340124771413
11.875498331000484,158.56717339195777,475.4757683219862,-12.234126457114195
11.095319424771672,159.69934594493532,457.7651446557732,-20.6998686197717
11.107394055708328,159.0374849071386,431.58407031839874,-16.405320451754303
13.798457683634368,155.76066804151262,434.10964450333387,-16.406228006071256
10.922234069380787,159.58562901344223,395.23867057629815,-21.55165851242198
15.803019406010586,154.2658739465969,474.6212154792246,-18.383065531568747
9.71290026639068,161.52755947798636,397.64298202309686,-27.946632536576384
13.876625837747829,156.0810162449623,392.75308807954525,-18.937742494759878
10.395429619708958,160.80320181541938,440.1977874395782,-27.680038699965095
11.76716185815277,158.9929893223309,458.5779535274884,-22.206825785171898
13.781805785771603,156.16239253606525,384.0785049470155,-23.568358317520165
15.441685305763993,154.6979911161521,420.35121113507876,-26.679927734409993
18.625986561884222,150.8357717825475,565.7306285031931,-12.785240652698194
13.624285798672826,156.87919719349455,456.8833995678832,-23.633235237244968
13.374816138260607,157.22189640876505,429.8483942806638,-29.596585358372497
14.060858021634347,155.64967638363433,393.95659359990896,-21.79390337606883
12.430196029145009,158.1238739404657,463.6458404590981,-17.55747479918342
15.053150066155238,155.1136602028502,421.20052698409586,-25.88070035799581
10.861932828725566,159.8764635571044,424.0164628091348,-22.74007896036546
11.725334635183652,158.51742922830627,442.2622785448221,-17.647170914226365
14.05786210451048,156.06890070949547,491.9802917450204,-12.002022150683251
18.966604585700598,150.25361256339318,481.97532622311985,-13.699171442019884
13.507201027739033,155.9028071620734,448.95167086155124,-13.256845930444104
14.101833167049941,156.06318349043693,465.3366631738894,-17.484374975463936
10.699082248495225,160.10094725808193,380.4374993440624,-26.836855008909524
14.733773029548644,155.225151692022,441.94004181094675,-18.73640695933992
12.541962251665991,157.20308494076832,446.15614713100257,-13.261443921295552
13.147871458816924,156.37843466118,456.844423002097,-12.69275579063392
13.937896935552278,156.42251724593993,466.44281625650586,-20.722606291494625
15.810134695041626,154.16341937556575,510.24505377670795,-17.917773208280295
14.321155323893835,155.77682669564612,399.4033623928126,-21.891631819058478
13.596665299425526,156.7167566512976,515.9107406064629,-17.676984113372647
11.687085814571834,158.83495194099237,484.10006081660526,-14.690033079000996
13.952929182918187,156.40751073076106,414.3243060996899,-25.988976686819754
10.720274182734766,159.9936259222188,350.91342004434773,-25.044982612672296
11.821089494751352,158.2805623727612,448.04906601933556,-11.617743851699704
11.665308300320364,159.12697126737933,493.59468202071804,-16.60955488706793
12.005985282829531,158.13883119426097,475.9132460569756,-13.088379972867537
13.754147325159005,156.19933649173763,479.18105854475334,-12.469127220014347
13.303524058319653,157.12769902769182,487.3207009391416,-18.262133678412134
10.712008961345733,159.99836886219634,447.2287692495847,-14.403942308804499
10.100680567342312,160.709234017356,417.2099849906773,-17.746886428933554
14.314958643148058,155.92997055203483,475.0103931225782,-18.14019486142909
15.090239562825278,154.27339159037408,428.86519788754754,-13.204652021332375
10.310047453829918,160.6357306490984,419.07383794490596,-20.86154017317505
15.379404747161622,154.29574638803967,506.7966921115451,-13.853216093941787
13.814678723078867,155.56686289341638,449.00515883384577,-11.883974442374296
11.89152290165635,158.82709164843763,439.1255078381991,-23.03548535590527
10.53994386557153,160.67941352418194,443.7590403738175,-30.232596919088376
11.637337294677609,158.98528285066448,375.2233976644845,-28.40852454876941
13.558989172827621,156.69097393803784,446.6577629561759,-21.862820418696415
11.500072472704034,158.98238232651218,406.04511672559653,-18.364002192907304
18.99845848890367,150.4999582290288,489.3256813105563,-19.303212594123995
11.003938448716903,159.34680859342805,425.7812244840792,-19.59870614473965
13.572190715525924,156.85628689889964,520.8929395698891,-13.622805188912885
17.16951307854362,152.20274675762175,506.2424409103371,-14.916537197107022
15.553946613270908,154.13792498603922,434.5582113021591,-17.16534432290484
15.507828659081351,153.70957664488643,429.71740557764065,-12.777829965239281
17.378443561598708,152.08063106133608,527.6201518607145,-14.220665089762727
13.498318627761124,156.54694689114922,391.9717870885214,-19.45999524112165
11.931058677802811,158.36653091954946,468.91208974499057,-13.156028207956435
12.947411659893188,157.61939362236294,518.2321653868288,-15.595210880203673
14.079209094213933,156.16178947454577,419.6474049951841,-23.08834093531474
12.338348919030521,157.93662398091095,498.2908055034933,-11.969573091312595
12.698488689413448,157.49506796306468,466.5434880636576,-17.441654391846743
11.290237658745385,159.62189855753488,415.674470641102,-27.321233919313283
14.330358834551815,156.00837969433894,413.5118105121019,-28.546612656060447
18.032871347036156,151.74331491984444,522.9787457361663,-18.65782868759052
10.841603056277183,159.42960753425754,451.9962966672104,-16.20647062151196
13.397159155587264,156.70021207914425,467.9565459204234,-12.177357523397719
14.049321947393729,155.7419182064038,392.7028574538589,-18.51910536771901
15.654278932252048,154.2769203721822,448.57577245711553,-18.68015718879688
10.766751145049893,160.21698822815569,443.565680998591,-21.576060986038733
11.849514045175678,158.6826760096125,450.8554076998358,-15.032301033069901
10.735144168445256,160.00963505578932,450.19498684495863,-20.76279179760309
12.442230100748949,158.28463102195957,456.1656817433375,-24.053322849215288
19.217608062332527,149.97532179535412,524.1463514488481,-13.929393138148034
10.448866518431778,160.38243035027483,397.2814892472371,-23.874218513460765
13.936990804456299,155.98568247507887,431.3668706882228,-15.14348372621761
11.287364667074469,158.9261258429045,457.02178665294315,-13.253342524118631
14.386869939191717,155.51183784330365,405.24725393014745,-20.090533948274803
16.47638338652067,153.61132755119456,444.8597201944365,-27.80957551734385
11.856957250957088,158.3096267650807,441.9650401938373,-15.26825942974807
13.776122441022853,156.12920537025596,459.2129109090682,-15.931521001822277
12.063902237168824,158.0626315379177,410.98654042437806,-18.090708960573778
19.28586176930062,149.73272308583967,496.2100959544719,-14.856686778301867
11.835721647265284,159.13714275237916,464.59043405312354,-28.01293396263618
20.20204338335035,148.8911708034049,525.652568719749,-12.557928284736718
11.014369985945498,159.52789232532325,406.2380121393747,-23.6219111745333
16.48284440625087,153.54370430759226,441.6368434272039,-26.725307686147417
10.224756515206042,160.6641219964232,425.5722151491433,-22.84077708503782
10.122348412062433,160.67490744000617,392.29069057498003,-23.032282569892832
13.629046125402995,156.4096159670537,460.8385326090202,-14.273477654815249
10.95880303450821,160.00195819514684,437.0291790854458,-23.448171475706975
11.274893621589696,159.55588211727812,481.0564255261994,-19.62460888433652
12.968267935540501,157.15485111801007,431.7727653276748,-15.780291837987582
13.376303820296991,157.092280418042,442.9332002748189,-24.84635466591962
18.228538352604804,151.16892511157656,481.72991829105666,-14.72718566254456
12.585572603993112,157.9708860000934,447.1561222623259,-19.604207897275916
12.021820040812035,158.49944009825353,412.68619419882145,-23.61374007158355
11.322243190830186,159.00419681337954,451.2591433455176,-11.911176672846027
10.774607194453111,159.8918263432472,380.5162928333375,-21.732162099698527
14.957770640066805,155.04238808898035,399.81597370782583,-23.869674356356942
15.746041062690077,153.38647592430272,484.99541291748034,-12.161389144275748
20.064233803425164,149.35024621744353,511.31238484234024,-16.50399236325476
10.179625779431996,160.90009746161675,420.21227753957794,-25.11200514333745
12.410307512951627,158.40453804433884,460.7449419907942,-26.618226788045398
10.085866818352834,161.10155409425525,412.8746089204301,-27.0512441805344
11.973117991277647,158.45061824295306,352.5435088885424,-24.79154266800506
16.264629875155478,153.3118157359427,424.8566033943804,-19.604858196783283
13.598652513429734,156.54150824668753,377.3772783308637,-27.852980537036817
10.212599966469728,160.77355761483653,404.68627025769575,-25.10518039645804
10.87106249006764,160.04098769233968,442.15289506059884,-21.711629738297432
12.011007507279587,158.61283195291762,417.6616675855868,-21.173641380845247
12.840791924746922,157.44499813000235,469.70805660144714,-18.42872334194029
14.803990544607005,154.60507710526883,415.07592674574386,-13.278864279395236
11.468169088223826,158.88481243562393,442.1112687283607,-13.975344831850178
16.328010926903318,153.4173541351084,530.3756796061555,-15.035047941876028
11.651986924844742,158.96717295127362,491.2696159497895,-15.89815946149985
14.431859583913594,155.76899442108626,478.04335443076957,-21.045599972040034
16.922179060910096,152.29636150041583,465.8257923969167,-12.480164767736916
11.990455084611106,158.91819126499163,462.2162035320736,-26.499742229926333
10.357659190076914,160.12439634955496,428.3802654520468,-17.490967579781763
13.763051167142685,156.38599797017974,497.53096575059635,-17.252005811981103
11.105006991349494,160.00304978681564,462.7789784650514,-27.476065561075067
14.32199565465941,155.474659151781,479.8198905555865,-15.650068420418418
13.711028110979646,156.16371536556105,370.1708615671533,-19.547114471183413
14.352310885628079,156.0747950281621,444.5274094753796,-28.3902738898598
12.952139337579956,157.67906694210834,460.83576174133697,-23.68908013572907
19.895097048282796,149.4871570554035,520.1703727772617,-17.193239872259323
16.921923788738845,152.79790552182854,511.8945285140613,-13.493010192129857
10.15331353843818,160.92490790575215,422.9060937998868,-22.43174867457626
13.295811106735298,156.84422338998215,366.1594159685631,-22.88072313282495
17.236412473910043,152.70257032541753,498.7277687020367,-20.90505554923454
14.631807992961694,155.71317262522587,436.8424312567965,-27.58308891128571
13.972372491515348,156.3412365060706,451.1548534937318,-22.91044254172265
16.440283031136882,152.98079271104518,460.16998605677287,-14.531875036900047
13.182520422741717,157.3204299614365,530.6652345234057,-15.98670907746087
11.051146744231765,159.8759164646749,429.94245574080594,-22.950354855158224
13.799300425658217,156.4346245234265,510.7450878311106,-17.54034984919567
12.744788590673592,157.7778164442356,404.0102796859723,-28.06388191003355
11.320297555823766,159.53514582493779,399.50899053700556,-26.744048050203794
12.922508493475396,157.39387639875116,452.9377650398367,-16.692641446828098
10.494098311266317,160.22841071220492,423.1226599208139,-17.458104779872876
13.235638392592461,157.0202163970065,427.6387897519006,-19.39913791475508
12.566977959289979,157.57798005204717,396.54903293722344,-21.455861591821897
13.187203995057324,156.91789441029627,404.88144965874346,-17.648571285345994
10.911107342679445,159.38321425409686,413.94367036936114,-16.902204132298493
15.438368253696748,154.420820086699,490.946924330129,-14.814581782439552
12.708119256543904,157.3766817359296,453.5006164837127,-18.401745397548456
11.450833373679524,159.47628623574963,476.08048546369974,-20.524739638917005
11.232319201309043,159.25413954053457,458.93440603535515,-18.658785066594074
10.769220075456154,160.05478402801364,450.37913642346007,-21.534548133532954
15.167050010323367,154.9805465622362,461.5306993188054,-19.89422741170266
15.620693038537462,154.34404310760098,433.81633349266014,-23.372185299337076
14.60414192104061,155.39889643209096,398.1385791355407,-25.440898095748132
10.852776922245125,159.77359192576608,451.10773056448977,-19.847050126202785
10.302678736453606,160.19864072360247,390.97400604452093,-17.210056899010578
18.414004508033827,151.24902338697717,486.83127966428094,-17.346149384341253
17.038268228636603,152.7864771112957,483.6353505174459,-20.298555135725305
17.22929625111316,152.4094195678672,484.22514719573013,-19.497334237766182
12.776953024892473,157.73242189799376,385.91073254420184,-26.42601276638239
13.473106446753066,157.02000289034976,414.1813344169504,-28.013437800100615
9.79561570461479,161.2761499718194,410.07032793912606,-23.543340318435988
18.55288593228281,150.789963933724,496.4365912254065,-16.72843799316664
17.00059525950849,152.56673931789246,452.85408741030835,-15.025254270965478
18.232212297905804,151.28583010790464,497.74807566175826,-13.069146075985193
13.257677308965485,156.65879446273894,398.7784738874511,-16.44166736161724
10.46218683717215,160.22092654049516,399.8663593012493,-21.791542820020734
9.962447777960971,161.0597811022054,412.20219200549064,-24.236927009150723
10.068300796482838,161.12301430663678,410.8844147405974,-27.323439570295815
17.863133104915516,151.8851413411699,533.2013603205168,-17.333999360295063
9.955820919055428,160.9942330415259,416.71782344092895,-18.50804337034424
10.898985954163543,160.0677367206419,417.22829357594344,-24.678077132552918
16.821369917632605,152.7762337452868,512.1408547035419,-12.990702257527275
15.904573026897504,154.28638111381753,455.87950067665025,-26.354385736314317
15.444333855825718,154.12897950964722,462.1282152128959,-14.410332141034496
11.478261537621734,159.50468438531038,469.23931185962715,-24.958755420415606
9.953304162519904,160.96166718293208,415.1104015855798,-17.69290215735619
13.929682283005043,156.25304838848453,401.4492837567821,-21.758790845426145
12.277165595341469,158.3562692660373,503.4206692698069,-15.645529771629482
10.593812730372886,160.52985801606079,448.74085485581935,-25.856306720424232
12.882775894579671,157.72750623389297,427.7512084096449,-25.242962169793998
12.503995084434596,158.1494392626767,487.31939045562285,-18.273760458539613
10.544776704299839,160.2849425332805,414.1127212341422,-22.86198255209216
11.46792816777634,159.1313970312339,440.4762157233706,-19.6387853344756
16.27192886933331,153.7105057820418,477.375370258607,-20.75112974497741
11.6228562439237,159.1147739817914,436.68333286228034,-23.433161638977744
17.606784305179392,151.99634726708643,485.6495114897032,-18.080316622366823
12.239852099603631,157.94210991392123,482.34000936897655,-15.138814271654088
11.840267880972906,158.8798854539011,447.1117136931164,-19.827410716149366
14.634220881413375,154.845901975653,485.93371422416465,-11.95490508177065
14.53265575358062,155.72264396957044,488.9364317038622,-15.598866319108222
13.039214007993023,157.2534400290199,535.0086739703196,-13.626859961899203
16.926490879701863,152.2957281493822,445.0835485391707,-17.595449163750416
13.945918949433525,155.54342876565295,464.55744510757813,-14.46709155189586
10.488610192513955,160.50875267699016,400.71801611434995,-24.939683152745687
15.98431889312345,153.45995481978056,443.540927239853,-17.503982525819016
11.831327865131138,158.96201419627803,420.07172058736967,-25.207936028773105
16.398644488693535,153.45798058805354,442.7563737188101,-24.344431663411868
17.004022495308366,151.7445693959453,448.3175074607891,-11.558695095727945
10.253337284425372,160.45396177348076,401.6663349060021,-23.190208407105455
11.115851855855388,159.94420323751334,428.1709849544801,-29.124203041614727
12.611020088821356,157.8057884405656,397.66318907017734,-23.03260204618211
12.463526171640181,157.6677221397845,486.6086033513485,-14.849307816513326
14.176356670870424,156.2244940197939,449.2312839809463,-23.483003658875383
12.157878493404732,158.1104386386401,437.3307995880409,-15.324275323725644
13.532344705712356,156.7241677663261,482.3724658841686,-17.452472663410852
11.213115963953534,159.71520039207837,417.49561155527834,-25.80422343716172
16.9691285469493,152.56797786811714,467.88304384758675,-11.562267516229907
13.062727911792528,157.0168742419864,385.9723807636386,-22.797336392023738
17.664740986892202,151.28803079666324,490.4993448403979,-12.645716603935282
16.807374467095897,152.07140003335908,448.4408729279396,-14.007880973747154
12.748579381564676,157.83706863934356,466.543221801513,-23.384085337307447
16.259725879636907,153.79357827837657,444.8138613865417,-24.46645812259002
11.932744796665643,158.8997282055421,485.25861346883835,-21.574810484249294
16.721015019635548,153.11740670532856,522.7038342362762,-16.475643989777538
14.03792031811593,155.92127026053066,472.99789673319066,-17.71682300310827
14.181406152906037,156.30226266498306,491.3991311874218,-22.437281508125743
12.680581721157774,157.84626901400821,421.90267398295794,-26.222934385290312
16.892991646146548,152.22694840302253,484.4691437828162,-13.478838391121176
17.427373273920583,152.18529794691455,476.6679966865763,-14.481728858952465
14.221461247933737,156.20238884807503,512.3169521208006,-19.112388050654147
13.992125843970188,155.7904690195604,514.5851812159739,-13.068811854495998
11.172329110639506,159.15194337495464,413.0441634845722,-16.89709004176143
9.69554042406583,161.5593991357171,410.35506125678245,-26.106243253848067
10.88002738477858,159.45150530143306,457.1934707675834,-13.785869566790385
15.701239421985957,154.4587208786044,442.25042849508037,-27.623045097750428
12.16449426540508,158.57896976285346,446.2334547093627,-23.7696620087758
15.28181164479071,154.52372174461348,511.7504889570432,-12.557348345580564
9.845458663089556,161.42228873165837,403.2930052907159,-28.772470093043683
12.13295212011293,158.62245233031678,460.164917720793,-20.756626091874637
10.882948471089463,159.7758926911309,388.4004263132558,-23.77326938551189
10.530151112346793,160.53938096852931,408.2317668311115,-28.659055001704473
12.125210827392548,157.77586981830268,446.7683615294338,-13.277367576521934
12.552621339960732,158.0500075438349,416.8039838485793,-23.437930386151194
17.137956549466654,152.25812822089787,474.2920743960572,-11.793076023767368
11.600889055979803,159.3062668833289,431.21320804896266,-27.11525315198055
14.300257267882484,155.67109509074234,459.8505467108802,-15.831257681326957
13.092638607913733,157.17210201519165,447.0910563687844,-17.357039975439612
13.298573967440966,157.18881141686376,426.02665829171355,-23.18817642926795
11.064899205303691,159.34030983159272,421.4029874508231,-16.1042654074528
11.24827007246523,159.31278610302164,445.09395103482893,-14.144586438380143
15.652822479669895,153.71494377506505,428.77946600435615,-15.107435305496109
18.316840431309835,150.90750489060625,476.31099130038103,-14.76526124615216
11.922488077449389,158.56295282641494,465.1340525467184,-17.39208579082897
13.431131532294208,156.12064976294235,453.5323849185668,-12.384060736668557
13.274115076635354,156.9851645643177,447.8249234401174,-15.460582298485756
16.76577396872263,152.56191198403292,455.35766260939056,-17.60057918052891
9.934382332953115,160.92607710733762,390.36337058075105,-19.85900313449833
11.115332409326722,159.57289703594594,382.7214373913787,-26.897868130750197
13.060794783800247,157.431687770508,462.58181881316733,-20.637893590243703
11.636892299493375,158.93489811729353,394.3554245259642,-23.99067037067388
14.413187418765826,155.36087464995214,476.5176434509605,-13.79945259563012
11.865165120785475,159.00236637757936,502.280362434961,-20.1220710260281
15.203023006007147,154.98869659068012,453.49088593029535,-25.14227019197855
12.917560916777639,157.18265759393222,433.0636805283151,-15.001807689094514
13.096075112821952,157.3913998869557,472.0326221435833,-19.717774443652065
9.263927618882017,161.64988731491582,374.2704444606189,-19.364814657251667
11.12647568489553,159.93320227150986,431.76253947813075,-28.365173540377068
11.979983753248524,158.37843359372056,414.20651621456136,-19.12225074143551
15.372031138932803,154.04378981676697,480.5805662256457,-14.024679501977621
17.407290943796493,151.69466343853486,459.53657455598784,-14.408742058179838
13.366535215899114,156.8193188907373,442.71563613604945,-18.265251873916625
12.748387535515432,157.85584233604413,404.74865511370933,-26.57025020820521
15.983370730289248,154.01521426322074,472.67177681232147,-18.47789634525256
10.644807779566134,159.55410088485934,439.4676604840798,-13.058628192123994
13.800207349783497,156.26018195086826,450.51494165315864,-15.534023075619677
17.077887244756912,152.6291612239272,469.695868517846,-14.304107652266072
19.309090214557468,149.96640421015493,505.32420633400443,-13.22492894962316
9.414154364011688,161.79301640070773,361.0811611259524,-27.23566236725467
15.56746934605921,154.5110012724742,503.860160273136,-13.538643682904151
11.990758633140915,158.6933213834468,394.8723945783463,-27.672367450660307
11.016254847689396,159.8713301804053,386.975433135039,-26.13578658692587
12.454987741042013,158.25772635343475,512.2635167859994,-18.77306199798515
14.325338069353657,155.76964149691318,477.12220156934677,-14.453249965871883
13.477983658162533,156.94968214799934,406.81599997519663,-24.5059204526223
13.727507497949652,156.5363929456455,499.55604041716003,-12.634349421160792
14.208177078445933,156.12050757858248,461.906046870308,-19.34288094959721
14.416298786971396,155.8097013449905,509.66621636194,-17.77781527087002
14.080852947556696,156.0640821839695,489.0397663153302,-15.716825441343435
12.78748903016257,157.42095809313392,460.04497518287496,-18.179320016715533
12.824293931422863,157.64135547397333,476.2304141397371,-20.81814903750751
10.417199601363567,160.59764078385328,393.85014769535235,-26.586665212568782
11.206723635905938,159.7873293181866,419.3971376580579,-28.763483818241394
12.765364937053194,157.80900647990342,447.04034431674023,-23.974953426317608
10.484230195089808,160.7423703735851,425.6628039288413,-29.955645064010174
16.365902721679486,153.24752000354817,500.05032821639173,-15.705621826248732
12.196541091614165,157.93200202061007,418.8649341771707,-17.15228280389775
11.914808305991498,158.06509489331745,437.0115426769376,-15.539524645450266
13.061468747961692,157.47789352163093,478.89766169142354,-21.385157351398345
12.334156417201154,158.54901702563922,455.67404640929874,-28.265122945178817
14.869341948465669,155.21068473751183,413.76705832086685,-23.274085752139264
10.545401222548085,160.51056393302838,398.890805254122,-26.77737557304876
13.80408214141821,156.48200306401122,444.6869663478046,-18.904946070619573
17.490825798159175,151.87890147007067,484.3935061184277,-15.797770093793982
13.136678272922339,156.83997303844833,406.56708226789004,-17.607455067124135
11.765207828856452,158.9314233270402,476.3152663672188,-16.120332789802852
13.83846663110133,156.14509086310926,429.21331594574394,-17.11778313600278
13.988766675600106,155.8999695858563,499.8555969056142,-13.778722233040577
10.707941544054641,160.36709597529517,404.6213264003594,-28.349456896528398
10.023580324765058,161.12222761476494,413.10138313164265,-24.489964263688282
12.048368459150502,158.58386589364932,467.9694076274169,-17.48920917797475
9.687700563736072,161.13058455489065,393.0581476469056,-19.22231773498448
12.849550027759054,157.5670586325986,382.12919958736643,-26.689548279563923
14.925204094409748,155.06748792502415,482.4831578599992,-16.772959672383422
14.389376960556111,155.13753494539856,486.07734530295943,-12.695529028394652
20.02831843056783,149.33327905944031,526.6860428313875,-14.356762559477822
14.263759286464001,156.052145754999,405.01819397032784,-27.800258684026694
12.979710773602589,157.29847184485504,483.06137854899833,-11.258004634791796
13.429346560458912,156.93113787059573,427.196732183078,-21.04148231736338
13.822016989349239,156.59257072278928,487.0348987366645,-19.86379327233491
10.35839974420203,160.6949330545304,430.4093067803851,-24.49981620527764
16.738832393318507,152.75698314851755,473.0117743476603,-14.263421337009298
12.033807027860833,158.3345430256724,425.0460664203528,-15.824196674422131
19.773413940100763,149.35918435994628,493.74435428220306,-10.873147822661672
15.528440005024624,154.4261576184556,484.3831838120774,-15.63371536525799
11.683367381212992,159.0724316276613,388.4261101640488,-25.80108758843404
10.574804731573145,159.9854249594018,388.98440646295796,-18.344679834104276
11.01446657407805,159.11888873210307,417.8558654020058,-11.99984503017098
12.51198720667929,158.18292223140202,448.7550220894934,-25.70888909008923
10.321106632097091,160.39558993723213,386.9613404559525,-24.083790511376108
12.429942502226927,157.8511225140402,485.63923857285573,-14.544955311119596
17.190478074777754,152.0462732732999,508.37603913647575,-12.77675472162483
19.21225031930234,150.18717354868136,489.7786768934776,-11.522489358645961
11.62898684309958,159.2436492829375,409.59952400974277,-29.62882572045958
10.51605351813907,160.48790430830877,417.01406232014483,-26.187156232705746
10.750048487098308,160.03873104546452,426.3327580612721,-20.872732853620334
14.044453956880188,156.3311024022549,512.8682375884358,-17.31155099326689
14.524304849888752,155.47822167028932,451.66356861096625,-20.331244366570544
12.490270660374735,158.16840549689226,523.5609326994216,-13.958418004868152
10.462321516254887,160.65363477718407,399.7003979195754,-30.10592947324777
12.547311783951681,157.20336981487546,440.1285222982625,-13.959523160808999
10.993106361802486,160.1422212459401,437.8378832640716,-29.66097758999403
11.897458333836674,158.81956508615377,405.4073008158141,-24.23583923829122
13.583148720404454,156.67868088403753,428.09414476155285,-24.56937899062632
12.88583807108942,157.3135121073005,384.7574115277263,-22.65854466719268
14.969095867938853,155.36406118337285,495.11487331788777,-21.327100858799344
12.378713906233715,158.48993235698447,433.65770457052434,-30.857532833710728
9.997196671296548,160.96271931293526,412.6853121550724,-19.581541083402037
11.599744502830895,159.263803465413,442.3033311814364,-22.532452589794502
18.097732290114593,151.40284664888895,479.6782029961624,-14.005462875247487
12.227072053570504,157.99704222597254,466.38392634548643,-17.555523900492993
11.522573701118246,159.49955459435057,477.2128608144087,-24.513404485360024
11.833311169544032,158.27587473558268,430.81482522325365,-16.915377356129948
15.106237348724868,154.74358520026541,456.5291539774653,-14.538836091461823
10.985014976041377,159.70088545119268,408.98133911468545,-21.47181053000425
10.722375937626634,160.22512208208718,385.3637805746348,-25.44067072648506
19.128948609993934,150.34484751866904,501.12045346275505,-11.541379659616966
12.24961564228779,158.4752067713754,411.0897546879867,-29.18640634468308
12.441686572520755,157.85318628829216,514.2162784809257,-14.130882474128756
15.331740074531277,154.7593804061172,452.8279934802882,-20.639900446520414
16.16100668998548,153.78843659309726,530.4596718893605,-13.187335964542463
18.51372897967786,151.0004643536242,506.778364875306,-11.487372770378677
12.867937883959035,157.10225286594374,438.8329232107742,-11.246229222429855
13.771816177758447,156.004178985945,446.9326422710116,-12.232853107307298
12.768280351988533,157.71025314462835,518.3978601539844,-15.661382783937642
13.634580568842987,156.47426676863012,416.6953224715189,-21.477657690978617
11.764947946803268,159.1418971295187,428.515106933254,-29.019346015650267
10.769142960505581,160.37065281548453,445.65724415733797,-26.990431752203573
11.90390466195584,158.8673814517251,474.3814546003027,-22.093492214507027
12.136801073059237,158.54369604181088,424.9795655488706,-23.61449871793378
15.416426860083313,154.43228837559832,464.7103789022099,-19.902116579222117
10.907632323146641,159.49599028447872,386.1043971540985,-16.756062216457423
11.808603166022353,158.8126555346928,424.55561343776156,-20.539967358340295
10.596630669213331,160.36401163859765,432.6683091517083,-20.35891747957905
11.54176033080717,159.23454160505588,385.5804920187483,-28.346088393770188
15.300341797256248,154.91633498878505,438.47021197440824,-24.21481133728387
11.765311505397333,159.24147048177602,470.8511659586322,-26.50348078607901
18.512439762612896,151.13829833470677,474.40222858061514,-19.84666479431345
15.232364436382966,154.33695135708714,459.05811176430626,-12.443128201399032
14.123970347954424,156.03036017341583,461.93395649373826,-17.47109901355962
11.064558454043125,159.78339059870612,439.2786617672042,-18.815844489183892
12.266073162997687,158.05675972094193,460.8409186692935,-17.93476972320173
14.565946090972565,155.7024931109803,531.6784980992717,-12.98092354530961
15.042966546098059,155.2403639725076,512.571137878673,-18.66854012785635
11.367074114409025,159.32090428696975,420.8203798844521,-20.226696118882714
15.401623505692287,154.753997418249,471.28096766764236,-18.71284294925236
11.209795076204832,159.73707908072734,408.2999056826519,-26.86646645052301
8.69415661986728,162.62783280569323,351.76035318895674,-26.98184962435784
10.428185396565942,160.23943956935346,424.5021503914446,-17.43510712708024
15.291357258111361,154.88823695716997,446.87489670055504,-24.178299657714717
14.576550328467228,155.13086993120163,444.2588656703102,-15.156980894044068
13.278885918197162,156.85203832941747,361.8861436772255,-22.581318548413524
12.037025404769933,158.49009187386483,392.8143145144992,-22.36633442803927
15.203741966660353,155.16085722179065,446.06132641917213,-29.344806968697572
19.445904735243843,150.11182422406395,522.169686431757,-18.403366222729744
10.337017133790827,160.8154608439345,426.2931342277818,-27.305523967080614
13.121689527654405,157.2717488220479,443.86911662431805,-16.945248201769495
13.098320663485168,157.46869083351143,482.35781118751737,-19.640426370662702
16.641677408599875,152.91408915530246,475.9506672138708,-17.936468162385907
15.334035936039369,154.8102326974442,478.0180112765322,-19.79297878978771
17.168129682395158,151.7253739919655,460.961180874188,-12.150527662471193
16.045396083657202,153.5143172706678,509.25192912414326,-14.150173606681276
13.029286501667379,157.71107454753252,443.9485830438711,-29.05063097866946
13.562421638912305,156.47558118664614,468.4819100178516,-17.239478635698266
14.025031138229018,156.08171590377466,534.6156802343767,-13.25753250357049
15.992766660197526,153.8948657028787,551.1283548889116,-13.983037252476196
12.946724150428594,157.15693174024446,476.360884216529,-16.118146944992482
9.510926329447955,161.5380506660719,363.979817075105,-25.492931824605552
15.825121757750992,154.134160619366,531.4230286474924,-14.409991108653582
11.302224314836428,159.24366315307168,431.89989045177236,-17.11727499710414
12.691568587112933,157.93431836914522,483.5340902442524,-21.429473466694468
16.2158687450935,152.91009455209016,421.04262076224535,-16.404034766520084
15.000554936140107,154.7867741672982,512.8865460076098,-14.097292179425086
10.742131339876329,160.1281270348934,440.673044665881,-21.544588030013138
13.07942300349046,156.9234452264482,460.16565076737686,-15.545214941236729
12.18594932474585,158.42642353712722,516.4578117330094,-15.257764991559595
15.279975938548711,154.31271295478473,420.4979894952411,-18.244346038503238
9.626752560722828,161.50699174994637,395.66915498919764,-22.08001263232685
10.69626245006907,160.21730039898284,370.9687585039964,-26.051395191990416
10.320551972639734,160.7483824445074,402.27627852307467,-25.481758154480115
13.868954934443288,156.53428837662148,431.92275337663284,-22.878505343749598
15.945172459723477,153.8993430199914,425.2246406379348,-20.939677887496856
14.559745243704423,155.37657364950974,508.70870331037986,-13.139667065380806
11.611526911060727,158.27143829738893,462.4382440667542,-12.344103760926265
12.727990831096525,157.97066499716266,450.97263655083725,-25.094494644916686
10.860278387708448,160.0231567424598,370.51439809399915,-26.045275524421065
12.906781312325379,157.29477600208003,490.8965152529144,-16.19158158219522
16.18564062099815,153.57549918709702,502.0636491847487,-16.054511464777654
14.644342324005356,155.53674768032056,560.5306695929289,-12.89796733083308
14.630211693427421,155.53999041106277,448.4868132497465,-17.850879778010793
12.382489204478775,158.04327802016098,375.07494195861926,-26.823338475430003
14.652292936662683,155.24448017133835,502.03932487586417,-12.035075015545447
13.758357238645075,156.23843672562512,456.0657752883787,-18.64332674537694
13.689063184503958,156.61933248540993,490.06196474733355,-19.262713877819458
11.908718363552623,158.7276660901452,437.0368338260751,-23.764622384455016
13.409353537748402,156.82007715696463,404.8442929541846,-19.703517427397596
16.9253072619597,152.8894466526187,506.8923823921041,-12.435699145649636
13.266934051043673,156.84538541457263,430.7703328825009,-18.723798290253953
12.765150560382528,157.3138112313691,396.64725133648363,-19.287956890849753
10.675392552319956,160.23099900161196,391.42409828663006,-25.973918295671034
10.121111678339762,160.82312112629592,367.200122048389,-26.849044885426974
16.561855806012023,153.11975025723535,449.49466948166065,-19.28134178180282
9.645205943882269,161.3048517057899,355.31058882128747,-23.707638548512765
15.036274172932574,155.11703651827662,504.2508005341597,-13.299543874053137
10.665494570460467,160.06327784164444,431.7879464315473,-20.375218868572304
11.531627419818696,159.38630439560458,472.517920662471,-20.55131876103821
9.85333082890897,161.3121968023725,401.2468234676693,-25.963687140971803
18.46806292994209,151.22690583582477,496.4965095111891,-16.408502760204893
12.874373196373556,157.83977141921386,430.0968345448371,-28.63212826860215
11.493548949903637,159.26053659670293,407.61134483269626,-26.38322725163202
13.49991637113142,156.76368543172157,399.3748668393803,-21.670149824965492
11.095075421999187,159.89983262092352,438.9038367346569,-23.694415963909826
14.386934688745825,155.70331403053075,438.64657450015585,-18.697227387820824
11.054562546260605,159.92018604612275,419.799253807182,-25.796110788957463
15.004314432916694,155.32788151874593,468.82669516935175,-23.256391640498276
17.920743460173846,151.78129070519228,529.597064532802,-14.040601911396827
13.996683721660933,156.13210560223965,383.3915494124855,-22.213302418371487
11.842256926083506,158.58819779096302,470.5115970192268,-12.084739056960554
14.306742377674635,155.97100748198005,509.08911824467503,-11.64245103835941
16.58678028210191,153.42993839488773,500.0491835487044,-18.76123011502509
13.227986663063293,157.18475100243865,407.8142789545129,-23.421084714426993
11.634395335175416,158.74523130801327,469.19392045748964,-14.907917806222367
9.452354780933225,161.77607508566695,365.82265199640005,-27.554651135846637
10.399075093364273,160.02452370648862,407.1259092521586,-14.56319429513597
12.865549872920623,157.4465005248689,376.51631046112743,-22.185787041097942
14.404270935800612,155.7819073719571,471.97842559342257,-15.178623463142666
10.490537572403282,160.2969762561099,438.6504431823709,-21.157739244607725
9.451484403939368,161.457007315865,385.9292826327346,-21.96471761640427
13.325470066194866,157.4316592316852,464.28423504829783,-29.16033044031617
10.489063320204764,159.86002358667213,413.97540013654714,-13.780303088359277
12.570265160437827,157.39370133127048,465.33872301640133,-12.32687863938748
10.429315988382314,160.66036694711426,442.0083855098106,-21.068169240329137
14.422067762903191,155.70109424316095,473.403492820854,-15.90076209114949
10.331953888979326,160.60243376505653,436.59708303882593,-18.2643580748854
11.935497938922289,158.8971163600634,416.6962766754187,-28.366343652253295
15.09604422986523,154.84246455480732,460.91779604249024,-15.298109734397798
15.080957949255371,154.79811434104914,531.0147243739232,-12.767114383736896
11.691569146976763,159.01020123222162,427.47022401000135,-21.834212319027255
11.808369649772448,158.55062984495203,413.07247669313836,-22.45142639492456
13.603959805702035,156.9314587450377,432.71830671797426,-25.878669337581993
15.050465827548635,154.81944303787327,456.67890733138665,-18.877711607904054
13.09119760803297,157.44447422123056,520.3924292138278,-12.74632146870253
19.07011411916625,150.33092170427005,529.5516048869334,-12.626158082741714
10.280631199388422,161.06734183325102,439.2585951986071,-30.882428038180294
11.585960222275665,158.89581900820568,445.76990230238954,-13.397623811647621
10.636397799533333,160.4665672153189,453.8972406343613,-23.355632025634794
16.8797054187422,152.68728122051593,446.4684058066246,-18.347120318131424
9.777462223007895,161.10496806818443,360.1213760390498,-22.272147241685648
11.089807520848243,159.3938352959384,402.4709946321615,-22.67806040864186
14.104646069279509,156.17270762840053,533.550540932817,-16.263740274631584
13.77285642158459,156.39142436775046,456.038891768113,-17.916752279777334
14.283005677596663,155.5932704295277,456.5672295200347,-11.319806671648875
14.588699570295795,155.47874681341852,465.43298632132286,-16.701362660449867
16.27389076519609,153.61341974775647,526.6245882199738,-16.323352082287226
12.446603121176778,158.19902881310122,406.4910497728086,-25.084916203712655
13.484989625310593,156.8578136182219,503.1694224629941,-17.30069005487503
14.000018586627638,156.6244406997534,460.13940460662974,-29.26340187478052
13.969616027922445,156.10315563989147,454.6613771263699,-14.493215826257236
11.998849323140437,158.00651121948295,462.0669112672867,-11.51413411802752
13.382373362188737,156.78780202569484,409.951018503284,-21.813852140256227
10.03974972825913,160.3925284354212,416.0648616437881,-13.712810858794024
10.639529034080573,160.49928887017344,421.02046293353675,-27.355293975772057
11.739519811362104,159.10981413083246,454.0054177608937,-21.124843258613687
12.153327875623935,158.1265949795926,461.56648434434976,-14.764934475690467
11.083360585568485,159.60066109852883,443.6632201042519,-18.944548633109513
11.976108669327171,158.2862558530465,500.9725414721924,-12.258801750613467
14.004579928764356,156.3841255104192,416.3556897577993,-24.425314020819027
11.966039834411857,158.7722132047987,419.8517537203445,-24.817685699139396
9.278005034086082,161.99041581186836,376.38147615446616,-25.594092470497145
12.321873789107093,157.9109790286162,372.3648500670841,-22.06062991279703
13.807329486129762,156.12299487155286,425.14021714020845,-18.380059735599705
16.18949956977575,153.7674501531003,515.1818767853255,-17.695357635785456
11.482977904291014,159.09191655417155,449.13938395185494,-20.22902913155311
15.173323788508696,154.9934841965377,480.2667543083311,-16.193946376860954
12.393903660765647,157.90497694657722,450.13470508217364,-12.951938838090992
14.836458824291952,155.22524573952072,471.71433413013335,-18.559952229213632
11.59645760603726,159.3486889346093,425.9122091763503,-28.699106698435386
13.709053760353104,156.601822593774,466.07260982489504,-19.8577186564917
17.041243045908757,152.67538331035334,526.1194657630845,-14.039234171094453
13.915105987060302,156.41300553429136,435.4144923220166,-22.114656189501947
18.49925064194115,151.1827143427283,502.2092065329268,-19.900132443969728
10.863308353287804,159.92865788045262,449.2501846543095,-16.810163319212197
15.00009477809718,155.1348361273691,421.59917759354386,-24.65819143758726
15.188164283166607,154.7705510691572,430.19819788599546,-18.97361500684882
10.426458212087729,160.16815509878407,388.8979951858969,-19.044171593274847
10.321483419443505,160.54720473621143,434.4899577656702,-18.54163996696994
15.98311643548909,153.28406800429505,463.2511927704712,-12.414757713310182
12.309714729992182,158.0320103039051,415.56124702004615,-19.126782045811776
15.514882029484115,154.66144668519746,462.6202042155128,-24.076533533755246
10.74598899203918,160.18604163484747,443.0500843581034,-18.675709462187545
9.967594881176652,161.05879538071378,399.6431599490734,-23.41762052048874
11.775583420160991,159.20613020046056,498.6553780244535,-22.89056988650954
12.066411701163918,158.29481906729174,421.92961254453405,-15.575190350283206
11.72602230541653,158.92524102195418,385.4782556329847,-27.394676027285346
11.543777917647109,159.55252701603806,461.9409998780238,-28.43160978902852
12.983834475303254,157.1775491542192,381.32901184514947,-21.53741491559069
15.580106713002012,154.40883746733658,454.07751531281036,-21.247879857828753
10.735311935329,159.92685590137273,442.6246741854406,-14.734965249466052
15.095735428296779,154.69553337417406,479.6028714303443,-16.916993941451167
13.029487370655795,157.654254373169,432.3949643420111,-27.285768447936427
10.750239244168505,160.24686496650887,408.69940904021433,-23.871501561076585
11.88732119806446,158.96476682304353,422.76377215918495,-26.113919855085175
13.890004400383361,156.44951009968923,477.5677760539982,-21.201461081030477
11.064955885866594,159.50116388258593,375.9738868907986,-20.57977096268594
11.68506526658592,158.60904854657815,447.60201146741895,-11.746409863470975
11.75425882882649,158.87764854283472,453.9552497485775,-18.058344788631466
15.803051708229443,154.0801263985396,430.5526247891381,-20.21618985682052
9.636232160187767,161.62345994663792,383.7022976016927,-27.31183376751799
10.641344718018946,160.16682403039357,371.04182853797994,-26.489566942237943
14.244489305156918,155.80962577009305,403.93747464140074,-20.966333508201643
12.631007848573407,158.0692092448647,426.1862910492439,-25.60625848663873
9.753243168272943,161.41356281189326,384.76155413919355,-26.61711425042397
19.644657381711696,149.7760962049479,504.8639334118499,-16.39186331094163
11.103192254084604,159.70342267584684,422.466923613248,-20.25355123812576
12.015004057268024,157.89489613385018,433.03929533896206,-15.246670066716995
11.444858845633723,159.37231225920408,387.1941991594182,-28.26274020881727
19.110490064961805,150.49804388085036,487.5794816810816,-21.509397967401135
19.954903246698592,149.40598924812664,508.52997858269197,-17.691825500956927
10.427695984687197,160.64975803425293,421.55919935452727,-23.455945748606016
11.836981275315118,158.83705768293154,413.5481057591514,-24.777135545728704
10.39899026990835,160.76429507860155,423.2787036099413,-27.40948754179443
10.831542173644014,159.8486481648177,436.07921492895264,-14.708637222107175
15.42037578927328,154.18922926213284,480.954559594691,-13.940058806996038
9.979105601587044,161.15681901128468,392.51075124740345,-26.050246828219066
9.910945300692502,161.13407848050525,409.6229078941812,-23.87902761702443
12.663092084911982,158.12290813692815,432.45091708998297,-28.663613636951734
12.125574070005305,158.36379972516767,399.9403314876994,-21.96438700387851
10.502338400605682,160.6715948830086,406.8122886454066,-29.019410621046216
13.238891777318859,156.87131487720902,396.34166603022646,-21.818746446223688
13.298788277507763,156.7828646550372,383.40404095812903,-21.408071102744497
14.403218331944219,155.71428081505277,485.01902253605107,-17.96139316563113
14.682468831905378,154.65507529435206,469.7170529528312,-13.681826713757902
13.132791326937967,157.28599131772174,504.42393397405755,-18.196267087395878
18.6330830354294,151.0670658036331,481.0848139827447,-21.043861350600093
11.767425886129548,159.2048674038905,489.3518196978516,-21.857687411397855
11.390766102293162,159.64919976841188,448.2246588384781,-27.560047570612767
12.055059936423682,158.27356535128794,451.8997414998029,-19.23786115716049
11.667313513264315,158.86231818800002,393.80736057874907,-20.601317309859333
16.312723860052174,153.71399375035938,516.3840769341494,-16.996926938585062
15.436499624677719,154.80061490770143,420.0857676388145,-27.921257621741308
19.01538863346265,149.9110167192053,509.15135362786793,-12.495589213517311
11.76580017853301,158.86757336256622,395.7008834267706,-21.947767336962425
11.917748619111032,158.609956208455,489.09324838360885,-12.164435061428714
14.335423816754224,155.89138877446763,488.22533504485295,-14.018722829997113
18.614016214883492,150.68675494321522,476.9635862438444,-12.26632283629535
17.170284623360654,152.84617303313237,479.973113708166,-23.05000049597238
16.251392350936225,153.6127977289047,477.6918124176121,-16.485818162933146
19.768849971630512,149.73483912261736,528.8864000843072,-15.755468750838316
14.137306991978823,156.37043437970107,494.9788389460111,-22.202335724226682
13.814307965910897,156.4490097538264,439.85055551042507,-23.29716590788469
15.952077822737815,153.38892202797314,471.711352732812,-12.495508108168048
11.289317044213021,159.68472220101918,416.6783583236979,-26.544989996838858
9.81624988873314,161.13812367913724,385.96572670757706,-24.40077019907862
14.786366639335933,155.51947107633583,421.4357027727042,-28.0682851882442
16.227111612227546,153.8992339569338,465.76908068656445,-23.869821211219715
11.815423647513455,158.5070194057577,418.6662036184413,-19.352003024621556
13.316179321395957,157.16937136993988,497.10537185182545,-14.382398245925943
12.78009690404674,157.44689968522994,389.551938513871,-25.23920667535197
11.906554651679482,158.6484057606749,394.09532612275376,-21.11417661597248
18.500888756669948,150.77726297723603,473.5911183375488,-13.966003021758546
16.83276527278287,152.84629631333763,494.1761067654666,-16.866469986289772
12.363184009259765,158.09892098104572,487.0008992082313,-12.17034970852873
16.64098962751301,153.13424948106334,480.4800210461163,-17.66194184480462
13.52682819150115,156.6234086161206,463.46446539059565,-13.085502332064431
11.802157621699369,159.1348298761361,477.2029633226508,-22.742369891044234
17.99396104544879,151.0190366976655,455.1472167277021,-13.675438441266156
13.23877412325833,157.18613994357773,452.8295611983776,-16.796679691920723
16.633798793231453,153.13615750686174,493.00975407726054,-14.268636356967894
11.329907682756897,159.47002179492756,433.79059187107504,-20.015462849450834
12.612554408684826,157.9574719878474,466.68670359022536,-22.010507482370908
10.748163415711053,159.91300086466285,389.46689215708057,-20.298843896468895
12.62097011950025,158.04633488781528,489.6900770287075,-17.047776719385006
11.894246341386028,158.26621398422904,465.0041707777578,-12.098702413106855
18.132353520897762,151.2274447238144,472.15730802904096,-15.718230986131507
14.949577182079535,155.23151363982092,558.9643157262262,-13.250705238966374
18.302445265777305,150.9545149173039,477.21246830935036,-12.686373466887794
16.0808931561339,153.84604186387563,512.3341217101481,-13.982409017982864
19.207622100624416,150.1745435577871,486.9583802054955,-14.486568481298129
14.632736735880394,155.14111008881602,427.3027378350104,-18.136340916053655
14.104342569939515,155.93506203613467,468.0736467374499,-15.06015763327071
13.895699779115603,156.53806422619076,440.36768441681,-21.680153632328498
12.966753949939129,157.7611056216417,472.92312123263616,-23.777138157521488
12.55410182719486,158.0008385348562,433.16305627931865,-21.25731481113863
11.482114003067451,159.46734486585547,469.3583927302029,-20.301474421756833
9.414577390070505,161.76564119500947,364.6908539105726,-27.17363053381096
9.824894832047917,161.05764684318004,405.5194646179666,-18.23541598213876
12.53271454078124,158.36260796468926,459.80426165991906,-28.380502573586895
13.353520058230695,157.20314351142093,432.1910119324452,-26.296246324063013
13.013649689807202,157.09368955468932,373.65495472656664,-22.765786173977034
9.578387152464614,161.6259930684705,376.06594439559314,-26.710634772016842
16.652385934757465,152.7810006901836,520.0683171339409,-12.466504431067165
11.199525587002052,159.77525078697687,428.1403987045839,-24.22282186389597
12.103181715417248,158.75673121857105,435.1718690164753,-27.236276858860332
12.261083931908946,158.31092703693312,388.95042272297604,-27.17514311895228
16.19131539619056,153.74574320028518,547.1223272286259,-12.825307226793734
14.28826353393902,155.62460270610276,451.61500332313335,-17.17719503263033
12.822502419363008,157.85240629872567,425.2437343116696,-25.854956770819435
22.29497415922621,146.76668116299814,561.1950766130044,-13.114886556056433
11.969919639332845,158.17163763158055,390.89619995187763,-16.728534669044524
16.19099881936165,153.98767222074335,474.29125285905735,-23.449773827751617
14.109106072398994,155.55386331823001,418.01251799462347,-13.050158376817416
16.893237222728388,152.85743725076156,464.94431288233574,-14.948176188678023
14.462840517424643,155.6865855926109,442.4584893887136,-18.778065767833397
11.232928012156094,159.59522879023248,388.92015474816634,-23.94805608052767
16.054257665477262,153.80735335262196,447.8334861244485,-21.12730115526133
13.621878105724383,156.39102887896192,375.5108325337574,-22.781736937365995
10.43092487253758,160.64306488084884,405.4523571676546,-25.149248568342898
13.321969700883708,157.2691485210622,493.7684227770503,-19.080329944183966
13.701254440600954,156.56836669626045,503.5185327439573,-13.019627302711081
15.190155232453463,154.67113547183894,422.42826452008507,-20.466220810816523
10.135685823398033,160.79927429363468,353.21384052486616,-25.703876500064354
14.790187533062939,154.7608556803034,487.585271163064,-11.9302158358586
12.843483467544782,157.36513376643583,474.91498641751184,-12.118811986962115
9.666610044079126,161.51432593161326,392.200330853414,-23.580797463696918
8.810441283611585,162.50874131143212,359.57548769558696,-28.083973984561155
11.903995677487602,158.96196240995292,470.56304199606785,-20.071879223113374
13.183798760105304,157.287647666304,504.4359785969712,-12.23730335711256
14.093149117495747,156.38870019019183,436.52597692652034,-26.63742104306877
11.843910305859069,158.78872345432504,435.2197878570894,-17.44020855237997
13.047605530171962,157.6206655648707,431.29978326004533,-26.333199642882388
10.934855284548268,159.47389901235726,416.23754810202615,-18.772318069258425
13.601032542686449,156.93230013321354,420.0573051905542,-27.220380777493585
13.122415043233229,157.36370389280543,469.50033358243587,-15.984283955896347
11.745249895213483,158.75089867911672,379.31790488833946,-25.767508063613914
18.34708938610244,150.96363574901758,494.440308850764,-14.091187549274562
12.022039327676676,158.77321085926832,424.66814321568313,-23.977814656128693
11.504191461708055,158.67796407206865,466.4110063851625,-15.412834305939292
14.287020821032822,156.07563165628224,404.01830125933753,-26.63819792797562
19.085156836334956,150.29670638722538,509.14276774161743,-14.236917234931799
20.533152103416846,148.6087354471249,505.82917501578623,-13.476460250475418
12.281744401997484,157.98532024668197,396.950268649596,-19.402474052144004
13.461480662636076,156.83340667288724,389.96883562921585,-23.886892166532306
10.037536205848323,161.3490646845374,428.30380752563815,-30.14147443575609
12.616008292914286,157.63579705903106,429.48358331345827,-17.21424127385253
13.373550199068497,156.8492483961079,457.18444186879094,-20.00985077469892
14.096872741184239,155.72997652705524,501.1987928946117,-11.996825116387399
12.65718233421607,158.07120510597574,497.03566487810235,-18.019522066071193
16.20285810019095,153.9143558752204,529.539535755418,-17.735296832875832
16.33516221978102,153.3677758794248,464.44291703240145,-18.433908044756166
11.39771022897374,158.69513973694635,433.00718666466344,-11.627833504834975
12.857574849206536,157.1895332774395,481.7603172412665,-12.55212877997906
15.68255665938845,153.6449361130314,471.58459168899356,-11.457967215100362
11.321394114815321,159.46918912534903,400.859530778372,-22.992286557278256
16.652177016580023,153.305350407615,474.25003633676226,-19.825691104367568
9.1933078231583,162.0813718690404,380.3301007862004,-26.69767446441629
12.81936904451872,157.56096553309536,386.9365103367482,-21.895434339018237
13.565478573137893,156.59396908218434,397.3535366043262,-25.439034596424968
13.411867549553111,157.0725743752351,401.35459378738,-25.09020742563596
13.760974062121601,156.45270874725406,469.757463601563,-15.97511488730183
15.608389650774825,154.0486523040359,464.15199607651283,-13.896503718274834
10.90234771462955,159.70057687624694,423.372251648958,-21.231530061544024
16.343807139113693,153.62738275377998,495.09420906311425,-18.954180201013024
16.219603542304235,153.93234775169458,448.4213469367079,-25.91729754233375
11.892737119945942,158.8175914993751,500.4479922423041,-13.34929845349471
19.60548828717794,149.3764197646815,510.2690818949826,-12.076445998339715
10.13917048806944,161.00288184373738,406.9942114695591,-25.506712470709825
12.505026384959503,158.26887314152336,424.5955184082191,-27.68504117510729
15.476658191966838,154.7452901052187,432.17723869050405,-26.68702519156694
10.07715007953995,160.606393201245,417.3552271159497,-19.38026408490574
11.231782084926943,159.7336841123763,424.18821681754787,-24.32282858105205
14.234925459815042,156.19039809982831,502.25223278025214,-19.50228378097651
16.88682932400548,152.3490663235693,443.9018430522059,-15.158027004333322
17.181025523362763,152.5711692087146,477.7902952376763,-15.22125711974862
13.955832330780789,156.47196700868983,403.56358780140954,-27.308618567429075
15.352283540152348,154.52727282201548,502.36366103714846,-12.658928613394613
19.244956653313675,150.3341480067325,532.3996308846882,-14.60762461053636
14.911196446084995,154.85816076128143,444.8499322524138,-18.887222069116955
14.354712357114588,155.95931671762426,511.12250976026803,-14.362740481943005
13.069373668655542,157.6586132700798,438.70691355883145,-27.9336828918009
12.735505718496102,157.3045881757027,467.140329876432,-14.357592218847591
14.114159892065713,156.33951440561813,445.1147488435005,-24.842474729727456
14.099141818460454,156.01677990191007,448.99113509385825,-14.594436666504848
9.594138092559527,161.59109298031848,380.8677630491224,-27.710201766078665
11.156719813835835,159.52774165099999,469.5148269846341,-14.82515393244143
14.430796138260952,155.68798032569802,419.78967356399176,-21.789439100910336
14.319936404207713,155.56584971788388,485.9035389129291,-11.972128639181399
10.762357771588208,160.14559124043143,420.5937412605047,-19.91531877800937
11.523080930611998,158.46405267552396,459.24622255942865,-13.60750942651532
15.053262365676828,154.4060286977524,424.55521573555166,-15.859090878134246
12.487576153602982,158.32318164702036,440.3829996024836,-26.496939712517545
10.164728860231559,160.70519784485148,424.7667644117427,-19.189458936698337
12.084128468675521,158.8235039483711,484.0212126180443,-22.31243011150454
9.808275698481681,161.3224230414991,389.53015972199233,-24.773433173624056
13.845793866411249,155.99560154238804,485.5660260118075,-12.17588798382143
11.695122345434518,158.70158977598652,381.74708692596784,-20.270022025652484
13.936915968988162,156.46665383464398,452.1590770671325,-19.90846758190197
12.092149138579215,158.42153441442787,416.25128318125974,-23.133000713505574
12.280563539049943,158.33069525762843,454.94027472844067,-16.1795194267213
15.187803667324214,154.32974996386727,433.08529391400435,-15.449986983910383
10.5698847213405,160.1841551900604,417.7186824903816,-20.226273706388266
12.995704533804973,157.1190675749176,426.20872064964703,-14.001468664437164
13.320380196863379,157.23629885621375,502.1990578005068,-17.81318385183546
14.537077713312899,155.38349481841405,528.223679637964,-12.43585449975554
12.0572779062811,158.7149586941838,409.8449267470508,-25.989670108181052
13.758626985867059,156.74850785775175,535.0524472716671,-16.535734272431455
16.328409965035327,153.52036480116718,493.8013157241324,-17.94983491786946
11.405742814081814,159.45171104298274,449.28455906229,-23.165798802396242
11.051081715450692,159.8608587655805,437.1655561113481,-22.633676457731653
15.192883752791744,154.97072434412902,474.68383664223484,-16.752862308999962
12.456494187340244,158.41380391492405,480.7719368291163,-23.517083243615716
11.197872778646383,159.79339874061904,408.6296982663917,-27.933102582439947
13.842254193653522,156.3173070638827,460.4616687228948,-19.567759420786285
11.767058783811844,158.35740294387358,462.20908388865195,-15.479881949809219
18.358712712516667,151.27337318221845,511.55022406495755,-16.452789659119595
9.736259865342484,161.45791290440005,382.8807505160436,-29.230313199435262
12.807167862288983,157.55084902696686,362.7393237093996,-26.32812962916473
11.7198601809687,159.09450096330391,479.6359621992738,-15.3437657293384
10.37387441687687,160.520900153815,419.11204994499553,-21.756716996426174
11.406608438465167,159.38781136337371,386.81793527402385,-23.997019923616364
12.424256568535943,158.4599411111456,495.62595019024667,-22.33046221379935
12.35571393793333,157.82771886952142,504.33710999579273,-13.776546970852971
15.912747347537433,154.00606953472325,498.28727858884173,-16.38114486928383
10.009747866825148,161.04497531151446,392.3142734418905,-24.79949373814682
10.42191183891951,160.56841799118175,369.7847609248089,-27.504133277197045
13.837500865155425,155.77952634395243,412.3175960263692,-11.724539862110573
11.728631972736785,159.1915679054551,445.556930832373,-23.650485133719922
10.987521844563664,160.0766134201964,439.6968533003844,-25.65302894415121
12.560585876651693,157.6170723908052,511.15211509567814,-13.147264239331664
14.350153940540169,155.42494593636513,444.05781360990943,-13.778965885175143
13.019781611122701,157.61269887782555,484.1201097657895,-17.417126270468987
11.853703837653867,158.95179526958896,458.10220146891743,-19.966517882865766
10.903242277676965,159.81138857615886,442.4773313692056,-16.081284929490643
12.325915452424695,157.8440139086929,467.56401616313514,-15.727914770469342
17.0628080185754,152.90145157422063,508.60964129376794,-17.935615326151538
13.255815968351017,157.3305178621273,424.61341826650215,-24.87389002534469
16.76903850226989,153.3296870771085,458.63765200234,-26.167485086929997
12.114452079728709,158.6013057960908,508.0475064945372,-12.82249273970081
12.096446426797616,158.7749767308581,510.1427426894488,-18.76032246960432
16.38739985599178,153.78112948360248,451.6737499556559,-27.32207423986442
19.015881032778765,150.40666515145617,509.346108628915,-13.62454857383319
10.56722999874165,160.41296208844287,432.734628261453,-23.455453109466337
11.08599152232622,159.92745415839212,468.6027854918277,-22.855943594910823
9.646793012385125,161.26804903366522,387.4098081730919,-22.6709755791027
12.920620226420056,156.9664632636184,397.46381040531315,-14.276469179913631
11.679911639377782,158.48144611040334,433.6725626250196,-10.942264344043265
11.098574131170492,159.51783032869918,448.8004808533546,-19.20064794602018
14.721926112364205,154.89594181434032,417.13468663027857,-18.41108666302805
15.924197351666137,154.0100897776384,440.4719651899845,-18.757285065031127
11.454573641804942,159.19579617963834,469.63156610751275,-12.90967872175505
10.667183748062833,160.37851755738197,381.5268017410934,-27.632285105216923
12.429220669957987,158.32264355163147,419.51136029588423,-26.13104615207954
12.370029160021934,157.64717629286196,425.81754160718646,-12.501965902176353
17.696917686515263,151.62133924957058,481.5611740565393,-14.628837971427837
10.722843233882937,160.34481264551027,421.4122420769406,-23.833869910791826
10.733581584641744,159.70723738354164,430.5976072031788,-15.521100314545524
14.903188272603053,155.4164401371087,416.9876697097999,-28.1573644129999
11.320470112140518,159.46346325391227,459.2945660606252,-16.067399050913227
12.031294310353937,158.40034836198248,396.86092116940205,-22.985484597621536
13.141624756783463,157.2011515573851,514.9538961957571,-14.335961996941837
12.623383980712697,157.98665264845502,499.0336254593819,-16.197356545619147
14.315643023484197,155.5126918900212,379.9674602719688,-20.366225950047937
11.347328134478747,159.52926091673004,392.1391773520314,-25.978093186977812
16.95388290559851,152.96289081506083,534.2899174868174,-15.536833915835697
13.490898500897703,157.0101888410296,484.2224319107205,-17.43182319442634
13.572327130007587,156.55918512258506,493.03652636818055,-15.095031653259245
11.051068001171256,159.00195678557205,446.80810416574036,-13.135004453291836
10.998949889320057,160.0570746177058,403.3471590479525,-30.03925369432646
19.892227138973183,149.5224822020484,503.5407361716067,-18.49453178973432
11.127828506065132,159.84359075265976,456.8006229632413,-23.972275531015075
14.457521842010294,155.9367338960461,505.3242363548334,-16.90884242666636
20.627065985854543,148.67763291128017,523.7095593902536,-14.360597810207208
15.65987247941152,154.06573360991212,484.63096671787224,-11.13848089376391
11.798230806186337,158.86443590119322,379.62401616313366,-26.70091551325169
11.381393837614521,158.82899419135558,427.5323803921432,-18.17560051385036
11.947698446108335,158.22326606948292,422.22246410516385,-19.207053944795234
12.125840766273342,158.60571662694892,382.44472506634946,-27.268913278128974
15.750934310808269,154.2730857917855,458.4166032705622,-18.447313220712704
13.457008019096428,156.10104517492348,439.4070649107504,-15.275098183952228
12.63000569241723,157.62396368753926,481.6763404923213,-15.759562797616084
11.765138094840488,159.01788838746185,461.29606001279797,-18.28724560147912
13.544895402743164,156.90489533382282,459.3752150893975,-22.096867926689516
14.974205857886632,154.81102589955074,395.80531607728636,-17.85239907680007
18.77566056587127,150.89286927564368,523.0385162210183,-17.844299282044854
11.031732970487948,159.41358760467392,447.5057958349008,-12.81499700505227
11.931003712679377,157.91274951480426,452.3653618443015,-12.53930553122446
14.791851626736534,154.80507786527397,389.57720909287787,-17.005550536077685
16.57770401439269,153.20479287687576,523.8950874146901,-13.154475084152843
11.121744905871365,159.9471574987564,430.6548124619056,-26.420311987715035
17.195417840270427,151.88697113042073,448.9036544601262,-10.824276847619869
14.29355278690044,155.40619407645056,398.46009902899834,-18.50165869642266
12.894975663430886,157.03726802958872,449.7696276898502,-13.314107882106313
15.974834279117163,153.05937306856953,464.9439560968256,-12.298308131180315
10.86430008409025,159.97343179888384,385.0270706824545,-24.34010052863738
13.209556817055168,157.39647114176185,447.25665218648885,-21.885552184324766
13.886084619623736,156.24890186379216,371.9872943517856,-24.532433497615294
11.142279422791871,159.87466648586874,478.7455813029542,-18.142318219249855
15.704387988129481,154.44494867114102,434.01610358321847,-26.37179811487424
19.610187908932925,149.75632691700184,496.15779011017514,-14.081508664141968
12.291244061112893,158.5757664523916,466.247090860625,-25.27884055977527
12.208322098163169,158.26761865767807,421.2885005797092,-21.889933575042374
11.133612443422082,159.96876648077466,438.66622290102293,-26.96308769698551
10.449357704283372,160.38666832556788,402.23899487206137,-21.380192382436633
15.657369701963479,154.4054170592861,515.2040905957069,-16.74425945456497
20.28752319782259,148.79757443145698,532.1427656425911,-11.877380214149566
12.520070680098563,158.21997770202387,426.43349883650234,-26.89739406656708
16.109674722906195,154.07188497610036,483.9052069303876,-21.260411773832804
11.334731685630524,159.03288293639605,458.1746376731821,-15.11090466469517
14.795979899300796,155.0498654656879,474.4070172001976,-14.649782300586956
11.105886827517711,159.5220472241859,382.5249082482992,-21.251966810398436
14.365543099660199,155.68004016798665,507.6130540520331,-12.76129034739272
12.012455834184474,158.8106725419973,512.377517671549,-16.148680910634514
18.993158494077658,150.44619421313627,487.42657719644114,-12.908536248694798
12.722380290671875,157.57653542726018,394.9989881656288,-22.64541691811133
12.178274772568047,158.1558816389842,466.953927850814,-15.247447272750213
11.517920941551841,159.52907865455924,486.4410291392586,-21.862668710688602
14.232583375535862,155.7942113757221,431.9969708460981,-17.897898010486212
12.188343200543981,158.7079547565961,425.6719689349348,-29.092449245438004
13.478304183209147,157.17287887576452,459.40534631297635,-24.482581228554494
13.073387324628742,157.44080017688262,531.9310150795727,-13.405724072460314
15.581400110323571,154.17796624301332,520.1959054343193,-13.452460997559045
11.675567910055777,159.17309431797838,409.54954563551445,-24.379001094764085
11.285843589826321,159.02637566684584,459.86382356925805,-14.166598742236632
12.485260712117222,158.2777011388197,512.9627753750206,-19.756070649690198
11.926087357346976,158.2266968822491,415.7024076514174,-15.605240582860656
10.261260510722535,161.01666277058447,412.2948346572574,-28.992210983249294
18.78186646296324,150.80612590237243,490.7674776159454,-19.52742518756844
15.976824740677298,153.5457948700718,453.7489858549,-17.64935206802434
14.25050990052122,156.0896630464784,519.1944876168631,-13.817962411889358
12.872138314352247,157.4079668774307,417.77767204711694,-16.39273492176363
12.993517593993522,157.26929206796567,517.1215071579757,-13.523818328990117
17.369875153973883,151.68734662222144,457.8499253747855,-13.919948773856612
10.862694306939844,160.20983631665968,424.6133309044827,-24.532990788710723
20.644174128735642,148.5651450048019,526.2374344847276,-13.49106163265997
14.422198634332032,155.85189386508605,400.57988653845916,-27.775437492833714
15.293647891625172,153.9756206291615,462.53914819439757,-12.956040226219717
11.967235226976637,158.76468840982187,461.1789197011842,-19.550779828243915
13.246447170260266,157.05763398781338,450.9794780256978,-18.86376818078852
11.347063855082588,159.13173332652707,432.09134837928093,-14.704064307777932
12.991854026067985,157.0173925974083,401.4794034424183,-19.28947872997877
9.418974866214063,161.99505254113075,395.06052231512695,-28.750303746261316
10.908953850415925,160.13061314596337,438.60863362722,-21.889825633584312
12.408534093659954,158.49663364724347,465.4430490288782,-25.655683677131343
17.043204460228498,152.5986163963713,505.9987624192595,-15.74559467151527
14.017044596015758,156.4701017885806,473.84012184642444,-21.853654638275273
11.761808064578183,158.63424551361172,364.70182296650324,-21.72005327392547
11.53696139856097,159.39087177876388,437.0610327430994,-22.96936573337296
11.253115067558017,159.17636505477364,475.10560703181244,-13.215704089877077
10.419428292235471,160.62321503528545,393.4721228941376,-27.17920029706639
15.93260970444765,154.15883575867107,482.81272912878086,-19.455025394604924
13.8036988544701,156.53844102659832,381.82309450358775,-25.299730648305083
14.301797728179366,156.08380679631927,501.3896216686536,-15.581536189774996
13.18738761815954,157.4859445609943,450.9751255084827,-23.884703437447637
13.626433399531724,156.69273791081892,413.26378306283505,-24.47324520891956
15.584048167744312,154.55064905901557,550.6973543734478,-13.94681439539732
10.416659450734263,160.28760549314077,392.5466503443979,-19.201684170879112
10.213929433154512,160.99685886775657,393.78229268171043,-27.91894268836755
18.890693134511874,150.60814863971572,499.5184779214527,-11.938356841897141
10.271101608898345,161.0255859496807,421.3096613470264,-28.58923087652489
10.650248874414002,160.52230415134775,433.0750888504229,-26.438347175614542
11.704851528256736,159.36583090353486,482.07624772765655,-25.325599740971565
17.877922720824248,151.87597713829396,486.28719522778044,-13.80793788360468
16.48314502820682,153.10004099602375,482.62170330746255,-16.34665396719721
12.327930910964747,158.51035559778177,453.1543684797895,-23.612552337363848
12.779722799100274,157.30570023703464,422.30349553352187,-14.255682869825504
13.335112048207783,157.3339461636861,483.5374621295578,-21.367362047817885
12.695608017339623,157.32828450378094,400.45196670604713,-18.702887284318667
11.924618246457177,158.67899933242563,370.7478613362275,-24.834057962867377
16.011089534262343,154.18531696379392,521.0710753020314,-19.829693299551263
11.197756154579317,159.6529151881,399.78637180071985,-25.83496000804326
12.814978627681391,157.76989382623546,482.16762862691235,-19.59867081238562
15.003376260332047,154.81513046956513,399.7726896980109,-19.251826771277116
15.664979748903612,154.34620734771033,417.6811467194162,-21.435176499090144
14.36392476741877,155.87856610676707,478.1720059462717,-14.389306754600016
14.195407655540109,155.98371404330913,489.698327323798,-12.822600437978931
14.294369153199924,155.87900630292822,497.8277523969236,-12.992823891607173
12.660510476657146,157.3414835331814,433.8336264754347,-13.928417354122896
11.643524892443638,159.3649597853407,485.7571595980492,-23.419650832387447
13.900888139226138,156.13116524814245,423.13549929690436,-17.942467740019246
11.128430733606137,158.91461814904548,452.5117586377231,-11.668093692523547
13.099350290818007,156.85351588963104,467.1458376844802,-14.793495730799537
12.029509512198313,158.5236391117345,499.0729323414372,-11.682027083814534
11.792749996219362,158.61042113405367,432.72425585762306,-19.02317414798178
11.605504405459376,159.50809041122287,451.4516770860446,-29.349856225686132
14.080648204215658,156.2205518810761,393.699313054109,-25.611704034449954
12.456437319682315,157.98594872281473,419.9427990480438,-19.421603586187707
13.838868891603857,156.2168219361693,406.01537503682454,-20.741328945566394
13.66687448061713,156.31245533667382,372.08864947866084,-22.733972335781
15.947840649654964,153.4264511990914,462.7003164462343,-13.264200661287296
13.084941566918259,157.5866992099226,417.62123704375955,-29.168941617909717
10.822778479064947,160.43571934820943,458.27866740565656,-27.53648280347288
14.510515928075954,155.88983821078378,455.19269417080136,-24.84044112774322
15.877256442458647,153.88124833651298,466.1512956202825,-18.09008121541113
14.807239027976188,154.7830635342951,416.90133016742584,-19.073159244511057
9.675844483304305,161.44806943204935,392.56852137613834,-22.569542736717924
15.695172041917735,154.11798703571057,469.9740270480032,-17.766667042495058
10.321095491736195,160.71974306521352,432.29763455590415,-19.10844739485649
10.713722390084325,160.32049137443022,427.50017213338344,-23.53683579517495
12.133039312507902,158.29708546807396,503.03195506652213,-12.914478919090712
11.610286833998831,159.3946891679202,444.6465797778104,-25.523795082865828
19.881031608353144,149.40148260763684,544.2638670782644,-12.182791512995248
17.152550849111982,152.17659968341468,451.35342788256133,-11.201688205668358
9.677724777681549,161.72691263322483,410.02476931930875,-29.081832601403853
15.061371077049778,155.22315523060414,409.7230717096283,-26.841042451825487
13.040614343891466,157.54280739045646,533.314392269111,-14.142888611622007
16.04717537966091,153.8311899743994,492.9094162881113,-11.390798487624593
12.853403992010954,157.96991405434756,442.57097182567236,-28.669447228679545
11.886962486937245,158.99121495225083,411.33527150334436,-27.007627603023202
17.94466393620528,151.81664900282627,469.2200233844842,-20.96124043874373
14.41493657762083,155.88229021141012,485.39581204515014,-14.66711397146551
11.257653723291087,159.63803975822213,407.2069222646537,-24.43434955845886
13.451156463267644,156.78347902477526,441.08512846242354,-16.907341958541522
16.203619638975407,152.85451833769443,426.303790452901,-11.251170793665766
15.067967735307743,154.9524122305663,485.5016561549476,-13.507275722283632
12.055726337198665,158.49168730077398,388.6073549700928,-24.006946222664823
15.627591152343282,153.65016680007622,409.3523673008665,-13.420779040626126
10.926846419063914,159.90709452191646,362.9110927795288,-27.560060260574993
14.95992710532291,155.0295293333324,530.5901117474308,-12.300639147161768
10.990454894286088,159.45495991467018,439.6303143418117,-11.551138761864205
13.575855875414378,156.90787838886092,491.39437083273083,-19.85706330958586
11.898653168239683,158.85728936528486,404.1744569057164,-23.253212168972023
16.187579411756143,153.47475081925913,493.27572072121677,-14.80736153301381
14.455532783628376,155.86540250963174,414.61889394945234,-23.611821449200225
13.118570487207064,157.394816019199,464.6468293221989,-17.32445600674724
15.617007627112194,153.82488917124988,472.14362705157396,-12.663850797367227
14.145412218756647,156.27858487004627,518.6945914980289,-17.436847012084637
11.44154330692246,159.2240250633704,423.3588076220917,-18.220347527692937
12.810264447446889,157.22786896959155,482.4626839081094,-13.267739604858047
12.835866250840553,157.60311174124422,479.5919161565375,-13.79407767931154
12.234881219449958,158.40493124545958,400.0058189866298,-25.41277603175561
15.691403378375574,154.09496585574183,415.37050500667925,-16.80865736170967
20.249270249258075,148.83534329598456,526.9720413205146,-12.191176005309197
10.996709723223972,159.74771978497483,426.96235620492865,-19.983436164438796
13.064707923986878,157.18083367390926,373.3678772985196,-24.83101725571261
15.304995563830987,155.01291027288758,428.4630136803418,-28.598544119651837
13.829489069767751,156.52568078919367,496.6987951469084,-13.890494348016638
14.671409038008777,155.59787446654235,450.62646700074356,-18.336461604031097
13.085585891627842,157.67767074007782,530.6173321998963,-19.816031581794782
13.182764749057448,156.83517035954983,414.5014920844327,-14.553214828395667
14.93433140516111,155.38670815318005,556.5187741948193,-15.256427819651677
14.274387404709445,156.17970418982995,496.89740110982336,-17.836119499074744
10.471656337531957,160.23365666526016,409.38582023099076,-15.75077446280344
16.99257000938427,152.91834710401622,513.5375265594043,-14.255532328190215
14.667449418752684,155.39983770890214,472.01289948323625,-17.682919892038548
12.091347656928594,158.13374243265582,501.4290132035611,-13.209973685043792
13.421576759218727,156.62687680809532,357.4194571091273,-20.91420051311871
11.29338798527213,159.69689875472832,406.70735755274984,-27.43682609875014
11.26507455465199,159.37471659707083,458.4640054458292,-16.0865830877446
16.267616977936576,153.84797218798718,469.5266845552835,-19.824125721245913
13.935487802950174,156.1723104345305,482.2819679330249,-12.19841466747472
14.1278592063344,156.13249716990802,441.91988278372764,-21.608672650868733
12.584635160829963,157.77303790518332,378.2230414885274,-20.75198658174259
12.332562667634125,157.4619768937643,431.4791725884013,-11.051857719750716
12.473340855040325,157.98650429976664,478.9626995703007,-15.348191011692952
11.837543809171864,158.16146705688914,476.98239980322785,-12.002502635542093
15.53918848865921,154.50742094445627,502.5200018780118,-18.45256055572275
18.299373591615257,150.57295161680145,474.40816557650356,-11.473708160249018
16.316163583969566,153.73188200430062,453.77935287010627,-19.07111832781406
12.096156922414123,158.2576813152892,480.74475994577864,-14.994874288326585
15.5586709977465,154.62044574281953,476.168435530742,-22.269590896931977
13.911561029505878,156.20517618775457,387.68361845063475,-23.790840316018276
9.87039503312091,161.2783545123998,372.85037273271917,-26.806303580944068
14.775368053465705,155.3236630700446,431.2494111967403,-20.29035069570886
12.543784034054628,158.2715093757641,460.3907348392422,-22.987691023653984
10.039619885687904,161.11520202828086,401.0880060410956,-23.155240786637506
10.999037270630524,159.21550221103146,428.8596954968108,-13.426529731644088
13.778707440128834,156.83357810658256,456.8817469180973,-24.688592213020744
11.751394212571002,158.9037666632215,447.05017370021415,-18.38717969464526
13.567659177959992,156.7948053133908,443.9105872318223,-19.404326083052368
13.455301342648607,156.36249692866065,463.55566039587643,-13.670273955637537
18.530755736885677,150.81287477829423,480.3822076994223,-12.069610539972642
11.647720189313413,159.0450854629402,394.83415348651965,-21.39988144584759
13.790186410727491,156.80066570606047,520.3289438918584,-18.30497393007077
13.171711189444506,157.21558750681547,549.9118380469641,-13.607831827260782
10.309313253838662,160.67841614953574,424.7716256196607,-18.175174847018116
10.265423869886535,161.0260604215866,429.184417041918,-28.558983503200192
10.524185325673578,160.614245319781,433.6987052784149,-22.666364854049327
12.688721450399278,157.26377905624062,458.9491762890441,-14.760625969874077
13.089492734428859,156.9822064853044,432.862903860916,-19.408114379591712
12.436007721489574,158.2877764131857,484.550147644308,-19.614115973665545
18.530369311135942,151.20679609654348,511.4690871502401,-16.493104390033764
12.748022166388019,157.89852288537867,438.77762651977946,-21.123955606000106
13.584187625745251,156.83710988180212,508.58407103661926,-12.304590534729662
15.639917393699847,154.16452473574765,437.9854524412012,-20.38965448872197
13.83716937882219,156.1663517272336,416.54863206607195,-20.19000883889649
11.876897055170929,159.1195004738893,457.17349967996523,-25.656683108045826
15.21099681362809,154.6852872034009,408.5982407716785,-24.241251098517232
10.78204730925242,160.23199237998875,442.67475693579365,-23.425527063483955
14.38266916350497,155.9687362593507,464.81009822486453,-17.4864528882504
12.355037069525999,158.04172026431698,473.18676907988873,-13.312536300047446
15.82546427125143,154.2800878340765,497.92286030836146,-18.41211931084918
11.867533050715119,158.95931614765158,424.6595056697869,-23.90535853545892
10.603892640322252,160.04238924616155,438.84913837889303,-16.23722713791623
12.06790241238835,158.31803137355806,422.9852602151969,-14.887209123689479
17.04899855960839,152.78058252387473,458.8231896471312,-17.83910406815155
14.051603249289778,155.78773970516562,380.94597247886287,-20.01675419317981
11.31177738871186,159.45931663188966,378.69536927425156,-24.41084342668974
9.875840431405036,160.7942758250627,409.6598213197774,-18.08688897729514
10.727837666766646,160.25873261776354,371.4367994422886,-26.617886540080377
12.995107793678162,157.62828552977484,394.6020023416725,-27.0754828403822
13.80188390360624,156.32586495588188,428.84553331768007,-15.566334409125494
14.445025971179698,155.81888346235328,510.4100441020741,-13.181048923058022
14.64992015685102,155.39098974554344,413.06844947091554,-21.679795318773873
13.04413395965381,157.26017023947716,460.3889009876315,-13.63171040442492
8.976581205147957,162.42790106312083,366.6424938786645,-27.001244406454614
11.844617588174179,158.96297302445473,471.62057488761224,-17.975700050281766
16.011489609106416,153.2455567492526,430.0211795852134,-17.177767893829422
11.704497686112216,158.61053290657702,453.3817111886073,-14.015223102165761
13.542648642702085,156.4299276827192,431.94925524161937,-15.43264650858202
12.516146828917883,157.3824283521578,435.045669109116,-13.141849829953287
11.752404704090372,159.34972199882927,450.12608465470583,-29.74787347620997
11.37960864257375,159.77635669878006,456.51067922973215,-28.022238517156186
13.081235282251155,157.32537755977003,418.1068823344148,-19.4445904145774
18.808160293916817,150.59949458478474,511.9300153749503,-12.025741973690621
9.494239084017511,161.73398868487874,381.71823852294153,-27.014123940722374
13.227670968751832,157.44211400880943,482.5717391939272,-19.351490829699824
11.2561054771418,159.48498696611568,402.91552643490166,-21.305670777472915
13.10473505648328,157.34058577172834,536.3036397681942,-12.759488471131082
10.95727622609353,159.9521105968764,394.1754841061221,-25.13113825942662
15.295459450623937,154.3598923200951,489.3298799519248,-14.54797765674105
13.064183120037324,157.06943464150146,398.3066582940975,-18.81436860741319
14.156993883478675,156.33314063089554,426.5617482111611,-28.67347194004796
12.551943074858436,157.96397416182322,511.955739216511,-13.561624480727474
10.994779454391391,160.05678006018164,419.836233756376,-26.20430252735302
15.766683852468834,153.6769564402171,463.90968847902695,-12.108402444511968
14.117698946861386,156.1135909100049,534.2642797147583,-13.272579742935742
12.246799962646373,158.37164151529925,474.5644117630475,-14.346318881990673
13.46871685561039,157.1240098436673,463.9757186490866,-24.35735550102676
18.263454873278643,151.10921273918856,493.6476169170323,-14.749129973851264
12.196957074573156,158.34069240700742,365.3613762014391,-24.2349896178983
13.366583473138041,157.40245040249036,472.95264121116867,-26.442439701424124
11.412053338237266,159.50144896658045,476.2677350822706,-15.821302653025977
14.137643613908375,155.80753519619822,501.4437738243826,-14.72013229518758
11.357144829016423,158.96164431318698,435.1812453120514,-12.671841610067228
14.699271890608847,155.5622297075395,401.53973001478914,-27.323582072387353
10.454795159875738,160.3634474994017,411.1695287957885,-17.324806150064894
12.938216769888937,157.74456128532773,429.0800795933543,-24.350253945937613
12.432614257389803,157.96111430395285,386.27820975465147,-23.97387975675712
16.85686656244547,152.85248689570204,493.7138751052695,-12.348750548398822
13.032885365204764,157.53749853888243,485.1691949389903,-16.069263388248874
10.222900240262877,161.09009037389168,423.29342842540075,-28.575176440225775
15.196827170919923,154.04823962548144,467.80084391646335,-12.818883445516533
13.27599864374835,157.34950258408475,442.2926471802239,-23.058567021606766
12.424735396975063,157.87554110242965,470.03104852715444,-12.284229612230973
17.68673748049045,152.29948268462573,483.5216751380031,-23.03566078799199
11.619597483109562,159.07559805636993,433.23632412240863,-16.995610293986875
15.809997181617069,154.00139447493044,435.04218953077054,-16.59244012554872
14.294492616862799,155.53384040652475,400.91910873374906,-15.383541032356655
13.849162115934742,156.6751080617023,451.97179053108766,-21.729749528380374
14.78926661388211,155.4461712551556,537.250588536302,-13.985754777152575
13.47332307078169,156.95928382751254,425.4050871277846,-20.180490475344595
10.969482821837556,159.56264592319502,396.40423880956627,-20.316832316047023
15.681244936754414,154.2502155192535,497.3004676675087,-11.552926419643505
11.626896249344888,159.23498384483497,464.0728964517934,-22.796330142949962
14.891929471204897,155.33746930794138,471.0154569531538,-17.624275642207607
12.383712511066435,158.41495697113183,470.72685994360086,-20.063033245536833
17.448957314375967,152.13979023017833,454.0127950131219,-16.72193514047578
10.36918122057191,160.62626296801548,379.0142400863018,-25.2512662185182
12.746985442907816,157.65947128437617,525.9141038556679,-13.969778220609824
14.868007112426573,154.98259219635023,479.7062569356923,-13.534838407052506
14.460917086199998,155.96258330587332,470.7807829060292,-21.608411633067778
13.633014585602053,156.73361897655383,389.2444458791444,-27.956239528499392
19.770497736067362,149.578824861183,492.79077355613407,-15.858509289751483
12.594712626203476,158.27649945672275,478.17986936482424,-24.255033930834554
10.592574556524553,160.68666428339546,421.318573800509,-30.212234684169847
13.021334501239341,157.03570996866534,435.1856710676989,-17.988684412885586
11.040647755568727,159.44729253721647,388.12035176187,-20.214590484695584
10.250220530232339,160.79105635321525,400.46760173978686,-22.622200674808045
14.400954011888045,155.45734177075113,415.35105026655754,-18.44747044419149
13.490139409417228,156.71059789836906,496.72109257787827,-12.399271956349692
10.436765853991808,160.5649896233363,374.5142622457661,-25.142195031333465
10.388383957612747,160.07691341864063,414.3820119324135,-15.74940981467225
10.878541221564578,160.03438594611558,455.38120860717856,-19.887526489656672
14.868872750799888,155.4193863618359,480.7967889428653,-15.993296010183112
15.70452593970586,154.4197582258998,526.391096840697,-11.742309557148163
12.850006706708326,157.4021584708635,384.0115708125803,-23.62820489555991
15.0558660969782,154.83571561135645,435.9496689957983,-19.262796123068068
14.587602806061614,155.78634816292393,510.7967758687717,-17.74368584754504
10.276803807935359,160.74098194596024,422.8513577251429,-19.067357035373455
11.808023796696023,159.1080213194802,488.66980753100773,-20.650816605910066
13.50665845070536,156.82290978989866,474.46439168462615,-15.801480641675754
12.789284752748982,157.72536011741414,418.2122583637323,-20.90539914383099
12.879278292702876,157.46194350190186,391.87170010284603,-21.5783848473729
10.749928291939877,160.0397200089212,411.29485548603463,-19.540085489226012
14.076968215510064,155.86170766533814,442.7403221923949,-14.638460002845667
13.203133097993465,156.98015839281237,435.13214219292894,-16.701752614269843
10.987374126343942,159.75935193841397,411.2267618832843,-21.915485217228817
11.034324144903126,159.8118492177843,382.7242309476337,-27.950708607160802
