19.427031334787532,283.31053167964905,1133.7529129428412,33.617620679804844
19.69870617814333,282.61544032902265,1151.452821132354,43.57493718133034
19.86900874787372,282.2464257091853,1163.48918055325,55.492316077548566
20.03362600367277,281.88768785207003,1174.8731518714892,66.58355312415331
20.191400826469394,281.5417174039442,1185.5144433092717,76.76237194087537
20.34177838947226,281.20973316425324,1195.3680824231274,85.98926850892427
20.484752809185178,280.89179182966416,1204.4297848220174,94.26580354477902
20.27268913037074,281.20421474054353,1166.168542151318,-33.03800720590607
20.372402330853184,281.0013553129824,1175.0753099374942,-18.944942829943557
20.47408535139701,280.7928039301264,1183.9189736812948,-5.132259373732012
20.576337166260295,280.581271726292,1192.5570794597681,8.166152233121807
20.67792930506855,280.36916689747534,1200.8681003343083,20.755066806057357
20.777906318528732,280.1583822070838,1208.7588285529148,32.48807345535343
20.87564236994153,279.9501705991686,1216.1678636098281,43.271422115585466
20.970847870386997,279.74512506785027,1223.065187904929,53.06207218434554
21.417238942581385,278.5872704194577,1212.6265123451249,-89.57825862848804
21.439502301042722,278.5544809963694,1217.7512260887222,-75.60396899711583
21.46506704925733,278.5142498511601,1222.9571888865735,-61.60580694877058
21.49371532414317,278.46664005841086,1228.1545067663774,-47.84454810216411
21.525145983751415,278.4119194057052,1233.2583242630712,-34.56013463254604
21.559027489691893,278.3504721296725,1238.1953787819027,-21.95499439562974
21.59504874296528,278.28270748216664,1242.9087122695653,-10.182919861130813
21.632956293929503,278.2089890077684,1247.3599759328167,0.655589757248606
22.60451815655469,275.94183680851086,1257.2982335928018,-141.77381201541297
22.565019265855653,276.03804083912803,1259.5949846114406,-128.9917108040402
22.52757314392994,276.13056817917095,1261.9847134813758,-115.93555063016805
22.493047687200598,276.2172623392364,1264.4256749517922,-102.85502171752302
22.462141795414464,276.2962858183491,1266.8737929019062,-89.9999741156189
22.435352749004366,276.3662205927438,1269.2863699640823,-77.60110199497782
22.41297161184109,276.42610930461404,1271.6255304204467,-65.8536689880736
22.39510170219177,276.4754422199502,1273.8608231158364,-54.906597340716104
23.62668660307782,273.7169773586381,1293.1316832401426,-182.21947176200266
23.548921136515528,273.8887380586135,1293.7314453419458,-171.07292890303913
23.470750151427765,274.06259301404344,1294.3750012087,-159.52427880608076
23.393682068204438,274.23522916268655,1295.049857006876,-147.79308561115823
23.319110203101914,274.4034964571714,1295.740267856224,-136.11412556790856
23.2482060969291,274.5646536008038,1296.4283767529294,-124.71929829223498
23.181847176973925,274.7165503512183,1297.0956941979596,-113.81987543292149
23.120587538199967,274.85772127566065,1297.7246564949098,-103.59207662223724
24.369901439200085,272.1281142089949,1317.7763047373678,-209.34915575199926
24.273107228820827,272.335107903773,1317.5101655572441,-199.65444719801508
24.173696721880354,272.54895944672296,1317.237494127985,-189.52380382357748
24.073409786871974,272.7660387050564,1316.9589093592667,-179.14883271780218
23.97396216789393,272.98267884423177,1316.6729492530665,-168.74436038313462
23.87689868894238,273.19549148811325,1316.3757871550351,-158.5325665246842
23.783473843957104,273.4016376289928,1316.0613266474545,-148.72591545823556
23.69457893652016,273.59900907885327,1315.7216888232301,-139.51165658451785
24.844080206547726,271.1265547064914,1332.915015724555,-225.7512561185987
24.73911332170298,271.34752443963725,1332.241877551613,-217.0761926261169
24.630070810615763,271.5783452817612,1331.52904607146,-207.9712049678776
24.518725446273123,271.8154213089018,1330.7820444291665,-198.60952364089496
24.40689498499999,272.0549809917242,1330.0054330271614,-189.19108666046174
24.296280326171964,272.29341342458196,1329.2018992255958,-179.928635135704
24.188321919087876,272.5275806224782,1328.371627995498,-171.031722409416
24.08409957327824,272.75505005705503,1327.5121154628182,-162.69121644448336
25.121257089700805,270.5454099406077,1341.5605558787247,-235.03249449088088
25.012978981630987,270.77149551177115,1340.6986397774058,-226.9830720577234
24.899791120760394,271.0090915139115,1339.7783949668094,-218.51744768177673
24.783443181424854,271.2547048897444,1338.8070645253126,-209.79839974616985
24.665771149634313,271.50458782915825,1337.7916181508608,-201.01693995511621
24.548530740295238,271.7550781226774,1336.7375823071252,-192.3795249554372
24.433243112920543,272.00292790275756,1335.6480686203772,-184.093021253655
24.32108008344295,272.2455620721043,1334.5232279342945,-176.34941933994912
17.67369854603796,286.3306032660619,1110.4321939327563,31.544819437812265
17.830489377816505,285.97798321999613,1123.6128300030482,45.1342537511932
17.985735240470387,285.626631648626,1136.4506963149101,58.19382329357208
18.13750308542203,285.2808167533127,1148.7683986340876,70.53932787990914
18.284309106879483,284.94384868732266,1160.4298570343044,82.03345171368011
18.425194717588717,284.6178931729986,1171.3453731108582,92.58906126513386
18.559737087568056,284.303934605586,1181.47139849262,102.16729089712973
18.687997749635496,284.00188515974264,1190.8057130224706,110.77152224421175
18.474764564728314,284.336357060183,1150.9559775252774,-20.31224454947281
18.56492971817062,284.1446341660211,1160.121112716133,-5.749085556242733
18.65688280456558,283.94716756464624,1169.2240824712194,8.52184640002335
18.74940107300214,283.7463858957601,1178.1208065690314,22.261372352561608
18.841426562150797,283.54442028984425,1186.6890073558982,35.270658220636165
18.93215346622327,283.34291019319994,1194.8356407964995,47.401454013681075
19.021075429145366,283.1428931913818,1202.5003087267373,58.55982526413766
19.107987786694345,282.94479364385376,1209.654659492625,68.70392873532782
19.463675445366757,281.9300258738157,1197.9916378485216,-78.02283230068133
19.48648016311128,281.8945605329957,1203.3264442308678,-63.59241917025557
19.512336095940867,281.8516827090469,1208.7476665312447,-49.14195266985004
19.541038534026722,281.80140644455344,1214.1638350630471,-34.93813489545863
19.57231974976714,281.7439190806687,1219.4891225538615,-21.225392841763664
19.60589738849046,281.6794985678323,1224.6500092168799,-8.20894686258137
19.641519147193605,281.60843097956206,1229.5899979964672,3.9563312653424703
19.678993517365562,281.53095059195715,1234.2718162463239,15.170391763264377
20.487020192281886,279.50082101980814,1243.4358039451608,-131.43211238239337
20.456281329945032,279.5836666443695,1245.8818137177261,-118.22281361685782
20.427592150779788,279.6624998865413,1248.429318041637,-104.73540759910082
20.401686446996578,279.7353113201908,1251.0356379234295,-91.22555976318313
20.379154878933647,279.8003762680021,1253.6560104765508,-77.94803189538362
20.36042068991715,279.8563430060408,1256.2474359411635,-65.13696970427446
20.345738286099433,279.90226907115044,1258.7721905958506,-52.9894543708902
20.335209680596822,279.93761145884,1261.2004130154712,-41.6546534044021
21.367064455492105,277.45841891475357,1280.0878640157298,-172.94609411079128
21.30317227715262,277.61059872866633,1280.7815206591085,-161.4101323866737
21.239256204930207,277.76401610562897,1281.5284822484357,-149.46201451174753
21.176607324572462,277.9156051670175,1282.316221483954,-137.32669724693716
21.11641569128958,278.0624481554898,1283.1289636215306,-125.24377431485468
21.059682034295232,278.20199655947806,1283.9489251173648,-113.4487970673452
21.00715885688952,278.3322346295477,1284.7578676790326,-102.15525399289666
20.959327111526758,278.45176480356406,1285.5386847804464,-91.54008670544098
22.00701602625428,275.9989913697901,1305.424868487662,-200.87903935420374
21.926609115804673,276.18357986760395,1305.214272401622,-190.83186159868188
21.844294571764376,276.37375535722066,1305.0060176384095,-180.33508728027485
21.761568717108755,276.56615929355405,1304.801371181947,-169.5850459282603
21.679902484443154,276.75740325096245,1304.5994428839447,-158.80091300385203
21.600618370655077,276.9443533070799,1304.3969390177622,-148.20835419302188
21.52479106691542,277.124374146405,1304.1883008010302,-138.02210729647467
21.453187190372915,277.295493239377,1303.9662205287864,-128.43034050016178
22.415761624228313,275.0779284949681,1321.0566508580346,-217.81627334632233
22.328240485915458,275.27541320110964,1320.4167888683821,-208.81798106672315
22.23756145286186,275.4812273756818,1319.74510279681,-199.3744554511698
22.145253028503006,275.6920421634986,1319.0481391034618,-189.66301239431476
22.05287678980921,275.90437371458796,1318.3313998591418,-179.88746809701493
21.961890916743688,276.11488739423055,1317.5984283268162,-170.26376492264782
21.873529849636256,276.3206797296031,1316.8501920445883,-161.00361594619167
21.7887206916872,276.5194886864736,1316.0849111405903,-152.29882460377584
22.6552197430883,274.5425045243478,1330.0194189502238,-227.43089819604668
22.564808934282524,274.7447177657641,1329.1789059891455,-219.07873629489364
22.470522307021767,274.95678636181583,1328.2871356821456,-210.29443813094784
22.373870559771095,275.1754751281879,1327.3525527065276,-201.24452675812154
22.276432452651736,275.39732283746616,1326.3832583342282,-192.12344318958088
22.1797143610185,275.61894960369915,1325.3858160256166,-183.14062942816173
22.085020363598225,275.83735444232417,1324.364270832529,-174.50497480467516
21.993356148640977,276.0501488933031,1323.3196058959052,-166.40936262431583
16.335496050564263,288.7514198860369,1096.9616829699814,43.12260238272643
16.477136840883777,288.4188097064341,1110.3673594599584,57.11035088595551
16.617345663854856,288.0870385690965,1123.4285021084097,70.55295045245327
16.754418063414462,287.7600174116907,1135.966752714503,83.26260940792596
16.88706196996918,287.44074816335626,1147.8458423013547,95.09990700657033
17.014462789804885,287.1311528936435,1158.976644101686,105.97705502438657
17.136289530058093,286.83204405612395,1169.3168487191874,115.8558092972803
17.252645454848484,286.54323266130245,1178.8659785402253,124.74117403797618
17.043558964535865,286.888319496912,1137.7533393737003,-9.5851592173575
17.12589087509259,286.70601269663075,1147.1222792300164,5.374917392127941
17.209847635861863,286.51794895853794,1156.429746302073,20.033237020416152
17.294342259418208,286.3263366773138,1165.5304490871072,34.14620043512048
17.37844451742893,286.133093755171,1174.3015977245736,47.51196632313332
17.461458299805297,285.9396676255557,1182.6503636516516,59.98077118789885
17.54296212277223,285.74693564551103,1190.5172308723559,71.45856763146861
17.62280859485196,285.5551997455784,1197.875256350176,81.9045684903966
17.915431080368116,284.64376519727415,1185.2316717346857,-68.32373559505152
17.9380583705339,284.6069943505749,1190.7339798736539,-53.51347048377994
17.963505229339752,284.5628876095797,1196.3266756570556,-38.685628497762906
17.991579200870632,284.51141743583526,1201.9170965134927,-24.111796342058824
18.02203884954824,284.4527068710078,1207.4187106291286,-10.040108984764828
18.054638292823782,284.3869517534681,1212.7578669269874,3.3218980322496066
18.08916710042064,284.31434528692466,1217.8785110471745,15.818457279696872
18.12547641024295,284.2350260917539,1222.7443040895455,27.34989766035119
18.815973137973174,282.3799806963402,1231.2841038933643,-122.80531607726053
18.79131149729308,282.45315407510856,1233.8517659884485,-109.2489118850904
18.768636159452658,282.52214156796117,1236.5274311370301,-95.41028954904493
18.748581732912584,282.5850453736228,1239.2676951096253,-81.54986968629166
18.731659281869785,282.6402253610095,1242.0272860848686,-67.92634137365411
18.71823759338288,282.6863787754047,1244.7630176440748,-54.776625159129
18.708543622646992,282.72257353668556,1247.437353157088,-42.299274990762996
18.702677245722597,282.7482412304278,1250.020974636519,-30.643667828694305
19.589878211327832,280.4766349737424,1268.5967741762668,-165.2720440195155
19.536003650188153,280.61414876819845,1269.3704783861967,-153.4305142876736
19.482317159807806,280.75234932639745,1270.2047214549739,-141.168135255929
19.429945566882708,280.88836538882293,1271.086903025092,-128.71400056687344
19.37992648727392,281.019460038251,1272.0012084154475,-116.31134798186395
19.333133405977307,281.1432330858546,1272.9299241235808,-104.19851215538301
19.290226116213834,281.2577711848711,1273.8550483711952,-92.59067457856605
19.251631309025875,281.3617276428002,1274.7598943338053,-81.66532589924068
20.15296055010337,279.11538715056895,1294.50725113838,-193.93291029619672
20.084558197994987,279.28292761628546,1294.3480712043836,-183.62024853190545
20.014698883305194,279.4551962322096,1294.19795869631,-172.8470417211027
19.944691468685065,279.62905555284425,1294.0585946514661,-161.81300441287112
19.875820665643932,279.8013397467005,1293.929470698994,-150.74043066763852
19.809241423453376,279.9691154609215,1293.8076778086852,-139.85748214860348
19.745893957281496,280.1299059994595,1293.6880796633563,-129.38051401829395
19.686452282174525,280.28184311883285,1293.5638471113248,-119.49832709999185
20.51323569796853,278.2549292065135,1310.5606913779757,-211.36762200995653
20.438588863130576,278.43437234703174,1309.9556896916138,-202.1356900056912
20.361389278270288,278.6210961378171,1309.3248085781843,-192.44688195017807
20.282974708901584,278.8119952571615,1308.6752679875997,-182.48128444408684
20.20470952972497,279.0038212698751,1308.0132039765263,-172.44533772732478
20.127867173892465,279.1934618021572,1307.3427604437034,-162.55713697363805
20.053526747982755,279.37819945875293,1306.6654855302927,-153.02982563083015
19.98250124092768,279.5559057580517,1305.9801689413428,-144.0557901023346
20.724979890499338,277.7535098514407,1319.806380716938,-221.3039206981898
20.647804680016964,277.9372796536372,1318.9917616203743,-212.7407097880427
20.567445158056866,278.1297540217452,1318.1311974628215,-203.73371573699663
20.48522337665518,278.32791841984226,1317.2339247761736,-194.4518140968169
20.402518530551546,278.52854992835,1316.3088051359214,-185.09170512168077
20.320645834612318,278.7284992810342,1315.3631209356104,-175.86470682847934
20.240744720259467,278.9249640479927,1314.401594164846,-166.98096333918588
20.16369612880096,279.11570388816307,1313.4258432902877,-158.63386404011374
15.239355723885057,290.77489377367743,1085.2158917123165,53.0047436430863
15.36869796048569,290.45876907107726,1098.7995960531725,67.33583679509061
15.496696569822983,290.1431351598739,1112.037607555735,81.10891878587663
15.621825317248184,289.83161989314624,1124.7508574038848,94.13312821394308
15.74293926533363,289.5269843177766,1136.802962408279,106.26723295210446
15.859331863555123,289.2309629083782,1148.105294645191,117.422897246308
15.970737977401003,288.9442390347185,1158.6165793497169,127.56243745278336
16.077286705481306,288.6665516254235,1168.3377803373578,136.69228877547033
15.875450872167573,289.0148965162796,1126.2462669872052,-0.49637451212024075
15.951190746458042,288.84069554333166,1135.7741220461812,14.803887263422041
16.02841801337107,288.66073338581975,1145.2414672805053,29.794945537864976
16.106153104715677,288.4770416864424,1154.502116691213,44.229369182805016
16.183565070299892,288.2913697663295,1163.4329236282779,57.90268156832818
16.26004110572551,288.1050158111578,1171.941268094158,70.66376325819638
16.335221995930915,287.9187352125486,1179.968365527719,82.41842153043487
16.408999866919398,287.732739288554,1187.4884213090943,93.12674283341221
16.657246272618586,286.8965851446591,1174.1219041876866,-60.19932509035269
16.679230280492835,286.8594510500358,1179.7521560144337,-45.06928682729688
16.70382979784549,286.81507139355955,1185.4762646143804,-29.922506533615973
16.73086533951841,286.76338068572846,1191.200749590624,-15.034713117863959
16.760118038407157,286.7044478020856,1196.8386252355776,-0.6572387563793427
16.79137073027439,286.63840278517387,1202.3162050762621,13.000282376302579
16.824444235511262,286.5653665455548,1207.5778466133884,25.78123030352421
16.85921993966573,286.4854053251036,1212.5879858112207,37.586125088629245
17.463664932997528,284.76110236814145,1220.7173951028924,-115.68528726146002
17.443228415720178,284.8272526902173,1223.3756870273658,-101.84649698233966
17.424689233598762,284.8891404690907,1226.1471395432832,-87.72049476010716
17.40860878518755,284.94495155163116,1228.987933165975,-73.57149935879968
17.39543984169207,284.9931079482643,1231.8525399597088,-59.661414892580524
17.385511476536518,285.03234174420487,1234.6977516423685,-46.22951362305926
17.37903052579144,285.0617266734137,1237.4862816697819,-33.47567836953857
17.376094918865192,285.08067352804085,1240.1893138401338,-21.549647835797998
18.156327352458923,282.9652874912252,1258.6130339908218,-159.03589442303542
18.10977449477711,283.091716927348,1259.4447694460819,-146.95727994118744
18.063521482903752,283.2184834622892,1260.3424707909103,-134.4492609930266
18.018569894261617,283.34286965400213,1261.2936079222552,-121.74394598064879
17.97584210089441,283.46227939241646,1262.2824718037043,-109.08730036987066
17.936116034962865,283.5744263446654,1263.2915397253437,-96.71981267750851
17.899982220642723,283.6774744257805,1264.303120825193,-84.85804908056213
17.867826973330356,283.7701139011178,1265.3009660290945,-73.68004627815691
18.660383109147002,281.6801593550729,1285.0191865147674,-188.3579101607566
18.600888329225295,281.8346100380002,1284.8961777608993,-177.84921926910158
18.540227053294373,281.9932075605709,1284.7871239531964,-166.87004870268788
18.47956263967659,282.15299480438813,1284.6941046984323,-155.62231910894883
18.42003676473024,282.31098427191574,1284.617005935042,-144.33041820219285
18.362676830444002,282.4644007280062,1284.553329505859,-133.2242346620376
18.308321505909387,282.61089044702396,1284.4983847659882,-122.5212896780796
18.257575515926927,282.74866410780874,1284.445828625483,-112.41089140836465
18.98301032988009,280.86733109049925,1301.4215260557194,-206.22412728485529
18.917971420830764,281.03282483644915,1300.8400552220264,-196.8257845383875
18.85078906879384,281.2048690085161,1300.2369851967906,-186.96037501800436
18.782651289111442,281.3805444108815,1299.6200934099459,-176.80960116807842
18.71476948517325,281.5567945507066,1298.9960671746478,-166.5814841503057
18.64827522334753,281.7306850478833,1298.369597212441,-156.4954510462099
18.58412944111065,281.89964489847495,1297.742778197441,-146.76555191569219
18.5230592328336,282.06164830790954,1297.1149452092586,-137.58455318219484
19.1726003817296,280.3936440915644,1310.8797400953727,-216.4124528783227
19.10531521182409,280.5631324062796,1310.0814903401595,-207.7004493524467
19.035324176696868,280.74051032093627,1309.24117336589,-198.5345395415223
18.96380040516345,280.9229487055794,1308.3686523354613,-189.0847573979159
18.891967625136193,281.107420150369,1307.47341486806,-179.54908726552605
18.82099365108186,281.29096113389255,1306.5633602346973,-170.1399117113624
18.751892183973272,281.4709262159924,1305.643814369298,-161.06809065602874
18.68544995028438,281.6451894698289,1304.7169810550831,-152.52728186585517
14.322844824027248,292.4970318094801,1074.8747460885816,61.55159770797988
14.442004653852251,292.1946487493602,1088.6018562096738,76.18391624699717
14.559896277002956,291.8924618066222,1101.9827792004041,90.24718856584968
14.675135399413842,291.59387094852195,1114.837842303678,103.54784661123617
14.786692889887671,291.30144464611584,1127.0305626648453,115.94308605314163
14.89394535547652,291.016769623843,1138.472710563468,127.34410364729314
14.996676107599868,290.7404297891009,1149.1238575415803,137.71372878167415
15.09503007083559,290.47211125521545,1158.9861559349092,147.0596772868822
14.901394069794208,290.820203947891,1116.109328032348,7.334845316961179
14.971525357833436,290.65295215995366,1125.7633689523552,22.934090896756004
15.043032627509087,290.4799311789509,1135.3583436228553,38.21810511071703
15.115022581826873,290.30302908894,1144.7473268442093,52.93606381812219
15.186742781503073,290.12385984920235,1153.8068584113862,66.88114270239569
15.257644952447144,289.9436033634372,1162.4444614665358,79.90099987025917
15.327416589706557,289.76291986826436,1170.6019262974573,91.90129443278948
15.395977614445156,289.5819516141049,1178.2543803961871,102.84286548766673
15.61108101288269,288.8039047212504,1164.309595661372,-53.21548552162025
15.632213363277039,288.76686334102294,1170.0398182327244,-37.8042566547833
15.655791322796853,288.7226535405706,1175.8674705324534,-22.376182572198758
15.681646767077721,288.671177453405,1181.6984118428363,-7.2106471288498994
15.709578921986832,288.6124596216911,1187.4452711839538,7.438156599196702
15.739392677649034,288.546577357988,1193.0343145467057,21.358718127017084
15.77093189796468,288.4735948488883,1198.4102027554995,34.393581482328244
15.804099528090417,288.3935221058654,1203.5379844083516,46.44338975061129
16.341756808657898,286.772860656519,1211.3263911742652,-109.54840998356724
16.32436055356813,286.83370449758274,1214.0543366866802,-95.4599371461623
16.308780422034754,286.8902339881585,1216.9004237844565,-81.07879292884883
16.29552044316629,286.94070071738963,1219.8205013054978,-66.67250728006098
16.28498741304228,286.98357542971314,1222.7688217142834,-52.50582720362206
16.277478571332235,287.0176174589382,1225.7021378258419,-38.820140252456895
16.27318382219253,287.0419049598879,1228.5833430916468,-25.816570463440087
16.272198025179996,287.05583216130793,1231.3840165968732,-13.645211202376515
16.968301248730064,285.06595074512603,1249.6464780113197,-153.60126515986866
16.92726491019338,285.1837832912531,1250.5219967285684,-141.30843551485822
16.886607688089974,285.3016797165669,1251.4687763320374,-128.57739135889852
16.847232136419628,285.41704500652844,1252.4743364288965,-115.64286106881991
16.80996934167283,285.5273948424265,1253.5230315241806,-102.75322031827409
16.77552123298055,285.63053300033016,1254.597464933811,-90.15089228230039
16.744422783772425,285.72468415258686,1255.6801719962134,-78.05371349104445
16.717027332064053,285.80856695321694,1256.7552437894276,-66.64024937296932
17.423388844323153,283.8454447507294,1276.380992584916,-183.40268777802805
17.37067642054896,283.989694965948,1276.2847945140863,-172.70858958107203
17.31702263230582,284.1376247974396,1276.2075685932398,-161.53365599584237
17.2634758348063,284.2864199296652,1276.15170202247,-150.0817749132874
17.211064492498373,284.4332337936071,1276.1173688861702,-138.5792352243596
17.160714776239352,284.5754157748126,1276.1023657170513,-127.25751763840407
17.113184407472826,284.7107085273715,1276.1023289143338,-116.33523228888527
17.069022474460944,284.83738366656,1276.1112894581133,-106.00216776627701
17.713849321098156,283.074720012572,1292.9788055951194,-201.53579531882235
17.65615242452473,283.2293489177184,1292.4148921342025,-191.96950687385083
17.596636574922357,283.38993139201364,1291.834083389673,-181.92517959137524
17.53637200103385,283.55369349080934,1291.2445936881118,-171.58605846755245
17.476449449584244,283.71772864118486,1290.6535221135955,-161.16170292539823
17.417888203064436,283.8792414004417,1290.0659577665074,-150.87285216918036
17.36155525837594,284.03577462038015,1289.4843962806158,-140.93445375375387
17.30810901761263,284.1853814739799,1288.90858778366,-131.5396423682502
17.883693039186078,282.6269858587958,1302.5199223995692,-211.83591753978516
17.82398523169047,282.7853605997791,1301.7348702585327,-202.96333219504385
17.761955885098175,282.9509497865508,1300.9122991304657,-193.62555394389392
17.69866173064242,283.12106632105974,1300.0625670789777,-183.99395403489547
17.63520431514707,283.2928335138366,1299.1956311681342,-174.26787163598544
17.572635063362704,283.4634313200565,1298.3198392705162,-164.66084965716078
17.511867834855032,283.63033547220385,1297.4409558209466,-155.38452763183096
17.45361401359402,283.7915076949674,1296.5616225243293,-146.63284349242133
13.542498829615436,293.9827335759501,1065.6413072190403,69.14133046479688
13.653190818703132,293.69183588246847,1079.4939751466889,84.03916845128381
13.762673339761673,293.40089483684125,1092.9996436092847,98.35794834924678
13.869677375873772,293.11312198815995,1105.9781176755037,111.90182695055734
13.973267119346799,292.8309270944737,1118.2928508429504,124.5267271838785
14.072885304672585,292.55577562470603,1129.8559996960237,136.14354541452474
14.168352539063834,292.2881706602337,1140.6279174712315,146.71566092322212
14.25982410774988,292.0277563715197,1150.6118387617614,156.25200106237895
14.07298322194568,292.37607655669365,1106.9884677711648,14.365825595709936
14.138468007460636,292.21457092061485,1116.75783525064,30.230272504775826
14.205228708824713,292.0473011943468,1126.4689226847415,45.773506780292394
14.272440976751327,291.8760383761646,1135.9740630469173,60.74181097200369
14.339415159506187,291.7022850462848,1145.1494962414367,74.9264747982644
14.405654140179966,291.5271239892532,1153.9028688008748,88.17423905943437
14.470881940746205,291.35113721585003,1162.1765051213033,100.39079466465313
14.535039513611585,291.1744101984789,1169.9463933038514,111.53779388887085
14.72220475920378,290.4467836314823,1155.3689697516534,-46.82546107669069
14.74265704628876,290.4096959317228,1161.1971995548643,-31.159993868466586
14.765407121010238,290.36551034488286,1167.1256882684406,-15.478759239533957
14.790293197775284,290.31410616126635,1173.0595012131091,-0.06431911976858373
14.817126662854793,290.25547435847966,1178.9107743741868,14.826740792038265
14.845728159201393,290.189650818574,1184.6056409312523,28.981448790129633
14.875958462237689,290.1166541060211,1190.0889967271905,42.24183985778808
14.907736546958294,290.0364482592554,1195.326447023598,54.50890078607398
15.389114517911823,288.505750338709,1202.6282894613694,-103.78570604370424
15.37426451795081,288.5620241651191,1205.4319006032836,-89.46263432695974
15.361161719821366,288.6139298081272,1208.3582054807566,-74.84342050097746
15.350259439490152,288.6597780783804,1211.3624520466005,-60.19868420129768
15.341923186719605,288.698084757111,1214.3984341643436,-45.79571115868487
15.33642080207178,288.72763587823493,1217.4226678768173,-31.877655446164795
15.333925451729668,288.7475165270563,1220.3980745400386,-18.646532089676896
15.334527153195115,288.7571094709979,1223.2965216654252,-6.252475999139222
15.95986767797667,286.87603243104104,1241.203412504404,-148.35621623982172
15.92340595092666,286.986599648627,1242.1336528282893,-135.8511180221194
15.88739312270634,287.09697527948134,1243.1404832922394,-122.90103559296091
15.852647647091931,287.204667894642,1244.2111571024593,-109.7434156102745
15.819922436008692,287.307289048366,1245.329786223118,-96.62901704051944
15.789853615819128,287.40272105002344,1246.4788250191937,-83.80205512420906
15.76292723870944,287.4892428695476,1247.6408069524762,-71.48140631949593
15.73946657723358,287.5656002492336,1248.7999908176225,-59.8458854786183
16.37373898051293,285.71163254429575,1268.1447828061357,-178.5172561709146
16.326619240328142,285.84735538005685,1268.0885335792996,-167.6298904293401
16.278751195247057,285.98633218270857,1268.0566175797053,-156.2529919834975
16.231087552671287,286.12586508179237,1268.0514383112352,-144.59274247250357
16.18456181196907,286.2632242669147,1268.0731567709845,-132.8775341948347
16.140014389637244,286.3958640272935,1268.1195756383618,-121.34050076207348
16.098133537808973,286.52160970853095,1268.1864030061865,-110.20126634892358
16.0594195842554,286.6387868533272,1268.267836793502,-99.64991576948347
16.637453393845984,284.9769620296367,1284.8758473858577,-196.86373062818086
16.585791678155857,285.1225637127609,1284.3434601791564,-187.11711271392335
16.532585463247138,285.27358499079594,1283.7993175222778,-176.88279688601256
16.47880834412482,285.4273674089629,1283.2518203499692,-166.34600027448448
16.425451172094473,285.58112584388124,1282.7082092718579,-155.7181403501682
16.37343934756546,285.73217936885237,1282.1737017868836,-145.2214476281864
16.323560369277565,285.8781664531927,1281.6509450999033,-135.0717965967607
16.276413472833802,286.01720833486087,1281.139892430852,-125.46258477741844
16.79135448509594,284.55065217147603,1294.4873826659918,-207.27377841177213
16.737868187181537,284.699812695207,1293.729778610109,-198.22831903915102
16.682381527047774,284.8555926957813,1292.9395855121793,-188.7075688372487
16.625856414456365,285.01541664575257,1292.1274361844376,-178.88467953123842
16.569293953910872,285.17652865931194,1291.3035144221863,-168.9606907952557
16.51364897420704,285.33622576834966,1290.476368972173,-159.15052093436185
16.45975153029108,285.49208444112566,1289.6519686001034,-149.66665951183637
16.40824875224295,285.6421410670943,1288.8331886055985,-140.70325975277234
12.86876005456501,295.27980210737,1057.32817977199,75.96146805309266
12.972335012396567,294.9986661563124,1071.2947898069951,91.09253629854086
13.07474255058209,294.7172935977322,1084.9128736915509,105.63543872865165
13.174809613268033,294.4387363885033,1098.0018378943867,119.39243796239151
13.271677696167531,294.1652700761248,1110.4251611453383,132.21844565396336
13.364843788917648,293.89825792905793,1122.0954301079482,144.02419518228461
13.454158380626206,293.63813535546643,1132.973775773521,154.7736385985314
13.539783938409627,293.3845120115378,1143.0644687313131,164.47684341492374
13.358687102999621,293.73334503118645,1098.7282488603798,20.733244173133897
13.420296967629275,293.5766691569128,1108.6064278124331,36.83074484241661
13.483086591802945,293.4142503427091,1118.4260537409036,52.60118191686979
13.546288798357857,293.24776050038474,1128.038815731161,67.78844634671643
13.609265823142094,293.07860819421296,1137.3207203145967,82.18229394517434
13.67156279056537,292.90779375134406,1146.1795974402667,95.62881774897178
13.732933600707668,292.73583282605813,1154.5583310856691,108.03387775231417
13.793336019470548,292.56276279887385,1162.4337637474491,119.35996415100027
13.95703770885762,291.8786404023825,1147.2121723512244,-40.98269368477534
13.976960137010197,291.8414256730693,1153.1373411681877,-25.092277051285578
13.999042756165748,291.79718923543913,1159.1644051667565,-9.187934807396687
14.023128011664967,291.7457925484863,1165.197639951398,6.4450637775250925
14.049036639918254,291.68719911595207,1171.1487090646724,21.548170234747175
14.076601810549898,291.62141021783134,1176.9436378359192,35.90730235865101
14.105697883733896,291.5484059421859,1182.5275761896437,49.364233790040714
14.136256712426107,291.46811137403887,1187.8666933248787,61.820433291800725
14.570542191830418,290.01450524305693,1194.6362072670995,-98.47052287155935
14.557858897410195,290.06681846488704,1197.5186362145757,-83.93734333911704
14.546852422241237,290.11472896101986,1200.5272182518834,-69.10595203334577
14.537932466211693,290.1565995158483,1203.616525165592,-54.24970160520735
14.531428998494263,290.19098561717976,1206.7398408058111,-39.63804596867112
14.527584426500143,290.2166971748152,1209.8534121904863,-25.51556166999444
14.526557192506857,290.2328261142074,1212.9201690965283,-12.0848708961434
14.528432618182343,290.23874622116347,1215.9122550153472,0.5040526986194891
15.09487616369204,288.4502624520512,1233.4080675984246,-143.49573634411354
15.062254511768296,288.5546228952059,1234.3983429990108,-130.7983608278484
15.030128431962314,288.6585825770448,1235.46964149935,-117.65085576656998
14.999245240731675,288.7597387077629,1236.6088349180786,-104.29316281652791
14.970291720436247,288.8557851072518,1237.799695921863,-90.9781606162914
14.9438482487994,288.9446717642915,1239.024452818402,-77.95158498574654
14.92035925769825,289.0247248430947,1240.2655785302036,-65.4331051604218
14.900122164193363,289.0947142260486,1241.5074567762074,-53.60158785840696
15.474776465087404,287.33289169416946,1260.5274832139723,-173.99241691393036
15.432319080442683,287.4613854827358,1260.516908577888,-162.929093167774
15.389262813944127,287.59278018751144,1260.5352884241242,-151.3691330936315
15.346480087858213,287.7244764204717,1260.584921314571,-139.52086880614456
15.304824686120071,287.853843423603,1260.665844663249,-127.61460965670352
15.26506496239636,287.97842482102885,1260.7757716207236,-115.88493804128831
15.227830631754447,288.0961167827,1260.9104029427817,-104.55229758430261
15.193580690280774,288.20529155917086,1261.0640411480965,-93.80690773036076
15.716731924795209,286.62792828775065,1277.3877797289756,-192.55563801230568
15.67007517998684,286.7659186365501,1276.8920302267854,-182.64505948707665
15.622090221738887,286.9088865715483,1276.3890107357608,-172.23860387500144
15.573669867948091,287.05427076950707,1275.8871940253018,-161.52333930270538
15.525721495429313,287.19938851073687,1275.3938537700062,-150.71238362756839
15.479092008313895,287.34165570969236,1274.9142383712506,-140.02928697496975
15.434502312412496,287.4787920230345,1274.4510629365004,-129.6906892061017
15.392501863133882,287.60897694062805,1274.0044150900533,-119.89009780427313
15.8578776478492,286.2188867669718,1287.0791477457499,-203.0916939201216
15.80952704659148,286.3603132860157,1286.3529918245579,-193.88963550117194
15.75943012805415,286.507868977507,1285.5985633055018,-184.20352844813635
15.708469713777447,286.65907197107634,1284.8266635087957,-174.20817237965906
15.65756321392572,286.8112679144569,1284.0476012179188,-164.1061468124788
15.607584972159714,286.96185239161105,1283.2700333403068,-154.11357908705878
15.55929514536012,287.1084868501309,1282.5000522779274,-144.44365969716728
15.513287131879098,287.24927088600674,1281.7406997652597,-135.2906439074212
12.280709470513118,296.4249018481313,1049.817850571455,82.08336258531997
12.378175563247787,296.15219950080734,1063.8850671660518,97.42228884304734
12.474508880571426,295.8790940943667,1077.6021535505802,112.16486488382307
12.56861751761523,295.60850129355356,1090.7881977169618,126.11170383908086
12.659707863425519,295.3425825458401,1103.306736029955,139.11685680965974
12.747321868699528,295.0826148097898,1115.0707690083464,151.09095199534337
12.831334015660513,294.828977015634,1126.0421452604887,161.99848943956863
12.911911331417574,294.5812508684776,1136.2260770988357,171.85058660875626
12.73629730496484,294.92991510536183,1091.2512925442804,26.455858411053953
12.79455515124944,294.7774372945653,1101.2264522727285,42.76134563935915
12.853907090541012,294.61923798855804,1111.1425564211518,58.73447356554786
12.913634508707048,294.4569041082158,1120.8507394601565,74.1170375889377
12.973143419033779,294.29176386574903,1130.226822776657,88.6974683708321
13.032014222120353,294.12474744188427,1139.1788234273083,102.32132589199645
13.090025317518558,293.95631440379486,1147.6501465083381,114.89466437577187
13.147147670599418,293.78646187927933,1155.6184162185775,126.3807613875928
13.29164434735864,293.1388899087396,1139.8070303974787,-35.71868092490007
13.311046511857082,293.1016327493886,1145.8195466012219,-19.62660279298757
13.332486274512336,293.05742456747,1151.9352062021105,-3.5223164568561174
13.355809927881324,293.0061111299192,1158.0575721632636,12.30651771669028
13.38084620931434,292.947632138447,1164.0978856688223,27.5996364358719
13.407438736359333,292.88195917413935,1169.9820812244234,42.14201131292168
13.435472949878442,292.80903953422836,1175.6555458229832,55.775231588808055
13.464890949629213,292.7287653069281,1181.0849657709457,68.40124429491723
13.860005197367117,291.3404515221738,1187.3494661160455,-93.65952304745178
13.849072805592746,291.3894611163369,1190.303703678043,-78.93588861755165
13.839750916673948,291.4340440176972,1193.3870969907007,-63.91217919766365
13.832412662817426,291.47260672055063,1196.5535794474972,-48.86419306748354
13.827358183574523,291.5037379855548,1199.7559511176064,-34.06330761702884
13.824808437196912,291.5262675850347,1202.9501990168294,-19.755339901946684
13.824909261945514,291.5392929070233,1206.0992505257818,-6.143410398550145
13.827741646866723,291.5421798337319,1209.1754957823666,6.62270492341645
14.344983501354923,289.83239955397255,1226.2601438423035,-139.062013882099
14.31551091884679,289.93157028231496,1227.305488505736,-126.18656299463498
14.286566871456946,290.0301656460919,1228.435905857451,-112.85612009878093
14.258838968825666,290.12585721301645,1229.6378803086168,-99.31290371344073
14.232958464491324,290.21640773853017,1230.894835513365,-85.81171526925789
14.209458850523575,290.2998237956775,1232.1887580554635,-72.59965329943594
14.188749433962803,290.37447078976174,1233.5020376118343,-59.89707241333275
14.17110563756299,290.4391383253532,1234.8191546731173,-47.882824340986645
14.695842678363286,288.7558456603725,1253.494603332328,-169.8183246742284
14.657208602118116,288.8783254338475,1253.5257609922878,-158.58651452903285
14.618096393963663,289.003406528914,1253.5902713420633,-146.85103502630244
14.579311304203634,289.1285711036987,1253.6902969647526,-134.82223353067025
14.541640368119591,289.25127044178913,1253.8257170401043,-122.73221160594068
14.505791517478793,289.36912205727754,1253.9941180730284,-110.81689574239033
14.472345283935212,289.4800804261724,1254.1911556317805,-99.29747078904558
14.441725822812641,289.58255573717844,1254.4112007844067,-88.36424075626655
14.918861295095546,288.0772803911043,1270.4202880997552,-188.5242972563662
14.876295329361476,288.20898831802884,1269.9574862008337,-178.4498864479707
14.832579841976612,288.3452956455784,1269.4918580763697,-167.87108694660554
14.788540456918566,288.48371980327005,1269.0319111420001,-156.97676307401736
14.745014991783695,288.6216613135814,1268.5849082732793,-145.9816860176261
14.702784814033588,288.75661479753103,1268.1560814198024,-135.11068531468845
14.662515092711235,288.8863656595878,1267.7481667805623,-124.58110638051562
14.624713603559746,289.00913963971,1267.3613449957618,-114.5866242608655
15.048499630411655,287.68431421574223,1280.1274425514798,-199.11255419067373
15.004330217989773,287.8194121499901,1279.4290227571885,-189.74650746891655
14.958627027926665,287.96021630897786,1278.7067872829994,-179.88685514396587
14.912207574022382,288.10431873474533,1277.9716717214797,-169.7100698414884
14.865919930444134,288.2491457029281,1277.234065126903,-159.42030423863997
14.820571560812542,288.3921712036026,1276.5026816595337,-149.23492384374555
14.776864370212085,288.5311240319954,1275.7836860581283,-139.36783181028284
14.735346857989754,288.664153122341,1275.0802413704819,-130.013368858099
22.289830496992224,274.4888284376474,1275.2846896213389,-42.891898524612785
22.479313106429043,274.09337197989964,1288.3844883668175,-29.72439405790624
22.667374258619116,273.6997947841169,1301.1660317506107,-17.0113929685873
22.85124726799177,273.31384610937823,1313.4337578549766,-4.94747713490284
23.02863379260708,272.940325421673,1325.0305052481049,6.315339381198697
23.197836099835424,272.58279744380616,1335.8443648680764,16.672755968859718
23.357809707131675,272.2434745359701,1345.8101974955946,26.06814726797799
23.5081367992238,271.92326796684296,1354.9063352942455,34.488160859074185
23.42838431388878,271.9443477874936,1317.0997254434817,-92.58548635465075
23.5233605430152,271.7571242092045,1325.996764082459,-78.38029802884421
23.62094769807916,271.56360450189845,1334.8551609152955,-64.39767703317631
23.71953806141444,271.36689357989263,1343.5196974310122,-50.88609267203404
23.817607639065802,271.1699747352609,1351.8529329831374,-38.05909543527997
23.913844425795524,270.97544803003944,1359.7440214989274,-26.083255873013627
24.00723906879202,270.7853404400241,1367.1138105301995,-15.072223938957904
24.09712498213062,270.6010170991832,1373.9158707522088,-5.086991612605573
24.847525288309583,268.85692417492805,1365.1379625932534,-147.77416213283337
24.845294329299872,268.8739717609431,1370.0911279857032,-133.60501242904948
24.846759815573247,268.88360584720675,1375.1382352969597,-119.35189523738168
24.851916722320993,268.8855115253918,1380.1837787612076,-105.28943968688068
24.860552140544634,268.8798057136726,1385.1340528619144,-91.67667898659764
24.872295832894572,268.86695960502067,1389.9044445171662,-78.73841984676483
24.88668643335391,268.8476828686707,1394.4252318226654,-66.65181638804509
24.903237406808895,268.8227999219145,1398.645133072444,-55.539477875475654
26.326744964650555,265.73111780349564,1410.872478351224,-198.598030622677
26.246056083970046,265.90383596420577,1412.9245765112464,-185.53529263594592
26.1669276264406,266.07469069832354,1415.0645308270728,-172.1364891493047
26.090819167101497,266.2405126148205,1417.2493251513888,-158.66386196093222
26.01891717283278,266.39861226809575,1419.4314655122673,-145.3862397326433
25.952059723176085,266.5469642357381,1421.562736276587,-132.55812918061847
25.890712963191376,266.6842910207166,1423.598048109215,-120.40112083218438
25.834996035315957,266.810045736814,1425.4987426299156,-109.09039062223889
27.602889516408332,263.1044310011557,1447.1396603523008,-237.8227186094603
27.47296922046371,263.3687218468718,1447.4831965048336,-226.31497446297374
27.341041790913973,263.63892747570736,1447.8520319660975,-214.34259238431514
27.209434834864616,263.9103915630693,1448.2336689434808,-202.13661350191214
27.0803164816445,264.178656286866,1448.6114541990742,-189.95039738707345
26.95551395217766,264.43984248992,1448.9654492752572,-178.0402985876349
26.83638728199987,264.6909357364783,1449.2738476159755,-166.64584614986356
26.723775844141496,264.92993447928063,1449.5147284058012,-155.97265237537076
28.52983315659916,261.23407034464753,1471.8022615345287,-263.9980240026068
28.375003602262733,261.5414374435715,1471.2882172826637,-253.87287152208438
28.215053825340203,261.8609926834738,1470.7425109545175,-243.24892606478173
28.05263408455552,262.18765975641884,1470.1657225400418,-232.32903907386356
27.890385322443528,262.516251936925,1469.5562396060664,-221.3464882571973
27.730701812113487,262.84194183051676,1468.9096490921838,-210.54834419153698
27.575534159859608,263.1606730581461,1468.218576040532,-200.17656467774268
27.426266641996296,263.4694404702127,1467.4730739095598,-190.4498979522181
29.118576724310987,260.06104066554406,1486.7871849201952,-279.7161166182945
28.95275842744329,260.3858500371527,1485.8747274696352,-270.5563091256647
28.779785880721043,260.72674998348276,1484.8948808630612,-260.90302994189517
28.602366046574765,261.0786882592454,1483.8529238516285,-250.9408781810695
28.423306656037337,261.4362927603869,1482.7534539796784,-240.88842074072318
28.245257852686024,261.79436767518416,1481.599178601717,-230.9837202186961
28.070478623520636,262.14836407849907,1480.3899711261347,-221.46667766724778
27.90067082218123,262.494737180665,1479.1224533120903,-212.5610214196051
29.459422562233527,259.3862129959136,1495.2375001325972,-288.5174313483989
29.288981177665775,259.7176742766636,1494.1417660879229,-279.9428242609056
29.110231639696686,260.0673727794557,1492.959190992632,-270.8874485122681
28.925860931972295,260.43036770330974,1491.6966533616392,-261.5257969047869
28.73872138839338,260.80128091093275,1490.3612196821732,-252.06768568796107
28.551566465063935,261.17479618001875,1488.9587079736534,-242.74530702417186
28.36680032144736,261.5461545104829,1487.4923868777055,-233.79646001873334
28.18628857883852,261.9115507437691,1485.962140885295,-225.44683519428884
20.055805071091335,278.50008270850867,1253.444013106571,-23.66566262039956
20.22501819995644,278.12827412545107,1267.067392317917,-9.89790928678724
20.39304686366086,277.75750186085946,1280.3671771768834,3.388322995706403
20.557535377231815,277.3928968298735,1293.1446763756628,15.992890750602442
20.71656109666648,277.0386801037697,1305.2413360770868,27.760511054615506
20.868743267619017,276.6979112292237,1316.545574256622,38.58583470276062
21.01328131654989,276.37239275996797,1326.994086602108,48.41310527732429
21.14992313092344,276.0627332649935,1336.5681828663976,57.231327713441914
21.022794183133342,276.18403450101033,1296.0918277293154,-74.72828983684684
21.111099354085475,276.00172557391016,1305.4405621805838,-59.901736339668105
21.20185361370145,275.8128513318127,1314.7520087182597,-45.317033138899234
21.29366214036558,275.62018092835814,1323.867469589152,-31.22975276434383
21.385227822830522,275.42633298726435,1332.6475035697363,-17.858233972305158
21.475462285530703,275.23353724865433,1340.9808649288639,-5.37136934520305
21.5635600046501,275.04347010492165,1348.7894501627231,6.117056159407014
21.649026171293205,274.8571873182818,1356.029044885021,16.547739719566096
22.224036428954946,273.37925930812867,1345.338121740357,-131.53725720605075
22.229368396518904,273.38272023746663,1350.6361565748432,-116.73670308668318
22.23827215493413,273.37837764033117,1356.0378532056925,-101.86133967155587
22.250697657670848,273.365934642326,1361.444594504433,-87.19430345177096
22.266433567594046,273.3454595831044,1366.7604746650147,-73.00093816806836
22.285156498899166,273.31730831964546,1371.899819080682,-59.50984923646814
22.30648946584608,273.2820189359354,1376.7930258005767,-46.899505864580675
22.330055495849585,273.2402074019334,1381.389969058474,-35.29166777864697
23.473449609047822,270.5417005140703,1392.559147780816,-184.01293733858944
23.411723027785378,270.6872734432515,1394.8316656069362,-170.32291242655532
23.351940455795837,270.82982654127443,1397.2077517350435,-156.29464169805533
23.29529548639204,270.9664796118467,1399.6428266056048,-142.1997323043142
23.242750087691483,271.0947855924822,1402.0880385587964,-128.31459303383818
23.19498021643725,271.21288453131655,1404.4942763058643,-114.89892421317981
23.15236279401496,271.31957114209916,1406.816179147398,-102.17689652445549
23.114999426071066,271.41427825080626,1409.0154667810011,-90.32380498317261
24.550773169544204,268.15578058707547,1430.3034216651772,-224.66417018474647
24.446652885542257,268.38580025772865,1430.7590140870443,-212.54644442719487
24.341581682030558,268.6196803885802,1431.2567785792448,-199.95151211572326
24.237508496206353,268.85316029977577,1431.7846253435282,-187.11977438414888
24.136233492918446,269.0821802590342,1432.3260892816293,-174.3127407349469
24.039263733139837,269.3032135310781,1432.8613409873728,-161.79288467168954
23.94771554584116,269.5135129780885,1433.3687486954675,-149.80334100356058
23.862275834438577,269.71123716937115,1433.826729808297,-138.55074587680664
25.333861543928972,266.45437975565875,1456.1547486162135,-251.8894277966679
25.20799554973683,266.7248180422849,1455.6793383303661,-241.17736789332474
25.07860037459066,267.00474701910633,1455.1872716835005,-229.94645362783666
24.947922754343168,267.28948331161166,1454.680993538881,-218.40828843781574
24.8181801526091,267.5742768670356,1454.1604349745512,-206.80418756192776
24.691367034532497,267.8547282687688,1453.622404465143,-195.38762683358917
24.5690973325706,268.1271496504522,1453.0604819725834,-184.40468696683834
24.45250902309233,268.38880734794367,1452.465486226931,-174.07570249310433
25.831997896452066,265.3852877140542,1471.951848927308,-268.290506867986
25.696361770118965,265.6725010166529,1471.035848895,-258.56482270956894
25.555488227488855,265.97275127050375,1470.0651259997453,-248.32117849380592
25.411690436477244,266.2813463361635,1469.0476214559305,-237.75222900443976
25.267342451834423,266.59334183495963,1467.9903094775486,-227.08419396478828
25.12466566299659,266.903986216672,1466.897892711601,-216.56145035963397
24.98553933002697,267.20913709767274,1465.7718339985581,-206.42814477380094
24.85136885809179,267.50557332060345,1464.6099703419272,-196.90981451699767
26.12114189507243,264.76864936822335,1480.903972075052,-277.50591720970317
25.981317351041525,265.06245097766924,1479.7824668230446,-268.3814246106182
25.835275439490697,265.3712611020786,1478.5850316191986,-258.74946115250066
25.68532294743426,265.69047213143,1477.321588416505,-248.79195717243093
25.533881678610094,266.01511786215514,1476.0020169839663,-238.72604994421508
25.383268181549827,266.34032464688,1474.634569368775,-228.79006084988254
25.235489195547103,266.6617517126962,1473.2244947921058,-219.22599506748992
25.09209008870269,266.9759393045673,1471.7732009431202,-210.26140011495215
18.318340843273425,281.7131171887173,1234.3293214282103,-7.303000734381783
18.471427207592736,281.36122046117805,1248.365407408757,6.9746999449286875
18.623445666948722,281.00978710258875,1262.072640851816,20.74848615713924
18.77234494539275,280.6634679729647,1275.2502301408451,33.81368339477805
18.91647640095041,280.32604110146735,1287.7389321486608,46.012431028701485
19.054686228666498,280.0001841752215,1299.4278430765105,57.238669339695576
19.18634388288505,279.6873949828895,1310.255518788855,67.43754357239666
19.311307766828797,279.38806178967116,1320.2060046671008,76.60020121480919
19.15737129476808,279.57485231659473,1277.482655992606,-59.44530414728797
19.2397423439806,279.39781443308374,1287.2009995777503,-44.096410135042106
19.32435906654367,279.2141160029569,1296.881658128308,-29.005451494525715
19.409985796118345,279.0262623221265,1306.3633393252546,-14.433717707084867
19.495492637306732,278.836588757595,1315.5052838002498,-0.6032844863840978
19.579952957302332,278.64704173528145,1324.1962478100454,12.315243045526842
19.662705787111594,278.4590327452409,1332.3593300464154,24.208214639410414
19.743375255960476,278.2733868997888,1339.9524520471355,35.01795290232499
20.19640593756257,276.990093671457,1327.5004679617746,-117.54132398995648
20.206505172016563,276.9842216667635,1333.0977462771584,-102.21603489401247
20.219969933664345,276.9704061129393,1338.8049959957361,-86.82385767775145
20.236718908460197,276.94835981706956,1344.5209933794536,-71.65471859119751
20.25654369874225,276.9181091196773,1350.148088189803,-56.97887241964233
20.27915600623649,276.8799177246968,1355.599882727384,-43.02777560652629
20.304239930275358,276.83419008199286,1360.807108330566,-29.980636254282103
20.331496496729727,276.7813821430057,1365.7208610035404,-17.95822603783205
21.274895981954437,274.37711123937356,1375.7249741904216,-171.35044479220406
21.22660580898583,274.5024096650723,1378.2084473115156,-157.14510063349667
21.180398788517145,274.62400276592984,1380.8072668667166,-142.6003828220781
21.13727010115012,274.7392380185545,1383.47519153235,-127.99533385945466
21.098016721967408,274.8458548809601,1386.1620001050744,-113.61224955141711
21.063197192644015,274.94211722970783,1388.8177283578425,-99.71471112753164
21.033125145108386,275.0268701122806,1391.3968090870899,-86.52860416555504
21.007891448718286,275.0995248691502,1393.8613972571484,-74.22898553411895
22.20441495634782,272.1788103941255,1414.517933144687,-213.18114151109026
22.119055122292824,272.38254420447976,1415.1031299338138,-200.56812564786506
22.033362051441717,272.588782542329,1415.7441594927163,-187.46854797137001
21.94899529853417,272.79358929943356,1416.428690983129,-174.13020516469183
21.867478826427092,272.99322275212415,1417.1399203088213,-160.82090803308193
21.79008326511933,273.18443110464267,1417.8577405039764,-147.80770527708916
21.71774809233491,273.36467031737186,1418.560445748526,-135.33623282304242
21.651052498482823,273.5322151914215,1419.2266633157383,-123.61354123725124
22.8807338576168,270.6087419756773,1441.2511791194497,-241.30049323639102
22.776186998853714,270.8504414459369,1440.847611364625,-230.1173664146062
22.66911960290591,271.09977896020365,1440.4403227514726,-218.4001494744647
22.56146283796125,271.3524073120428,1440.0326543224119,-206.3673144777135
22.455110254883657,271.6039368790058,1439.6252000667464,-194.26634881884897
22.351756288863683,271.8503115989044,1439.2152571418655,-182.35549580833643
22.252766895167515,272.08813149543596,1438.7968090447325,-170.8837200602469
22.159102757099728,272.31486824674425,1438.3610759886367,-160.0721999540573
23.31187331722399,269.6199386586754,1457.6757341135697,-258.30316264144534
23.198592190795896,269.8776534311937,1456.7968712071915,-248.1279783797821
23.081325921530667,270.1462687424642,1455.8748128206614,-237.41615587653104
22.96207379409872,270.4214125273107,1454.9190567636679,-226.36661580886584
22.842873169510725,270.69850327439775,1453.9378936386713,-215.2114019894779
22.7256196700851,270.9731537374682,1452.9370877363822,-204.19955387687546
22.611909728466408,271.2415454213506,1451.918942113667,-193.57815513633744
22.50293300840426,271.5007067663969,1450.8819718176192,-183.5738052585025
23.562994827005696,269.04783959906354,1467.0314053334505,-267.8968111583847
23.445908386656047,269.3119768504968,1465.9277484980562,-258.3389942452574
23.323989491894356,269.588842862102,1464.7585322710927,-248.25328462212926
23.199238008103855,269.87413449280126,1463.5355666621028,-237.82738342627016
23.07373814919374,270.1632418634992,1462.2704055715158,-227.28392459521373
22.94947185353405,270.4516595617187,1460.9727027290314,-216.86571584483107
22.828147869845754,270.73538393863527,1459.6488330723676,-206.81767546607247
22.711076827706005,271.0112249788744,1458.3010892037942,-197.3684014268105
16.92697368735812,284.35339617231466,1217.5749197806422,6.71161991809322
17.066890711120244,284.01844095019624,1231.9386789258206,21.42935798320721
17.2058074953271,283.6835183800855,1245.9691631837652,35.62440396742906
17.34190574407077,283.35289904234173,1259.464109073267,49.08828259820268
17.47374326403663,283.03001463639265,1272.263925205889,61.66098818854107
17.600333850171506,282.71724854360855,1284.2584591230839,73.23592610545185
17.72116874800087,282.4158678951611,1295.3879623195976,83.75909747919559
17.83618126647196,282.12609846151435,1305.6388681272565,93.22357251501333
17.66856049873203,282.35459578632083,1261.080080195911,-46.35629685754168
17.74556303165516,282.18294660999743,1271.0964019167948,-30.56008757817898
17.824619164623133,282.00460532020804,1281.0744159800179,-15.03496661360461
17.904617529820655,281.82186364971807,1290.8508700278144,-0.04702958753807707
17.984556118757528,281.6368318031834,1300.28409512266,14.178525777205891
18.063629232371273,281.45123489335657,1309.263015695803,27.469698127750092
18.141281181196508,281.2662810655665,1317.7118714751941,39.7130154115512
18.21722003006168,281.08262134489,1325.5904807402576,50.852255993222684
18.584371679784823,279.94217655931874,1311.6497710789404,-105.55218657617138
18.597296977631295,279.93010609973203,1317.4944394470522,-89.78301850638096
18.613372762859036,279.91006170560075,1323.4537887624267,-73.95297805614072
18.632498600477152,279.88175557214987,1329.4245124113381,-58.35761159611806
18.654471730027122,279.8451743305611,1335.307614474803,-43.2712354949181
18.679031976447813,279.8005050991911,1341.0162206286307,-28.927613306766148
18.705909011484454,279.74804627577083,1346.481457664412,-15.506539581267845
18.734860300823534,279.68812963702595,1351.6555624616292,-3.1278908250601773
19.533059644772564,277.50528543474184,1360.6100646252344,-160.49569201861235
19.494289375095992,277.615556151829,1363.275492961143,-145.86111401165908
19.457626907985,277.7217024398374,1366.0655273772209,-130.88559326528053
19.42392007509201,277.8212461144669,1368.9324624750202,-115.85418857091548
19.39384470279773,277.912066605285,1371.8249053492489,-101.05393959431245
19.36787406673721,277.99251802335056,1374.6921982879508,-86.75152673348927
19.346276544977265,278.061478732708,1377.4886598699547,-73.17416836356833
19.32913612260469,278.1183386676438,1380.1769016961457,-60.49661848143643
20.35007185342966,275.45465796245776,1400.186273336576,-203.3250712175384
20.278424215711198,275.6383358000854,1400.8917385467034,-190.30564278490826
20.206815742564075,275.8235966028699,1401.6641627154627,-176.79149073532133
20.136685314169593,276.00676377346707,1402.4907805864761,-163.03627132636444
20.06934895198114,276.1843449106005,1403.3543216686066,-149.31275476222325
20.005901332941544,276.353299783604,1404.234328252963,-135.8915477587295
19.947151910159203,276.5112371189432,1405.1089826666453,-123.0201701142924
19.89360210797821,276.65651541239777,1405.9571023059873,-110.90586517974151
20.944725146122643,273.98863423880147,1427.5853346339622,-232.1968216027227
20.855974689701284,274.20807833254327,1427.2574470745851,-220.63162953364764
20.765367969814577,274.4338531669297,1426.9367505391888,-208.51962793643375
20.67459080670851,274.66188929019995,1426.627011015375,-196.08464714391383
20.58528878155926,274.88808762621227,1426.3290852878843,-183.57894721246947
20.49892970890832,275.1086631938116,1426.0404478271962,-171.26440361784026
20.416694692674653,275.32043861420664,1425.7552654389779,-159.39210302771502
20.339414398380836,275.52103998397706,1425.4650216072757,-148.1837230373127
21.32422423599281,273.06408156290695,1444.484478027177,-249.7000723466264
21.22762790969987,273.298757652415,1443.6541483871688,-239.16291011147405
21.12789719546986,273.5427983450203,1442.790675636796,-228.0737738719595
21.026783872474827,273.7921027562573,1441.9044970317184,-216.63642338372435
20.926064448281082,274.04238783243966,1441.004656777212,-205.08735429526067
20.827385822471662,274.2895591642736,1440.09750860464,-193.6790844968581
20.73213168747992,274.5300525320371,1439.1858353635266,-182.66091314010927
20.641331629358795,274.7610883907158,1438.2685810289004,-172.25996617844905
21.545666383922775,272.52823152598666,1454.142700692688,-259.60182592983233
21.445618642903234,272.7690902236639,1453.0723692557904,-249.69614039353573
21.341693208551384,273.0210217579372,1451.9457741979645,-239.24588288966075
21.235645965059042,273.2799846949648,1450.775931593164,-228.4432072855009
21.12929761215269,273.54166593553174,1449.5754234463739,-217.51492275812237
21.02437292611269,273.8018592001937,1448.3547433244098,-206.7071818012783
20.92235487767055,274.0568287387062,1447.120944725748,-196.26698608136033
20.824378983645698,274.3035938340934,1445.8768841790902,-186.4235432947076
15.785311056446396,286.568583904192,1202.7945828355423,18.85288690157188
15.9143023576913,286.2481022137299,1217.4238168987915,33.95499633781495
16.04233824386752,285.92731095339684,1231.7161443160264,48.51836330100724
16.167783316011548,285.61017409203697,1245.4681898901788,62.33123931696622
16.2893553939572,285.29984658720247,1258.5201920718137,75.2318114554188
16.406195688955794,284.9984797082644,1270.7627298911232,87.11308113289175
16.517885206293077,284.70716182774515,1282.137558001153,97.92185762721749
16.624409169203524,284.42599595557874,1292.6331787852505,107.65295037380781
16.45052512110308,284.6816131504843,1246.5556209214387,-35.021434268352806
16.522742081829627,284.5151259559229,1256.8158772875354,-18.836381993683915
16.596842747251358,284.3419415513044,1267.0372652325602,-2.933415970150037
16.671814910236556,284.16417651811855,1277.0549738992527,12.417219790272355
16.746756930387367,283.9837585584284,1286.726675809003,26.98769127729514
16.820955936656798,283.80223646283366,1295.941515990557,40.60482078592642
16.89393506463778,283.62065875662165,1304.624765103727,53.155336337386984
16.965463176371884,283.43954199651137,1312.737898273913,64.58432702348418
17.269939582777862,282.4073205568909,1297.5333384701003,-95.16849435933838
17.28452565004531,282.39104100164,1303.584199166542,-79.01679380036981
17.302061181821408,282.36680622813066,1309.7535080335017,-62.808896153339475
17.32243375753481,282.33432255717094,1315.9362448641903,-46.84511375698287
17.34544698869433,282.2935406041624,1322.0323318602505,-31.403201752656457
17.370863205921975,282.24458375825844,1327.9545513251414,-16.718864327950513
17.39844662609783,282.18766514330014,1333.6344245597143,-2.972363446378637
17.427996346405333,282.1230185458934,1339.025212893796,9.71722936129163
18.117102590738423,280.1117685468339,1347.0467377222449,-151.08476155390002
18.08528387716264,280.21061017803925,1349.8684634885972,-136.08433263440705
18.055545774667557,280.3050579272061,1352.822367042343,-120.74112514773458
18.02862344653895,280.392769944362,1355.8594507218481,-105.34520862576142
18.00510071950359,280.47173356621573,1358.9273045106922,-90.18756466344908
17.985386431415304,280.5403710288328,1361.9746871570592,-75.53742102320382
17.969714845184022,280.5975839485961,1364.9558428538776,-61.62310605959303
17.958164625963,280.64274296028816,1367.8338206016429,-48.619031788190796
18.845943138347,278.1801067076869,1387.2190939553857,-194.763680302486
18.784601672929156,278.3481483730743,1388.033026398868,-181.40146554169425
18.723534460086952,278.5171149843661,1388.9232193019502,-167.53722842664766
18.664008394370153,278.68353932525025,1389.8763877210008,-153.42942378602297
18.607178753942026,278.8441275924804,1390.8747455303273,-139.35486524071612
18.55400512603613,278.9960060159367,1391.8974576436935,-125.58703452671878
18.505197751206364,279.13690170858723,1392.9225748566848,-112.37493405738778
18.461199193206212,279.2652359909657,1393.9290797324625,-99.9258955924096
19.376342173737555,276.798381365644,1415.1280404763236,-224.27004465878818
19.299601744372048,277.0002713839763,1414.8736270815214,-212.3850996304609
19.22146460873187,277.2075280065706,1414.6357477751442,-199.94236812656564
19.143422967800497,277.41631056779926,1414.4183167524227,-187.17001470574252
19.066928629034344,277.622755663235,1414.2222239054508,-174.32413525201537
18.99327377692091,277.823295302457,1414.0449439260358,-161.66948980143152
18.92349735034725,278.01492789411157,1413.8806992069894,-149.45879924726032
18.858330873964412,278.19539930936986,1413.7211499506857,-137.91402076143268
19.714972016102358,275.9263035307468,1432.3900626155537,-242.1905054991014
19.631135692792608,276.1426907753537,1431.6117600091384,-231.35174806511554
19.544770325986594,276.36729257851226,1430.8091152474665,-219.9479620082211
19.457430680083036,276.5962347239303,1429.9931234744367,-208.18679135904193
19.370687903581757,276.8254792340182,1429.1732412137676,-196.30827699144407
19.285994907902452,277.0511686214991,1428.3561292453537,-184.56768606609822
19.204570683452147,277.26994199267375,1427.544833375374,-173.21594108819508
19.127322208932735,277.4791703556291,1426.7385760702157,-162.48052176255732
19.912720492216614,275.4204105507241,1442.2771475908644,-252.3441790814524
19.82574531124904,275.64272350758813,1441.2468299476411,-242.14912578291285
19.735580363863523,275.87485920849844,1440.1685331857343,-231.39538364152406
19.643786298842123,276.11299693347183,1439.056047714999,-220.2786675056036
19.551975412693967,276.3530690889386,1437.9225834402214,-209.02909567051972
19.461671035103862,276.59111314084606,1436.7791304529837,-197.8954286035882
19.374180779598884,276.8236086703786,1435.6331492873742,-187.12622862689778
19.290505376347898,277.0477406331563,1434.4878643843317,-176.95105169030924
14.82960458883367,288.4588722818181,1189.6564018032868,29.496747525214687
14.949420722412338,288.15082093232473,1204.5059451842671,44.93745677635496
15.0683127521375,287.8421806611405,1219.015439912056,59.82544493716597
15.18479238697174,287.5366631334033,1232.9806510609958,73.94613752736456
15.29770461557704,287.2371975610525,1246.2417523420122,87.1361883208366
15.406290165226013,286.94574795617945,1258.6900158055075,99.28830163758089
15.510198107918843,286.66326066748064,1270.2685354363043,110.35005629210656
15.609450553484844,286.3897434845387,1280.967625694884,120.31784907775184
15.433413568389069,286.6635714582812,1233.6048668129342,-25.083164564415938
15.501412066197028,286.5018480491648,1244.0696040149396,-8.556634308465732
15.571144892725322,286.3334365897455,1254.4948681292162,7.678345068695336
15.641680690849757,286.1603073562288,1264.714586631273,23.3479626738592
15.712198240209014,285.9842378921312,1274.585918306273,38.22209745541147
15.782057861141942,285.8066332882777,1283.9982565403268,52.12660063633473
15.850843383990746,285.62841378007437,1292.8778017089874,64.948424020955
15.918369003460972,285.44998933429827,1301.1874904849412,76.6338579905107
16.175469622520087,284.50244972436184,1284.88768534922,-86.05735588334775
16.191031998936797,284.4832076286989,1291.114227640979,-69.57153703568554
16.209361082133764,284.45605315923984,1297.462234406919,-53.033363092762585
16.230336641868245,284.42068448909424,1303.8252311496476,-36.747247471572365
16.25376851477119,284.37702021163676,1310.1022379473825,-20.99389119666833
16.27943721762818,284.3251302196919,1316.2057757393845,-6.01064054533083
16.30713372893806,284.26515786456605,1322.067742179908,8.02188287580168
16.336688634064444,284.19725794874273,1327.6423187213782,20.985355714319326
16.941216860137203,282.3227885334784,1334.823314008243,-142.8142574155487
16.914644933166873,282.41267855276857,1337.7816268381475,-127.49643825978907
16.8901022135195,282.49799521999955,1340.8784027754773,-111.83400961657904
16.868235219396734,282.57650592876854,1344.0634808728123,-96.12130796327259
16.84955571066305,282.6462835879028,1347.283545478719,-80.65265746299337
16.834422141186753,282.7058036109684,1350.486842967682,-65.69943544306247
16.82304194243868,282.75398480125443,1353.6275673963642,-51.49083956313598
16.815489247042905,282.79018087646546,1356.6691680462247,-38.20096186601853
17.599292236881844,280.48888680038215,1375.457839448724,-187.2234957119682
17.545922624189366,280.6444413230365,1376.3701816280297,-173.56577618588426
17.492980435534133,280.8004315082901,1377.3666786064434,-159.39953988469898
17.441595462148946,280.9535615942198,1378.4334820851234,-144.9872861901223
17.392795531944174,281.10069901165787,1379.5522681472153,-130.60921865418527
17.347433555929708,281.2391040298515,1380.7018118976275,-116.54120437034047
17.306141643986038,281.3665981395425,1381.8600176428308,-103.03343835656494
17.26931607386006,281.4816517121944,1383.006007433759,-90.29325360174332
18.07801262329346,279.17666713326537,1403.7655832675164,-217.27274300911924
18.010644438016328,279.36442126443455,1403.581287865492,-205.1134279326345
17.94221012420629,279.55680445703916,1403.4216142115006,-192.3867394867813
17.874046346784887,279.75016573796523,1403.290451057957,-179.32446566058908
17.807450232572677,279.9408352572692,1403.1885789099792,-166.18588880916096
17.743574496577605,280.12542171462707,1403.1133626311034,-153.2381361693776
17.683345673918197,280.301065407923,1403.0589980444934,-140.7352269066867
17.627417263311216,280.46560763993426,1403.0172610765098,-128.8992777182513
18.383668381434667,278.3480477181392,1421.3119876179112,-235.54773518327042
18.30983128673374,278.5496439395007,1420.5863308991582,-224.45087915491004
18.233912170437854,278.75856403040285,1419.84407947804,-212.77767501850064
18.157306678601355,278.971123425848,1419.0965395374596,-200.7389974809838
18.081421266658495,279.18348701623177,1418.3533619146328,-188.57778673354608
18.00755430368857,279.3919912684883,1417.621335315297,-176.5516284993226
17.93679403643107,279.5934408173916,1416.9036296542463,-164.91263889304736
17.86995069944622,279.7853276461058,1416.1996457827731,-153.8885198556569
18.5622151808494,277.8671157717816,1431.3774852965573,-245.91314595409045
18.48550651341662,278.07439513465033,1430.390009645585,-235.47070837052107
18.406121633172383,278.29052301367244,1429.361939390396,-224.45737906391048
18.325463011936886,278.51186432148126,1428.3075569994014,-213.07182613766327
18.244975394105584,278.73455548338467,1427.2404421447413,-201.5468892291466
18.166021135846282,278.95483459853693,1426.1718617088286,-190.13344055182807
18.089768451595017,279.16935695310974,1425.109509139414,-179.08125644818438
18.01711146725068,279.37544135175904,1424.0568487775909,-168.62007577635325
14.016284746717963,290.09474185978365,1177.8938750559712,38.92313588143392
14.128303955658176,289.7974436041558,1192.9299321692192,54.66440167385858
14.239421968427541,289.4993232115231,1207.6231156544322,69.84060037677185
14.348271248760222,289.20388116457275,1221.768511520771,84.23470146097057
14.453800043454693,288.91385921392725,1235.206294450628,97.68204781550128
14.555328634010763,288.6310672966571,1247.8283880147446,110.07513327066675
14.652558991813699,288.356336502406,1259.579088035594,121.3622707971231
14.745539990740339,288.0895990607784,1270.4503126235904,131.54131454494302
14.569689884983077,288.3759550610548,1221.980142728149,-16.27799094838528
14.633976038263302,288.2185603306403,1232.6196675549904,0.551038561681878
14.699865123894465,288.05449413021324,1243.219031459911,17.080212420011748
14.766492829260045,287.8856029796054,1253.6111077919154,33.032606891437865
14.833103777297486,287.7135385848695,1263.6526517067023,48.17612481392746
14.899117274126091,287.5395868362229,1273.2333110608133,62.33580458631582
14.964165059414299,287.3645626666458,1282.2801306026427,75.39884736171277
15.028095983780862,287.1887896795231,1290.7573482523549,87.31265380426146
15.248368551109259,286.3092311708378,1273.4933732562265,-77.97678808784553
15.264489123298182,286.28784249389946,1279.8722978494154,-61.195995045743075
15.283211908070381,286.2585956078622,1286.375094391079,-44.366142844243626
15.304411511571987,286.22117959178956,1292.8940299204123,-27.795204389837323
15.32790355966859,286.17548475034147,1299.3273451660593,-11.766464045565414
15.353483538520155,286.12153541556614,1305.5873629141477,3.4813673319554255
15.380963601996498,286.0594169066983,1311.6063313958377,17.76738761833198
15.41019871742893,285.9892191041565,1317.3392632410328,30.973983638447834
15.947485486834616,284.226255868746,1323.7560682150524,-135.46677041205052
15.924981908639996,284.3089644553996,1326.8353978280795,-119.86988689254969
15.904445493999408,284.38697700925576,1330.058466536408,-103.92669010615668
15.886451418361872,284.45815018080725,1333.3740538925176,-87.93521143810511
15.871453617474364,284.5206262281508,1336.7280257938694,-72.19265383823966
15.859770125202079,284.57292313674606,1340.068170023541,-56.97222455978931
15.851586681667552,284.61397281200954,1343.3486408915965,-42.50382823467095
15.846973367590305,284.6431143012718,1346.5332543749469,-28.961222595443473
16.54764188143498,282.47401113741455,1364.7552083730895,-180.51077417395157
16.50058737187135,282.61939001539463,1365.7573233680905,-166.5941843310308
16.45406208038202,282.76482886015015,1366.8503731601488,-152.16330795056996
16.409084367785205,282.90717427799336,1368.0199288160043,-137.48412680583021
16.366578870798676,283.04342676606836,1369.2471243673003,-122.83974619885794
16.32731234542928,283.1709565760869,1370.510343446133,-108.50805229500111
16.291853843134604,283.28766214205365,1371.787335499368,-94.74020110578533
16.26056226894561,283.39205307826876,1373.0573373623492,-81.7435069023548
16.984021259150918,281.21995977398825,1393.3810363699238,-211.03062538185713
16.924130122136443,281.3961240782711,1393.2630471714433,-198.6315806972937
16.863418118943788,281.5763364900756,1393.176747543574,-185.65671471836498
16.80309481087909,281.75710496299024,1393.1258900344922,-172.34092130217715
16.744331520136402,281.93492064180487,1393.1110575833818,-158.94619568233367
16.688167918443416,282.10653833146444,1393.129437303692,-145.7416563091843
16.63543966148308,282.2692149569089,1393.1751457549344,-132.98237884562695
16.58673727025727,282.42086960683855,1393.2400314945767,-120.89054534132981
17.262615969292018,280.4277990694219,1411.155289052006,-229.6118884923343
17.19678105332412,280.61723227136554,1410.4813252433037,-218.28984686745008
17.129204133055907,280.8132806870227,1409.7976279167276,-206.38151453660424
17.061150415209173,281.01241944033455,1409.1156516293288,-194.1005252957563
16.993892059066848,281.21098287539854,1408.445100312464,-181.69229978433287
16.92860178571298,281.4054687996595,1407.792774417756,-169.41629789066866
16.866262035719817,281.5928182650887,1407.161878174334,-157.5256629018943
16.807604853879614,281.77062250463456,1406.5519226491256,-146.2481873856545
17.425368400553534,279.96787397410054,1421.3635255595427,-240.15912569322376
17.356888420382358,280.1627720493417,1420.4195134423744,-229.50096412468724
17.286126690685126,280.3657397104997,1419.4415084322698,-218.26120536295127
17.21435575963153,280.57329867586964,1418.4440964469818,-206.6410344689176
17.142883484680752,280.78175633360445,1417.4410569132679,-194.87559238221752
17.072941251372317,280.9875178346617,1416.4437899078116,-183.2175116193606
17.00558422835058,281.1873839024186,1415.4601075641958,-171.91754183369642
16.94162033471779,281.37878338705,1414.4936281239848,-161.20549743327166
13.314558672006969,291.52729968232194,1167.2937192453082,47.343574511210875
13.419877416671142,291.2393762777779,1182.4902262253884,63.35353523869691
13.524312598670877,290.9504321139445,1197.3412659396854,78.78740458941041
13.62659749348662,290.66378844296025,1211.6413744919503,93.4259969718899
13.725765763754247,290.3820288571514,1225.2307725094033,107.10353008805333
13.821202535200094,290.106834443554,1238.0019920742131,119.7123539269526
13.912651752363137,289.8389410712673,1249.900413783769,131.2014813354834
14.000182058413436,289.5782197609713,1260.9193895321723,141.57011319314404
13.825877092887435,289.8733302717154,1211.4815736303194,-8.408413678513654
13.886886313201629,289.7198478763828,1222.2728038870832,8.690687740227247
13.949382653071144,289.5597139479928,1233.0231053513658,25.482537173064884
14.012558287763648,289.394668974331,1243.5644539201198,41.687471620878966
14.075712701455963,289.2262576879884,1253.7532804858924,57.071672652890584
14.138313666583501,289.0556654998708,1263.4794859250328,71.45949699046903
14.200031523100217,288.88361942656974,1272.6708839022922,84.7384116991708
14.260742183377642,288.71037178318323,1281.292880179694,96.85684991441985
14.451735648131006,287.8865139895969,1263.1703989724715,-70.7470309728727
14.468149251696307,287.86353514876646,1269.6832990462435,-53.70345019774075
14.487017533482586,287.8327565367822,1276.3219937491672,-36.61372309074844
14.508211683096459,287.7938579103714,1282.977639361487,-19.788963607525858
14.531552713738082,287.7467043086524,1289.5478052612118,-3.5146839750009065
14.556848574471767,287.6912809693536,1295.944646849924,11.969204744520198
14.583928531356174,287.62762413657214,1302.1007421179825,26.48160597991648
14.612666810345647,287.55576945139035,1307.9718565489472,39.90557917301564
15.095389784208704,285.88537315530476,1313.6898403807131,-128.88197213425846
15.07611042182919,285.96220718628234,1316.8774760071478,-113.03707398602438
15.058732579015244,286.03425959765974,1320.2133273523525,-96.84432689288207
15.043772948569094,286.09946112920824,1323.6452021803286,-80.60500452841762
15.031638173103477,286.15601121365904,1327.1182199916525,-64.61882117777844
15.022613208578601,286.20246256852613,1330.5797528150188,-49.160560726975575
15.016865889858003,286.23775732281086,1333.9839209821146,-34.46070668806607
15.014462615170796,286.26122175831114,1337.2948757099434,-20.69267269163481
15.64734922594078,284.2022851806383,1354.9811014404481,-174.48313259058682
15.605397447419842,284.33923095118877,1356.0654277466338,-160.33693108096742
15.564043243576702,284.47594051168176,1357.2465743844705,-145.67130792439252
15.524212900847653,284.60938017962235,1358.5095314162695,-130.755292254714
15.486746030489801,284.7366618302917,1359.8348981666973,-115.87451368497136
15.45233851358541,284.8552473725674,1361.200672581991,-101.30859515611763
15.42150753495974,284.9630989850781,1362.5844444239642,-87.30950275141458
15.394581103150676,285.05875858475645,1363.965548412164,-74.08444259268254
16.04847874261647,282.99755337684263,1383.8649024406502,-205.41542405152006
15.994665260017449,283.1640672028558,1383.809261869122,-192.80401236144633
15.940217463943066,283.33416062784664,1383.7915413087917,-179.60927799259792
15.886239490421431,283.5044760391885,1383.8152878824703,-166.0688261260301
15.833798665178644,283.671640099481,1383.880833425283,-152.44700546576559
15.783841434893978,283.83253007736124,1383.9851463818532,-139.0146421307204
15.737128592580541,283.98450029818287,1384.1222309045584,-126.0276695168792
15.694198867621937,284.1255341801358,1384.283976807232,-113.70832754457228
16.304524296678704,282.23634895982116,1401.8250368270055,-224.26461812049627
16.245209978393163,282.41563279234464,1401.2009462507065,-212.74321283619065
16.18441863508211,282.6009554421984,1400.5732377797653,-200.62669377382673
16.123307035100833,282.7889275943349,1399.953405700489,-188.1310987093674
16.063036109435192,282.97602668055424,1399.3511143962019,-175.50399503461557
16.00467479925315,283.1588861468104,1398.773100873123,-163.00644498909503
15.949118320842407,283.33456125099246,1398.2225442333065,-150.89244048984068
15.897034335907964,283.50072588973404,1397.699018754006,-139.38979378139277
16.45409963661929,281.7942912712174,1412.149807866271,-234.97039636931464
16.392332565499167,281.9788471353155,1411.248612470633,-224.12127215178901
16.328593945893292,282.1708365138918,1410.319352560493,-212.681051181986
16.264048174927755,282.3669145090596,1409.3767891156508,-200.853108766086
16.199889612416385,282.56353312184325,1408.4347874509604,-188.87457431815608
16.13724136884179,282.7572381714619,1407.5047855012845,-176.9995816535574
16.07706535507587,282.9449523403494,1406.5946378359552,-165.47968048873162
16.020098478763515,283.12419631661743,1405.7080574858364,-154.54469011767168
25.590828970916156,264.92177410883653,1417.5616626118926,-106.32025083182707
25.78006074373822,264.5399804105714,1430.1984508482092,-93.27898524918982
25.96787380299388,264.1606994264649,1442.5503101829484,-80.62028794675558
26.15102416394649,263.7904928041729,1454.4112341482296,-68.55005922045754
26.326664394985066,263.4351296654681,1465.6095288033762,-57.23535884526818
26.49251844054773,263.0992287453101,1476.0162247493408,-46.79735734373044
26.646977424242237,262.7860611811869,1485.548259918522,-37.309599123865596
26.789114057005744,262.497519440449,1494.166832936387,-28.800893266347302
26.91572187865199,262.10305871127656,1457.8112935974395,-152.43108832153519
26.993666730364183,261.9557920355245,1466.3426168353917,-138.37705088032962
27.074382109893925,261.8027075204565,1474.8509894319545,-124.48112575108259
27.156134041862096,261.64710908512416,1483.1747863563387,-111.00014288327701
27.23714892890108,261.4924137404064,1491.1663659259148,-98.16077819924635
27.315765221947018,261.34185443381205,1498.7018994694981,-86.14581270880159
27.390560216245255,261.1982270134104,1505.6878110160128,-75.0862817689674
27.460433723343677,261.06371893061294,1512.0632714783706,-65.05993556460803
28.563300613707455,258.70070055709795,1503.4862468481488,-203.5223800789386
28.52656328413453,258.78250339790617,1508.2224044460584,-189.45726139007928
28.493247810484693,258.8583423305747,1513.0489927471515,-175.25467998996416
28.463647694114318,258.9274121707507,1517.8663657324253,-161.19548693571824
28.437709651963363,258.9895692213789,1522.5740645793016,-147.55034906045643
28.415071434508334,259.04528421193527,1527.0785267731853,-134.55982378698727
28.395139097963906,259.0955138448735,1531.2996655386305,-122.41910332441664
28.377184572890354,259.14152463592626,1535.175435374748,-111.26913197738956
30.27372225625067,255.2802887142154,1546.3419892310108,-250.42408705669823
30.144174505414068,255.53580127123345,1548.3331633072767,-237.34887318773428
30.014957605420587,255.7926226497114,1550.396834209248,-223.89260620493468
29.88819400997313,256.04657449718025,1552.4855926612431,-210.3233839617707
29.765633294769287,256.2940870386859,1554.546360051855,-196.9214877450372
29.648521834758924,256.532481266085,1556.5242546728346,-183.95761500385947
29.53755111046316,256.76010976343593,1558.3667689013391,-171.6726718408589
29.432885556046955,256.9763443877673,1560.0276021628956,-160.26223908643493
31.742907050291954,252.4262365989942,1579.8642466797396,-286.52176212167876
31.554626984305308,252.78393420084467,1580.258747451719,-274.8573668159498
31.362054300593474,253.15237924106233,1580.6606481462272,-262.68568873539573
31.16839994306058,253.52564346389624,1581.0519566851472,-250.24456740675646
30.976684194541846,253.89799413466554,1581.4102050350434,-237.79978319672222
30.789468844910488,254.2644138496774,1581.7094370268658,-225.62518007117112
30.608665778199843,254.62100057826953,1581.9217926765687,-213.981434631257
30.43545195168854,254.96518056504718,1582.0195030622017,-203.09695900070756
32.80717322153881,250.40394614593808,1602.4370429920364,-310.5858468651023
32.58856990111092,250.81028256209436,1602.0322145484013,-300.17941312792635
32.361731960433026,251.2348196296775,1601.5795556620728,-289.2292230248156
32.13029409154831,251.67111188444179,1601.0735363976114,-277.94604674274007
31.897913035646905,252.112495834674,1600.506449314338,-266.576779159052
31.667927668873954,252.5527158747714,1599.86801016363,-255.38741456439303
31.443072079430998,252.9864835209991,1599.1453585298764,-244.6428534683575
31.22529363748193,253.40986548742862,1598.3235835579812,-234.58682882829038
33.483518393619164,249.13739744399828,1616.0913100892244,-325.06194175274635
33.25107057350951,249.56398436190221,1615.3123785452262,-315.5367826725002
33.00781440575273,250.01339791385448,1614.45192009425,-305.4697297346654
32.757480032290495,250.47918927361053,1613.5089702954385,-295.0540250578748
32.50397279845801,250.95441541567308,1612.4820035074583,-284.5226848467567
32.2510056954044,251.4322958150995,1611.3679965138908,-274.1337239596931
32.00176213125002,251.90684731303188,1610.1616695476691,-264.1512792584542
31.75865291788061,252.3733749272527,1608.8551724272947,-254.82563800551037
33.87721183474687,248.40646679508262,1623.8047486716664,-333.216153389478
33.638674671493206,248.84110826904637,1622.8513669548886,-324.22919367579266
33.387855371681844,249.3011399869763,1621.7982729502892,-314.71052263229194
33.12847655638921,249.78022202320724,1620.6461371079968,-304.8434876948097
32.86452732659802,250.27136275049529,1619.395976905527,-294.85280925513337
32.59988661081342,250.76758051383737,1618.0480227844453,-284.9912018816222
32.33796210258492,251.2625709772097,1616.6006181228336,-275.5214593731436
32.08141378474995,251.75125141011213,1615.0494773993805,-266.6967913431085
22.678279996394345,270.13407313845335,1391.2705072551375,-82.50798954574569
22.849772177042293,269.7669388066698,1404.7096885376218,-68.77061349561366
23.020295671613432,269.4010320509401,1417.8547684043483,-55.450748560471396
23.18711566867191,269.04220830535314,1430.4935321739415,-42.76102620222453
23.347877368241864,268.6955340311892,1442.450655259011,-30.872401627634147
23.500748222315707,268.3649729542875,1453.596117807011,-19.907283206416196
23.644489827607195,268.0532236574347,1463.8481508151183,-9.938153918936536
23.778456312038173,267.7617174472938,1473.1710782155878,-0.9909975625661218
23.797280912618515,267.56043570974833,1433.5358380367566,-130.87584131231478
23.874261665562198,267.40718776461927,1442.6858517900764,-116.07236426806986
23.954064574635,267.2473167549988,1451.8172212749103,-101.45159070040816
24.03519197995307,267.0837822244622,1460.7626311758515,-87.27960564111089
24.116146883720276,266.91959047867823,1469.3705618251843,-73.78947514214207
24.195563921152427,266.7575226297463,1477.5153705146934,-61.16730817314382
24.27231240065214,266.5999151411783,1485.103631197691,-49.544711569360686
24.345557290162965,266.4485247049627,1492.07630966663,-38.99769739772344
25.18887522357475,264.44987721120634,1481.9292433306687,-184.64051761001895
25.168269109273734,264.50644677177445,1487.0561758483082,-169.79788459528743
25.151318107429194,264.55587394715485,1492.2896574435706,-154.82780778891367
25.138212843062796,264.59742810907943,1497.526441957703,-140.0225267738611
25.12886683827676,264.63095250297346,1502.663222224211,-125.66150542280448
25.122958224226064,264.6568080732748,1507.6046753689002,-111.99101719181854
25.119998894060704,264.675753702193,1512.2701791957054,-99.20883547205554
25.11941377975227,264.68879561968083,1516.5982901936172,-87.45567983266656
26.636285291819238,261.31353114193274,1527.8537163537562,-234.22131313105035
26.536121107005314,261.5307728564878,1530.011759737668,-220.37604916672836
26.437259790204898,261.7471217992271,1532.2629163205215,-206.14405131061682
26.3414455415162,261.9587609458948,1534.559627121264,-191.8057214940835
26.250098707014605,262.1624417866367,1536.8485052934943,-177.65175778516286
26.164219705526254,262.3557209040818,1539.0744274049905,-163.96052386235675
26.084356511501724,262.53707257825863,1541.1848972469563,-150.97741307664015
26.01063345736086,262.70587192895385,1543.133958819844,-138.89942882823505
27.883662530838908,258.68605671274423,1564.1961005207359,-272.5677251019821
27.7324908468872,258.9993040417402,1564.587878002937,-260.1684540301346
27.57887233386649,259.32006855957326,1565.0047066050583,-247.2433731492217
27.42550702524059,259.64287296662025,1565.4316205473865,-234.04218327735893
27.274904683977987,259.96246618011725,1565.8487005238853,-220.84145904089794
27.12917148327052,260.27427958126293,1566.232021385526,-207.92368149399016
26.98986263102377,260.574771086455,1566.5552757458827,-195.55528494448473
26.857921827350545,260.8616031745746,1566.7918446940835,-183.96732677878222
28.790429151163437,256.8171540407611,1588.9056237584832,-298.23645099065345
28.61245693816214,257.1770828297169,1588.3945726427319,-287.13775410086
28.42875818303265,257.55130717010286,1587.847742543074,-275.4686451804765
28.242429262883864,257.9338127802375,1587.2645366113225,-263.45066746224495
28.056545693451742,258.3184498677557,1586.6417934604376,-251.34104122333358
27.873884086105484,258.6994937014144,1585.973123518001,-239.41448352486987
27.69669340357719,259.07213602333144,1585.2487617414379,-227.94212554973424
27.52655501887791,259.43281913465887,1584.4560608480017,-217.17099274197963
29.368294946483722,255.6432522801293,1603.9539613855536,-313.7223811502588
29.177836446761294,256.0231504493057,1603.0133601000675,-303.5397537619839
28.97947553607322,256.4216139054077,1601.9985893621274,-292.78426729535977
28.77641556065029,256.8325831543733,1600.9145015987401,-281.65892759855024
28.571964937781704,257.24961520011857,1599.7651800157248,-270.4064249811317
28.369232328005708,257.66647845362644,1598.5526112667392,-259.29321591713665
28.17085350254219,258.0777170171046,1597.2756473086692,-248.58966730913843
27.978800448643348,258.4790777596636,1595.9295580285957,-238.54961566786272
29.70528538979427,254.96450504341246,1612.4905699797525,-322.4608138256823
29.509221141073642,255.35260437648904,1611.3473397578134,-312.83944151202536
29.30399567593027,255.76165927701993,1610.1087388181625,-302.653283700108
29.092820966959874,256.1856868787726,1608.7816226700247,-292.09476312516324
28.87909040315265,256.618177207709,1607.3731230026983,-281.3977703626906
28.666064097285084,257.05269642805854,1605.889060961002,-270.82316777490786
28.45657423632309,257.4834833578208,1604.332494870719,-260.63989741917106
28.252805249053687,257.90592693665366,1602.7027775042704,-251.10469588338748
20.466550278923446,274.2563389765675,1367.5784315761503,-62.065356396841096
20.62288658763989,273.90406741329576,1381.6437116027946,-47.72506194117446
20.778479355166333,273.55215690541274,1395.4078581421768,-33.83111592246841
20.930969456078007,273.2059028777571,1408.6544194026037,-20.60179923056819
21.07835920063032,272.86982521267305,1421.2058813614644,-8.211314121764133
21.21913219821947,272.54738555523636,1432.9320795234007,3.216967854453827
21.35230875937827,272.2408504673872,1443.752913455687,13.611560458264904
21.477434785601705,271.95130832026194,1453.6357611369467,22.948978317212436
21.430812399865626,271.880243170512,1411.1774550044902,-112.19303612235613
21.505259112193038,271.7251242949284,1420.8337884932753,-96.7529927452049
21.58242417333635,271.56295506000384,1430.4742240113333,-81.51586090343693
21.66098649665149,271.39641710415214,1439.9272032089793,-66.75528486843993
21.73965220209052,271.2281912796446,1449.0385440575942,-52.7094457328665
21.81726950650971,271.0607069057775,1457.6816634042443,-39.56703518663994
21.89291498860568,270.89594734525224,1465.763823048262,-27.45990965173442
21.965939284758353,270.735341186506,1473.2279939711525,-16.462424993273032
22.628412749970632,269.00814501568743,1461.4094883156672,-168.0413604307625
22.618386074422077,269.0467133123093,1466.8873187850652,-152.54915583237224
22.61199315398041,269.07750540441344,1472.4840275596862,-136.93799358913105
22.60934846254776,269.0998497971886,1478.0932147832816,-121.50923044170611
22.61034214849564,269.1135766043741,1483.6092200713988,-106.54923223636808
22.61468300794081,269.11895667194784,1488.9354246563466,-92.30863742125581
22.62196076641669,269.11659016795664,1493.9910733815307,-78.98693382380281
22.63171201357598,269.1072760924444,1498.7156165413007,-66.7243060281159
23.8741457552074,266.10816874932294,1509.4700168129261,-219.72301604293128
23.795064345025843,266.2958447837945,1511.8178161157962,-205.24121832683366
23.717768249605598,266.48124419924113,1514.2761135450673,-190.36878170552438
23.643709458837062,266.660860313169,1516.7964607990848,-175.39588001070146
23.574059509481007,266.83171102565296,1519.3246126478316,-160.62130792930148
23.509637154981817,266.99154124926946,1521.8048564573662,-146.32918883749366
23.450888153923508,267.1389158937712,1524.1845469142638,-132.7680489929969
23.397913137961417,267.2732022496831,1526.4180711663712,-120.13550065346976
24.949222809679195,263.6728673266527,1547.8328079286985,-259.85220162552287
24.825559044910598,263.95049617991435,1548.2855011839742,-246.84866995753933
24.700568887777393,264.2334394344042,1548.7800512370395,-233.30525091292117
24.576544031777466,264.51663161468974,1549.3029611084216,-219.48106641800135
24.455597002684485,264.7952411854088,1549.8354383846563,-205.66106319763787
24.3394880627298,265.0650755194602,1550.354411410585,-192.1341974152389
24.22950884333579,265.32288226843326,1550.8342577808223,-179.17095334494857
24.126437655405812,265.5665029713244,1551.2489681498864,-167.00387737855422
25.732256283689072,261.93620197199425,1574.1094408277913,-286.8078747977162
25.584925949220285,262.258160477484,1573.5768018821962,-275.14136987754944
25.433496485963175,262.5916361830133,1573.0219761145886,-262.88383015161423
25.280621055905687,262.9310330023917,1572.4474026462874,-250.26537281581665
25.128911655411084,263.2706686505352,1571.8525824990438,-237.55122907415245
24.980708549676255,263.6052795426239,1571.2333150503807,-225.02265311581783
24.837894174220207,263.93045786944947,1570.5815333753214,-212.95517288789424
24.7017823273164,264.2429450624198,1569.8858394066867,-201.5977795982644
26.23212725292953,260.8431050404682,1590.1969153986902,-303.1111459259022
26.073637177442258,261.1843465477796,1589.1887945258832,-292.3900098777574
25.909188012913138,261.5410513895585,1588.1170188402093,-281.071854156547
25.74153978319099,261.9075569164492,1586.990278893284,-269.36746208180705
25.573516427240275,262.27789065876993,1585.816204764376,-257.5270265807108
25.40775029117085,262.6463106439906,1584.5998333386615,-245.8232971599661
25.246457544976796,263.00781035468833,1583.3424581351146,-234.53112394344325
25.09128345977584,263.3584985944128,1582.0411576963413,-223.9063817536414
26.523981853288845,260.2102013860979,1599.3532510976547,-312.3252832483338
26.360421315336115,260.5595127511178,1598.1185047586328,-302.18475668269434
26.189818113588746,260.92651172383665,1596.7968154300092,-291.45352097631087
26.01494842514341,261.30559227654913,1595.3992462300787,-280.3312301323256
25.838716809078644,261.6907077369193,1593.9369241711543,-269.0588792478114
25.663891087221135,262.07592088735396,1592.4191932799026,-257.90341816671696
25.49285821929898,262.4559408557902,1590.8519915399092,-247.13811222232422
25.32744552267915,262.8265477262064,1589.2368417580979,-237.02182198409798
18.73017422221933,277.6030776041713,1346.426450483094,-44.39501712442467
18.873736713548276,277.2647165358883,1360.9906677959875,-29.52970760519949
19.01666794192404,276.92610269869306,1375.2478868924388,-15.134998748502085
19.15689323334369,276.5920828348414,1388.9786600654334,-1.4339126538395988
19.292681386949155,276.2667448802576,1402.0041373478816,11.3966544471281
19.422747985500465,275.9531590482266,1414.194471544096,23.232608993609176
19.546299138188324,275.6532599308946,1425.4713269848546,34.003434189404175
19.663014576787205,275.3678763393608,1435.8049328004595,43.6879039520083
19.575831000580887,275.3866377279932,1390.936593778627,-95.9416025122251
19.647188360893747,275.2318555566832,1401.0108660078242,-79.95441593822184
19.72110450195655,275.06979750429315,1411.0707691606672,-64.18702985081163
19.796394165519704,274.90291785791976,1420.9414840021138,-48.91936116489768
19.871916900070158,274.7336359057634,1430.4669336605411,-34.39376822280312
19.94667938823217,274.5641026272338,1439.5200989678117,-20.80095810988348
20.01990928796435,274.39602572304176,1448.0091629835429,-8.272821737059502
20.09109037064205,274.2305801073427,1455.8791020342092,3.1178656383246164
20.62416233100221,272.70876551106994,1442.4477752294888,-153.46495694657096
20.621202032824748,272.73434503506445,1448.234321164418,-137.4211575874753
20.6217487046864,272.7518100482155,1454.1491087845804,-121.26555315994213
20.625861148862406,272.7605322464015,1460.0830020257831,-105.30696791923589
20.633413775642357,272.7603265766022,1465.92838560186,-89.83733746501255
20.64413949011662,272.75138825316674,1471.5876814001513,-75.11068095191655
20.657686278685993,272.7341887910492,1476.9802225638662,-61.32768321934205
20.673673216633947,272.70936143943686,1482.0464736526787,-48.627815016784666
21.713718561449564,270.003395020142,1492.030711659498,-206.83863476812053
21.64998447939021,270.1682156290153,1494.5688722991117,-191.82109139648014
21.58826450166534,270.3298622504697,1497.2318306677325,-176.40993753468618
21.529786283524555,270.48508317428923,1499.9699099523687,-160.90329027679724
21.475533105708205,270.6311101219654,1502.7277816530068,-145.60641133276073
21.426188294082692,270.7658350966127,1505.4490235413014,-130.8078777664361
21.38212322553628,270.88788926756905,1508.080797188403,-116.75850626537189
21.343423533774736,270.9966266415873,1510.5778545579794,-103.65603024208426
22.654327917628326,267.7282044976535,1531.8685995507476,-248.41245945391813
22.551218201000378,267.97753146974594,1532.4129393675344,-234.90302418226452
22.44748417331949,268.23062854398034,1533.0140701446999,-220.84243465026157
22.34509693964835,268.48278190334713,1533.6590226782535,-206.49745055530434
22.245862402047855,268.72950860096813,1534.3293104407633,-192.15967853131005
22.151277986138624,268.96692090956446,1535.0020650067854,-178.12307809261574
22.06243851125509,269.19199513248594,1535.6518922621965,-164.66107801261938
21.980002219090306,269.4027076219568,1536.253126052878,-152.0070471052025
23.34010003161074,266.1028734498897,1559.311936382524,-276.4187742924905
23.215959432437728,266.39421211119185,1558.805400440394,-264.27830455374664
23.088809717454446,266.69504896867,1558.2898460285498,-251.53015204755476
22.960949758405356,267.00015689387595,1557.7694994771073,-238.41137679457748
22.834628245326066,267.3042522441005,1557.2453373757144,-225.19356729173833
22.71184927358189,267.602454102017,1556.7143173097297,-212.16301460727362
22.594217733240818,267.89067849731816,1556.169262031745,-199.59844616946876
22.48284914041853,268.1659013266501,1555.599466249796,-187.75000051937016
23.77833335855503,265.0783262840232,1576.1835868579344,-293.39351626882825
23.64420199221569,265.38813786053447,1575.164043167674,-282.2236954478058
23.505448882299792,265.7111170468317,1574.0920005550736,-270.4372652853645
23.36447515375513,266.0419599985109,1572.97862487692,-258.251298896016
23.223720898128118,266.37510308984764,1571.8337351366476,-245.92190164356288
23.085448271178677,266.70521639209727,1570.6641824649091,-233.7267539019694
22.95155239829377,267.0276631212674,1569.4726768948449,-221.94382500314475
22.82343413370247,267.3388401004729,1568.257351775368,-210.8302807289448
24.03439697603554,264.4844974462332,1585.8115488657609,-303.0001768352049
23.895692737533533,264.8021317775045,1584.5453873929632,-292.4275868620748
23.751422694681942,265.13501171082044,1583.2019950359554,-281.2432234213652
23.60400730378103,265.4778777167848,1581.79524473917,-269.6525750405038
23.455961353450707,265.82509026600235,1580.338829934233,-257.9022475668861
23.309667590924768,266.1711346893038,1578.8442812466965,-246.26385070990477
23.16717085595539,266.5111095185567,1577.3192791766746,-235.01377122596375
23.030029381616824,266.8411097614043,1575.7666485266077,-224.41213576202063
17.329350228002085,280.38043858431854,1327.556012133104,-28.988879428887373
17.462134627351592,280.05469423870323,1342.526081730972,-13.663245638763101
17.59434216816956,279.72824149220827,1357.1840373469258,1.171059237597916
17.724119218647644,279.40556224676493,1371.3082200195208,15.286967308780476
17.849939135297355,279.0903966974065,1384.7189668664746,28.5053425448165
17.970692646071726,278.78550383656574,1397.2869793426198,40.70156746565698
18.085723064436948,278.49255798700705,1408.9356505942287,51.80607130009736
18.19480583265934,278.21218758321817,1419.6378157255217,61.79969375454735
18.08208962720332,278.2944287817234,1372.7072507858247,-81.71087375301204
18.150266975529274,278.141140656644,1383.1307724074677,-65.24822212080187
18.220830672923743,277.98046113166276,1393.5405816006296,-49.01973038121926
18.292702688814842,277.8146559427517,1403.7592708792936,-33.31063023056171
18.364861778736557,277.64593039675316,1413.6293830940901,-18.366720419877765
18.436435475116213,277.4762113403024,1423.023751389415,-4.380310535144446
18.506764579347845,277.3069872784466,1431.851559899807,8.516818489956819
18.57543073800878,277.1392334631118,1440.0596946368555,20.253391440610415
19.013315995276905,275.7759254332997,1425.1335402732511,-140.6164936322068
19.015175209543607,275.7919648632952,1431.1902123552875,-124.09758946341077
19.020376116205657,275.799715574856,1437.3822745118437,-107.47297137605173
19.028936549452723,275.79857969621037,1443.5982163782255,-91.0577037883466
19.040720525632008,275.7883555119921,1449.7287844303066,-75.14831060619034
19.055480374019115,275.7691738472249,1455.6756725704413,-60.00151151822263
19.07290857290935,275.7414006742168,1461.35842712142,-45.81882247592813
19.09268621807676,275.70553524110676,1466.71854970705,-32.73891590814557
19.979944514565233,273.2312818760796,1475.8296986002315,-195.38616150607498
19.92761633277091,273.37823277752426,1478.5488690083034,-179.91039753715097
19.877396780479394,273.52140898638663,1481.4045675126727,-164.03861862243355
19.830339539031577,273.6577662113529,1484.3457657002152,-148.07553857722758
19.78728337433854,273.78470716415274,1487.3159910272968,-132.3317116971876
19.748808702741837,273.9002388707235,1490.258092765182,-117.09927462646522
19.715231096408733,274.0030416252147,1493.1190465732911,-102.63071320855119
19.686625990804277,274.0924539437173,1495.8539762064936,-89.12365269991216
20.81422678192851,271.0893331086858,1516.7694861483026,-238.15590067546896
20.726731581094157,271.3160447936945,1517.4178649937498,-224.21575347302945
20.63906601013549,271.54541026209426,1518.1359935184914,-209.71511012580117
20.55294853173529,271.7730097605905,1518.9108802164178,-194.9270524663208
20.469946170752973,271.99464667440947,1519.7238836055324,-180.14861496670045
20.391353729789525,272.2066796042054,1520.5519868559086,-165.67773336911475
20.318115985685452,272.40626609786904,1521.369785441127,-151.79002917719615
20.250801378782825,272.5914852864738,1522.1518190311606,-138.7193245973721
21.422739755989134,269.55729087576594,1545.0993259423599,-267.0362424350266
21.31639131665241,269.8238912438252,1544.6442322200514,-254.49339175333088
21.207788669766842,270.09848393998374,1544.1921845193874,-241.3289972238096
21.098948177088275,270.3761567842862,1543.7484008299657,-227.78585236741392
20.991832596392772,270.6519592806639,1543.3146024982716,-214.14071011636292
20.8881844695811,270.9213246897221,1542.8882906605936,-200.6838502851145
20.78939515993398,271.1804304047942,1542.4627105390034,-187.69638097708398
20.696430037661237,271.4264367270671,1542.0275390136344,-175.42916698328105
21.811838152482398,268.59047328448594,1562.573875246986,-284.57208408277137
21.696490531678336,268.8747415614788,1561.575001825592,-273.0220271397245
21.57747097892205,269.17043902977457,1560.5343727528139,-260.83901387082926
21.45689206536967,269.4725727750367,1559.4647257781935,-248.24529816036784
21.336889769573766,269.7759247049781,1558.3771992688028,-235.5017936246853
21.219436288855967,270.07550706855034,1557.2796896179223,-222.89000940987682
21.106178514862187,270.36698400072913,1556.1757077319958,-210.69030076296298
20.99833067024855,270.646982489626,1555.0640019006382,-199.16057491948817
22.039306047859252,268.0296549810578,1572.567136214363,-294.50784294526034
21.919819750148918,268.3214637630584,1571.3050075136507,-283.5695229895612
21.795828501948826,268.6266547667312,1569.9753797437825,-272.0018278592381
21.669465367903893,268.9402714819813,1568.5939911915784,-260.01504219939
21.542934992555,269.2570210827481,1567.1761678458915,-247.8603024732935
21.418317573691777,269.5717415266948,1565.7347801907245,-235.81288017122827
21.297392309211368,269.8798505566807,1564.2785521706826,-224.15148017997487
21.181511221135153,270.17769639994543,1562.8110941613436,-213.1369639735206
16.17371973394275,282.7277863181092,1310.6721047689982,-15.439013232380915
16.297348465941646,282.41334700456287,1325.9784803139823,0.29318297821205874
16.420424478969064,282.09784709397525,1340.9681534900606,15.516055058480873
16.541270219339232,281.7854666789093,1355.4177934360941,29.999064012094408
16.658520004608288,281.47966118257045,1369.147246667643,43.561189669306884
16.771200249719435,281.18293750254406,1382.0278689691972,56.07744309490147
16.878758229644138,280.89676188113725,1393.9846898947671,67.47917277853361
16.981039425974668,280.6216050343031,1404.9929050138662,77.74911856564847
16.852140214434197,280.74971993804604,1356.2862241875682,-69.1560245965943
16.917250754306547,280.5985051455276,1367.0053582686883,-52.27608740581391
16.984580254631936,280.4398447045066,1377.710823700434,-35.642732269134115
17.053137506813606,280.27584528966116,1388.2231277700944,-19.54571183248723
17.121996037861535,280.10853470588324,1398.3837629942034,-4.233744646661961
17.190377932310785,279.9396560570124,1408.0655872913835,10.099577461529805
17.257710900548258,279.7705203197069,1417.178791046214,23.32268313404566
17.32365026752832,279.6019427512658,1425.6720370787375,35.36571285355791
17.689696088384213,278.3634303452011,1409.3840401389496,-129.2271450253249
17.694906040817585,278.3723289384389,1415.6773901986774,-112.29400256906416
17.703284003019498,278.37285781827416,1422.1116399959974,-95.26040692893062
17.714817308792703,278.36444001812515,1428.5732123201606,-78.44671544795693
17.729363228227598,278.34685649629154,1434.9514574476918,-62.15333711885839
17.746690091066625,278.3201825940815,1441.1475133793842,-46.63916032056849
17.766525058544328,278.28469655977347,1447.0812024754225,-32.106290320467025
17.788596757209895,278.2407878981933,1452.6950359014538,-18.692573073756705
18.557851501829884,275.95266190500854,1460.9143752435648,-185.17249008392236
18.514184878516474,276.0854317411708,1463.8014505767692,-169.2994017021473
18.472648949319186,276.2140129799533,1466.8347343509445,-153.0282828825778
18.434160409283493,276.3355305934906,1469.9618344758555,-136.66942783452865
18.399445085744432,276.44752497140075,1473.1251524920908,-120.53781259853253
18.369003516090313,276.54809407929827,1476.2668366307457,-104.92847876418486
18.34310830038978,276.6359550759445,1479.3336949559573,-90.09517763188805
18.321827372033965,276.71043080316457,1482.281222278418,-76.23527035285858
19.306732982213767,273.92224069853427,1502.6963514843815,-228.95123283521275
19.231325890766975,274.13067929722416,1503.4514194761125,-214.63903865733468
19.156049945653525,274.34094105419166,1504.2874147834227,-199.75841180339313
19.08242219489533,274.5488513819609,1505.191008534819,-184.58776537518165
19.01182077960355,274.7504493912689,1506.1431516734442,-169.42865205020135
18.945381450585554,274.9422940498434,1507.1204931563655,-154.58224518008456
18.88393211188596,275.12168811239695,1508.0974933759658,-140.32586543160676
18.827971920923382,275.28679101528434,1509.0488264468572,-126.89348914991757
19.853011642055808,272.46864383372196,1531.7142867706962,-258.57146220989455
19.76054853300608,272.71508377884356,1531.3230449472194,-245.68189467455858
19.666370374499422,272.9683640247475,1530.945660838775,-232.15898094274922
19.57226647411366,273.223838643311,1530.5878409793609,-218.25033682427613
19.479971862376058,273.47683484079886,1530.2516025992138,-204.23700009960874
19.3910224331569,273.72304454430224,1529.9346231164975,-190.41248715421
19.30664219605851,273.958857528221,1529.6302975388958,-177.05975425553103
19.22767981905526,274.18158178344873,1529.328506604103,-164.43002630670412
20.202437431164395,271.5505368883994,1549.6617771638298,-276.58386101940846
20.101806680724593,271.81389594089677,1548.7012517528408,-264.70669731630676
19.998198776931073,272.08733703444875,1547.708913098434,-252.18263912604462
19.89349302844362,272.36613289505976,1546.6984766524786,-239.23825841041287
19.789582212282223,272.6453553960481,1545.6818441976366,-226.13852908874432
19.68820834464893,272.9203009173497,1544.667477749581,-213.16797036415508
19.590822991377472,273.1868799403538,1543.6593138199307,-200.6087949710109
19.498494821241266,273.4419052148698,1542.6564536919768,-188.71932033652564
20.4067813677521,271.0176310949723,1559.9435343482128,-286.7998781486118
20.30238210991686,271.28825027896664,1558.7058018127013,-275.54725912927574
20.194261966941426,271.5707985086384,1557.4097937546949,-263.6502448576165
20.08432095688234,271.86057960858415,1556.0724810174565,-251.32313410803783
19.97451487441639,272.1525934651625,1554.710213200884,-238.82079933782666
19.86668329070567,272.4419716976528,1553.3366620921925,-226.4214601470439
19.762395843328484,272.7243945870702,1551.9611606797007,-214.40558880977864
19.66284332152368,272.9964157431005,1550.5877911891353,-203.03444630655042
15.202599175105687,284.74228528285926,1295.4992604860618,-3.4232206977635258
15.318382663392779,284.43794006259304,1311.0888659159637,12.670627499437074
15.433621717831752,284.1322522530838,1326.3575943732958,28.23932878242016
15.546781992222167,283.8291486238842,1341.0808161917198,43.04933292669017
15.656627289345474,283.5318475700765,1355.0780960891711,56.91802296688982
15.762291544992577,283.2426483190603,1368.2214815653392,69.72015322582598
15.863302631366562,282.9628477689933,1380.4375255258055,81.38795977167723
15.959558379738025,282.6927901556878,1391.7035581642726,91.90593975675466
15.820456081901051,282.8547146334479,1341.4550732538926,-57.99741644970564
15.8826944888586,282.70583206703907,1352.4274689976496,-40.74799807108397
15.946996493483105,282.54948396510497,1363.3858249101595,-23.756050416861655
16.012442558163066,282.3876412211107,1374.1489266651542,-7.315239487488071
16.078183244828057,282.2221820564034,1384.5574546106332,8.323223429984466
16.14351626611628,282.0546965633936,1394.48439067175,22.96470228282496
16.207937604579318,281.8863495284865,1403.8408981948269,36.477897655027704
16.271159263584618,281.7178258092836,1412.5772759482434,48.794282620823026
16.5817312792264,280.57940729070606,1395.0569000320174,-119.06881608046277
16.58930811579392,280.5828637308665,1401.5585190095237,-101.77071084379256
16.59988418121981,280.5779232734282,1408.205329751089,-84.37675862696406
16.613423808258645,280.5640229319517,1414.8819403732086,-67.21189075955164
16.629780067441967,280.54092619859324,1421.476511099828,-50.57980109570505
16.648734683268547,280.50866018684684,1427.8897355104905,-34.74120632905871
16.670042405189882,280.4674292540608,1434.0417450210239,-19.898613287771582
16.69346897767663,280.41753181004043,1439.8760105310178,-6.189040249944924
17.36966255827743,278.281289608621,1447.2264371613812,-176.02156936196826
17.33270872806397,278.4026312501687,1450.2674906595466,-159.79992774086338
17.297868338166253,278.5194914491734,1453.462816221861,-143.178539240764
17.265948345280204,278.62913481232215,1456.758699418297,-126.47248302308117
17.23758473194559,278.72921375160087,1460.096469870339,-110.00049379986422
17.213214793899127,278.81789906483067,1463.417620215469,-94.06003125840505
17.193077247256976,278.8939360148345,1466.6688123760514,-78.90582609858794
17.17723417882409,278.9566324127939,1469.8059032870776,-64.73488468866205
18.048868428924877,276.3450178455318,1489.6660524352124,-220.66566689308937
17.982994835709647,276.53850184413693,1490.525469401335,-206.02813134185902
17.917457010742805,276.73317475711946,1491.4754704841912,-190.81530078073558
17.853609179529435,276.9250672979074,1492.5022142199705,-175.31015604703572
17.79267772536638,277.1104141198586,1493.586111432388,-159.81807870164965
17.735671279128233,277.2859388866587,1494.7033837082517,-144.64293297779858
17.68332479658382,277.449062355063,1495.8282940611139,-130.06337834647852
17.636082695034535,277.59800772827367,1496.9356103705045,-116.31338312561198
18.544278571074965,274.9578502422763,1519.22906103686,-250.92193649400835
18.46284123957561,275.1876766098703,1518.9067271026688,-237.72982010744514
18.380084553335877,275.42344115868434,1518.607866029009,-223.89413769042596
18.297613110672515,275.66072337269736,1518.3383528651473,-209.66662634470117
18.216977980248494,275.8950830363011,1518.100224617035,-195.33194388360874
18.139549090968732,276.12242674515767,1517.8911150328622,-181.18628821390425
18.066416774571774,276.3393188710891,1517.7044085302357,-167.51407339806522
17.998337070295026,276.5431872350367,1517.5300849547498,-154.56668391289648
18.861225735165892,274.08109076861217,1537.5548471446134,-269.34503575454914
18.772318404042192,274.32715901581963,1536.6418217296543,-257.18283952395586
18.68095567763564,274.5822427995339,1535.7060279120315,-244.36166868118684
18.58882644133652,274.84184109563876,1534.7617662457774,-231.11179930822306
18.4976262253532,275.10127038104025,1533.8213426778648,-217.70155631791317
18.40891175416669,275.3560637870952,1532.893483878007,-204.41801032311713
18.32397810143105,275.6023355877136,1531.9823199130833,-191.54481089624744
18.24377807493926,275.83705042503664,1531.0871453200793,-179.34047218869426
19.04661914311351,273.57191292116715,1548.0688125494976,-279.80310902005795
18.954257074058372,273.8249780747782,1546.866754855518,-268.2768722037989
18.858768604386086,274.0888156653711,1545.6149483609338,-256.0932153010407
18.761863024198068,274.35895229143483,1544.3311701872283,-243.46985132674268
18.665294037267294,274.6306352630964,1543.0323931929543,-230.66479073171288
18.5707070480971,274.89924199247696,1541.7327441299396,-217.9586774433517
18.47950357185366,275.1606705061445,1540.441890989433,-205.6333629788011
18.392745840658673,275.4116429894146,1539.1641928784825,-193.95029234831497
14.373830553062616,286.49362211600095,1281.7973597513933,7.312855124386488
14.482830625826885,286.1982950024048,1297.628871336714,23.730580138286513
14.591286359757799,285.9013927717763,1313.1356750698087,39.60909357416696
14.697782017306917,285.6066267040335,1328.0921114146786,54.7122101876825
14.80118754300101,285.31701513002133,1342.3175985355729,68.85594507224442
14.900723776251064,285.0346835947634,1355.6848773251127,81.91488310374228
14.995982343387166,284.7607889698438,1368.121907711447,93.82211269577391
15.086900879195968,284.4955725326327,1379.6079465473576,104.56375543811271
14.941513239053688,284.68284201398365,1328.0102437732583,-48.010464527585526
15.001098500654017,284.53637206553697,1339.2020197413192,-30.431298330742464
15.062606068567076,284.38243594931845,1350.379107182243,-13.119258804597905
15.125176600202614,284.2228872917636,1361.3588459669718,3.628563436232213
15.18802444160071,284.059476601978,1371.9812754246573,19.558803431205433
15.250508981312114,283.8936647315174,1382.1195586966107,34.475963853360014
15.312180909143555,283.7264942620374,1391.6857819283875,48.24905565932616
15.372796679688609,283.5585421268905,1400.631743448318,60.81080387097697
15.639662837924133,282.5017590196752,1381.9979388021547,-109.95303427345638
15.648931813121512,282.50099908738093,1388.6838365183617,-92.33046609164128
15.661041644383088,282.49184633489506,1395.5183047258001,-74.6161329147306
15.675939124622188,282.47374672450417,1402.3843497726634,-57.138959265433186
15.693474885079187,282.44644657090225,1409.1691015811057,-40.205478371390456
15.713442061245297,282.4099306564769,1415.7728972782475,-24.077948975720716
15.735617748335367,282.3643403424785,1422.1161877877857,-8.959153664756741
15.759797189443235,282.30989744451625,1428.143344820539,5.014700708366945
16.361220105333597,280.29942069072047,1434.6672118895954,-167.78163346229866
16.329566157501723,280.41141538897153,1437.848811617273,-151.25120634585255
16.299986974829206,280.51871754365925,1441.191465777733,-134.3195314386883
16.273200475382758,280.6187073931158,1444.6402073081376,-117.30586253895677
16.24976997229919,280.709129570374,1448.1353637930356,-100.53216240311048
16.230081818900135,280.788213872912,1451.617818361602,-84.29797900311132
16.21434744168035,280.8547273947483,1455.034111991416,-68.85877335374244
16.202624181485717,280.9079638559914,1458.3404482762667,-54.41116047361106
16.982739122812447,278.44336701822465,1477.630494767509,-213.17836491180157
16.924515142755325,278.6244544563601,1478.5895045330676,-198.2533574584063
16.866768023685616,278.80623539906736,1479.6474818159384,-182.74704081943128
16.810718509651295,278.9849137535043,1480.7899808300708,-166.94636232227907
16.75746916630215,279.1568879239957,1481.9968094220958,-151.1599974040333
16.70792529238227,279.31901856347247,1483.2437216719052,-135.69406953734136
16.662746614804732,279.468823427354,1484.5047528506225,-120.82836322692071
16.62233330348793,279.6045774443727,1485.754742990451,-106.79668689811515
17.435984454475566,277.1129217124877,1507.6334439561356,-243.98873535195958
17.36344709360267,277.3288967461449,1507.380940324228,-230.52977599752552
17.289887637003602,277.550088998407,1507.1604500315377,-216.41828418405987
17.2167585295896,277.77226969257975,1506.9778137424564,-201.9095673821376
17.14546009884913,277.9911948890725,1506.8349188394438,-187.29138892820447
17.07722684384486,278.20295117408676,1506.7292245405756,-172.86218693040595
17.0130405491074,278.40424788570596,1506.6540100583761,-158.90761183490454
16.953582201393427,278.5926117765606,1506.599292216039,-145.67901404025446
17.72598108883829,276.271527060563,1526.2673295879904,-262.77032140000404
17.646562321924236,276.50313871283225,1525.4059341941743,-250.3570455086855
17.565089075920902,276.7429053118597,1524.5299427155308,-237.27418966660295
17.483092917653796,276.9865192819073,1523.653978779221,-223.75523126046875
17.40210734091034,277.22950445186416,1522.7905194950254,-210.07136167019678
17.323537562460096,277.46759320700943,1521.9483647759725,-196.51179508680727
17.248551224098335,277.6970701367207,1521.1316936053827,-183.361332259301
17.178007191768206,277.91502572984257,1520.3398945143426,-170.87854449982257
17.895637902405305,275.7826651979021,1536.9715167349382,-273.44005548432887
17.813030939453633,276.021032808629,1535.8109537044945,-261.67299355285934
17.727758528482173,276.2692352691778,1534.608436275159,-249.23707252259015
17.641372123544116,276.5229902406441,1533.3822577043393,-236.35295006551854
17.555459174535105,276.77775531475845,1532.1497480213807,-223.2813141051239
17.47150611957692,277.0291152573928,1530.9252636235117,-210.3048385649772
17.39077741289522,277.2731505156995,1529.7186322428488,-197.70647335295524
17.314230932278864,277.50672336981864,1528.534366272265,-185.74770713291775
29.2173106026233,255.02001765806978,1547.5274108363656,-168.36905454010812
29.386519869073286,254.69167642459692,1559.1736615736286,-155.47841028796915
29.554213087892506,254.3664951908825,1570.5876852247213,-142.8899904520639
29.71681844879634,254.05144294714762,1581.5616176982116,-130.82065051857296
29.871028421630545,253.75296553586475,1591.9160297477056,-119.45265918905075
30.014015710448458,253.47656627336298,1601.5096385390789,-108.92470591962817
30.14358142051418,253.22651957947284,1610.2442029441668,-99.32821367537451
30.258227140615038,253.00573318257952,1618.0647358629571,-90.70856684546295
30.699852780252158,252.04861893917317,1584.040295290633,-209.95959870920115
30.743796222717474,251.96925395718785,1591.9300342483489,-196.19120273888353
30.790216543380346,251.88545583701008,1599.8142062340585,-182.50761457695614
30.837430207760757,251.80037473228478,1607.5311302121181,-169.17127179146993
30.883548389489373,251.7175621803612,1614.9287327115662,-156.42011215827912
30.92664247766436,251.64066223856076,1621.87500066345,-144.4521972992362
30.964907444409207,251.57310315864123,1628.2655351506714,-133.41586835684168
30.996799213512833,251.51783478335574,1634.0274502572456,-123.40623524407516
32.53571162707997,248.48424501912262,1625.0024909894594,-256.0380928384679
32.45143496030778,248.64519263870164,1629.474474074315,-242.31159479213102
32.36945299846688,248.8032213837724,1634.028068956545,-228.3895674479295
32.290522428230496,248.95684601364147,1638.5618776728315,-214.5537567782821
32.21490787136959,249.10544677055972,1642.9714909376044,-201.08201262684028
32.14238797504256,249.2492838566198,1647.1573132982796,-188.22740313855866
32.072332130647595,249.38938076392802,1651.0316423400425,-176.20120738892953
32.00382832606056,249.5273067623377,1654.5240040343901,-165.16205987141694
34.43026295808346,244.92894589171732,1662.9251840173995,-298.30562220514764
34.24315501789735,245.26934087929573,1664.9672950772756,-285.52823082067766
34.054021232290005,245.61600262987335,1667.0643925503687,-272.3276192685628
33.865744173931226,245.96379538140056,1669.163311523159,-258.97052061015336
33.680767398588195,246.30823357948464,1671.2046889541912,-245.74192775771087
33.50088911165755,246.64588215811813,1673.1269548711623,-232.9230952534089
33.32716215384954,246.97458136264814,1674.8707400577011,-220.77013877735132
33.15991065705497,247.29346521970223,1676.383057296429,-209.49662170688498
36.04760517986495,241.98476385717026,1692.2202713716683,-330.8115938922643
35.79588987800195,242.4291564684361,1692.8655609516209,-319.35082779863745
35.536397880644216,242.89068217906157,1693.5049487017486,-307.35048226281424
35.273234089890074,243.36240538116712,1694.1113867454517,-295.0470889645138
35.01033997563464,243.83747693310244,1694.6533953176245,-282.71069061180543
34.75112471666556,244.30979162101633,1695.0964696013684,-270.6252305271657
34.498187836422325,244.77451761529537,1695.4050002310669,-259.06659195299414
34.25318179611566,245.22840018078304,1695.5445211219526,-248.28190602538794
37.21342504245397,239.91077566102058,1711.7594664545886,-352.47352499794056
36.928401126286424,240.40413240509673,1711.7066361811571,-342.17490566957
36.63088197730958,240.92289869013644,1711.6000406734076,-331.3036801259892
36.32543149973227,241.45965438866932,1711.4235617058846,-320.0702421400469
36.016733584109424,242.00655546712596,1711.1589022871058,-308.72632857515003
35.70914303122141,242.5560955952683,1710.7858488772017,-297.548497096263
35.40629182385535,243.1018136018887,1710.2827933026697,-286.81748182052115
35.11082609493039,243.6388080532761,1709.6275875308288,-276.7967453931032
37.95188461521615,238.61679062565335,1723.505418466435,-365.5043425488258
37.65157298608378,239.13041183743678,1723.1234354345534,-356.0158743370483
37.33573310297031,239.674496444971,1722.6596369198228,-345.9568141944912
37.00902522048727,240.241656807123,1722.1020224375843,-335.52086274260535
36.67642606451569,240.82375195542892,1721.4378633606018,-324.94655278738014
36.34275120432834,241.41267344871204,1720.65355249703,-314.5030747878071
36.01220134935361,242.00113444236493,1719.7344918918561,-304.4710884013376
35.688021582264184,242.58330539456034,1718.6651944678547,-295.12148429544857
38.38091498812375,237.87169149439785,1730.1167075106832,-372.845398568157
38.07381348099278,238.39335676956583,1729.5795191886082,-363.8504790208054
37.74945706863158,238.94826708333377,1728.945732080153,-354.29442994596195
37.41249267736305,239.52916688168057,1728.2049231147485,-344.3615794838522
37.06799930870547,240.127861649282,1727.3467234229106,-334.2826310501369
36.721002040810156,240.73600371160552,1726.3605261198566,-324.321921756285
36.37599020364944,241.34591540270196,1725.2350998179372,-314.7592629989482
36.03653452212668,241.9512868582379,1723.958318580936,-305.86909938798414
25.52945875106723,261.4566338683103,1520.1635254377882,-141.51698693286832
25.689095617734814,261.1249973630729,1532.8793338756786,-127.86164679474993
25.847945558502058,260.7948193918353,1545.3475066511696,-114.54996375195239
26.002991247871186,260.47240364780174,1557.349829457543,-101.80618922700788
26.15149649764072,260.1634756199623,1568.6998909239178,-89.81671859219107
26.29118218835549,259.8728119029283,1579.252959536741,-78.7212869236948
26.420338423612698,259.6040028190954,1588.9106375549345,-68.60976333204599
26.53786548885683,259.35936449128866,1597.6204758142458,-59.52402718832185
26.785287208514582,258.7068659845526,1560.0961050548042,-186.23187957019738
26.83811760397156,258.60606475104436,1568.725208350324,-171.5945063691136
26.893890394315804,258.49922329875886,1577.3556224582194,-157.0711618895441
26.951130917749673,258.38922815536915,1585.8173033726725,-142.93558324928682
27.008232198704448,258.2792626932182,1593.951766587869,-129.43353164315437
27.06359973620231,258.1725180512519,1601.6229589902632,-116.76725375061389
27.11578525961948,258.07192110382675,1608.7248813691167,-105.08590172853616
27.163589223091158,257.979921444821,1615.1852109530955,-94.48260953304279
28.34490312413955,255.39682698897653,1605.405129154111,-235.9308339426861
28.287514602940796,255.52099137760428,1610.2495810238383,-221.27162115179823
28.233344550576017,255.63983884469374,1615.1969012488917,-206.426963943256
28.182960216448773,255.7520245719981,1620.1419129336618,-191.69318442372503
28.136521534902847,255.85698422410988,1624.9767807009403,-177.35968664623633
28.093801998021924,255.95492346424967,1629.5992822275598,-163.68735326481212
28.054261786124595,256.04669980982817,1633.920154916549,-150.8914231311494
28.017153610550714,256.13363060345387,1637.8684973545764,-139.13088996566694
29.96231658277636,252.07813672531785,1647.9283966044436,-281.7151717849836
29.81522603994682,252.37301140206378,1650.021581050446,-267.9998273083667
29.668062926193162,252.67050743420307,1652.1917363646744,-253.85048025234573
29.523233466289014,252.96583683026142,1654.3876195859825,-239.54974831329616
29.382740453359006,253.25486385129435,1656.551200352867,-225.3965438726089
29.24802846859656,253.53444485739993,1658.6217643225477,-211.68285671534977
29.119917724397105,253.80260801003334,1660.5404886663632,-198.67166944900595
28.99862954387389,254.05855439675798,1662.2547761899536,-186.57947253520064
31.351164462926988,249.31422655463282,1681.2178358426168,-317.0782125913433
31.146544258127552,249.7102771434198,1681.6942416922489,-304.7177967325347
30.93715474100689,250.11880226109943,1682.178042948166,-291.79060014959333
30.726515415254557,250.53321624508123,1682.6483927533432,-278.5483577178244
30.517946447085162,250.9471105268107,1683.079409472301,-265.2754942344318
30.31427105932081,251.35484212977119,1683.4412555602166,-252.26803017114912
30.117601377597133,251.75199304915964,1683.7018936301138,-239.81053665676149
29.929241809440978,252.13562158172726,1683.8293259348034,-228.15495637738076
32.357557320077504,247.3576934207214,1703.6592133036443,-340.7252322621415
32.12253386198395,247.8027709149444,1703.313684185362,-329.5773311006684
31.878757889352315,248.26804017091288,1702.9177386633662,-317.81976690816447
31.630207686941286,248.74635623612963,1702.4636088185168,-305.67666020361816
31.380890617534153,249.23029397903068,1701.9411417873753,-293.41345752676926
31.13446923763548,249.71284785055698,1701.3374404485703,-281.3188797573662
30.893944996363615,250.1880634233154,1700.6369209293161,-269.6829978000412
30.661457145551374,250.65148181695474,1699.8219255400593,-258.7750196405249
32.997491929949526,246.1327336926376,1717.2483753405827,-354.98302122093367
32.748131274358734,246.59884575722057,1716.5112234224312,-344.68661151169294
32.48740375023068,247.08995370254354,1715.6883810689296,-333.7775726127728
32.2194135887834,247.59887711823097,1714.77702126479,-322.46203275381276
31.948458582243973,248.1178506778893,1713.7737540492271,-310.9913767911061
31.678625552823966,248.63925706424692,1712.6737151582697,-299.6465816836128
31.413418789530528,249.15634209421998,1711.469809356302,-288.71765787201986
31.1554927269406,249.66377250812272,1710.1523976222636,-278.4816193036946
33.370200998326624,245.4258264316499,1724.9312980128755,-363.0265827287137
33.114301708694,245.9006489084227,1724.0084838457446,-353.2510174249692
32.84552750495639,246.40314560236718,1722.980848833095,-342.869939791417
32.567995463509085,246.92622471698309,1721.8474132388546,-332.0792451875625
32.28611502050555,247.46203462581917,1720.6076575455681,-321.121848866151
32.00417247521861,248.0027028838958,1719.2604104125317,-310.2734993818313
31.72593263432488,248.5410879296334,1717.8027257649753,-299.8232569559543
31.454333886750803,249.07139814970392,1716.2290955672722,-290.0516749544167
22.772191323352455,266.53138269404536,1493.9139083895188,-117.83174380859575
22.921397744835428,266.20274416542,1507.493254101417,-103.50748688509137
23.07018191731492,265.87442202991275,1520.8135609733658,-89.5618386404017
23.215946218486494,265.55215787471974,1533.6493326875586,-76.22539589799425
23.356378027710942,265.24108702661806,1545.8096588434278,-63.68806172154062
23.489597405430164,264.9454042775326,1557.1481303093249,-52.090465339739936
23.61424456000963,264.66816258676533,1567.5672508820708,-41.521137144618294
23.72950112944104,264.4112198302978,1577.017515459637,-32.01893288004359
23.851541804366626,263.9765380633158,1536.2133236163336,-164.98080289851495
23.90846392188492,263.8622919702905,1545.4805757197933,-149.60454756691735
23.968423569547404,263.74108795317494,1554.754293694802,-134.36720124922664
24.030106868760576,263.6155851176061,1563.858016095739,-119.55170487255887
24.092119742230427,263.4886577159245,1572.628650675063,-105.41011199711586
24.153116069678894,263.3631243136432,1580.9276580271412,-92.14786008363741
24.211909277305065,263.24150592087216,1588.648620256875,-79.91451151971027
24.267550820281034,263.12585042685765,1595.7205647288501,-68.80130594345245
25.192842859281214,260.895655587206,1584.6074408968684,-217.5217094082197
25.154244621042658,260.99146191806244,1589.827164540585,-202.08381617003124
25.119213197973437,261.08052968915126,1595.1675659037128,-186.4703446892388
25.088164717180014,261.16164951514634,1600.5198129133503,-170.98925291943075
25.061178726835372,261.234309588417,1605.773004957286,-155.93894044842358
25.038027518308084,261.2986686602695,1610.8228124773855,-141.5861756092419
25.018244091755733,261.35544106416035,1615.5790342867167,-128.14880789335626
25.00121104535581,261.4057265411369,1619.9709444407486,-115.78560243848375
26.587101334583622,257.7966120026039,1630.5014236969823,-266.1071779471916
26.47014931849803,258.05345005949937,1632.7249260414094,-251.6149866823911
26.354197815387764,258.31050097325726,1635.0467413044094,-236.6824161289748
26.24125408890197,258.56334143498987,1637.4160095770171,-221.60476310138537
26.132965602826847,258.80817563535743,1639.774747151118,-206.69174262065462
26.030502695150815,259.04212582020153,1642.0621575096347,-192.24335046584181
25.934514785614063,259.26337872662884,1644.2194080090644,-178.5273072164722
25.84515933273024,259.47117695101184,1646.1940833595845,-165.76167004801584
27.788522575207214,255.20517509435246,1666.8111820589388,-303.78753822448584
27.620683474849187,255.55890896258614,1667.2389715543218,-290.6833216511365
27.449961286402633,255.92179863230038,1667.691210753677,-276.99288255635383
27.27935818564566,256.28768008066515,1668.1509066689646,-262.980213277698
27.11167060697476,256.65061300435246,1668.5954482746122,-248.94097997791386
26.949247825351588,257.00540613915956,1668.9975778994526,-235.18027240575
26.793824291516106,257.34801826969255,1669.3271523835751,-221.98877632788475
26.6464500317002,257.67577050137623,1669.5534616462178,-209.6213079417778
28.662181170207806,253.36385633520916,1691.5035198366695,-329.0716336758909
28.467022648811255,253.76546694595206,1691.0023877836534,-317.22155116041216
28.265605588533706,254.18337956888433,1690.461375998023,-304.73424434025765
28.061365451159382,254.61084178570175,1689.878578693005,-291.84501149464364
27.85771749107193,255.04091684893896,1689.249284132264,-278.8300989085004
27.657745695100804,255.46712077081827,1688.5652585284752,-265.98742761045065
27.463946630985934,255.88398568426035,1687.8145884798837,-253.6137117654113
27.27807276062806,256.2874473800134,1686.9822324085308,-241.98173092140973
29.21925234461981,252.20780004503465,1706.547448964387,-344.3537934843556
29.010990327614525,252.6304366500963,1705.59792555406,-333.38936795830205
28.794220821814893,253.07388588337471,1704.5680436999314,-321.78050304791725
28.57251401974231,253.5313185103137,1703.4617527166974,-309.7435096193586
28.349557505742197,253.99544237679874,1702.28224351477,-297.539943480354
28.128815156747507,254.459177331238,1701.030543204243,-285.45970584972883
27.91322214940136,254.9162991731696,1699.7043955949075,-273.7995864078287
27.704970870209213,255.36193434747685,1698.297762507558,-262.84035699658625
29.54430012669528,251.5394371341419,1715.085301391584,-352.98850721066106
29.329965803260333,251.9710064360873,1713.9213680884977,-342.5675976714709
29.105814524083144,252.42592623621934,1712.6546626372642,-331.50730489478997
28.875442572159244,252.89742601443842,1711.2913594940314,-320.013031124793
28.642647568084655,253.37811021375072,1709.838061616102,-308.33737566367404
28.411075754764244,253.8606427334045,1708.300128526952,-296.76476519161645
28.183891984963225,254.33842889513636,1706.680106957108,-285.59088220730365
27.963534057628973,254.8061657752836,1704.9766819417239,-275.10016331851114
20.641868484544748,270.62709812068186,1469.638290788856,-97.03405041955001
20.781124186162945,270.3044414848622,1483.9174374822574,-82.12215265578322
20.920133103089675,269.9813071159766,1497.9284637708263,-67.61848846077662
21.05661797481401,269.6629702551393,1511.4406285434168,-53.759058857562096
21.18858463211728,269.35408555890865,1524.2600782898385,-40.736742251732466
21.314448483325368,269.05838201492145,1536.2397680442648,-28.69286843809276
21.433104376543845,268.77848907988994,1547.2836284795699,-17.714736192644693
21.543935123907254,268.5159079772066,1557.3451729117996,-7.838515631637932
21.584024263750894,268.2375071896778,1513.6047025036364,-146.12961903428993
21.64233637730229,268.11509850033804,1523.4149434534775,-130.11772977592983
21.703615656537927,267.9852046826279,1533.235107625397,-114.26582889589358
21.76667476599469,267.85028828421326,1542.8837358739208,-98.86447953468034
21.83028328770834,267.7129641373855,1552.194386104945,-84.17083632273459
21.893282299170252,267.5757451473791,1561.027008213121,-70.39283804641788
21.954679516850117,267.44082440825423,1569.275443664063,-57.680171288891756
22.01371084953121,267.30992816297504,1576.8704436578132,-46.1222658951817
22.75411330557396,265.3537451718352,1564.2126748839107,-200.94807187964318
22.72862620623795,265.42806129557897,1569.785602339232,-184.85090673986303
22.7067751738126,265.4947921562266,1575.49340744049,-168.58701302903097
22.688862033584453,265.5528397130697,1581.2238934232164,-152.47380631348307
22.674908336180163,265.6017302813199,1586.8634967041776,-136.816861543267
22.664689200938394,265.64157713642453,1592.3062392611598,-121.88744633432938
22.65779628313574,265.67296991796815,1597.4614163992615,-107.9052127420255
22.65371339603175,265.69682340723494,1602.2588634919748,-95.02834845965177
23.971291310282087,262.44720305469656,1612.5864377782937,-251.79614023708382
23.876809387701186,262.67329939197356,1614.9777335078056,-236.65232142351022
23.78391046618155,262.8980014656274,1617.4861469177017,-221.06394244473603
23.694285007664277,263.11721349523737,1620.060275440038,-205.33655073863136
23.609305284199934,263.32743239663034,1622.6414695779645,-189.78840093468833
23.529934898744433,263.5259998932978,1625.168385355109,-174.72559076044877
23.45670005193411,263.7112243302863,1627.5819502409222,-160.41924341144687
23.38971870010342,263.88236856492205,1629.829917165756,-147.08809144208573
25.022110394799334,260.0098950078564,1651.1753539124284,-291.37026559691424
24.882488020526388,260.3282518623724,1651.6286734517203,-277.6448501327926
24.741180114832062,260.65339464956213,1652.1236122862415,-263.3184760590291
24.60076367645266,260.97956476096726,1652.6453395904591,-248.66506726604885
24.463616869628655,261.3012475384556,1653.172941911255,-233.9891773918607
24.331720406135815,261.6136443330524,1653.6804185695198,-219.60282515960435
24.206523524126148,261.913027364865,1654.138533363026,-205.80107136584436
24.08889274194417,262.1969226599527,1654.5172381652114,-192.84047289427932
25.78797280679398,258.27324786256776,1677.6021468822394,-318.0078445221244
25.62387627484433,258.6377971512448,1677.0376376687004,-305.5725670881
25.455199969457894,259.01576409326753,1676.4463194059917,-292.478649531873
25.284920516480955,259.40079890277576,1675.8301709322081,-278.97047618147815
25.115969020066355,259.78642924566526,1675.1879207549346,-265.33284553052795
24.950969722125013,260.16664137974385,1674.5141579925116,-251.8707158281387
24.79202919853912,260.53638672792613,1673.7991116997346,-238.8855938169864
24.64061133752507,260.8919249305279,1673.0292327636469,-226.6524744526269
26.2772394796253,257.1805289810959,1693.7834887459799,-334.1445636262588
26.101278175752068,257.565679339483,1692.7217117206123,-322.62416701569657
25.918787599204787,257.9684751063235,1691.589016046237,-310.43435144113243
25.732877469405945,258.3824666768405,1690.3940984389792,-297.7997182897794
25.546728263728678,258.8008272441304,1689.1445742435706,-284.9898535376229
25.36330208808555,259.2169725853999,1687.8452810435529,-272.3015833664426
25.185087763916606,259.62514670643515,1686.4969793702116,-260.0364548694974
25.01392737601564,260.02086205254875,1685.0958049935737,-248.4776612756706
26.563102848669025,256.5478605535403,1702.9958714262827,-343.27536814566685
26.381588798786833,256.9419057582519,1701.6942951827955,-332.3178566583598
26.192402721791314,257.35599083010015,1700.2969902114833,-320.69422639503546
25.998686219045528,257.7837054606184,1698.8152713776485,-308.61762237864514
25.803723557836175,258.21811213708213,1697.2606624938767,-296.34831198623385
25.610640667846976,258.6523784897344,1695.6428705930866,-284.1773504462095
25.422128534943777,259.08039820091153,1693.967971536127,-272.40519210920127
25.240241538169048,259.497285104139,1692.2372543509723,-261.3187016176535
18.94844473987394,274.00354951264876,1447.5152481091868,-78.72863105838358
19.078675828530933,273.6880989559598,1462.3678728204186,-63.29775082252016
19.208736615304602,273.3715978086467,1476.944727071887,-48.30050216555627
19.336599522726907,273.0589323488631,1491.0112067399416,-33.977495599735875
19.46051484985112,272.7543631064263,1504.3715069569873,-20.524127490843057
19.579121251080625,272.4612426758212,1516.878547428562,-8.08224857582249
19.691502661713436,272.1818631474497,1528.4379051395563,3.262006255195132
19.79718837564241,271.9174450479898,1539.0060157361881,13.474898074769527
19.782696802581427,271.7527966805484,1492.6832960669099,-129.42053090912145
19.840924636412428,271.62561215062766,1502.955091400386,-112.85578641377403
19.901980905842937,271.49063830188095,1513.2389163970984,-96.46901512771464
19.964779848779834,271.3501675020682,1523.3493387785172,-80.55721206547022
20.02821937535645,271.2065958039632,1533.117435557172,-65.38172355373274
20.091284373118715,271.062183828744,1542.4022647774823,-51.152469484603245
20.153129393307427,270.91885803077713,1551.0982920686656,-38.019071277388036
20.21312800385298,270.7780855714661,1559.1381244772,-26.069237952763444
20.8174806626665,269.03613132690566,1544.9109064310087,-186.1057578421683
20.801257084725822,269.09412295344936,1550.8057976446491,-169.44251049318396
20.788607456157994,269.1440209129783,1556.8467237362975,-152.62027276639733
20.779747894497056,269.1848139173365,1562.9184657019875,-135.9642973965176
20.774658523931542,269.216052825197,1568.905174437531,-119.78600569255704
20.773119618754357,269.2378067150467,1574.6995813283427,-104.36021001148336
20.774769968390167,269.25055721504117,1580.2107739271273,-89.90781226196486
20.779172225949665,269.2550630542443,1585.3693635239356,-76.58623974358741
21.893707544743496,266.29473473685505,1595.1363636234933,-238.81562231319342
21.816104069403693,266.49616859181265,1597.7079540144134,-223.11714763020652
21.74039382651504,266.69511128243255,1600.4126528650474,-206.97110412161965
21.668018329367,266.88774637815305,1603.1980172155522,-190.69146623507345
21.600137506897827,267.07081308720706,1606.0043842027349,-174.60339001428932
21.53755853324362,267.241828958722,1608.769663402698,-159.0177666047672
21.48071715980736,267.39919411523204,1611.4344782040048,-144.2081712844523
21.429706332193234,267.54217731368993,1613.9467814380482,-130.39355762407592
22.82366045923084,263.9913705557358,1635.4635177667178,-279.95960069703426
22.705730585160413,264.280599473392,1635.9841581221822,-265.7081208870344
22.586893818401716,264.5748914872261,1636.5622814158007,-250.84394861287464
22.46938529585182,264.8688483706213,1637.1841095506686,-235.6491701848755
22.355253198261572,265.1573215872448,1637.8294432720213,-220.43550019505068
22.2461926756913,265.435840662247,1638.4727520401084,-205.52037736272854
22.143436538321602,265.7009316567522,1639.085152523876,-191.20209484513083
22.047716341653175,265.9502790761507,1639.6369406229296,-177.73817553315834
23.502370237300344,262.3467115362199,1663.2364962372267,-307.72824829108527
23.362440885536547,262.6803005098695,1662.6662799362985,-294.79888550578323
23.219088785940222,263.0251414801033,1662.0826096808667,-281.1935835277498
23.074914911968964,263.375255589046,1661.4899479961746,-267.164191152098
22.932462370200483,263.7245812089296,1660.8891112389606,-253.00238632550466
22.793993897196327,264.06750744355736,1660.2763229178536,-239.01862082388794
22.66131523515878,264.3993346343824,1659.6430148437962,-225.51791850842653
22.53567329596339,264.716582166161,1658.9764812427984,-212.77668287072046
23.93651898031117,261.310108844573,1680.3115596338723,-324.58376870593713
23.78585168762549,261.66368950173995,1679.2028622263429,-312.59488471702423
23.630053045141015,262.03249664664156,1678.0340864409318,-299.9162791226851
23.47185106216968,262.4104398726557,1676.8171760609946,-286.77933188290984
23.31401585573199,262.79111117463725,1675.562653376454,-273.4601806330552
23.15911078801902,263.168359015427,1674.2777647129506,-260.2608980680537
23.009277418301775,263.53682213045477,1672.9651188511032,-247.48661858960918
22.866091012006567,263.89232894825125,1671.6221576833966,-235.42201435640771
24.19041836056126,260.7092297136873,1690.0580614858002,-334.13370102243687
24.034694189071228,261.0715345168453,1688.6877606038474,-322.72460721380804
23.87283220936222,261.45132763472543,1687.230833816625,-310.62759817913945
23.70759428140313,261.84254542460457,1685.7022104358134,-298.06216992043824
23.541846370754357,262.2386681912293,1684.1167495543277,-285.2947338858594
23.378299061256442,262.6333061906942,1682.48700434875,-272.6214919854957
23.21927231428929,263.0207691579813,1680.821290264482,-260.34639870889896
23.066526668125494,263.3965151961356,1679.122509691128,-248.75781439365772
17.569665781639056,276.83877033552227,1427.4513253184703,-62.53353036172341
17.691871781440618,276.5308514215922,1442.7802051515168,-46.64163742200566
17.813932420230792,276.2214523107332,1457.8266549428427,-31.20539466889946
17.934018564412877,275.9151326157704,1472.35313195643,-16.46940746945009
18.05057238376149,275.6158259081512,1486.1625319868608,-2.631198885975948
18.162405056039074,275.32657677508655,1499.1080800148789,10.167008184981086
18.26874402983924,275.049404815554,1511.0970553700813,21.840190906974186
18.369227360846693,274.7853065761908,1522.0886422872713,32.35683598102568
18.317700579516927,274.7049318783725,1473.5060591461793,-114.56355633932304
18.375058976992676,274.575133341547,1484.1721689685032,-97.51318221044323
18.435084088373124,274.4373711529178,1494.8514076600977,-80.65631662590928
18.496773355232992,274.29378933253207,1505.3551422673136,-64.29541433339892
18.55912721162433,274.14659826773493,1515.512556455129,-48.695361601951845
18.621243307505676,273.99784825361655,1525.1822134189183,-34.0676592242574
18.682389394306465,273.84924658717335,1534.2593889933362,-20.561731325127255
18.74204364574351,273.7020495806598,1542.6785471004632,-8.2636577970257
19.244113819053233,272.1297626697099,1526.943951397488,-172.81073532932209
19.234548382578463,272.17522343187863,1533.1282395707194,-155.65525777525565
19.228436002518833,272.2122846075127,1539.4673268236384,-138.34753515439104
19.225928080448227,272.24000124476385,1545.8433089838998,-121.21941919179415
19.226974976867837,272.25793830611644,1552.1383697637916,-104.58722475664163
19.231363153749967,272.2661227698478,1558.2442304888868,-88.72858627101482
19.238769450538413,272.2649428088734,1564.0699602393188,-73.86528988135154
19.24881837392031,272.2550254847723,1569.5470488236815,-60.15391543515176
20.206965778204825,269.5293105765963,1578.5778960451942,-227.0809421667072
20.142226845393978,269.71087407769795,1581.3289043590933,-210.90382423520592
20.07953750295778,269.88917961901734,1584.2264718306692,-194.27678818496875
20.02014301701314,270.0606439080782,1587.2168797230102,-177.52088058167269
19.965037859068055,270.22220468701425,1590.2393095220832,-160.9669531053491
19.914909017575503,270.3715199213767,1593.2308638984268,-144.929747878202
19.870124339735597,270.50705898949144,1596.131861988691,-129.68467016539597
19.830760119894954,270.6280883807544,1598.8904952966295,-115.450599323408
21.039176996197885,267.34126532309585,1620.2516812490117,-269.5468106557521
20.938106947887594,267.6065330922319,1620.8612159549543,-254.84358283796598
20.83664942397205,267.8755827428569,1621.5423938359336,-239.51796812706218
20.736765020559,268.14332699991616,1622.281789237748,-223.8588722363172
20.64024041908438,268.40492642059223,1623.0593215959295,-208.1838953627977
20.548547332841707,268.6561820942628,1623.8494740946198,-192.81481683393557
20.46275167256717,268.8938253367745,1624.6234105613257,-178.05237180054726
20.38348334560887,269.1156638222456,1625.351607892689,-164.15458888486205
21.647048827815123,265.77642313503816,1649.0834579498446,-298.2732661876507
21.52608162393522,266.0842590757931,1648.5420277183757,-284.9209616558494
21.402510929202617,266.4016901852823,1647.9998213312938,-270.87831179025443
21.278632288913915,266.72306510842657,1647.4628339761932,-256.4033881797989
21.15667794152033,267.04267562909797,1646.9330843455346,-241.79350519154724
21.0386247313126,267.35525036959154,1646.407679433606,-227.36347818925196
20.92604395248026,267.6563770463536,1645.8786824404067,-213.4210648508079
20.820015901494276,267.9427847051744,1645.333855051634,-200.2434082752674
22.036223418492067,264.7887917851109,1666.8689519021107,-315.74039933742347
21.90550120483902,265.11595296811475,1665.7544210139552,-303.35133316385895
21.770660922111112,265.4564631530677,1664.5907443789292,-290.2555827353975
21.634117687288377,265.8045541898673,1663.3920572382126,-276.6901866249587
21.498310306120718,266.15418346569646,1662.1707577994296,-262.9365678392453
21.365484977701374,266.49956751675427,1660.935583357532,-249.301033709499
21.23751050783179,266.8356745790778,1659.6902508393932,-236.09139854632465
21.11575593442833,267.1585907335771,1658.432982142478,-223.59322514946732
22.263974665429313,264.21575786173946,1677.0428723837585,-325.64814375836136
22.128639788200793,264.551413873786,1675.6481668667593,-313.8538362767754
21.988291304219093,264.902562960724,1674.1765007994886,-301.35337403197815
21.845378207822346,265.2634557709358,1672.6453240230635,-288.37152100879996
21.70242752707976,265.6279394229048,1671.0717348395885,-275.1796933866425
21.561818013572296,265.9900035994517,1669.470129377151,-262.07817005315815
21.42557716435618,266.3443073246987,1667.850230327802,-249.37352741759838
21.29523738027208,266.6865914397864,1666.215939100894,-237.35502148607767
16.424295249117566,279.2573231252387,1409.258485683346,-48.11765042842117
16.539409850486575,278.95681469311415,1424.9881833452876,-31.81378765979437
16.654377319919416,278.65449234643836,1440.4295168338645,-15.984897425294463
16.767529433953047,278.3546382588352,1455.3426660330456,-0.8790585053258724
16.87746199857825,278.0609116255235,1469.5296542008762,13.304390487635544
16.98312234902681,277.7761015683217,1482.8442013867166,26.422973994419152
17.083849155467924,277.5020044214146,1495.1952602859149,38.39273405067206
17.179362806098023,277.23943535070845,1506.5445650772413,49.184211833664335
17.102305996962727,277.2226171214894,1455.981785003516,-101.29011839348314
17.158393984423984,277.09159032442994,1466.987305627641,-83.809401982651
17.216984976259347,276.95250250882106,1478.0063336981352,-66.53576631424394
17.27714569447967,276.8073677243278,1488.8476054879502,-49.77637924826621
17.337960071327352,276.6582372366211,1499.3388360754311,-33.79913926897186
17.39861590431457,276.5069840816326,1509.3383468332568,-18.816829513203942
17.4584699254187,276.35513326933375,1518.7423051507542,-4.97859083463058
17.51708126814592,276.20376744182875,1527.486967143785,7.6310359564400585
17.940619151871523,274.76784307993535,1510.3427156681355,-160.86768615113968
17.93592454984332,274.80355582322767,1516.785861168918,-143.2794834765762
17.934539156506123,274.8306868595073,1523.390729117115,-125.5449474565838
17.93656491213689,274.84834166316045,1530.0370308900397,-108.001591699725
17.941930565831342,274.85609187551614,1536.6052624309048,-90.96984119711132
17.950429078617418,274.853924920818,1542.9863344899827,-74.72967593626186
17.961768279926773,274.8421479257282,1549.0894212489939,-59.50349377945517
17.975621747359774,274.82127634192386,1554.8469270015912,-45.44698975252891
18.81107938010221,272.2879445646093,1563.068376777546,-216.4674189949596
18.756310870010815,272.45335131884093,1565.991342051121,-199.87218531587487
18.70366013071606,272.61495060122246,1569.072184120725,-182.8251118517452
18.654215792156137,272.7693536609149,1572.2558188507755,-165.65326773291375
18.60884152764143,272.913661281148,1575.4802408558048,-148.69227910291195
18.568130376615265,273.04564408181614,1578.6817479221106,-132.26008976304783
18.532397902446668,273.16382444323057,1581.8003842140447,-116.63345903809517
18.501708777600232,273.26746203704414,1584.7846070351716,-102.0310264220679
19.563361548784542,270.19913443647147,1605.8032635690465,-260.0630242675104
19.475583098727146,270.4445789474357,1606.511273548489,-244.96692145413493
19.387771912870008,270.6928304205082,1607.3034018702638,-229.2402053722963
19.301666477545457,270.9390673137495,1608.166141279164,-213.17756949410216
19.21884396811672,271.178710251104,1609.0791757040845,-197.10154096799155
19.140598699853992,271.4077855516723,1610.0167423412631,-181.3374339181837
19.067865571893677,271.6231913791922,1610.949883530424,-166.18792054880123
19.001195874639837,271.8228327832132,1611.8491746055975,-151.91119220704323
20.1131006935482,268.70335797697504,1635.4806329021662,-289.6113751955512
20.007199203492384,268.989699379779,1634.9877914421595,-275.8923519631147
19.899289637988815,269.28434294435635,1634.5058288742284,-261.4707050964174
19.791418275166773,269.5819216631042,1634.0416365591855,-246.60977296582925
19.685566280643517,269.87702889536604,1633.597860438228,-231.61157087370316
19.583481836800697,270.1646785171292,1633.1720179935191,-216.79448598320172
19.486550358270776,270.44069651968744,1632.7564551150376,-202.46834336619273
19.395721940565245,270.7019816905362,1632.339180199605,-188.91072778060337
20.465264459783125,267.75827745329616,1653.8388488310902,-307.60521063337393
20.350451340077583,268.06328418396174,1652.7436982177298,-294.869866992365
20.23227319233555,268.38015638501196,1651.6098411135183,-281.4133554853486
20.11288826990538,268.7034088614094,1650.4528735470258,-267.47748992544075
19.99446645119224,269.02731356724905,1649.286376657795,-253.34808588858837
19.87899901641117,269.3463989258548,1648.1199782027547,-239.33488595259573
19.768137648888395,269.655908248675,1646.958033186319,-225.74776571166436
19.663089078586925,269.95213902454225,1645.7992202409496,-212.87279531773763
20.67145691960983,267.2095039519624,1664.3593675534353,-317.8218703710262
20.552418469389906,267.52275766681834,1662.968201115968,-305.6946785797217
20.42921024390513,267.8499179242803,1661.509579730652,-292.8457435527447
20.3040235245806,268.18551317676486,1660.0027040186394,-279.5042642324916
20.179109419994845,268.52370798169665,1658.4661618093903,-265.945803688489
20.05657925372453,268.8588150111412,1656.9155244700564,-252.4739355544359
19.938227078093185,269.18578622789687,1655.3613830557965,-239.397241560062
19.825405164988435,269.50059575753255,1653.808252518625,-227.00548224260245
15.456611658922514,281.34841330886115,1392.728659402845,-35.20522079198406
15.565460418839244,281.0549827663419,1408.7999143503614,-18.531065135074698
15.674146887607026,280.759470697745,1424.5774427870183,-2.3490150400764946
15.781135593010035,280.4659212697753,1439.8196212371106,13.08980216674155
15.885147667574795,280.17776063707913,1454.3278916930562,27.584489733342537
15.985239962382112,279.8975633047836,1467.9565687234317,40.99241139089145
16.080839010242823,279.62694014774985,1480.6162076959934,53.230628048915634
16.171728597306206,279.3665575179148,1492.2708873308256,64.27158062554324
16.07686362131385,279.3984793915241,1439.9658558242,-89.36804219133779
16.13149523343337,279.2671171279818,1451.2659559949327,-71.5029870688953
16.18847348337284,279.1276428182713,1462.579432866491,-53.857000957705424
16.246923659270973,278.9819559087144,1473.7128257352235,-36.741367079647915
16.305998865926792,278.8319700016169,1484.4926906813598,-20.42657545107025
16.364960263760945,278.67940711384523,1494.7772698851018,-5.126464989432975
16.42323581200034,278.52563880356377,1504.4636453088792,9.010163202374628
16.48044840412468,278.3716029142603,1513.489770129355,21.900219849717587
16.842502553170807,277.0468847023059,1495.04403720541,-150.09600238713907
16.841430576738112,277.07490815299707,1501.7186864523392,-132.123768262677
16.843518709227617,277.0942449952604,1508.5605702439548,-114.01042540253601
16.848830578315447,277.10403902155656,1515.4472810379816,-96.09840172110012
16.857279088735204,277.10386334463243,1522.257852152803,-78.71164921987219
16.868663625565205,277.0936686091381,1528.8825403424078,-62.13210840370863
16.882717542836932,277.07369130203745,1535.2307007656434,-46.58259993852991
16.899153842907143,277.04435160811494,1541.2356482449345,-32.21793109755188
17.636652574888075,274.6706662659515,1548.631073624,-206.84502190588248
17.589741606042505,274.82279051785946,1551.7156781353415,-189.8806736572646
17.544965229083825,274.9707047414289,1554.967729870998,-172.4628599992829
17.50328541260302,275.11118311139734,1558.3307711480663,-154.92385242682565
17.465460882235227,275.2414611122604,1561.7416321005617,-137.6033666101089
17.432009829730212,275.35940094379663,1565.135846395141,-120.82198888260595
17.403206755374065,275.4635657825797,1568.4532113924552,-104.85756120546054
17.379107813758715,275.55320622423824,1571.6424682602633,-89.9283625275749
18.32277071064492,272.66756753068614,1592.2160387934694,-251.41909495038757
18.245628649531042,272.89647202580016,1593.0251957367252,-235.97749636014728
18.168701014752457,273.1274255406512,1593.9294255737163,-219.89816639002916
18.093544672944322,273.3558335101746,1594.9148743991084,-203.48078071143985
18.02156675253042,273.5773361103549,1595.960784306386,-187.05205813681036
17.95391860709762,273.7881475483616,1597.0410014004608,-170.9402724227677
17.891430232413352,273.98530354672164,1598.1263591426298,-155.44958662276602
17.834590868702172,274.1667868419915,1599.1874857333528,-140.83821227377325
18.824270279618705,271.23168400868195,1622.5791815435114,-281.6813961458365
18.73050445874205,271.4999611405236,1622.1456358644664,-267.6407505712574
18.635173769749855,271.77551173503406,1621.7335357011289,-252.88683160753905
18.540119257699434,272.0532147252914,1621.3502418854127,-237.68749698383408
18.447117041853026,272.3279208738314,1620.9986540002005,-222.34874641205514
18.35772988247171,272.59488480299984,1620.676401377276,-207.19193220740578
18.27319353777762,272.85013126853147,1620.3758984582432,-192.52851053572851
18.194354224225965,273.09069842212347,1620.085268448834,-178.63627209403464
19.145659312177553,270.32361595910277,1641.4058166148473,-300.13400181463385
19.043702508298573,270.6099338372942,1640.3451217484671,-287.09552982937566
18.93895330023128,270.9069243610518,1639.2554372540394,-273.32328387174914
18.833357746926602,271.20934850626224,1638.1533150505095,-259.0632520146699
18.728865150383626,271.51174888493244,1637.0530514912468,-244.60487116861174
18.627259401283858,271.8089186527943,1635.9647700676212,-230.26075225144217
18.53001674976739,272.0963321224623,1634.893162259403,-216.34238803463708
18.438213861000037,272.3704619584894,1633.8371613601742,-203.1361024803711
19.333900321743474,269.7959880027319,1652.2113083892173,-310.6202606193895
19.228052561056412,270.0903068504443,1650.8410036945475,-298.2020177649106
19.11868271269811,270.3972495645909,1649.4122655987867,-285.0484882639527
19.007768511581027,270.711587805121,1647.9455046484045,-271.39265653866573
18.897334418657575,271.02775990384464,1646.4602842282532,-257.51357728279845
18.789273716117567,271.34035377523315,1644.9729038233431,-243.71753633523105
18.68519146154114,271.6445682622339,1643.4944703295348,-230.31467895304183
18.586295245132085,271.9365716539545,1642.029866267154,-217.59501168451933
33.002470790934,245.29636155738692,1659.6751522507843,-224.16297308850508
33.13479291637642,245.04996404726933,1670.2067272622528,-211.4380388335896
33.26533030057975,244.8074099359222,1680.5648166029005,-198.93702165022327
33.39039296138043,244.57558941300002,1690.5459912069832,-186.8869181840199
33.506377167211596,244.36120969764298,1699.968998416737,-175.48472266995842
33.6100141451185,244.1703387625291,1708.6853546192197,-164.88657059593672
33.6985723841248,244.00803743308745,1716.5857180465337,-155.20199426693472
33.76999673441653,243.87810938255492,1723.6017796467627,-146.49342206867996
34.58316512634277,242.33027355868856,1690.9788805987407,-260.7056705272129
34.58238031200551,242.33102044391018,1698.2783809620923,-247.30266981016993
34.58314842841495,242.32971017026713,1705.5869046154837,-233.91463064505453
34.58400383952466,242.3290390442782,1712.7459154301264,-220.8070209578912
34.583100774677824,242.3323774214932,1719.6027253737261,-208.22680493820712
34.578376880074494,242.34348210991143,1726.0211863586806,-196.3856143392385
34.56774469890752,242.36615750298154,1731.8899391095729,-185.44807253327062
34.54928235897247,242.403915540782,1737.1273910638183,-175.52621631253592
36.53229744591102,238.78899578536462,1725.8321568125614,-301.3437262609043
36.39645104412216,239.02559959297787,1730.2148849854398,-288.07812081380087
36.26087000740352,239.26359187941475,1734.670561086869,-274.56708650233986
36.12683589346253,239.50081545531916,1739.0954623914786,-261.08947430654524
35.99502528803524,239.7360967308366,1743.3815857754134,-247.9264270015742
35.86546759195913,239.9693426104579,1747.4245013117293,-235.33997058577393
35.73760549444032,240.20146272874905,1751.1306960780582,-223.55463695720576
35.61044198268163,240.43413746573506,1754.4233802809567,-212.74472671419662
38.533409887698085,235.27577031925952,1757.8258358722226,-338.7593831054799
38.290328212589294,235.68613083390585,1760.1457147153633,-326.4214231694995
38.041987836622155,236.1085550167926,1762.5121188160842,-313.63070120473594
37.79196322029709,236.53724608401865,1764.8634104317828,-300.6486388062539
37.543379672136815,236.96700020573059,1767.1316503917592,-287.76032365726763
37.29862414369298,237.39371630123262,1769.2469734309166,-275.25281902756274
37.05918319861883,237.81471401858184,1771.1423381154086,-263.393100468645
36.82563270648435,238.22880481681784,1772.7579988398027,-252.40918256624155
40.23376610888218,232.38001061232782,1782.3556400895918,-367.63601704213403
39.92382688968709,232.8898148278012,1783.4852743696788,-356.5292449320205
39.601954306926935,233.42332760532568,1784.6119259981824,-344.8655079305336
39.27298539411002,233.97306270646808,1785.6964425127476,-332.87647318760133
38.94167631822456,234.531443381183,1786.6950635074659,-320.8317649007474
38.612239597591866,235.09156090591736,1787.5616413033003,-309.02022875655666
38.28797529051597,235.64781921001995,1788.2502443660792,-297.72781126944255
37.97106789866108,236.19633514641913,1788.717863026937,-287.21582314191573
41.45540230460548,230.34660467160563,1798.6284946784829,-386.93874240267394
41.111095428133964,230.90276655279422,1799.1542116597345,-376.9045464621138
40.74956839519239,231.49122302186436,1799.640111054343,-366.28475882339694
40.37610465227868,232.1040958321522,1800.0567717957106,-355.2860360730088
39.99625308218409,232.73284077246123,1800.371961137738,-344.1604001758149
39.61528407501343,233.36909737506738,1800.5519588838897,-333.1896524305556
39.23769168044159,234.00551333273359,1800.5630309311382,-322.66486259164293
38.866841173300564,234.63637619859315,1800.3729657157394,-312.8641515904586
42.22775793536835,229.0802013219667,1808.3787848101656,-398.57793737952954
41.867650678613465,229.65539877105326,1808.6133122344227,-389.28782752867465
41.486973699613664,230.2680603202641,1808.7871637433236,-379.4146774424088
41.09108869293909,230.91038982246923,1808.8749133316628,-369.1494077109661
40.685854434508116,231.57356533659882,1808.849412352052,-358.73157076076745
40.27705781755817,232.24860126777554,1808.6827913445309,-348.4361653437238
39.86985131319744,232.9272516523587,1808.3474417496382,-338.5547031528566
39.46831021562046,233.6027715503063,1807.8169508480523,-329.37334692389146
42.67609898311971,228.35158346020356,1813.8573418194433,-405.14616065161266
42.308942321922466,228.9342854324584,1813.9514517482526,-396.3085281398281
41.91931978036753,229.55728026850866,1813.974136592612,-386.8968020388889
41.512566705671134,230.21292794873187,1813.9016916481407,-377.0931019615526
41.09465021480224,230.89236196603377,1813.7092557878013,-367.1296392264492
40.67159469822749,231.5863444136692,1813.3717003463498,-357.2769766706661
40.248889552714395,232.2862007566681,1812.8644019944204,-347.82617909729515
39.83099801241395,232.98464686891927,1812.1638887276708,-339.067422132802
28.521297987395695,252.80303785631412,1635.6108904095186,-196.62506205094803
28.65568305403887,252.53337755730283,1647.352250629729,-183.06887632054125
28.789367348695325,252.26543212500582,1658.9002233212382,-169.78078158166502
28.919194125094474,252.00558153364398,1670.0369768507555,-156.99588727829266
29.042149846944316,251.75990871700046,1680.5705946886821,-144.91562128390854
29.15556967380504,251.5337871471304,1690.346094198077,-133.69703831187164
29.25729338149698,251.3315691481609,1699.251668560584,-123.44769824762682
29.34575814202103,251.15640155013418,1707.2200653539057,-114.22589681132253
29.879664266729723,249.99212930547597,1671.6148014540465,-237.0243782669755
29.898378187050472,249.95868793226697,1679.65748465141,-222.63981496617055
29.919751661362387,249.92056830585082,1687.7180561472494,-208.299801637895
29.94246908683058,249.8803136157484,1695.6276699146758,-194.28322627362343
29.96493161318501,249.84102395188935,1703.2249837761515,-180.84653591921273
29.985405906603184,249.80607353906703,1710.367484941176,-168.2066690301288
30.00218453548986,249.77880181347382,1716.9400562242818,-156.5295595068971
30.013733159730013,249.76222599323808,1722.859848246284,-145.92528475581986
31.562578365440594,246.6221720905706,1712.1673475933844,-282.0226711939767
31.462436506299234,246.81692391018078,1716.8179801915592,-267.6862371913843
31.364430587385346,247.00932935456663,1721.5633100884088,-253.10980657812794
31.269595631489388,247.19735594115733,1726.2965820567856,-238.58984723475533
31.17844019228486,247.3799074552706,1730.9065619537905,-224.42195374543581
31.09093235214312,247.55688093353095,1735.2858573358385,-210.87842426648962
31.00656600206917,247.72907217796802,1739.3386422891722,-198.18956863918663
30.92448790851915,247.89795946366826,1742.9867072774805,-186.53115316080064
33.30162143347417,243.2606487364182,1749.8966293706012,-323.5455407630562
33.10529281454623,243.62661856199938,1752.105581598895,-310.1291664686241
32.906789237840556,243.99973706202238,1754.3770542297134,-296.2398795205779
32.709197847641825,244.37438816846932,1756.6537384129658,-282.15799751890876
32.5151571678708,244.74561259324548,1758.8712125293698,-268.1858474311217
32.326632295540946,245.10955571674762,1760.9622025231788,-254.62447245000783
32.144801648418046,245.4637298024288,1762.8613729787812,-241.7505319330332
31.970067579067603,245.80705309541693,1764.5099499057712,-229.7970998454847
34.78940347056328,240.47462851192137,1779.1936967358004,-355.661562762019
34.53162425624422,240.94099701843996,1779.974869837146,-343.523725224886
34.26608232396032,241.42542445156874,1780.7543993094073,-330.78991437558625
33.99707109655601,241.92050812172673,1781.502034415927,-317.70940839334776
33.728719228824936,242.4189001561609,1782.1825676589758,-304.56932362734267
33.46460412447121,242.91401353088054,1782.7574020238487,-291.67393161260446
33.207460181468434,243.40059740165884,1783.1866878394717,-279.3210743599699
32.95903265663527,243.87507520131606,1783.431822315333,-267.7795858335213
35.86440109899488,238.50956569215083,1798.8225444784762,-377.1639324496566
35.57413043463184,239.02421035717504,1798.8756511024185,-366.15865714279704
35.27150639897089,239.56520830782125,1798.8768838759504,-354.5181355891692
34.961304588843674,240.12464663967333,1798.8075702309925,-342.4647349179416
34.64842321428123,240.69413226326986,1798.6465982540049,-330.26691179162316
34.33741465938736,241.26560344396222,1798.3707932841735,-318.22180378383246
34.032074829321395,241.8320894810179,1797.9555642491418,-306.633050762835
33.73516864576357,242.38826970372813,1797.3758878363528,-295.7874213535231
36.54674464149347,237.28201327760667,1810.6619557830772,-390.1422143978494
36.24107473738512,237.81728024911976,1810.364884163388,-379.928904760201
35.920076031632874,238.38399697453428,1809.9862290800727,-369.077863935744
35.58864977114494,238.97425280338754,1809.5118104966273,-357.7941287851385
35.25202036143848,239.57931027733002,1808.9266265737901,-346.3325712933794
34.915235850240975,240.1904425863785,1808.2148021575354,-334.98295086539093
34.5826949356327,240.79977847233496,1807.3595552154416,-324.04937121462024
34.25779107575309,241.40099090980198,1806.3433588894245,-313.826983023606
36.94380814359439,236.57443993965515,1817.3410672589869,-397.47019120145495
36.63106190761515,237.11823076361046,1816.8761040589109,-387.74044114587855
36.30127833679857,237.69629769962438,1816.3137324945096,-377.3796568222756
35.95936682020547,238.30084089703143,1815.6415472802482,-366.5830588092528
35.610679031423,238.9230368096135,1814.8472001335808,-355.59739167786427
35.26049940744799,239.55387625212873,1813.9182029992642,-344.7075180488157
34.91354116369014,240.18504749982063,1812.8415997150441,-334.2168609337728
34.57354680411204,240.80969027055082,1811.603718444474,-324.4246408624242
25.185954119778582,258.76862905707765,1609.8152236066544,-171.26891556383526
25.317631917606583,258.4865341411937,1622.5961827234369,-156.98707238088463
25.449167149595816,258.2047217530157,1635.1686296916005,-143.01228886994113
25.57782517926326,257.92909677045003,1647.3040482056833,-129.58663816004847
25.701047831847113,257.66519057459175,1658.803131769614,-116.9152906965063
25.816626831519322,257.41778469000764,1669.5069851394587,-105.15608920722144
25.92282658056661,257.19064352418184,1679.3031787716427,-94.4148850479179
26.018445585214035,256.98637965323815,1688.1265729200027,-84.74640771522115
26.359604575711664,256.1193054750742,1649.2917945081012,-214.75372270997315
26.390606874857532,256.0606185297129,1658.0310877774095,-199.53362156916901
26.424714939989183,255.99565171001595,1666.7962761022477,-184.38537170959262
26.460728958456354,255.92681364148905,1675.4101413809024,-169.59880430957108
26.497242283030072,255.85696508460256,1683.7047114822112,-155.43794978551023
26.532775980428557,255.78914587423984,1691.533079480941,-142.12371997861712
26.565914214930284,255.7262945326071,1698.7780671041837,-129.82275107377666
26.59541922307741,255.67100516140215,1705.3568990479678,-118.64309530833724
27.81714123920669,252.93405540239652,1694.173348700366,-263.288458090905
27.74397674626488,253.09297055548544,1699.1522041169753,-248.05054343845381
27.673872821588915,253.24711988372889,1704.2472536929213,-232.58112990508445
27.607637533121977,253.39465251069691,1709.3483216751379,-217.19094540028237
27.545630262804153,253.53458445444534,1714.340906405043,-202.18693529967965
27.48776633128664,253.66682519171263,1719.114948829075,-187.84911055742666
27.433583670599237,253.79207521001882,1723.5728663093057,-174.41167566762624
27.382352119947537,253.9116273865752,1727.6357069966443,-162.05079466885766
29.329505763594437,249.7433240805199,1736.4065325072997,-308.21010309819474
29.170995328667125,250.0677331089907,1738.6295595640327,-293.88635383348185
29.01216109130991,250.3957855754332,1740.9360991250162,-279.07790597115536
28.855618212050302,250.72219145851372,1743.2712347583183,-264.08060223856785
28.703561348134002,251.04233431519614,1745.5722446590535,-249.21045850535796
28.55759117425517,251.35266016514734,1747.7729354961266,-234.7791401042869
28.41863611975968,251.65089307466312,1749.8085919462314,-221.07014122210376
28.286974563002964,251.93605183363957,1751.6207662887696,-208.31953730229637
30.62975212247283,247.0864745871724,1769.568289470854,-343.0661729421579
30.415784200695757,247.5097409401234,1770.1516872902264,-330.05775480826827
30.196830518155302,247.94673018308924,1770.745177193786,-316.4259082538491
29.97661688870683,248.39034868742309,1771.325124115872,-302.4347581221327
29.758665971414608,248.83365444686913,1771.8623141421658,-288.3855578205056
29.54597945372708,249.2704995173017,1772.3231409352381,-274.59452392133653
29.34080807618314,249.69603809427605,1772.6715417405417,-261.3681496417856
29.144546340409846,250.10701195325643,1772.8714772369945,-248.98009810232062
31.573444553203327,245.2049589697976,1791.986685774749,-366.46424497136064
31.329567457101064,245.67687600035973,1791.7232387189067,-354.63644721591027
31.07676251104547,246.17036517998105,1791.409630694097,-342.13666997784884
30.819233700387684,246.67775227302755,1791.0359049759527,-329.20071598274313
30.561218331021614,247.19102628335875,1790.589481716469,-316.1105481976865
30.306590856628837,247.7025953509834,1790.054858704043,-303.17535847778004
30.05852725156008,248.20597520185413,1789.4137461361433,-290.70809708798356
29.819291144720946,248.69628011481922,1788.6457807595816,-279.0012931927937
32.17441065585928,244.0262165740221,1805.5920935762547,-380.6119577107885
31.916062472251326,244.5195010576459,1804.918397600963,-369.6153579590052
31.646185691216406,245.03925880594144,1804.1576651699897,-357.93964247118134
31.36913228008106,245.57775842532655,1803.3052428015617,-345.8020567618953
31.089457881501154,246.126606986305,1802.355861691098,-333.4701533017539
30.811493496080004,246.67753924011086,1801.3027708294908,-321.2454910627543
30.53895098385507,247.223195993338,1800.1370073329635,-309.4414771400703
30.274639765185647,247.757736323544,1798.847105125517,-298.3593929127452
32.524853766865476,243.3455501119897,1813.2964635789547,-388.6089238459143
32.259727936964936,243.84794112159838,1812.4254559947888,-378.1217091067461
31.981563738958236,244.3795518370422,1811.447294339463,-366.9598943760949
31.694741916320005,244.93272450699752,1810.3593724008088,-355.33010018678203
31.403950056141525,245.4989521755665,1809.1595979003448,-343.49118335407536
31.113741418872863,246.06967553801545,1807.8453212760883,-331.7393912743212
30.828112188444088,246.63709965363174,1806.4122154543647,-320.387431075486
30.550178241077727,247.19487236673402,1804.8534687822203,-309.74070723551336
22.63237613316834,263.59146300788524,1584.47570395319,-148.40410677379222
22.759168368104977,263.30392962191746,1598.1321059140585,-133.4837787353245
22.886090143524733,263.0156949098153,1611.567864995006,-118.90433457332627
23.010737564161047,262.7322436790693,1624.546515651531,-104.91379427469484
23.130902879782745,262.4586345161383,1636.8636283722676,-91.72051526516375
23.244723197652167,262.19915427128427,1648.3581082937376,-79.4829562322377
23.35077916370831,261.95708598344555,1658.9180084224492,-68.30542983791466
23.44813519779878,261.7346109870516,1668.480826194265,-58.2395234550374
23.657430307549298,261.09208716254903,1626.5036624158947,-194.37942124163936
23.69580605295645,261.0154755490726,1635.868459698366,-178.44120384279537
23.737400095250962,260.93161119672646,1645.2652827418444,-162.5989378104117
23.781107411815416,260.84277634757285,1654.510152296467,-147.15148264485282
23.825674036305735,260.7516179644941,1663.4300569361935,-132.36897291834708
23.86981901354073,260.6608860752972,1671.8751041477503,-118.47538952292872
23.912350265494258,260.57317844807557,1679.727209301453,-105.63764885690448
23.952256050982726,260.4907332086881,1686.9044991754024,-93.96181580481328
24.931339257032267,258.08193419404614,1674.6323062924025,-245.78929581053075
24.87795364465015,258.21182786444666,1679.957293101091,-229.7874004114793
24.828033169659783,258.3354107991882,1685.4171778519133,-213.5630335742938
24.78220256261211,258.4510068702659,1690.898276478318,-197.43852250222216
24.740705696778917,258.55773364274404,1696.2829944131722,-181.72980913280458
24.703422034695322,258.6555069636941,1701.4589845255286,-166.7228082213129
24.669930987710053,258.74493642922613,1706.327433284198,-152.6543503927167
24.639606401467923,258.8271438760049,1710.809212093273,-139.70037875044326
26.256111222612883,255.0575045148751,1720.3342625570867,-293.5103045607095
26.12699851173363,255.34593840466286,1722.6524442216737,-278.42177253761093
25.9986465232245,255.63556622320337,1725.0752931312154,-262.8413312742185
25.873268970379357,255.92144844621305,1727.5487460103109,-247.07749675750813
25.752696801768153,256.1993082623376,1730.0104644099729,-231.45715435452414
25.638243194926552,256.4658705875801,1732.394350739185,-216.30007148431764
25.530649708318716,256.7190408698451,1734.635694987828,-201.8946448823836
25.430113173025465,256.95790971312726,1736.6761267758604,-188.47854965822327
27.39875213014573,252.52993971699303,1756.5522438300475,-330.65908184331204
27.219885472769306,252.91436073006673,1757.051821344778,-316.9175237580661
27.037853582397315,253.30927504254797,1757.5774246851481,-302.5324953305353
26.855876194708852,253.7079712224399,1758.1098403098824,-287.7803727165079
26.676959097061527,254.10394629116186,1758.6236360557473,-272.9737303148939
26.503631746378964,254.49148805802724,1759.0881840378245,-258.43799137258407
26.337763889823236,254.8661255648332,1759.4695692653108,-244.48590834041613
26.180488779392608,255.22487254300125,1759.7331425010325,-231.39421970359774
28.230726637977842,250.73400863091533,1781.2244482709557,-355.66626386647175
28.024667325054963,251.16646665695635,1780.7714718353413,-343.14565474532446
27.812047725950908,251.61679417569286,1780.277264369832,-329.9251778048536
27.596541569324426,252.07766545427083,1779.7383046448876,-316.25183036043325
27.38180440328471,252.5415195735585,1779.1480256753598,-302.4184758400069
27.17113882384978,253.0012583633705,1778.4960916889231,-288.7436666492251
26.967218253047825,253.45086945853623,1777.7682654737282,-275.54716194940914
26.77191827606735,253.88585909742892,1776.9470348766758,-263.12530609378126
28.761873060831103,249.60610107530263,1796.2779104909405,-370.81712283913913
28.542475517628958,250.06006785883955,1795.3588487651023,-359.16075634613156
28.314247611436105,250.5365666933908,1794.3562628131153,-346.7933247926526
28.081017022178894,251.02817575431672,1793.2728422651162,-333.94230585524645
27.846738038654184,251.52693662468997,1792.1104947554425,-320.88555166268384
27.6151252160923,252.02509054772,1790.8689152194022,-307.9337618566644
27.38932417447629,252.5157899875506,1789.5444297925474,-295.40725480117067
27.171682413459624,252.99364658353971,1788.1294819446032,-283.6113392256298
29.072113446403197,248.95375282441444,1804.830615376974,-379.39181506026557
28.846391843325517,249.41707270832572,1803.6859899547685,-368.26670804579777
28.61051126417085,249.90555812218196,1802.4343455377907,-356.4330954109678
28.368338630956035,250.41183396220183,1801.0807933146402,-344.10718024038056
28.12395636666337,250.92781228945944,1799.6309717858444,-331.55765788162114
27.881282627815118,251.4454398941791,1798.0893440124885,-319.0896644908606
27.64371600554219,251.95744901390273,1796.4575642530472,-307.02276058996347
27.41387135714437,252.45796841557765,1794.7333630991252,-295.6664468364132
20.623517461906108,267.5620972347167,1560.5308088154297,-127.93312203530489
20.74466315576114,267.27337287856943,1574.921725351693,-112.44708401299036
20.866056885134963,266.983251693858,1589.0818123522145,-97.33127697358118
20.98555623592442,266.6968527211489,1602.7686045480955,-82.83883346106664
21.1012259294262,266.418832941087,1615.7741023134186,-69.18080886162876
21.211467264211457,266.1530677480745,1627.9360970585797,-56.5161194107753
21.31509912181971,265.9024464099958,1639.1437428734816,-44.94765243060655
21.411383615786328,265.6688017021769,1649.3373706028328,-34.524173904317436
21.52965243316188,265.1956421120145,1604.4523326213816,-175.9529078007366
21.572270675286614,265.1064911024166,1614.3677187210042,-159.39061558519057
21.61805927277395,265.00949278177126,1624.3194305391328,-142.9452876612047
21.665992635709767,264.90681024729713,1634.1180074958356,-126.92333507746939
21.714939641145964,264.80090038335885,1643.5865775179734,-111.59990392466754
21.763774802579714,264.6942636830324,1652.5732479569688,-97.20136772112802
21.811478884727627,264.5892102985856,1660.9597585846127,-83.8946573392902
21.857213097802408,264.4876810783848,1668.6656063891935,-71.7839202729634
22.655419785099163,262.3428358386942,1655.0289082631375,-229.7302767037966
22.61648480290993,262.4496876828403,1660.6925116479845,-213.0734231369487
22.58114609979599,262.5492375054299,1666.5064745383734,-196.20265894946203
22.549886218181513,262.6399580575295,1672.3537346131188,-179.44988155873446
22.52286304670933,262.72104712624736,1678.1138883215683,-163.1383116679648
22.499933492269204,262.79241700322507,1683.6726925623893,-147.55843670044936
22.480714826624848,262.8545902485108,1688.9305216705068,-132.94892420527637
22.464666856847362,262.90853447362673,1693.8084815561751,-119.48513090506812
23.827236369826643,259.4705025815711,1703.4017436105828,-279.77477559285626
23.72073936549681,259.7288069105492,1705.860205695688,-264.03540118274753
23.615633611485553,259.9865839018255,1708.4426572323187,-247.79940620104134
23.513806532182926,260.2392203151487,1711.094873178331,-231.38572921339454
23.416801147183023,260.4827407978799,1713.7540953502364,-215.1300048126035
23.325709352812158,260.7141069268969,1716.353776023835,-199.3583125309898
23.241134658335593,260.93136877712277,1718.8289314957524,-184.36257392565068
23.163221192925192,261.1336616230419,1721.1212151248342,-170.3812739075472
24.8399327943721,257.06338198891007,1742.0248359212178,-318.84744816150493
24.68873794070339,257.41427312825505,1742.5169986601572,-304.4840188968687
24.535581851824148,257.77325499781955,1743.0519424120712,-289.4617973756708
24.38325988391721,258.13399701611417,1743.6131907697459,-274.067286098291
24.234356536577323,258.4904075410251,1744.1775006251034,-258.62219192247005
24.091026435941597,258.83716374461943,1744.7158627103813,-243.4591216490813
23.954845730770874,259.1701146535833,1745.1954787988693,-228.89544057933537
23.82675458783047,259.4864935026913,1745.5824265681003,-215.20975092418047
25.578928938847938,255.34844836676697,1768.5030438471777,-345.21931506118693
25.403089215177765,255.7462386545323,1767.9519129460136,-332.1120028271214
25.222337661115986,256.15905152577443,1767.371575761505,-318.28289861972365
25.03989208926619,256.57993190952317,1766.7630341530296,-303.98828976444
24.858923715994198,257.00175933507506,1766.1237668108652,-289.52985567366176
24.682272151374523,257.4178923262326,1765.4467694007053,-275.2334697872794
24.5122151516944,257.82273508602776,1764.7203143161464,-261.4239432547445
24.35033253761836,258.2121244542865,1763.9285910045155,-248.40003886877977
26.05158201228181,254.2691977517791,1784.7316181633914,-361.227859036142
25.863543889325562,254.6882733215481,1783.6649316737962,-349.01340595262775
25.66860082047495,255.1267942847488,1782.5227680927524,-336.06248134159136
25.47012178286618,255.57768600750677,1781.3132200773584,-322.6110433745391
25.271553612157902,256.03342825068427,1780.0432754314834,-308.9453675248394
25.07610519496211,256.48674236636225,1778.7170219497336,-295.3832208071679
24.886470639069927,256.9312417494717,1777.3342578070447,-282.25007132064246
24.704640193292956,257.3619275897995,1775.8898955647437,-269.85384832519037
26.328002647233014,253.6441493245674,1793.9781842325424,-370.29911397500956
26.134134779734588,254.07260727912308,1792.660328011661,-358.6348679911556
25.932188280452642,254.52302373622285,1791.2409244323571,-346.23500634037487
25.72557581251916,254.98835210028062,1789.730885560305,-333.32370602528647
25.5178645728674,255.46093605450434,1788.141448966625,-320.17762667325803
25.312448147750302,255.93320830313468,1786.4820468948255,-307.10885561701446
25.112245062601144,256.3983818274987,1784.7583646033054,-294.4420284421177
24.91947945758876,256.8510043277443,1782.971080213364,-282.4893163172211
19.004576523400385,270.88739650407905,1538.3032207765705,-109.61522970940179
19.120011004113046,270.5999796772477,1553.3130646953223,-93.62478849028163
19.23573027679453,270.31065799725104,1568.0832277936406,-78.03021463949958
19.34980171756111,270.0242328368964,1582.3666526434945,-63.08904113898569
19.46050508252735,269.7450200491225,1595.9528181647786,-49.01462542661207
19.566447039167535,269.4765514318635,1608.679085451539,-35.96619963641112
19.666628803295954,269.22139225121174,1620.4360283866317,-24.04531043349374
19.76046156286666,268.9810916505515,1631.166818886083,-13.298155694788903
19.81490991357718,268.6367638962085,1583.652839734903,-159.34396379568255
19.85981827894138,268.53888639846656,1594.0495071057062,-142.23368278056893
19.907776254276058,268.432795678144,1604.485309649833,-125.25869695210305
19.957825611659683,268.3205436697302,1614.7662890004722,-108.73185363624754
20.008935382453,268.20441872322726,1624.7125903706406,-92.93245044011583
20.06010367089235,268.086706733764,1634.1709894318506,-78.08876913188615
20.110446342362707,267.96947499419,1643.0235007773472,-64.3675729284449
20.15925827236122,267.85441603606705,1651.19122369487,-51.87117986989654
20.820752814761736,265.92229279587565,1636.0985064095871,-215.10166283650364
20.792466736684457,266.0108982252308,1642.080815104543,-197.87651221594416
20.767767356575057,266.0915587357945,1648.2260220215358,-180.4452439002357
20.747027778195413,266.1628682959181,1654.413925210271,-163.14776891148392
20.730342216849614,266.2240846413463,1660.5216186779444,-146.3133385959396
20.71755400757923,266.27510852976826,1666.4333100932176,-130.2360458531607
20.708313780150576,266.3163811139346,1672.0488785127009,-115.15585246770868
20.702151646423314,266.34873321716196,1677.2899311988172,-101.24733718138125
21.867877963989084,263.18527972164173,1686.546475764996,-267.0987531932381
21.778849442960627,263.41862375211423,1689.1664339904992,-250.79892095861936
21.69157493511901,263.65021242708195,1691.9273201575372,-233.99914514194978
21.607680427145425,263.87571850566985,1694.77414161637,-217.0270764899608
21.528482233237288,264.0914234359253,1697.6432763559678,-200.22551774420654
21.454901620431166,264.29448373401834,1700.4674584922477,-183.92556532865828
21.38743915164395,264.4830619592281,1703.1813256503547,-168.42174796911277
21.32620414813815,264.65631894531583,1705.7265830469864,-153.95284881004727
22.77381004918275,260.88669581615727,1727.072814217905,-307.800458645853
22.64442492291898,261.20914628227433,1727.6052845001896,-292.9037719751126
22.513889818852945,261.53787876680053,1728.19656388125,-277.33607821497924
22.384651779337965,261.8669126041751,1728.8317315608515,-261.39233465956073
22.258956230746083,262.19052047274937,1729.488668270909,-245.40172161177685
22.138661683400688,262.5037140141859,1730.139118733944,-229.702538480824
22.02511748007608,262.8026078222438,1730.7507828930302,-214.61565850672696
21.919119279980226,263.0846095625349,1731.2901056999594,-200.42074460595012
23.43588427098376,259.24556730398444,1755.0023471079212,-335.33691355140724
23.284119255496183,259.6135542312216,1754.4147448786048,-321.7277787699105
23.128611611896797,259.99435829978756,1753.8108325024766,-307.3790395540759
22.972198562111203,260.3813777102828,1753.19469806817,-292.5547445328133
22.817655655496527,260.76789303357964,1752.5664566837677,-277.56378401518236
22.667451455380252,261.14766471794616,1751.9211800224166,-262.7378247033506
22.52355310280882,261.51545172407305,1751.2486453265392,-248.40554256580427
22.387313628183033,261.8673636340646,1750.5340409589908,-234.8671717722001
23.859901373429302,258.2110115553747,1772.1855754688982,-352.08191792328466
23.69699233636064,258.59986628299464,1771.0395416278616,-339.3909462027839
23.52857536554502,259.0057380948469,1769.8280324406205,-325.9427012936295
23.35763229562229,259.4218919687443,1768.56302792646,-311.9802501411974
23.187191157529025,259.84121476939714,1767.2550370925792,-297.7966832959436
23.020052280289754,260.25685611353873,1765.9110839139566,-283.71543537115053
22.85855172288046,260.66282842495605,1764.533207968443,-270.06582538183795
22.70440281817746,261.05445923698073,1763.1178678231388,-257.1574667531455
24.10811168671416,257.6111689202306,1781.9996738899322,-361.581304399627
23.93984890744898,258.0093092080475,1780.5799023392876,-349.45725442078395
23.765033832010822,258.42686398857825,1779.0666388606337,-336.57531111073206
23.586692986483513,258.8571139145877,1777.4750644205772,-323.1663112031449
23.407966187882373,259.29280768652933,1775.8203982365853,-309.513411780101
23.2318207449801,259.7268159480118,1774.1154898642344,-295.93420019231576
23.060792592766166,260.15277108132244,1772.3687075362343,-282.7571180632042
22.896801139554714,260.5655749087501,1770.5826307649427,-270.2960529245942
17.67242652470789,273.71501140289996,1517.829319165814,-93.18150500729836
17.782400387771588,273.4303311461854,1533.3647239426787,-76.73869188789806
17.89265311879224,273.1433618615348,1548.6526023265574,-60.71430416941365
18.00142279327335,272.85862910883,1563.4422948977822,-45.36972725391148
18.107161787368035,272.5801572598241,1577.521487289151,-30.92028224400093
18.208639199163056,272.31118899058896,1590.7275362656374,-17.525401427299897
18.304998219666448,272.05402053622055,1602.9525774817387,-5.285360160621252
18.39576424672777,271.80996798857126,1614.1425332886429,5.75600601826261
18.404705193929995,271.564873228634,1564.2749446512425,-144.3628612180022
18.450690094187916,271.4609427261496,1575.09224811913,-126.76696591330868
18.499574829530022,271.3485734900712,1585.9503521332151,-109.32247426572923
18.550458969059083,271.2297143653514,1596.651581934158,-92.34774527603687
18.60239419686837,271.1065045046837,1607.013727961818,-76.12561249295842
18.654478303648542,270.981044589448,1616.882697978458,-60.88588488351482
18.70593425735348,270.85519588233245,1626.1410484382177,-46.79503870822296
18.75616158674853,270.73044246727875,1634.7115705520896,-33.95365406551133
19.312567917219667,268.97114349941444,1618.1697868070246,-201.80283573166327
19.29223531911585,269.0452216612147,1624.446191137717,-184.07908687500205
19.275409300103522,269.11093375380585,1630.8956139252132,-166.15621923610138
19.262378297460472,269.1669707306263,1637.3949822696159,-148.3809767379764
19.25318896740735,269.2126340697415,1643.8191922452982,-131.0876400844312
19.247676907405655,269.24780757838437,1650.0511760797222,-114.57325789488692
19.245521599654477,269.2728575982866,1655.990550013105,-99.07869019127222
19.24631057191637,269.2884946656638,1661.559584045488,-84.7776386416106
20.2573565634245,266.35321422921487,1670.2508846109074,-255.46298031681707
20.181963260776328,266.56588345386945,1673.0391286693693,-238.6748559589872
20.108527603481175,266.77590354031173,1675.98291315983,-221.38430131664484
20.038465452205582,266.9791930783793,1679.0261398691277,-203.92634745079164
19.972913418706966,267.1722493235259,1682.1041018717883,-186.64976033985712
19.912659762792867,267.3523879389121,1685.148699562977,-169.88974861976794
19.858126747778073,267.517859071022,1688.0941763885196,-153.94276716339152
19.809400020626455,267.6678363699316,1690.8823358414747,-139.04759175010616
21.075187122114034,264.1510145424326,1712.2990576843738,-297.55941375655374
20.96312063751331,264.4494500100067,1712.9000208824943,-282.20017236514127
20.850462487246133,264.7527826693846,1713.5745030187109,-266.15985186772866
20.73937486620664,265.05534245700125,1714.3083418764259,-249.7405600157117
20.63182980832128,265.3517175716742,1715.0798519113864,-233.27769191831075
20.529450382660198,265.63720285994987,1715.8609947833297,-217.1141714523648
20.433408274506746,265.9081327831432,1716.6196071803133,-201.57352159803324
20.344389069307233,266.1620532333807,1717.3223064626432,-186.93602094400057
21.673465299135447,262.5759553913979,1741.4047049065491,-326.0987571913155
21.540984351883054,262.9185098423752,1740.8207827764302,-312.05557377860026
21.405608545111452,263.2721495331296,1740.2332260428245,-297.2579115434713
21.269860085452596,263.63059386794066,1739.6481774545282,-281.97637497949387
21.1361920066936,263.9874775846642,1739.067412970837,-266.5258380588697
21.006774675000802,264.3369077038187,1738.4872422213957,-251.24266648395064
20.883328959507253,264.6739429442065,1737.8983030974389,-236.4584540768492
20.76703173987729,264.99491640853205,1737.2863557213905,-222.47438110902354
22.0569929499533,261.5816460148799,1759.368929027765,-343.48098729603004
21.914305567489023,261.9445627903851,1758.1896889587645,-330.37865337847296
21.767145096743846,262.3225644001778,1756.9555430300875,-316.50156297586074
21.61817055697945,262.70922942415285,1755.6812349746483,-302.0988631053733
21.470066074130408,263.0978092958166,1754.3796805285915,-287.4691985781508
21.325301499505375,263.4818269811536,1753.059834714279,-272.94060058085404
21.18592728408448,263.8556352599158,1751.7251601903906,-258.8453335027913
21.053439536832382,264.2148334053514,1750.3730747293775,-245.4940697923427
22.281660636139893,261.0045862718999,1769.6500902769003,-353.3520388382891
22.134052743212195,261.37662521920805,1768.177444120689,-340.83153286667766
21.98103485276901,261.766039813831,1766.6204027093006,-327.5344300909385
21.825309729635556,262.1664167606504,1764.9972594191872,-313.6971394896035
21.669665042216796,262.5708696908474,1763.3260397561487,-299.6081853897492
21.51672194335181,262.97265360626915,1761.6219214580294,-285.58957517550056
21.368710021387827,263.3657607909232,1759.8950429042163,-271.9726509793303
21.227308533528564,263.7453900136708,1758.1492056664251,-259.072377663417
16.556589608649777,276.1517520546299,1499.020645265082,-78.37933731350219
16.661478820486696,275.8705897666706,1515.0063260636973,-61.52856777097004
16.76661928897714,275.5868386181555,1530.7374152249888,-45.11625571528063
16.87039017692649,275.30478333465413,1545.96038527609,-29.407172723702445
16.9713846967197,275.028197413834,1560.461635838239,-14.61832751705353
17.068502603848618,274.7600780395506,1574.0787825675534,-0.9092615923581775
17.160999526483494,274.50249576728083,1586.7055622498656,11.620958971838775
17.24848970565682,274.2565732901755,1598.2905036263942,22.93068002928976
17.224461582609063,274.08895962215735,1546.3217428062567,-130.81374720582596
17.27076707497064,273.98085537070875,1557.5078923362958,-112.7840296465723
17.319815347501365,273.8641745068389,1568.7356620777384,-94.91997840778262
17.37075598749191,273.7407708364574,1579.80426166665,-77.54474910462537
17.42270982712912,273.61265103405486,1590.529603200645,-60.94420331915342
17.474856218250217,273.4817550983132,1600.7570421393816,-45.34939647281641
17.526504298607858,273.3497682831142,1610.3698291600326,-30.92643862108079
17.577136687204966,273.21799841323855,1619.2924535720592,-17.77426333400004
18.051360916842537,271.6005927855537,1601.357821711505,-189.70302636436995
18.03705710966761,271.6630011669828,1607.9030302937892,-171.5375276068526
18.026146441145542,271.7167659375841,1614.6294407325233,-153.17918399979044
18.018851156923034,271.7606553257586,1621.4113777910893,-134.98063780939984
18.015182002290178,271.79400204487126,1628.1218052527279,-117.2804529300171
18.014970526208565,271.81666987546623,1634.6426060456347,-100.37812007524693
18.017921015632563,271.82895701997387,1640.8732944173096,-84.5151315226328
18.02366808781741,271.83146850240325,1646.7368936718062,-69.8642610046065
18.91134492437787,269.08718201111463,1654.7422423762787,-244.7978584802757
18.846734505756487,269.2826385739574,1657.697375014578,-227.57977962212547
18.784189157884438,269.4747825600265,1660.8205980148578,-209.85731490490826
18.724954492261535,269.659742361459,1664.0545372103331,-191.9718353922435
18.67002312113388,269.8341960790078,1667.3333069664973,-174.27717128619568
18.62007793791115,269.99559006164947,1670.5879504246486,-157.1118972586943
18.575480578423583,270.1422426836185,1673.7523313986626,-140.77397893560604
18.53629999124508,270.2733323854073,1676.7683980335848,-125.5019675358516
19.65589141530175,266.9701351401286,1698.0222386040941,-288.1019071650927
19.557727584177655,267.2482518107242,1698.7072554517586,-272.33706665002626
19.45936417562659,267.5301861113469,1699.479042677377,-255.88262381138682
19.362729390025898,267.8105398173669,1700.3236685532509,-239.0468130163003
19.269573053738025,268.0841724014338,1701.2194411306286,-222.17027817582687
19.18132884761869,268.34661818282075,1702.1382107257598,-205.59975831707584
19.09902726280379,268.5943939522156,1703.0477398721098,-189.66084394821715
19.023268117912604,268.8251564731468,1703.9147153621561,-174.63410453482692
20.200907759997712,265.45379319843585,1728.0912649237812,-317.51340243244067
20.08401940256123,265.7746449988124,1727.5364734247985,-303.0906912713248
19.96486454245518,266.1052009029048,1726.9900148812958,-287.9008054079452
19.845704330954504,266.4394661881804,1726.4593594142116,-272.21995557339596
19.728727446174812,266.77138475249126,1725.947276334008,-256.36803231482224
19.615862553095326,267.09536047773315,1725.450757082176,-240.6853330562268
19.508632776983077,267.4067053768937,1724.9608874796302,-225.50566408644033
19.408075708337524,267.7019369736801,1724.4637378832936,-211.1307810661685
20.550535667212802,264.4954083907165,1746.700630233175,-335.4518647403673
20.424259747262727,264.83609021150335,1745.5187723680433,-321.9905199028774
20.294293922431585,265.19029726556346,1744.2924418562611,-307.73949251997686
20.163027735424507,265.55189161643915,1743.0383270165985,-292.9530237192311
20.032862240169134,265.91444523027053,1741.770965267352,-277.93449295671746
19.90599789524325,266.27180415641743,1740.5005536432914,-263.01567501443077
19.784254816735256,266.61861077373885,1739.2314340410874,-248.53112652652325
19.66895611186795,266.950691326414,1737.9616078873096,-234.79215719442954
20.755454753651968,263.9387442280734,1757.369645044075,-345.6481087101547
20.624642757513225,264.288352963121,1755.8772810044584,-332.78208931569895
20.489292972234384,264.6536829001284,1754.3098289306495,-319.1234077449726
20.351837518530985,265.02859800801616,1752.6878440853566,-304.913242420346
20.21477318831767,265.40653494525844,1751.0313169086066,-290.4446127407408
20.08043825384324,265.7810827180546,1749.3569951905224,-276.0431364913006
19.950814541538744,266.1465412724728,1747.6761703086013,-262.0424030307125
19.827389376698395,266.4983588066384,1745.9934222306383,-248.75802274549747
36.75115387932689,236.22672438726252,1751.929322754102,-271.37970738157117
36.8370138464027,236.07151324921557,1761.5184842309159,-258.85581865138727
36.92056302322579,235.92105933950984,1770.9886555641074,-246.4857752498082
36.99819739970426,235.78178492791034,1780.143807749705,-234.50512589553432
37.066202952466135,235.66027344015188,1788.804548445426,-223.12424648112327
37.12102225485324,235.5628088946486,1796.8192293473876,-212.51569620771923
37.15950252622335,235.49495226591355,1804.0713446079108,-202.80652340047735
37.179101349721456,235.46119368949763,1810.4827311611234,-194.07596935134086
38.36885369314085,233.38913793527902,1777.7631505302993,-303.07262795024445
38.32022106487562,233.4664330133613,1784.6779976062594,-290.07720692706926
38.27161879855442,233.5447577824272,1791.6156059082746,-277.03729354934654
38.22190797169161,233.62621016916432,1798.4210452808334,-264.21927385743857
38.16941549405032,233.71376853295956,1804.9425050153036,-251.87690759897396
38.112078361904665,233.81105458163896,1811.0419752552039,-240.2333929334245
38.04764849921624,233.92199526894993,1816.6038741237921,-229.46799930075292
37.973926761574894,234.05043393349655,1821.540683370562,-219.70858455894276
40.36013484283091,230.00405799582964,1806.4712467157228,-338.60070727049214
40.17570363756783,230.30216184659758,1810.9627236582955,-325.8374334068315
39.98886922536115,230.60644086043064,1815.525984357591,-312.79143793726706
39.80140363848804,230.91421787200142,1820.0537049613044,-299.7366716863284
39.61440956078087,231.22382536999322,1824.4336433288108,-286.9549331071188
39.428221160222,231.53478770302263,1828.556598327683,-274.7143486801967
39.242434229516796,231.84780038186406,1832.3239509876507,-263.25000819960894
39.056057329503425,232.16451091813576,1835.6537385556442,-252.74963211970405
42.40036149574605,226.6489479680002,1832.7616926494688,-371.5802408503091
42.10863965821093,227.10884807320798,1835.5212096203095,-359.72168530487977
41.80801760569673,227.58642295398545,1838.333383979838,-347.39397467446014
41.50260222842619,228.07556691609707,1841.1268214644995,-334.8517611631154
41.19609110364677,228.57064737689547,1843.8236329959605,-322.3777729080996
40.89140644246193,229.0670975475299,1846.3444378490194,-310.26177028001
40.59046707022223,229.5618187346693,1848.613637965973,-298.77825696372076
40.29413951714398,230.0533133964975,1850.5642484157684,-288.16656529586214
44.1312337153729,223.88493618913586,1852.8773409936402,-397.22150110074966
43.77278713538317,224.43705769964717,1854.616426283325,-386.5124243984855
43.39813567610337,225.01866054223635,1856.3729225920854,-375.24146849445907
43.01262275851615,225.6221298175534,1858.0950927538847,-363.63431651181014
42.62162867706688,226.23956609212317,1859.725851808782,-351.95802575467263
42.230030723335375,226.86360367758343,1861.2060140765088,-340.5032796130504
41.8417508320096,227.48813929325428,1862.477834920876,-329.5625235788352
41.45948348894571,228.1088171534053,1863.4884002433273,-319.4076508487216
45.37378532634441,221.94400892838783,1866.2036752497252,-414.46151751273976
44.98100221626314,222.53903034675022,1867.4088590213707,-404.7425367331839
44.56637783882422,223.17204354276814,1868.6059485221977,-394.43665593812204
44.13566771887064,223.83513618139767,1869.7523939683729,-383.74585366876755
43.695056858793706,224.51950680879793,1870.8014634444658,-372.9203738514076
43.25054480164368,225.21635435453362,1871.7047527919078,-362.244221915
42.80735902317202,225.91777769855608,1872.4148442630549,-352.01512796815484
42.36951695775434,226.61749871911604,1872.8877979381027,-342.5220187233356
46.159165314872745,220.73484831559668,1874.1825478024632,-424.8990399223085
45.750531733778736,221.3474723797869,1875.1214346939696,-415.86462840193866
45.31652161407953,222.0031681724301,1876.0381549795698,-406.2460059277888
44.862945809239434,222.69414357577776,1876.8943825881538,-396.2303533935809
44.39630124657647,223.41134633413057,1877.648290442939,-386.05617546502094
43.92313677091392,224.14535382306227,1878.2567672665787,-376.0012099639151
43.449401124821456,224.88734419150106,1878.677691574408,-366.36405638375646
42.97990652302017,225.62995019432515,1878.8719772128316,-357.4421353080909
46.615081081191676,220.0389349978356,1878.6642794283814,-430.80422998276765
46.19933668053013,220.65849790251514,1879.4709544600692,-422.1857194937939
45.75622146884967,221.323904361442,1880.248357686624,-412.99126020859285
45.291506956549746,222.02753243638895,1880.9601940555704,-403.3997660456681
44.81179873774965,222.76029430371946,1881.5670091200286,-393.6428599662086
44.32390051087926,223.51251250145506,1882.0282877083694,-383.99422291960616
43.83413267063561,224.27491814851388,1882.3045603650692,-374.75234306122513
43.34774357938911,225.03957027540343,1882.3592377695245,-366.21901036637126
31.539172181628935,244.52519346094942,1734.9250467035104,-245.3557825970042
31.638426588956403,244.33239931612349,1745.7065260741217,-231.9237751760009
31.736905870764843,244.14171845350657,1756.348047661957,-218.6881638468144
31.831472376179264,243.95925247150515,1766.6362863240347,-205.89374763030384
31.918969243106027,243.79111620498836,1776.3781173307307,-193.75605437633192
31.99644683629464,243.64300660548375,1785.4123834348648,-182.44890259419395
32.06136047724578,243.519829502792,1793.617452851162,-172.0973114539821
32.11171851460614,243.42542253718,1800.9141144315834,-162.77605176819762
32.95902122676397,241.76041187847449,1766.22817830237,-281.30978223793903
32.93809569118978,241.79794997195518,1773.7922872994245,-267.2337046286479
32.91908957732408,241.8328930202338,1781.3875765052826,-253.1380504096439
32.900960712742304,241.8672514286018,1788.8480335004556,-239.30468894535707
32.88223567443292,241.90381899887365,1796.0118508450066,-225.9987122774502
32.86114967800386,241.94592234433406,1802.7329086897973,-213.4500676783756
32.83582478325144,241.99709821156034,1808.8899495130186,-201.84027439415482
32.80445833271781,242.0607484808149,1814.3923691901937,-191.29567150970314
34.71524194395459,238.45244964786076,1801.3509546586183,-321.5615353401672
34.57131639482649,238.71109308703262,1805.9722646991324,-307.62306741639134
34.42784978710106,238.97112893603736,1810.6815850137295,-293.39837016147186
34.286374137150226,239.22988596416332,1815.3696421846041,-279.18133890133254
34.14780575111968,239.4857099667938,1819.9216351643117,-265.2707789352959
34.0123849945117,239.73810034829032,1824.2255834622586,-251.94754304948376
33.87972317164411,239.98766008332043,1828.1802881679523,-239.4545347099963
33.74894148742517,240.2358765764042,1831.7017678171242,-227.98247936106057
36.52584356203245,235.16113784696876,1833.8767487869327,-358.888923861124
36.28283907821559,235.584396457164,1836.3799322907762,-345.8561964825967
36.03502341035608,236.01969996379427,1838.9399037722437,-332.3223166629796
35.786101671176134,236.4608537135299,1841.4911558519477,-318.56267328470864
35.53932734732152,236.90225201590368,1843.9610011356242,-304.87969892306455
35.29720428767169,237.33942258842566,1846.2742226427997,-291.5799044706112
35.06131725630436,237.76937450740033,1848.3582016038563,-278.9501915471491
34.83231585223234,238.19069047056703,1850.1478123055876,-267.237292336767
38.07147185890225,232.43935917541782,1859.0253442988037,-387.8872042159221
37.765345348399215,232.95846981700822,1860.281677697547,-376.06285431426613
37.44808587201041,233.50110282297402,1861.5410294315184,-363.62499796237313
37.12463498317391,234.0593909958582,1862.7616407731678,-350.81810819945093
36.79984367172118,234.62535536891374,1863.8966091998745,-337.92872385387363
36.478002907469026,235.19169907287682,1864.8962572239102,-325.2655274144455
36.16247189272709,235.75248333786132,1865.7109352731172,-313.1356719835038
35.85547342106545,236.30355338055514,1866.293966369087,-301.8212512556482
39.18658721447003,230.5223766118869,1875.8220178284669,-407.3706668174954
38.847062428616645,231.0873472430581,1876.4331196896906,-396.60468131271637
38.49135076600001,231.68435208266047,1877.0068818866216,-385.1898106012189
38.12486871042341,232.3050966454153,1877.5119868624129,-373.34448960339404
37.75328113495078,232.94058878270795,1877.914057539901,-361.33698953937204
37.381950109964215,233.5820236181993,1878.177063253713,-349.4689429212101
37.01543324569316,234.22164412031256,1878.2648906590323,-338.0533444683163
36.657130729612646,234.8534038578058,1878.1429904538873,-327.3904953591765
39.893812781379324,229.32576254979838,1885.9335216335294,-419.15992089256724
39.53839768881868,229.9102611873765,1886.2282527097982,-409.13105030140576
39.16355523502186,230.5319702446325,1886.4623679981885,-398.4513958612562
38.774814763531445,231.18264158811084,1886.6088793567403,-387.322788482507
38.378184485154755,231.8529582647272,1886.6390131257626,-376.0004202441394
37.97957191041009,232.5334346711739,1886.5232768793335,-364.7788910168272
37.58421569882599,233.2153590812663,1886.232487944701,-353.9719719992556
37.1962403176092,233.891592760749,1885.7387477676612,-343.88877325506746
40.30520742733599,228.6362534274053,1891.6317966925303,-425.82738467217183
39.94245090764996,229.22880714768587,1891.7720593810727,-416.24790002480427
39.55841371191771,229.86143038613503,1891.8395051954549,-406.0239712268513
39.15862377031275,230.5260071903313,1891.809014069746,-395.3480506779853
38.74922347905815,231.21314370849493,1891.6543524305682,-384.46755065358
38.33638241214175,231.9130626221218,1891.3491248431797,-373.6724508752523
37.92569648974779,232.61658135558554,1890.8675749199542,-363.2761068281795
37.52169362573008,233.3159789802278,1890.1852302989362,-353.5920290808322
27.638185260362725,251.22675118835838,1712.6677322873102,-220.0313324043413
27.743680741510786,251.00736023842836,1724.5559324664187,-205.81176333958618
27.849225273213868,250.7882887812049,1736.287713159945,-191.82876639412055
27.952065723708888,250.57530638122566,1747.6360897612208,-178.33491383039805
28.049493232729343,250.37407954403702,1758.397665228277,-165.54997539458117
28.13903734445797,250.18976934691364,1768.4048473806017,-153.64864014685745
28.218624105377526,250.02670499318035,1777.533328178422,-142.75402250168094
28.286682224786677,249.88816553786856,1785.7045413870405,-132.93691484519462
28.879090562501585,248.57034333090743,1748.335357267893,-259.55406294294374
28.878344818828445,248.57429173771098,1756.5693053999312,-244.55063856141385
28.88045922533931,248.57324646775345,1764.844554983358,-229.55404696417665
28.8844491981657,248.56917320161386,1772.9855236005797,-214.85893744591428
28.88899082788156,248.5647153485714,1780.822221094017,-200.7394614339328
28.89255276357407,248.56293955478176,1788.2023742232223,-187.43061806516684
28.89355032992045,248.56703309493227,1795.0009239001515,-175.11519389031585
28.890496660168456,248.5800022634909,1801.125789625188,-163.91763255168271
30.419047250203903,245.38328400684918,1788.716819398635,-303.82557081984754
30.308548187526238,245.6035564680308,1793.567424020354,-288.87826393866476
30.200144957408117,245.82181291007393,1798.5273596652105,-273.6485132860813
30.09509251950714,246.0355434879053,1803.4848007081669,-258.44690149818376
29.994100079115437,246.24322171515985,1808.3220733587314,-243.5859617540145
29.89730071163074,246.44439923627067,1812.9244443252228,-229.35632071581978
29.80430743907112,246.63963428422335,1817.1884609728036,-216.00638217536093
29.714337084613497,246.83028118618367,1821.0286534357217,-203.72824953818431
32.01443586832176,242.19986886251695,1826.5163491766564,-344.93241240503716
31.81421916172511,242.58346573634378,1828.8985108963275,-330.88480470318655
31.61187876628238,242.97470854291112,1831.3528509076775,-316.31616315359224
31.410633306872015,243.367592416207,1833.8182907005498,-301.5197294277815
31.213249320543596,243.75676784216716,1836.2257296947123,-286.8142628417978
31.02180483536871,244.13802642456858,1838.5025634026101,-272.5195307808079
30.837567142782785,244.50859449733727,1840.5778462169244,-258.9316016950781
30.66099883696193,244.86719067350492,1842.38733551733,-246.3020188266695
33.38364816741407,239.5564049213637,1856.0475107110183,-376.9135447105616
33.12517643549701,240.03690614158617,1856.9615522733857,-364.1180185042195
32.859208634748214,240.53592455672396,1857.880122790781,-350.6717217397401
32.59014245598232,241.04569363574183,1858.7702534854993,-336.835869558538
32.3222078455976,241.55847480762054,1859.5934636881648,-322.91357666198724
32.0590716271524,242.06730009034564,1860.307468120094,-309.22817007744635
31.803538704287366,242.5665828227347,1860.8685179892595,-296.09808273345436
31.557401579766793,243.05248364658334,1861.234147783371,-283.8124937565595
34.376032316085215,237.68814972866127,1875.934622571995,-398.4268316375819
34.08606340696119,238.21612576142311,1876.0860704324339,-386.7445119183625
33.784170977209214,238.77088402480217,1876.1890577012696,-374.3662723748996
33.47524872881998,239.34413129313012,1876.2228885191155,-361.5255072876782
33.16430821134196,239.92705120315088,1876.1641362180271,-348.50615655293416
32.85600077788728,240.51115291365699,1875.98710382451,-335.62447636892443
32.55419937553084,241.0890700886233,1875.664575489578,-323.2054301781974
32.26171952886854,241.65515423505153,1875.1689236820025,-311.55749777762105
35.007479683694626,236.5191508500251,1887.9737839816048,-411.4545913156495
34.70218610680886,237.06793517667916,1887.7520890410156,-400.5531226727415
34.382076589258894,237.64861037510317,1887.4502683379687,-388.94916077769994
34.05219309088626,238.25286216793938,1887.0524994846855,-376.85804806280754
33.717895942386775,238.8714949787606,1886.542021052053,-364.54962722341673
33.38435363243296,239.4953062081044,1885.9011427971373,-352.3327414559368
33.05605906303899,240.11597652864057,1885.1112684330622,-340.53308347130735
32.73646960370106,240.7267948947809,1884.1531048797501,-329.46835448077826
35.3755457544238,235.84455725348863,1894.781530856886,-418.8259158380975
35.06302540528775,236.40220719281618,1894.378476152839,-408.40223361064795
34.734015825329706,236.99459934130002,1893.878253827684,-397.2802905239409
34.39358451996336,237.61351327965383,1893.2670083580092,-385.6651260793131
34.04723768346775,238.24964212129132,1892.5309259331493,-373.81812652135403
33.70039773354696,238.89346955611825,1891.656094829037,-362.04301986418216
33.35788850171685,239.53619786867586,1890.6282071071016,-350.66502730800266
33.023528987132075,240.1705442952012,1889.4323204993782,-340.0063116940383
24.657019905994687,256.6899617726392,1688.610238817335,-196.35975869545402
24.76414161599527,256.45305659535177,1701.481992418321,-181.4511783008143
24.871726244744004,256.21525490443986,1714.1836727382538,-166.81541628229098
24.97733340285809,255.98200404794332,1726.477665415213,-152.71163211313342
25.078610640416784,255.75855934699985,1738.1530606844822,-139.36307073731416
25.173461263779657,255.5496093879072,1749.0380866485384,-126.94504698512762
25.260172819905726,255.35898856478943,1759.0074457747423,-115.57889894972448
25.337493414629243,255.18950555091732,1767.984270548094,-105.33186780808072
25.746590792261205,254.15111115819587,1727.6575511161684,-238.83670305138472
25.759698671210472,254.12863147354864,1736.5366597598465,-223.03571222607664
25.776065800764954,254.09961738153768,1745.4660427679125,-207.26664652670084
25.794753855048672,254.0659936428516,1754.2619998904956,-191.83467924648733
25.814560523772794,254.03026358275625,1762.747956054547,-177.0212493157101
25.83414229544662,253.99525666312738,1770.7671041525657,-163.065145667146
25.852148165637217,253.96384689608092,1778.1920451372189,-150.14977109813756
25.867341941954045,253.93868954658592,1784.9304094518639,-138.39754622496451
27.101056708529352,251.09880573041417,1772.1999137002333,-286.47073166254347
27.016518217239007,251.2853778224408,1777.3398679799857,-270.6618408195361
26.934939552048377,251.46760385757315,1782.6103996736597,-254.57748903889436
26.857328109945136,251.6431786140562,1787.8966217901357,-238.54200659069477
26.784215956358388,251.81072493133868,1793.0778039575348,-222.87889582185352
26.715650346270046,251.96985474357808,1798.0365901138293,-207.88629304111072
26.65125283454713,252.12108555611235,1802.6676846381204,-193.81635338772898
26.590329216633886,252.26564072841714,1806.8846773845537,-180.86157380142492
28.50880604571557,248.0400442895305,1814.2842792439417,-330.78934106162785
28.34365355066844,248.3861833643042,1816.6569448544778,-315.8746688814742
28.178062875920233,248.73670387094228,1819.1217174579415,-300.4266502926636
28.014793695626558,249.08590650304248,1821.6201648827837,-284.7534499789454
27.856177113472388,249.42877242642317,1824.085084886623,-269.18705451362666
27.703928487402795,249.7613935820331,1826.445068982162,-254.0575349279972
27.559059956372906,250.08121975494234,1828.6298131952044,-239.6676244398732
27.421898923791648,250.38709201455197,1830.5753436922482,-226.27177376892087
29.721826773606704,245.4906510367111,1847.4694903125928,-365.3502049264923
29.5036116625016,245.9328946611218,1848.1736251704465,-351.72247703571765
29.280397208448605,246.38970567610502,1848.8929168156797,-337.416923394909
29.05603642730827,246.85359589329954,1849.6011195246942,-322.7090414947114
28.83417720658311,247.31720210554204,1850.2658493540594,-307.91560625248025
28.6179319897787,247.77397047646397,1850.8498853983988,-293.3715302354674
28.409637811867416,248.21870408268512,1851.3132930031397,-279.40365036020535
28.210745918642225,248.647876281273,1851.616143342872,-266.3059146475375
30.604268623483783,243.6829969572925,1869.9869766136708,-388.6459421319394
30.356909670174346,244.17320444349215,1869.8158749912186,-376.17651167555414
30.100698164254027,244.68588262309765,1869.5971881901019,-362.9754423646227
29.83997512561208,245.212952625473,1869.3189753992976,-349.2890892244599
29.579115500468728,245.7459503271769,1868.9663904117729,-335.41447724084014
29.322118700552824,246.27682481906282,1868.521445868449,-321.67958242331486
29.07226157271757,246.7986714822356,1867.9632354688379,-308.4184282279359
28.831877919152355,247.3062591639298,1867.2687607976325,-295.9451976413809
31.167312914489116,242.54925284600438,1883.6899921113709,-402.7731885811153
30.90554821713734,243.06093918109684,1883.0884080158762,-391.12127308773734
30.632375698191975,243.60004682823714,1882.4006499035265,-378.7268091306773
30.352300647036873,244.15842429762444,1881.6204501850418,-365.8169580619143
30.070034877991414,244.72719567624583,1880.7408197977493,-352.6739143518187
29.790053775652115,245.29759290534886,1879.753224937805,-339.61795922320016
29.51618876523334,245.8617820535153,1878.6468938344474,-326.98396146999426
29.25133515883046,246.41351860278053,1877.4085625178827,-315.09561242659066
31.49609082523082,241.89403178787063,1891.4635841999977,-410.7736517749911
31.227437240796622,242.41507844855903,1890.6523617118992,-399.62361651834544
30.945884127047485,242.96633301784576,1889.7337787600436,-387.7332300087618
30.655978270396325,243.53970606617116,1888.7038138301855,-375.3185993893986
30.362578080410227,244.1261870243548,1887.5589558192078,-362.652919280881
30.07039668702892,244.7166844712514,1886.29517091217,-350.05105572839517
29.783564793224183,245.3028928130539,1884.9067931057157,-337.8473409558174
29.5052972400873,245.87801735493247,1883.3857132454148,-326.37002531604867
22.324388614404675,261.2048115909262,1664.5945505544855,-174.6535605969327
22.43050217782226,260.9569894037285,1678.322311187949,-159.13631429120335
22.53726652459997,260.70742853700443,1691.8682310131483,-143.9240448212108
22.642494696663057,260.46127698546303,1704.986423075929,-129.28152404621278
22.744117525623757,260.223423148866,1717.460479974316,-115.43491279636063
22.840330228664268,259.998146447861,1729.116031462571,-102.55994640524241
22.92969855653824,259.78886203229865,1739.827874814086,-90.77629893926851
23.01121387805231,259.5979857467636,1749.5214296049458,-80.14801515081153
23.289284949721484,258.7796361009742,1706.243348613904,-219.58712649126383
23.311653681832773,258.73700763034736,1715.718920867651,-203.0940479202954
23.337392967152777,258.6868591438971,1725.2517861415085,-186.65569019294287
23.36560677018084,258.63106795389166,1734.6514186774575,-170.58599668281968
23.39519451711256,258.5720032689685,1743.7359976940788,-155.17231217741102
23.424965033979657,258.5122788560291,1752.345418590476,-140.65635144990537
23.453753494032362,258.4544914408017,1760.3510019721416,-127.22170884937027
23.480521788921727,258.4009897207871,1767.6608942113858,-114.98877203158452
24.489384843360543,255.8599188997772,1754.042229004172,-270.0341576269348
24.424552695299653,256.01824018769315,1759.4967826001553,-253.48525779603528
24.363096563738047,256.170638665788,1765.1008872192747,-236.66887124426665
24.305821539896243,256.3150063141635,1770.7363719771683,-219.92070055130716
24.253120660669982,256.45010078124716,1776.2794847013292,-203.57310672074493
24.204979278274962,256.5755813340982,1781.6105154475813,-187.93001837373689
24.161034565899502,256.6919181548137,1786.622743666865,-173.24621610399197
24.12067258362452,256.8002059022386,1791.2293227424984,-159.71396813838552
25.739010914912868,252.92663625251018,1799.5533742683306,-317.0689013863392
25.60174718265253,253.23959087982362,1801.9934345636357,-301.412263711385
25.46508379952931,253.55454246085478,1804.546098847769,-285.2144032991346
25.331387368877614,253.86612091741858,1807.1541233877838,-268.79591321897885
25.20262845737048,254.16963666795849,1809.750937693074,-252.49949824986632
25.080232584118804,254.46146211958327,1812.265364727385,-236.66326309233855
24.965017762204372,254.7392408559809,1814.6271249711103,-221.59484089850898
24.857219034745,255.00190625206844,1816.7722430065878,-207.55031810381595
26.81875964190033,250.47426257929305,1835.7257014063534,-353.84041225354497
26.633374387434355,250.88142751567793,1836.3234409086876,-339.5008180889586
26.444686882037693,251.3001134934664,1836.9510958474589,-324.46316833862954
26.256064100284853,251.72317561392347,1837.5871509482004,-309.01497351779204
26.070654908995003,252.14365616076057,1838.2032890984212,-293.484176610303
25.891113089807956,252.55541302653666,1838.7654906465273,-278.2148275288338
25.71940282380561,252.9536116224917,1839.2361044675192,-263.540034878474
25.556716246238498,253.33499701784464,1839.5766376358351,-249.7568250694581
27.606443794210854,248.73044684995463,1860.4324890815583,-378.68211162018434
27.394336823601513,249.1852973279384,1860.052887342245,-365.5392528490444
27.175563984391854,249.65918062474083,1859.633314729863,-351.6370487584275
26.95395686517666,250.14432600466367,1859.1685334696042,-337.2328534613814
26.733330178168572,250.63267960939586,1858.6499882493904,-322.6344684349672
26.517131065887927,251.1166501412075,1858.0651063723162,-308.1791800770376
26.308149430531255,251.58978020245087,1857.3972192933124,-294.20785024996053
26.108340919636927,252.0472181281219,1856.6262844247367,-281.038476250255
28.110126696423766,247.63442167468943,1875.5377435945843,-393.77150410104997
27.88466580271528,248.110965434785,1874.673727297969,-381.47757616016236
27.650282028745206,248.61129778900192,1873.7257309801746,-368.4095448078342
27.41097451198877,249.1275397882185,1872.6950781285577,-354.80462637907624
27.17087463862324,249.651209923034,1871.582230350301,-340.9553152412501
26.933861420060808,250.17401099564046,1870.3853603700832,-327.19092691400544
26.703217868911274,250.68859183534664,1869.0991952939426,-313.8533044977437
26.48139075045745,251.18914209731568,1867.7145155546805,-301.27023565059153
28.404667236281735,247.00013538404167,1884.1316048279366,-402.3256603866447
28.172759989820225,247.48628377101036,1883.03060936064,-390.5543722327562
27.93060294999316,247.9989157398902,1881.8210910706453,-378.0093283184773
27.68224487337174,248.53019018197443,1880.5069877188573,-364.9161037745716
27.43195799047632,249.07147768893557,1879.0927947686037,-351.55767578860525
27.18384003250275,249.614156766101,1877.581860935392,-338.2578040419346
26.941442077880655,250.15041922226254,1875.9747266715003,-325.35772892988547
26.70749229265624,250.67393098089732,1874.2679774976439,-313.1898818771257
20.45718515567413,264.9904499613236,1641.515760178102,-154.90888853989688
20.560908924720376,264.736248909247,1655.9830648302504,-138.84935719555403
20.66534851234171,264.47970973507626,1670.2581117745915,-123.12325548489258
20.76852380365572,264.22570736456123,1684.0885221487183,-108.00018871906846
20.86859248900983,263.97880673092817,1697.2538491676885,-93.70877632044767
20.96397972113053,263.7429353385552,1709.5781954842603,-80.4250140426437
21.053467243331816,263.5211543043055,1720.937115021078,-68.26700942357765
21.13623319697695,263.31555176640086,1731.2585974284561,-57.29590015002101
21.31996367121573,262.6698377071702,1685.1791361170888,-201.90814753784053
21.348443758202308,262.61202320711556,1695.1942626769178,-184.8083512390399
21.380258985589858,262.54605456767354,1705.2718033509682,-167.78364204358206
21.414552905047014,262.4737551536446,1715.2154928506452,-151.15539422844475
21.45031095045575,262.39736669668724,1724.8393303922817,-135.21580746239604
21.486466159414856,262.3193087129306,1733.9808348873703,-120.20888776531378
21.522002560328858,262.24193481034246,1742.5107736750865,-106.31815407539133
21.55603878676391,262.16732856360323,1750.3383143274189,-93.66201033571012
22.392764161787323,259.8735105322533,1735.5324924668735,-254.7276549129263
22.342842640342994,260.00859512016365,1741.3038720659151,-237.53703340985288
22.29646279932888,260.1366848571071,1747.2409473692705,-220.08687560676782
22.254269418839943,260.25584431530945,1753.2222677257205,-202.7224008845693
22.216549247036088,260.3649422702412,1759.1212379946378,-185.78322870030604
22.183244590394185,260.46366903893113,1764.8161033663937,-169.57785746998798
22.154011614597838,260.55244240795554,1770.1990994134565,-154.36290649462143
22.128306442026936,260.63223427844827,1775.183337777175,-140.33006220703584
23.510813915659433,257.0588276048818,1783.779514191428,-304.0695891973478
23.3955430700467,257.34323802307506,1786.3342002863733,-287.77313713512586
23.281509343939103,257.62789742960103,1789.0207088351171,-270.93019120788495
23.170754671633723,257.90774857451333,1791.7819635047226,-253.87175300086875
23.064959086747233,258.1784003927109,1794.5511988953542,-236.9493053565109
22.96532081978645,258.43646849331924,1797.2568923486488,-220.50732814958104
22.872511387859003,258.6797553174627,1799.828479193294,-204.85705365536512
22.786703450900507,258.9072580576939,1802.2019027276206,-190.25544655490214
24.478611596142958,254.69969623897046,1822.3811680337226,-342.73713069437395
24.319658211029353,255.07588158825308,1822.9459518840931,-327.7851605825509
24.1585650567699,255.4612427147552,1823.5566263014243,-312.11945005699954
23.99828595656177,255.8489840960866,1824.194813225499,-296.0376185234043
23.841556870978376,256.2325351341008,1824.8347360847324,-279.8767883858215
23.690661462938316,256.60612865654633,1825.4442583385096,-263.9882686630283
23.54727156706049,256.9652451710005,1825.9869995408171,-248.70993980812347
23.412383838382738,257.306854392521,1826.4252424600213,-234.34074774566062
25.18605941377062,253.01813293106545,1848.8962039954445,-368.9171771725662
25.002665640889393,253.44126965780367,1848.3939023421221,-355.19575382964155
24.81417371679821,253.88071557819725,1847.8625117709803,-340.69288453579827
24.623972699614438,254.32903402394712,1847.3017224256314,-325.6752190478405
24.435405058482004,254.7785790362079,1846.7074208254999,-310.4594440116864
24.251464364182656,255.22219136228418,1846.0707058412954,-295.39026112330953
24.074551219072006,255.65381455641622,1845.3776667621817,-280.8137830635981
23.90632787544558,256.06892315927115,1844.6101041721627,-267.0504902987142
25.63919398438258,251.95928305829597,1865.1723202902926,-384.8454368446902
25.44349409813203,252.40402896133517,1864.1368672494418,-372.00047205793203
25.240692442602196,252.8696388143435,1863.024175029269,-358.3559420284986
25.034342087399313,253.3485442266447,1861.841369359988,-344.1576031042815
24.82807892467981,253.83266801786635,1860.594404780053,-329.7063851913933
24.625287176729096,254.31416397728577,1859.286223650949,-315.33889202420846
24.428806100491315,254.7861224798356,1857.9153226261715,-301.4022471540426
24.2407298895808,255.2431130295085,1856.475144846806,-288.2270070630947
25.904477906822706,251.34577098942546,1874.455764832396,-393.8845759002028
25.702799525998707,251.80019290373264,1873.158129102073,-381.5804616625474
25.4928349457255,252.27807368340936,1871.7560627116982,-368.4754911491673
25.278189970465284,252.77186547793175,1870.2596997332375,-354.8032657719248
25.06263317606393,253.27333601525308,1868.6795559197203,-340.8548402104356
24.849748158657484,253.7743202205593,1867.0243449212435,-326.9610828650254
24.642614126340725,254.26746930976597,1865.2989623713152,-313.4684844509811
24.4435738852332,254.74685640061213,1863.5031638285923,-300.7123106154571
18.931519868828154,268.20889429284085,1619.7574165203812,-136.98780777663922
19.032199970510234,267.9513695972666,1634.8636412457463,-120.44162918589049
19.133595282551482,267.6910667408719,1649.7682209255877,-104.25415025944594
19.23389624935627,267.43261388562144,1664.2136351888848,-88.69915436716067
19.331444259906018,267.1802920186758,1677.976438443289,-74.00735980624664
19.424847817906556,266.9377259457921,1690.8799234810535,-60.35489850054576
19.513058450429686,266.7076770708346,1702.8007870300987,-47.85839535017608
19.595399325992002,266.491959168297,1713.669682361783,-36.576321169728104
19.710324085987928,265.98235358789276,1664.9985016741089,-185.7466483698987
19.74279558796658,265.91311521695445,1675.4967447896008,-168.1098392749116
19.77849544836482,265.83531172010686,1686.060932784131,-150.56626935557696
19.81660414598169,265.75070836168817,1696.4899721896531,-133.4436487323291
19.856180254651175,265.66142727425085,1706.5944936010067,-117.03827483789613
19.89625886535767,265.56971410980697,1716.2103146791144,-101.59596683025272
19.935943918727336,265.4777101468494,1725.208137203594,-87.29999025789289
19.974478866389962,265.38727045197476,1733.4984443744443,-74.26684182151872
20.677984356641346,263.2979239507073,1717.3729326916964,-240.5893351306096
20.639417154026212,263.4139895631976,1723.450355108373,-222.83647681297995
20.604419358007767,263.52232388472027,1729.7069284100894,-204.83159862236104
20.573509522670427,263.62113668634623,1736.0180607237853,-186.92798103534102
20.546893421130896,263.70938472615677,1742.2545472894053,-169.47132444873287
20.524483635076837,263.78677578642186,1748.2928947727007,-152.77376887902693
20.505956061115224,263.85367312876775,1754.0246045626277,-137.09323918981454
20.490826750718348,263.9109345478043,1759.363031941792,-122.62063916033641
21.686678774875897,260.5919718930312,1767.8166273010252,-291.9078449653187
21.588796352385174,260.8521159854751,1770.5119930795377,-275.0542891877224
21.492539672994702,261.1112121280513,1773.3564609190898,-257.6505347117204
21.399685500142965,261.3644848580475,1776.292460996724,-240.03639320243676
21.3116809111412,261.6078035544522,1779.2525357106238,-222.57062613660065
21.229545809056216,261.8379886061284,1782.1644989349236,-205.60289572079157
21.15384026334815,262.0529699994497,1784.9573685567198,-189.4471012943088
21.08469414699056,262.25178727430495,1787.5670185901092,-174.36058577266584
22.560780992297165,258.3193481455166,1808.3998119378632,-332.211167457202
22.423093652393376,258.668635555123,1808.9808477516615,-316.7278018154201
22.28407518776135,259.0252779209634,1809.6234767017522,-300.51810962438174
22.14633471970799,259.3828087111328,1810.3112826239826,-283.88828004879986
22.0122702809761,259.7350079430288,1811.019954408644,-267.1830649882232
21.883868262454506,260.0764371850154,1811.7183532166546,-250.759650549532
21.762570387821338,260.402845034125,1812.3707307282789,-234.95953156142315
21.64922466264222,260.7113832414218,1812.9397622851461,-220.08287621704218
23.200663046683825,256.69615046919415,1836.4096586916335,-359.55415210863504
23.040589921717384,257.0914170178525,1835.8458383431814,-345.33173116660663
22.876559996173857,257.5008242989082,1835.2650558000437,-330.30974736837476
22.711587400011556,257.91726187369676,1834.6705368772296,-314.7627415881829
22.548622799734574,258.3334631795045,1834.0612259126653,-299.0147885581899
22.39029056101309,258.74265657079064,1833.4306456514719,-283.4166001415893
22.238680183734466,259.13913499339714,1832.7666341244235,-268.31827802280316
22.09522548562166,259.5186467287017,1832.0521203419567,-254.04198021328585
23.611041665975808,255.67242401433165,1853.6629405071037,-376.2154610241482
23.439638207085583,256.08903818293516,1852.522812209595,-362.89402874742746
23.262486540844204,256.52415516357297,1851.3144366780928,-348.751974197255
23.082757963436052,256.9705180311112,1850.0492865187775,-334.04237391671097
22.90367348071425,257.4204329851518,1848.7372938481158,-319.07307974883565
22.728211271930224,257.86646422461536,1847.3847384800063,-304.18661052124975
22.558853193803763,258.3020914553934,1845.992664544824,-289.7341481739014
22.397415621895277,258.72220864811095,1844.5562520566368,-276.04810074272376
23.851508779186908,255.07863756280472,1863.5253332537513,-385.6799806235091
23.674577235658674,255.50488905556205,1862.1003679612222,-372.9156103470477
23.490833744082327,255.95213953448027,1860.5778914468674,-359.32792317536615
23.30350260292255,256.4131406190342,1858.9727704615295,-345.15730497539585
23.11592877316375,256.8800401027207,1857.2999756256245,-330.7015168793181
22.931271888356335,257.3450919041199,1855.572066602735,-316.2971601622555
22.752229301991324,257.8013553561333,1853.796961860895,-302.2947546861868
22.580838419086323,258.24325424961495,1851.9765435672966,-289.0314647189665
17.662244335504777,270.9798423433429,1599.4387564281592,-120.70812041814467
17.759633542435278,270.7210340163412,1615.0990261308705,-103.72250547591267
17.85770339034038,270.45911395044664,1630.549116057009,-87.11813336310549
17.954786363364974,270.19848870309926,1645.5273540813878,-71.17247275583219
18.04937459536268,269.9431895652411,1659.808057423364,-56.11803219535042
18.14022479510338,269.69657999120153,1673.214187155133,-42.13098476854759
18.226423793093943,269.4611662422251,1685.6237931817514,-29.326548156575285
18.30740882736972,269.2385309013485,1696.9701764574856,-17.760727075956453
18.371418201194714,268.8371826886045,1645.9315797372997,-170.9848681579168
18.406456145939806,268.75933143246004,1656.8608793609276,-152.86866364234004
18.444584100660368,268.6726474143619,1667.8584086887251,-134.86191046968008
18.48501670695298,268.5788360376454,1678.7189782962905,-117.29780885180243
18.526875168664183,268.47990823845873,1689.250486386612,-100.4761424563919
18.56927920493862,268.3779544213261,1699.287536406605,-84.64419255640608
18.611430315527027,268.2749303667633,1708.701083759194,-69.98485592866285
18.652672275428877,268.1724939751372,1717.4030826147036,-56.61280787374088
19.25166348423895,266.25308252380813,1699.923068561494,-227.57287075998354
19.22183533878239,266.3535463294348,1706.2893593673948,-209.3226255464319
19.195529586326497,266.4457672369752,1712.8459314605716,-190.8273123141237
19.173165017673547,266.5280751098137,1719.4652484322894,-172.44715001819878
19.154885217622095,266.599495421277,1726.0157557890939,-154.53295480933156
19.140582303580818,266.6597429641499,1732.3724810455064,-137.39987490624836
19.129951172162503,266.70912680455933,1738.426435154633,-121.30675246520286
19.122558676426948,266.7484003843481,1744.0914131846546,-106.44359249921234
20.169048810547615,263.64538471450214,1752.1466530953248,-280.60146311375007
20.085025444277665,263.8849490891253,1754.994888238624,-263.25804030976326
20.002861857043392,264.1224884226532,1758.007469704772,-245.3616912151434
19.924118142395713,264.3534750890623,1761.125929253521,-227.25977588996673
19.85005377577968,264.5740020045171,1764.2818348188944,-209.31720339972887
19.781547263462986,264.78106101456666,1767.4021865820032,-191.8878551083566
19.71907281286421,264.97268355513876,1770.4155395119378,-175.28770140542466
19.662730230350476,265.147936368994,1773.2577446318971,-159.77411671350853
20.964519210758915,261.4516180608539,1794.3576146883547,-322.3273213180254
20.84403769539593,261.77769292415445,1794.9865501682111,-306.37843908447735
20.72279762433215,262.10969084418747,1795.6918359115366,-289.69283165659465
20.60312174293632,262.4414442159265,1796.4581822774496,-272.5840268886999
20.487131332914483,262.76704327856777,1797.26200864729,-255.40320085578836
20.376572727270258,263.081333792048,1798.0725939883291,-238.51236322285905
20.27270484732023,263.38029037655474,1798.8544244935792,-222.25581932061291
20.1762606460452,263.6612125963167,1799.570352036134,-206.93445738034723
21.547433098031313,259.8820405886359,1823.609927189686,-350.6872547788913
21.40637599232334,260.2530208129845,1823.0269045470704,-336.02702890822405
21.26220841890959,260.63639784637553,1822.4391960036583,-320.5520306696547
21.117629523813942,261.02536481846306,1821.8525184405307,-304.5435574647404
20.975265700488407,261.4129975423516,1821.2678718326429,-288.33187511361706
20.83744024479941,261.7928649344523,1820.6803308652488,-272.2726908255768
20.705992314938083,262.15956092088794,1820.0788048244995,-256.7191508115807
20.58217555270701,262.50906280650634,1819.446896330659,-241.99451834264312
21.921636005658563,258.89076868501206,1841.6822672420249,-367.9924487976707
21.77012735236593,259.28273757634224,1840.485050677123,-354.25538287532953
21.613893879856896,259.6912877646928,1839.2294906892434,-339.67991941992784
21.455783775411504,260.10945717925955,1837.9302845140674,-324.5253384163391
21.298672753560645,260.52990153448076,1836.6002131727832,-309.10537547266495
21.145205565893683,260.9455501671906,1835.247863030986,-293.76736554346894
20.99757478146296,261.3502211343252,1833.8759777260161,-278.86565256121287
20.85737564505171,261.7390836627347,1832.4808597749234,-264.7338614520455
22.141058674068223,258.31527627410605,1852.0325074980965,-377.8317347752804
21.9844355473612,258.71677879099275,1850.5303283791463,-364.6663453238823
21.822125609544106,259.13726560118846,1848.9389215803615,-350.65859532929426
21.657028991476306,259.5697745278412,1847.2767386496625,-336.0546889602904
21.492136574204373,260.0068029317923,1845.5620209072322,-321.1580091422005
21.330258712789117,260.44097955823503,1843.8100640263783,-306.3098376137008
21.173782553831426,260.865720453882,1842.0308695146705,-291.86382551047075
21.024501320235874,261.2757488703311,1840.227740032126,-278.1583861131559
40.30023725331525,228.0989930405936,1825.5304314263801,-309.79903580104707
40.33821131067155,228.0280094546906,1834.4651123220697,-297.51133049049656
40.373035334850975,227.9630456745725,1843.3270770236018,-285.3186983571509
40.401332707845256,227.9098527860832,1851.9278629056512,-273.4632492761979
40.41943130684343,227.87463502769546,1860.091372592694,-262.16672436580143
40.42363127402689,227.86361520871102,1867.665195748755,-251.6163189428405
40.410484595564704,227.88258660353532,1874.5286175818223,-241.95524969975315
40.37705736823194,227.93649612000473,1880.5967343347236,-233.27865504124762
41.90898125653421,225.45445424823006,1846.471918824548,-337.284962364391
41.81564293861841,225.59530169060886,1853.2223284204829,-324.6996472276741
41.72041331432839,225.7404943724908,1860.011171440425,-312.0235053921968
41.622508125622105,225.89154339666172,1866.6861328014884,-299.5224153271165
41.520492568040986,226.0509654145933,1873.096199143169,-287.455022133919
41.41239338606703,226.22211165616065,1879.1022726878678,-276.0540370676515
41.29590132279879,226.4088568396203,1884.5859961317394,-265.51143767107453
41.16863444690275,226.6151907180556,1889.455733021533,-255.96933809371257
43.89177236783884,222.2899985034676,1869.811991286786,-368.43736359973747
43.66573447105323,222.63257611959955,1874.552415375396,-356.1553883993768
43.43438972174483,222.98582935819894,1879.3735133724817,-343.56594219595866
43.19990419296806,223.34675974133236,1884.1635599626188,-330.9376068365334
42.96375451968413,223.71333981557734,1888.805494341937,-318.55150494359026
42.726571451923135,224.0847704147829,1893.1851198453774,-306.67993645008175
42.48813208721282,224.46152115602078,1897.1988827712971,-295.5663770801256
42.24750173088379,224.84514280375967,1900.7601564531112,-285.409834826592
45.925827890096144,219.14383121267252,1891.2404472364499,-397.67734703163865
45.59478000868369,219.6347193588746,1894.5103983973308,-386.2693766144622
45.25125314111969,220.1480220002027,1897.8522770131428,-374.38599131225254
44.89971225295189,220.67759776859887,1901.1852671293539,-362.2754233736214
44.54427968043392,221.2176440715826,1904.4215600491843,-350.2173321629643
44.18830740504553,221.7633401083941,1907.4720856118706,-338.5026247599202
43.834087669760805,222.31131496318935,1910.2524463973843,-327.41120418249477
43.482761384883794,222.85983907246217,1912.6882057084422,-317.19136693874384
47.65375802198472,216.5443378580366,1907.668242452431,-420.6319363869184
47.25716241679383,217.12016706627344,1910.0429137609235,-410.2964879933139
46.84041427126401,217.7299846778037,1912.4678830703783,-399.40210058308674
46.409161414045194,218.366317536018,1914.8801804599902,-388.16899395258474
45.969213543538295,219.02123869090784,1917.2102537452552,-376.8612569798627
45.525946092306924,219.68721003829822,1919.3862418102622,-365.7700952530036
45.083779017661044,220.35786316311442,1921.3385425161514,-355.19240955432656
44.645841060286095,221.02854895232653,1923.0040221183892,-345.40822063687256
48.89583536343426,214.7143844841867,1918.5668245092465,-436.17918169054553
48.46529783441192,215.32999342372915,1920.4544768903415,-426.7604006093262
48.0087840956841,215.98782939692052,1922.3766580278611,-416.7599091516233
47.53231851410645,216.68019216650458,1924.2795454162124,-406.3754451607393
47.04251151606822,217.39831716202642,1926.1032788061984,-395.85506955010544
46.545896712404144,218.13327081452522,1927.7855655824928,-385.48369376388496
46.04827518461984,218.8768892389042,1929.265544314247,-375.5636409277486
45.55420357210684,219.62256355857247,1930.48734405465,-366.39208271106867
49.68177873512136,213.57225930647093,1925.0982645793188,-445.638308605718
49.23544486520319,214.20433406662332,1926.7337757772334,-436.85241725287045
48.759500981329936,214.88353892634066,1928.3952764615524,-427.487043804673
48.260008310967486,215.60231331880834,1930.033583825834,-417.7259308327432
47.74388747607702,216.351661257274,1931.59379370137,-407.80603951119326
47.21824248892744,217.12203712008247,1933.0185749075645,-398.00648025999385
46.689640794954144,217.90434816650418,1934.2517110047938,-388.63077400882673
46.16349937325967,218.6908660065126,1935.2413364255174,-379.98499670843717
50.138380320216996,212.91414070505203,1928.769128121581,-451.0060860866216
49.68489884492666,213.55277437396612,1930.275757261943,-442.60472802087514
49.19975962725313,214.2412141606635,1931.8041552471568,-433.63123284265197
48.68897543667983,214.97207276516687,1933.3075403122355,-424.26151092634154
48.159575468968654,215.73632197891803,1934.7335586154418,-414.72602218695056
47.61893109685681,216.52416009125722,1936.0274328586431,-405.3001325262628
47.07400800486612,217.32603675416414,1937.1353519429492,-396.28754132926053
46.530696588619705,218.13362986641874,1938.0075616466675,-387.99889898234187
34.47111683982277,236.88860262701274,1817.7601521540141,-286.75957920757793
34.53058964946299,236.77445369038557,1827.764012560401,-273.4870734026709
34.588973245703066,236.6631252659434,1837.6748969159698,-260.34670155781953
34.64328426116894,236.56019176236717,1847.2856878970247,-247.59126780302194
34.69035311906275,236.47153337374155,1856.404580306043,-235.44886779833905
34.727060070610854,236.40291127572624,1864.8672927996404,-224.10881824625966
34.750566656236174,236.35955575858267,1872.5455440499481,-213.71273767221814
34.758516220170215,236.34581243318095,1879.3511295962312,-204.35138874433545
35.915089932325046,234.24473976118284,1844.3651497749274,-318.5695538008081
35.85380277440755,234.34736636118157,1851.6327034616265,-304.8304301584494
35.79327972679341,234.44997013944027,1858.9435076510226,-291.0168995226607
35.73281652753231,234.5539619144149,1866.1342381164272,-277.4120130242923
35.67115039178835,234.6617014867149,1873.0433784396068,-264.2875232049635
35.60657853989187,234.7762994915798,1879.5227131151344,-251.88446401399008
35.53714313044043,234.90130406658636,1885.4468260139552,-240.39836421762024
35.460851869399754,235.04032265686894,1890.7195177556227,-229.97063217192314
37.701370110235445,231.07892358427884,1874.2165566688054,-354.4600661867859
37.516616572802235,231.38936759248247,1878.9668007162759,-340.9408953392632
37.330240841583304,231.70517188745393,1883.804447176349,-327.0997425576855
37.14423975621986,232.02316124339728,1888.6165009080598,-313.226452544049
36.95994189399118,232.34118822104833,1893.2838756760098,-299.62096687675523
36.77789540954351,232.65834898442688,1897.689861721593,-286.57033638821116
36.5978858598795,232.97498884487973,1901.7282846474236,-274.3277896996334
36.41907543540676,233.29250107958197,1905.3102003115432,-263.0970003193022
39.54258267736781,227.9271593782641,1901.8456232057065,-388.00190547535044
39.25847239470882,228.39205880500103,1904.7649758435773,-375.3712428176232
38.96667643665536,228.87363732334595,1907.7468095578697,-362.22149903370837
38.67140495636806,229.36538363669504,1910.7164035012138,-348.82217493328835
38.37644877650772,229.86126490523677,1913.591691570938,-335.47399132021985
38.08481297256741,230.35634602597037,1916.2885043925655,-322.48650310500295
37.79848874021131,230.84721471166247,1918.7261909915217,-310.1541702718271
37.51840244081114,231.33213218218862,1920.8328533826984,-298.7347931592255
41.11412347672518,225.31910421577675,1923.193806112099,-414.2366909444504
40.76666429694691,225.8738686113951,1925.0160162665507,-402.7472340937521
40.40465720492184,226.45693340163743,1926.859333878453,-390.63618114287874
40.033536385113905,227.06026927951385,1928.6701635058757,-378.14255800238345
39.658743700541926,227.67556137572743,1930.3891186174537,-365.5507525182244
39.28518910681719,228.29505812429045,1931.9543563748207,-353.1715066916453
38.91680442342738,228.91232386980857,1933.3052539443574,-341.3184560173249
38.55627783085205,229.52274233156746,1934.3859858099283,-330.28402149694466
42.24805734494206,223.48087662665904,1937.4453640563847,-431.95575084041843
41.866964794678545,224.0786713059268,1938.6856915386466,-421.4562428193845
41.46594928578512,224.71323671335816,1939.9167732294486,-410.30294679862226
41.05089742432837,225.3761988531408,1941.0948446062584,-398.70980124127925
40.628083276824704,226.05828626138614,1942.1718654216907,-386.94340223853436
40.203551285591445,226.75025252955976,1943.0980490502943,-375.30755048837744
39.78253440221874,227.44380601539058,1943.824544349985,-364.1216849694335
39.369025269675205,228.13235599775456,1944.305967588979,-353.69650609827755
42.96740027371409,222.3326603903918,1946.0225728580663,-442.71566664167767
42.570217259677335,222.94881834790505,1946.9699893693232,-432.9036974472165
42.14969053769767,223.60686638118122,1947.8909730811954,-422.43626308752016
41.71180289802576,224.29851227522641,1948.7462064599508,-411.5114044617221
41.26317800868631,225.01418453127104,1949.4929904247203,-400.3831391851114
40.810439291446286,225.7439594248863,1950.087473675374,-389.3485577680846
40.35956019407384,226.47856630724257,1950.486900360003,-378.7281173561665
39.915335121275646,227.21027135050133,1950.651621989467,-368.8416215810442
43.3859526437007,221.67071828179368,1950.8557211841526,-448.81443560583216
42.981290117770584,222.2944735102902,1951.656905794468,-439.4212967611314
42.551332130221454,222.9629416093608,1952.4227694145466,-429.37851873102915
42.10204999590905,223.66797687723434,1953.1160897802124,-418.87516941699056
41.640204008521806,224.39994029268826,1953.6967213028756,-408.1578104989063
41.172697524900826,225.14861500248256,1954.1237113857178,-397.51915840450846
40.70589427047403,225.90424352377386,1954.357367863233,-387.27946662839975
40.2450365433755,226.65847913019,1954.361017264566,-377.7631853361137
30.055152754315298,244.12615315868,1801.4142193670918,-262.8766580295468
30.12896702588305,243.97615166353404,1812.4874837050984,-248.74815308963423
30.20286643498547,243.826722407029,1823.4521685289965,-234.7901853073691
30.274193456957434,243.6832510033284,1834.0854943809293,-221.26448358671954
30.34019127251184,243.55129467253147,1844.1830944952774,-208.4042311886541
30.398210934193,243.43617364269065,1853.5719013383632,-196.40010098009841
30.445901347439932,243.34259944355014,1862.1187709766205,-185.39194408636146
30.48136051779583,243.27438104666848,1869.7343229206729,-175.4663999349873
31.335840494862463,241.53388982471486,1832.9016934928593,-298.50395509505915
31.300778807921787,241.5996752112293,1840.7526207275387,-283.7567901194435
31.26800036444935,241.6622771898668,1848.657026915999,-268.9573462491756
31.236810412656208,241.72310751163755,1856.441681341121,-254.4032299092202
31.206050443266715,241.784442346143,1863.9360357339147,-240.37688155496124
31.174217620611063,241.84920549848178,1870.9844672929885,-227.1257284724928
31.139629804420746,241.9206631877646,1877.4563061323627,-214.84745043702083
31.10060850244163,242.00208029621555,1883.2524163531953,-203.68204452173993
32.925329876440266,238.4246318189993,1868.4987787503612,-338.63969011407136
32.777859831728094,238.69884045717976,1873.3639624668358,-324.02915062380845
32.63113095844881,238.97423773038582,1878.3335338848665,-309.09299247072784
32.486855505653786,239.24772078913995,1883.2929864760808,-294.13965336376566
32.346127769881306,239.51722540079174,1888.1210662461035,-279.48491162288235
32.20935114321079,239.78189520744695,1892.6985986605046,-265.42763426273723
32.076274577110084,240.04205520924893,1896.9170381503782,-252.2282930487131
31.946122828585302,240.2990073896478,1900.685531503354,-240.09323506471966
34.57130525469551,235.32110932387852,1901.7467752245307,-376.1107022908154
34.332027852548485,235.75208291356049,1904.4271791177434,-362.3892427660072
34.08850370666459,236.19481646667967,1907.176080288225,-348.11931923382605
33.8445015576504,236.64279324439374,1909.9245689339923,-333.5897894074682
33.6033372371882,237.09008209262853,1912.595652864129,-319.11972355311434
33.367573160634464,237.53190814901376,1915.1091608562474,-305.03421312631417
33.13884624809986,237.96502415302763,1917.3872349594794,-291.6391239020661
32.91784932900542,238.3878188148203,1919.359634264215,-279.19900087249266
35.983149766086676,232.7456969739967,1927.6644551671238,-405.4006343543065
35.684224173625736,233.26938979331527,1929.0350426259188,-392.87224691156115
35.37508626869587,233.816140919368,1930.4157737707442,-379.67491188930836
35.060710831484734,234.37777880057521,1931.762856316218,-366.06540046832185
34.74596764748755,234.94600909478496,1933.026796168965,-352.34634714852353
34.43515381602567,235.5132328743774,1934.154869967803,-338.84528561904165
34.131625304000245,236.0732457347873,1935.0941036953977,-325.88946886038184
33.83759535687486,236.62168259569276,1935.7944466593854,-313.7806222883897
37.006084871615215,230.92617890718853,1945.0887073543395,-425.1752015660923
36.67480551144806,231.49522777366914,1945.7695483443163,-413.69738503151854
36.328501240461186,232.09576167348635,1946.4162888092271,-401.5088216182384
35.97264087717601,232.71915514421494,1946.996344155922,-388.83908333990485
35.61291713949113,233.35606707017098,1947.4738092161742,-375.97180994454015
35.254695974840445,233.99735191993787,1947.8108968795314,-363.22737377695586
34.902519013443154,234.63494645435404,1947.9695688394809,-350.939455127401
34.55975646832802,235.26255467146643,1947.9132735272738,-339.429219958246
37.65690047772968,229.7877856479049,1955.6257280439659,-437.18003949787504
37.30979475428193,230.37671677793983,1955.9634738519303,-426.4367266346312
36.944545573302584,231.00230166282412,1956.2411653601393,-414.97662982420246
36.56676167361304,231.65593289727954,1956.4309026796163,-403.0117850751278
36.18250242309313,232.32790803777328,1956.5029385492703,-390.8120643502272
35.797696422039685,233.0083578218676,1956.4267529126578,-378.69061252578035
35.417574226806664,233.68822130245394,1956.1720895651742,-366.98200747301087
35.0462309633815,234.36006754582837,1955.7099341257206,-356.0169319004578
38.036260960837886,229.13084978761702,1961.5805570214634,-443.9831812616559
37.68164798230685,229.72825982794197,1961.7490407075038,-433.68880107466106
37.30709145134849,230.3652022993278,1961.8436619057566,-422.6815485147165
36.91821979434799,231.03318136841125,1961.8385401575806,-411.16350785720715
36.52124621613116,231.72239164515847,1961.7067367560016,-399.39633125711435
36.12237716612379,232.42264283715514,1961.421210970437,-387.68821826087935
35.72721249735016,233.12437005215324,1960.955598002421,-376.3734407635035
35.34025669975554,233.8195290705847,1960.2848198029312,-365.7873805333757
26.666572690346747,250.10052340517026,1780.743352930322,-239.58234288583148
26.748752894244966,249.92315196611344,1792.8256428903233,-224.70879856371877
26.831636462520578,249.74482175365188,1804.786200576214,-210.04239280451475
26.912838251636067,249.5707161070821,1816.389455271152,-195.85228411815473
26.989939568544788,249.40607626626462,1827.4213025609301,-182.37571197595733
27.06067028359494,249.25581203302173,1837.7024304976976,-169.8042123982392
27.123065481885607,249.1241681510295,1847.0969346375077,-158.27582054647252
27.175579589170216,249.0144820482592,1855.5157738988323,-147.87336835044394
27.800829473256655,247.58530435595034,1816.2334715428094,-278.48137396217254
27.785504300320785,247.61922653528774,1824.6907874695876,-262.86169710805035
27.77323757659163,247.64780334816973,1833.2126049811081,-247.21336378654476
27.76332851624641,247.6724750782837,1841.6168675505191,-231.84608207645564
27.754698078964694,247.69545252110407,1849.7253724668094,-217.05088755224094
27.746005190602723,247.71949035505952,1857.3766393590822,-203.0800029333166
27.73579311308944,247.74759466948245,1864.4362746032205,-190.13229741958716
27.7226407504593,247.78271444911596,1870.803559090121,-178.34594857655122
29.21163368721234,244.56334934248363,1856.6385624972477,-322.2972608533584
29.09496381774592,244.8026721033507,1861.7058445150674,-306.74088404456563
28.980429736807814,245.040123431593,1866.8983332233415,-290.86151592717806
28.869452034918062,245.27278527635335,1872.0993268565958,-274.98329007509966
28.7628965481202,245.4987538556363,1877.1849819765855,-259.4349161858647
28.661031364665234,245.71726695125622,1882.0335548483804,-244.5244753464673
28.563573974467,245.9286539576595,1886.5343309262616,-230.51757602438104
28.469810653751093,246.13413384401716,1890.5949461682276,-217.6218423122415
30.677825473116933,241.53869943870598,1894.705800022135,-363.22971641262154
30.47745193146593,241.93416350552744,1897.2659736177952,-348.5576942849483
30.275136186591343,242.33748750058987,1899.9097200693268,-333.3180991706196
30.074169437146523,242.74235369750684,1902.5724811079988,-317.8165387627537
29.87739114020834,243.14309399792887,1905.1807618049343,-302.38742404894566
29.68694607741247,243.53520620523742,1907.6569008592899,-287.3682936521891
29.504157041657894,243.91567304914633,1909.9245982370119,-273.0736015522678
29.32952729485869,244.28303675318284,1911.914377780581,-259.77231467783247
31.94074198768821,239.02091544190424,1924.6365171691778,-395.2580142587758
31.685174437835652,239.5100861449686,1925.681093126946,-381.8190587587303
31.422532284965243,240.01790284019316,1926.7379904490153,-367.67609256003516
31.157253725380095,240.53631410061746,1927.7719129776597,-353.10165745265755
30.893604369415996,241.05727538317,1928.741462038614,-338.4140008352688
30.63527951311813,241.57351903880138,1929.600967810626,-323.95443186681223
30.38510385800405,242.07919215571508,1930.3030284630042,-310.0607621744183
30.144881054326618,242.570243031396,1930.8015014481316,-297.041352745698
32.85920378307905,237.23728437909872,1944.8995599317225,-416.90220291152593
32.573192954869754,237.7731398662125,1945.1434379577295,-404.56370040036853
32.275860140321804,238.335851642597,1945.3436234143494,-391.47037781741454
31.972147322497978,238.9168300064075,1945.477839218096,-377.86597475965004
31.667103896523635,239.5069309143775,1945.5207484665084,-364.0489611414426
31.365406203563886,240.0973322442875,1945.4444725756402,-350.35352675614746
31.070938629329408,240.68036231941426,1945.2194339022597,-337.1246009724674
30.786516295690596,241.25011754496953,1944.8155829084415,-324.691059559015
33.445148208088014,236.11917905167678,1957.2123452729516,-430.05117932733265
33.1439939895931,236.6759448480128,1957.058473806882,-418.48697330838974
32.828722483627644,237.264669654763,1956.8270785430695,-406.1575556417538
32.50444125209653,237.87672459313916,1956.5011552544888,-393.2878214208232
32.17656374194337,238.50255938012666,1956.062610488311,-380.1615964798879
31.850294713798196,239.13260602371759,1955.4923024653517,-367.1054719206816
31.530145105551952,239.7582009205715,1954.7700981729975,-354.46537057060584
31.219573147852053,240.3723389493602,1953.8751263872277,-342.58001737557913
33.787287917577686,235.47316723020307,1964.1912873628546,-437.505939526281
33.47884370665773,236.0390576985172,1963.841845286648,-426.4165059289027
33.15465379013677,236.6397722446236,1963.3964913693653,-414.56381746744336
32.81986587862831,237.2667613496093,1962.8403848647092,-402.16194801647237
32.480052990412716,237.91034361563692,1962.1586836691922,-389.485879359147
32.14068558191061,238.56061256431957,1961.3364266998403,-376.8569001708902
31.80661428356447,239.2083982509336,1960.358241509719,-364.6205405795229
31.481664243231958,239.8460951749658,1959.2081075934848,-353.1203366161685
24.017128513058587,255.0753091579861,1758.3852844704602,-217.5891473010346
24.10351469966385,254.8779932439917,1771.3857071462567,-202.06135534345879
24.19090182346076,254.67867239131238,1784.2526737838461,-186.774242442173
24.2771318660875,254.48232403626838,1796.740264219034,-172.0032429944607
24.36006225633455,254.29388960139576,1808.6269342126375,-157.98886699177237
24.43772626194024,254.11790646881124,1819.7290718213458,-144.92317957374271
24.50846373468866,253.95820764573565,1829.9095160897632,-132.9424278924547
24.57100774297346,253.81772214238467,1839.0805612234712,-122.12595562136843
25.026213400401616,252.64595598523374,1797.0863329970298,-259.2684764062737
25.02516479432175,252.6537716887268,1806.1376270136288,-242.89109748172035
25.02751456825066,252.6547927531665,1815.2631092819545,-226.507958097946
25.032558695777027,252.65048361838723,1824.2729881551709,-210.4388320508995
25.039286775399347,252.64298821324485,1832.9826656732334,-194.98172775198952
25.046493034095576,252.6348997691813,1841.2261341128801,-180.39247455159997
25.05290626990608,252.62898303717196,1848.866512317096,-166.87049568427997
25.057315802484542,252.627898252551,1855.802540324302,-154.55197391053508
26.282667500644422,249.72318786031354,1841.4132173800053,-306.2356587952153
26.190386062411605,249.93140261135542,1846.738101957269,-289.86152010142257
26.10101386453124,250.1355635274519,1852.208906923096,-273.1700677946702
26.01571572711644,250.33296781982557,1857.7061826041354,-256.49856326252115
25.935165374413895,250.52188309313019,1863.1032370189582,-240.1862163914152
25.859524139706977,250.70163978286558,1868.27579115278,-224.54830975712056
25.78849306695,250.87256619600402,1873.1112612526176,-209.8540431304717
25.721421276518274,251.0357924214055,1877.5162273996634,-196.3113987130284
27.591598603151752,246.79073478513192,1883.4951543856841,-350.1683685501861
27.423384369671176,247.1526073419507,1886.032626375595,-334.6739836125642
27.254723685019588,247.51935707997438,1888.672599855837,-318.5995509686703
27.088468358467342,247.88495128304325,1891.3532512229644,-302.2649056440649
26.927038529304735,248.24403759128862,1894.0030489395622,-286.0170961885847
26.77222673941967,248.5924075931173,1896.5455535448646,-270.2035136871568
26.625104407609694,248.92726995755748,1898.9050803546088,-255.14503675506347
26.48603639554346,249.24730144564847,1901.012360477915,-241.11337335882513
28.722664836066258,244.3425967342979,1916.8401147342367,-384.60365062018667
28.503835089336317,244.79780103480425,1917.674009899252,-370.3750688244155
28.280138705975084,245.2680960077033,1918.5301328172409,-355.4162692445693
28.055495405240958,245.74568514745667,1919.3798107604443,-340.01340705969085
27.83361801889137,246.22287241909646,1920.18764440039,-324.49778602046666
27.6176757302485,246.6927790191305,1920.9129284781652,-309.2218097570726
27.410049091474832,247.14992208006677,1921.511969777226,-294.5313567080691
27.212216858438094,247.5905519786047,1921.9410553640832,-280.7393102735915
29.54775746398396,242.603733257457,1939.5600013092674,-407.911704164469
29.300661418067612,243.10612727609728,1939.4868843976244,-394.8255144447224
29.044961700601934,243.6315222155713,1939.370688340057,-380.9502402300689
28.785070127851217,244.17152627042933,1939.1977172770285,-366.5420121421179
28.52542938803332,244.7173228105119,1938.9510375667865,-351.91184191315415
28.270097001462215,245.26050135868138,1938.6103033917352,-337.4051513720041
28.022393850007617,245.79382377949327,1938.1520718978984,-323.375652413299
27.784679885845634,246.31178348590043,1937.5507591266157,-310.1575788214207
30.07536195859813,241.51157856239126,1953.427830969536,-422.0881140860209
29.81403300439362,242.03546451135125,1952.9023703341154,-409.8102249658059
29.541609522368127,242.58732247750333,1952.293414740212,-396.72881909752624
29.262679508785045,243.15867706000145,1951.5933312363031,-383.0801002562067
28.982034955289187,243.74027685980107,1950.7936027594783,-369.15985846631963
28.704219834556472,244.32296260910948,1949.8840425987023,-355.3056157556544
28.43311790928122,244.8985277238053,1948.8521393817352,-341.87216878092227
28.17165675056257,245.46040850344957,1947.682854719626,-329.2040104769101
30.383903206410782,240.87978107497784,1961.3100973932178,-430.1313424466652
30.115650990458708,241.41320532190738,1960.5619217423591,-418.35055393160394
29.834842153937778,241.9774121011525,1959.7079144086233,-405.7663021366857
29.546116962328828,242.5639778696221,1958.7428940837954,-392.60330469971734
29.254424385365915,243.1635011841966,1957.6621294041715,-379.14792752215476
28.964556676514228,243.76647621524987,1956.4603329903907,-365.73221524684845
28.680705446479628,244.36419777564294,1955.1305643401492,-352.7105042112163
28.406124354843584,244.94952268999856,1953.663428066934,-340.43221125032176
21.9032992894901,259.2649420012271,1735.8378419098935,-197.168250354033
21.99123405398775,259.053487022258,1749.6575924214844,-181.06018556586972
22.080288230334027,258.83929941799624,1763.3331259038168,-165.22308276419116
22.168493816982455,258.6271540515134,1776.6101799782623,-149.93770566586448
22.253933908994078,258.42171486099363,1789.2615238773715,-135.44727399156815
22.33488525538245,258.2271867423573,1801.1006697189698,-121.94414123397917
22.409928791812952,258.0470437641734,1811.9902204640366,-109.56282653131248
22.47801592388924,257.883864142975,1821.844411603397,-98.37947402153065
22.807472296651476,256.92125489921136,1777.1021230872766,-241.21648870879937
22.816586495320895,256.90821165354083,1786.7140331737637,-224.1757222865731
22.829197945672792,256.8874042872861,1796.407866557313,-207.15046265561486
22.84460563305505,256.8603077327627,1805.987120003514,-190.46895432979784
22.861860587657308,256.8289940897082,1815.2619105048539,-174.43489968253974
22.87987111421414,256.79590244876783,1824.0627650377169,-159.30691854388726
22.897518625757442,256.7635763410606,1832.2512593231227,-145.2845657284107
22.91376365461893,256.73441609313494,1839.726339084215,-132.5019865981807
23.93354629275985,254.098737666764,1824.6010906015508,-290.88105247957594
23.860266012181828,254.2802297873706,1830.2110891999835,-273.7961755215281
23.790293844023918,254.4561210337866,1835.9858292510362,-256.4008843312358
23.724583608568594,254.6239159520868,1841.8028197288477,-239.04346416956423
23.663656249630456,254.782037344058,1847.532468891201,-222.0717378209943
23.607593584229498,254.929891744289,1853.0481424402187,-205.80663202267124
23.556092571026088,255.06779408142506,1858.2357236188059,-190.51990724798324
23.508562905484247,255.19678082004444,1863.0011723267598,-176.4193227635705
25.108317528733153,251.2612133043216,1869.9876541993094,-337.404229387056
24.96612448912403,251.59287523191978,1872.5723318251478,-321.19692297252163
24.82444519242067,251.92715624336904,1875.2791379565683,-304.4012391622107
24.685753310375407,252.25832933072067,1878.0476468014926,-287.3490477156182
24.552119269943447,252.58135559425168,1880.8071172117077,-270.3978203083789
24.425051288931304,252.8923009725451,1883.4814266865837,-253.90280523999755
24.30542623438519,253.18857248799588,1885.9949268781215,-238.18965437224693
24.19351171752571,253.46895115219647,1888.2782844397025,-223.53173859715946
26.12576782514272,248.88630343988277,1906.1944132135316,-373.94034605593356
25.937288816004127,249.31005881673101,1906.9095266337806,-359.02737861584376
25.745489591349344,249.74608604908693,1907.6605575921408,-343.36412444971893
25.553828334067887,250.1868969020496,1908.4236734724454,-327.24836868734496
25.365542904031255,250.62516749733797,1909.1676477364585,-311.02227749235954
25.183364502506524,251.05440374159795,1909.8550567552284,-295.0471647645178
25.0093164230108,251.4694665000578,1910.4445272934393,-279.6751141559068
24.84462707863351,251.86687057242477,1910.8937768427404,-265.2220068330421
26.869739996665878,247.19542113807313,1931.004910460696,-398.7152782275593
26.655181004238994,247.66628699293872,1930.7155572682805,-384.98100509498283
26.43400241229567,248.15700899316502,1930.3897609056894,-370.43051799116756
26.210131471479116,248.65946907974518,1930.020573328132,-355.33061766498867
25.987478161426818,249.16522361897654,1929.5974101129718,-340.0028193367565
25.769574699363254,249.66628656820973,1929.1053932150278,-324.8016584645143
25.559278329047622,250.1558384101924,1928.5253493246944,-310.08757563747054
25.35858856488582,250.62873253251988,1927.8346506717166,-296.1985800384497
27.346369870950078,246.1314893151874,1946.2100431876493,-413.804293214087
27.118564071579893,246.6240870131386,1945.4167181255689,-400.9079098552726
26.88191682793795,247.141351092109,1944.541244219285,-387.17725338095954
26.640532682419828,247.67504740262459,1943.5835991452675,-372.8583349977994
26.39864981535571,248.21628333442695,1942.5427553677691,-358.25693133717687
26.160244477898928,248.75633293756204,1941.4152727115743,-343.71951470673497
25.92867820448515,249.28744016923596,1940.1941647059598,-329.6077351447351
25.70645167891406,249.8034509304314,1938.8684375884236,-316.2701562444346
27.62545243330308,245.51530096362217,1954.8742626431235,-422.37274479003474
27.391156009838454,246.0176644317634,1953.8319540718096,-409.99298897016536
27.146706024346667,246.547429388317,1952.6818942227396,-396.7772702045499
26.896265121859923,247.09639234557147,1951.4268748236286,-382.9595362017155
26.64422183543061,247.65549822541124,1950.0702046480744,-368.83573636449063
26.39478112272579,248.21567448384647,1948.6140165852166,-354.74666794612904
26.151582112179497,248.76867974657708,1947.0576020455646,-341.0535005420363
25.917415065492374,249.3078048318409,1945.3962613096292,-328.1098192838601
20.183798129891116,262.83545252251065,1713.895993110671,-178.35612444768245
20.27166033061609,262.6141796808971,1728.4405269505844,-161.7287696093008
20.360662400259223,262.38965522005,1742.8308387711838,-145.39961900416193
20.448996083045508,262.1664598401113,1756.8059155824121,-129.6540067414554
20.534929969839155,261.9490043608502,1770.1341645517637,-114.73742615422239
20.616937541296902,261.7411992679812,1782.6272358216188,-100.84234976738313
20.69379180471871,261.5462071804246,1794.148163118949,-88.10164046872757
20.764616372799807,261.36630580700086,1804.6134583384269,-76.58849549971934
21.000460412847403,260.5729709986712,1757.2145367767214,-224.43825706151793
21.016776229507258,260.54342258963857,1767.3443245898056,-206.81130699247007
21.036559210271044,260.5054580159948,1777.5618766530488,-189.21925977574625
21.059116597190403,260.46054898383085,1787.664883308938,-171.99760080728572
21.083554655410477,260.41069221333794,1797.4591052410372,-155.45474203177093
21.10887807393509,260.35818161288825,1806.7724349452183,-139.851496335339
21.134093967607967,260.3053602103359,1815.4655937860764,-125.38727827295826
21.158302156777097,260.2543969601257,1823.4382376134988,-112.19422289432164
22.017184576279067,257.84635174441115,1807.2822258754095,-276.4244667939451
21.958678614107047,258.0052674833642,1813.1851996815749,-258.7167918395288
21.90365954632395,258.1574804004993,1819.2692944734051,-240.70588773690872
21.85291097551525,258.30068014349314,1825.408899439045,-222.74937559760588
21.806834542458997,258.43342081833345,1831.4716129430776,-205.20226384016306
21.765453953789837,258.555166295581,1837.3286915200242,-188.3899593255693
21.728469763626954,258.66620785049105,1842.864813628155,-172.58605244699345
21.695347311385017,258.7674875581403,1847.985682266,-157.99773439231953
23.07860312476654,255.10081909065332,1855.3841281403381,-325.19071231723626
22.95733755633364,255.40597810682343,1858.0618577525463,-308.3613456891919
22.83720052355491,255.71204136790035,1860.880452270177,-290.9378572932333
22.720349286581293,256.01357643283706,1863.7799063114103,-273.26234648001497
22.608568347618352,256.3058327495984,1866.6894670035672,-255.7009442840404
22.503139454958248,256.58511768167887,1869.532754687201,-238.6152754812037
22.404789797302808,256.8490043940652,1872.233841440424,-222.33455815071304
22.31371876474412,257.09635076630315,1874.7232372915078,-207.13309393157127
23.999300558036015,252.79791679727194,1893.9791766644748,-363.5609167362146
23.83566385942494,253.1934468207194,1894.6433099849578,-348.0519043387095
23.669798421646227,253.5990163032651,1895.3584183529263,-331.7767850524123
23.504766470044412,254.00745387211668,1896.1040467772868,-315.0432832059893
23.34340838727326,254.411794603774,1896.8517273717964,-298.20264320906006
23.188097408670632,254.80589849772275,1897.5660856165318,-281.6234186108398
23.040572000250965,255.18493059209734,1898.2071176686338,-265.6624361548644
22.901868609842403,255.5456273989239,1898.7333405222653,-250.63759525320552
24.67372733542301,251.1548451764056,1920.557512611684,-389.626731710925
24.486065283490756,251.5970323522884,1920.130062006288,-375.3286467360542
24.293242261844746,252.0565225584584,1919.6759829060716,-360.19237002935216
24.098762019407882,252.52549634242098,1919.1934637323095,-344.4938600610176
23.90608152825156,252.99588336884102,1918.676576246909,-328.56343892274833
23.718296896530166,253.46009976166917,1918.1143027527821,-312.7630598198819
23.53788960257116,253.91170590820505,1917.4903666300966,-297.45838498182434
23.366575374426297,254.3458683865084,1916.7840581941036,-282.99003137247786
25.10644723752539,250.11931808359572,1936.9041122059566,-405.5237850501213
24.90650652717205,250.58324085990864,1935.9254157572427,-392.08980912086633
24.699413626942626,251.0691087923858,1934.8702161499386,-377.7963391461621
24.48884555861048,251.56896304701317,1933.7444828169355,-362.89791131042034
24.27856443339783,252.0742801225917,1932.5528904978519,-347.70859826272056
24.07207079920122,252.57675202212602,1931.2969660424983,-332.5821952287673
23.87229877161699,253.06903807589924,1929.9736500827871,-317.8856829649826
23.681408771147787,253.54534666264607,1928.5747113699615,-303.9704722023185
25.36007814717343,249.51894244906376,1946.2396969985462,-414.55914121519027
25.1540905559503,249.99272407865624,1944.987546687975,-401.659121881834
24.939769261004912,250.49110247492317,1943.6306442547066,-387.8963838964812
24.720851113795653,251.0061341586282,1942.1781597487698,-373.51282096191505
24.501240255154492,251.52912553659664,1940.6396300677156,-358.8124313491294
24.284646771723,252.05142674235563,1939.0227557986502,-344.1431445650333
24.074255135080552,252.56522783663087,1937.3313517425372,-329.87144645823753
23.87248384843017,253.06420717206885,1935.564001266097,-316.3538475242485
18.760183790010828,265.91319168250294,1692.94852858055,-161.07740979051607
18.84701697555814,265.6852527745521,1708.1326372592575,-143.98180154607556
18.93495824903166,265.4536812830811,1723.153193331706,-127.20891097569994
19.022334393826657,265.2228753593436,1737.7436539568685,-111.04807186895968
19.10756783014591,264.99701650918007,1751.6690644956718,-95.74669700697892
19.189292530333727,264.7797551829082,1764.7399283635675,-81.49725652921221
19.26643604650838,264.5739837182933,1776.8201330133852,-68.43103043849543
19.338259081261523,264.38172199292103,1787.8286256689044,-56.61848586857441
19.503645374570283,263.7257866828438,1737.926875021506,-208.9222894509305
19.525064614010486,263.6832000456165,1748.5295629278185,-190.77281654034437
19.549854643331035,263.63175552319666,1759.2242336287811,-172.67584797852743
19.577334493120457,263.57291056503954,1769.8035696047766,-154.9730895481615
19.60665995247471,263.5085852877786,1780.0697138895248,-137.9769511676283
19.636917421664457,263.4409384305572,1789.848566601976,-121.94998231651732
19.667218010308797,263.3721325608169,1799.0004848798067,-107.09128134801814
19.696775306057873,263.30413182906676,1807.4261595054622,-93.53103287934815
20.428565843599262,261.0883997686484,1790.0874528631662,-262.9228125937917
20.38160901085933,261.2283468762001,1796.2790910389263,-244.6645707143873
20.338190048623904,261.3607988341499,1802.6658173429219,-226.11012686566647
20.29895595887652,261.48360482760796,1809.1189552514772,-207.62511886530388
20.264215214617664,261.5954271421845,1815.5034736795585,-189.57057777821217
20.233949239441074,261.69577023051403,1821.6887667467681,-172.27557939156583
20.20786637505831,261.7848948562514,1827.5585971239843,-156.0150152744054
20.185481565335998,261.86365131897486,1833.0186937626777,-140.9952971365044
21.394311238693966,258.4292697177661,1840.4291199670984,-313.64320598856847
21.289915212716792,258.7114327688852,1843.2277524179653,-296.2666472613081
21.18704051902681,258.9931852971505,1846.1844325719344,-278.2918640664648
21.08758212721278,259.26936511594926,1849.2389062349657,-260.0697287348897
20.99309176919215,259.53547765495966,1852.319891243189,-241.97367448416986
20.904670315409895,259.78803823797654,1855.350419370138,-224.3705097857689
20.82292923872991,260.0247560169946,1858.2541237198827,-207.59221576552943
20.748019442825182,260.2445442128654,1860.9613572877288,-191.91351364773976
22.232854851137187,256.19472484614414,1881.0208169350817,-353.62121541582064
22.089546697893965,256.5653053276726,1881.68174576695,-337.5893392525176
21.94479054815426,256.94414563936584,1882.4087428279804,-320.7785316039549
21.80131399293264,257.324377924791,1883.1836110036634,-303.5050603418573
21.66162760510229,257.69936767982546,1883.9796049103347,-286.12782595390814
21.527812823459197,258.0632906414405,1884.7625369957104,-269.02132461868155
21.401380597113786,258.4115747194641,1885.493142091164,-252.5460823249618
21.283218648547773,258.74114030952677,1886.1303546780423,-237.02130553933983
22.84791499952899,254.59748224750538,1909.0942733612683,-380.8258303057783
22.682444731993243,255.0140468347621,1908.5867157959283,-366.0340393750003
22.512900331182617,255.44583378923045,1908.0637711419479,-350.38584551862647
22.342422717791496,255.88531992363843,1907.5274613593767,-334.16509303079704
22.174088273516233,256.3247874048033,1906.9752054907494,-317.70951589240383
22.01063348861691,256.7570180760699,1906.3986546663186,-301.387232436334
21.854235217856434,257.1759085461149,1905.7834573473901,-285.5679321029729
21.706384603427658,257.5768930861876,1905.110127488879,-270.59403792842164
23.243005756673632,253.58938176249725,1926.414282057488,-397.4392783612132
23.066159602216025,254.02753334129852,1925.3129443005093,-383.53517796230324
22.88344365991664,254.4853852304252,1924.1430831255407,-368.75052792347617
22.698165179484935,254.9552594901898,1922.915308398452,-353.3471377311685
22.513683579693538,255.42898612604233,1921.6385734200596,-337.6461550358225
22.333103953380977,255.89864300636202,1920.3180145039412,-322.0073681208494
22.159011474312237,256.3572609288291,1918.953331883653,-306.8019420139308
21.99329445497173,256.79936275061135,1917.5381656353688,-292.3832620601084
23.47477171146163,253.00434705959634,1936.325384690334,-406.8899533717421
23.292303299907463,253.45235971580263,1934.9282805267171,-393.53538524320766
23.102895437159287,253.92264043458192,1933.4322759131583,-379.2956482595522
22.90991500336958,254.4075148168332,1931.851562590833,-364.41948426834574
22.716854322536772,254.89863956815316,1930.2004385521088,-349.2176810736899
22.527010481334145,255.38775777038612,1928.4907362205606,-334.04402264791383
22.343195181305372,255.86744791506862,1926.729524834423,-319.26916417522057
22.167528071853,256.33172703625274,1924.917670218642,-305.25165075971256
43.5557910655921,220.99441839612084,1883.5425040157595,-340.49004886323144
43.54977291311262,220.99331365658864,1892.0878197584614,-328.4518670159997
43.53951877551262,220.99971538816524,1900.5996470977225,-316.46164112998895
43.52194392974533,221.01866411035223,1908.8958501869697,-304.76620441672037
43.49351213836198,221.0558701301448,1916.8035817759842,-293.59657639825883
43.45048999416727,221.11732552712726,1924.1706590269223,-283.15258230040337
43.38924254671495,221.20885890858483,1930.87395246811,-273.59185784095655
43.306537889637404,221.33567953945933,1936.8240647880266,-265.0241280087258
45.129208253564194,218.55880734593003,1900.4831576118222,-364.5422951096947
44.99729480320403,218.74822784815677,1907.2324780699623,-352.33717800129347
44.861428787947375,218.945104307514,1914.039113956811,-340.0069433454292
44.721153026862304,219.15045094979342,1920.7521616572265,-327.816295792382
44.57528133489184,219.36634596868424,1927.2207912015701,-316.027431944363
44.42197214077085,219.59582903049989,1933.3048452537455,-304.88085266830655
44.258917262292655,219.84263117154075,1938.883793043955,-294.5794569324388
44.08362011138514,220.11077065206354,1943.8629238943513,-285.27794275086757
47.07540819661569,215.62775648500798,1919.4756502961814,-392.13844389223215
46.81556301011088,216.00015119815535,1924.5345375346385,-380.2823510357523
46.54760151249968,216.38702017013287,1929.6913750434383,-368.1035748038913
46.27397836798214,216.78520426996977,1934.8299764154062,-355.86582590358455
45.996467436200454,217.1924466361564,1939.8283904607542,-343.84919578311013
45.7159538605862,217.60770870270082,1944.5674388548043,-332.3290966716603
45.43238677043979,218.03126700920058,1948.9388006700203,-321.55586649071296
45.14490434637789,218.46456354046828,1952.8515087389083,-311.7381384057386
49.079123932794396,212.696975099758,1937.0060485442973,-418.35880881159005
48.717371521241404,213.2051836499144,1940.7898482409466,-407.3413837327769
48.33990730500878,213.73947747994157,1944.6732592903013,-395.84841942571495
47.95141300680674,214.29383882157893,1948.5673054824665,-384.1227354006382
47.55630390531343,214.8624639970677,1952.375230609906,-372.4412217128998
47.15825258346157,215.44043508901598,1955.9989674839776,-361.0954243398255
46.75984736696527,216.02423415806697,1959.345773793884,-350.3694868578131
46.36245944830662,216.61198369743957,1962.3340422561782,-340.5191042185356
50.78690705124884,210.26315523251478,1950.501446910429,-439.15953421056753
50.36101944459113,210.85000846294625,1953.4790593864664,-429.1456284886555
49.91155265401256,211.47411373901994,1956.5461242381057,-418.57937019349475
49.44431563183764,212.12826638298148,1959.6304457004599,-407.6765719228896
48.965395010345524,212.80467608733656,1962.6517462396125,-396.69877088391
48.48052007692293,213.4958117658296,1965.5268512939401,-385.93737495338087
47.99448777373799,214.19521047958276,1968.1752432423893,-375.6927292516235
47.51077228664613,214.89807220093576,1970.5241221990138,-366.2514594074153
52.0178334529828,208.5430288036754,1959.4801212627135,-453.3583275870021
51.55840209890025,209.16719710058024,1962.0013615154771,-444.19822457157466
51.06947609819479,209.83652528968662,1964.6040093480337,-434.46408153081654
50.55721236816328,210.5436267590203,1967.2252305905429,-424.3502483552735
50.02849082470556,211.27992467278844,1969.7941192639078,-414.1029072452939
49.49022093610322,212.03653458444876,1972.2362226524563,-404.00750296680786
48.94863441736127,212.80521802756385,1974.4785050377886,-394.36990105159447
48.40871264872159,213.57920662022696,1976.4539591776675,-385.49392505061434
52.79825036702883,207.46650468551465,1964.870479753868,-462.04175803214025
52.32303238020099,208.10636445697688,1967.1471234590686,-453.47114222354065
51.814635066921774,208.79609439645455,1969.5008855686474,-444.3278628262239
51.27923925426775,209.52845410373678,1971.8740333230974,-434.7928715674806
50.72403424869524,210.294645763198,1974.2007752655497,-425.1017508750877
50.15651596544228,211.0851810105797,1976.4114371422206,-415.5345046538625
49.583717580793355,211.89089111504575,1978.4371316070192,-406.3984548408506
49.011532438193285,212.7038728379591,1980.2141410584281,-398.0065710255465
53.25221712964417,206.84513409319808,1967.9031428779506,-466.9846912749125
52.769778878481176,207.49135759579943,1970.0515699303787,-458.7725631059325
52.252082092507,208.19002986312887,1972.2750768902586,-449.994055274097
51.70525468637292,208.93407902108473,1974.518683255175,-440.8226331768535
51.13659567729339,209.7146736816333,1976.7193496914342,-431.4876604356261
50.553878901164666,210.522067121926,1978.8099663101143,-422.2656258167199
49.96455727140912,211.34662612205003,1980.7238699579561,-413.4642212241122
49.375028709863294,212.1798398756451,1982.399126182183,-405.401184530583
37.235271247798,230.0273851990139,1885.6088430903187,-321.097316403731
37.254935415348235,229.98463015184163,1895.0667515034347,-308.01345436919405
37.272935759579305,229.94573548177547,1904.4713120962351,-295.00658056295083
37.28653168846277,229.91563083929134,1913.6215247652967,-282.3356780774678
37.292642482582416,229.89979425215904,1922.3278790393715,-270.2395393208034
37.28808060456971,229.90385592711328,1930.424772085258,-258.92129937895015
37.269806084456995,229.93317182696708,1937.7795913121336,-248.53784054162904
37.23517155122545,229.992415834266,1944.297630451561,-239.194985665208
38.67612972302392,227.5417520838128,1907.9999206427883,-349.3000863583589
38.57714230149241,227.69884627255956,1915.1449427896148,-335.89929242935455
38.477477098923735,227.85865563643532,1922.3464143371161,-322.3797017610381
38.37678118926845,228.02202193861626,1929.4427498380023,-309.0242903027183
38.274044760002795,228.1908373560731,1936.2725175813966,-296.109777391614
38.167689533026866,228.36790843177786,1942.685899459938,-283.88647291834627
38.05574926932768,228.5566706885686,1948.5543937155821,-272.562165892791
37.93611207598321,228.7607992948403,1953.7776067522857,-262.2918956931965
40.46201623781078,224.5555899026738,1933.1999126388873,-381.42458689018497
40.24142108364513,224.90497672373152,1938.1895014415018,-368.3075134701744
40.01695230956042,225.26346784514527,1943.273474410787,-354.8425365696262
39.79100402259864,225.6275387882586,1948.3343529365052,-341.31499672630383
39.565281749551794,225.9946555497105,1953.2481856793352,-328.0247911399988
39.340638362590234,226.3635602846408,1957.8932524081065,-315.263490638342
39.117057247631024,226.7343346654635,1962.1584628177002,-303.2927585675506
38.89378252581932,227.10822924050586,1965.9502634978148,-292.3273843937482
42.306117270753525,221.57312440446134,1956.5835579046266,-411.732392490782
41.98737314737589,222.06599725178316,1959.9759904573325,-399.4811379855267
41.65809235148936,222.5795470540115,1963.446726281038,-386.70087640914414
41.3228686954289,223.1071517927774,1966.9119580506801,-373.6553581056369
40.985930838735804,223.64254450477551,1970.2801144141654,-360.64291509242935
40.65071675275866,224.18048433950773,1973.4578000296967,-347.9747647833147
40.319589797810664,224.71724423351242,1976.3560287468235,-335.95107308814613
39.9937493850943,225.2508171011327,1978.8958852626279,-324.8386785774172
43.882715219109386,219.09801399712885,1974.686161219282,-435.6321040891941
43.50111519986804,219.67478446726597,1977.0968506966778,-424.4590073724426
43.10174630609069,220.2837208461249,1979.5565826002162,-412.66253144571675
42.69039298395538,220.91683570587017,1982.0008446617612,-400.4765810136169
42.2729536534855,221.565699467712,1984.3582732998004,-388.18294803803644
41.85484559691484,222.22231730140908,1986.554971678554,-376.09323107817465
41.44049398278904,222.8799343069463,1988.5191476231737,-364.5257464679367
41.03300837484927,223.53360136060655,1990.1854470679243,-353.7811084295147
45.021936243575745,217.34936796383647,1986.787239168051,-451.8737894230404
44.60675426282527,217.9665691337235,1988.661426079027,-441.6293671258046
44.16821671202437,218.62422334846573,1990.5632324290968,-430.73158919769554
43.71253419966944,219.31406549243042,1992.4377858637451,-419.3901819469424
43.246441782954264,220.0267677823705,1994.224300795806,-407.8696358477971
42.776532524578826,220.75287377919688,1995.8596752955132,-396.4747376039077
42.30860890994426,221.48376983392868,1997.2823202493773,-385.52954573161605
41.84718549299469,222.21249275850442,1998.4356865423738,-375.35292685952993
45.745438460182505,216.25525042299745,1994.0765346664755,-461.77731590269514
45.31406895643708,216.8898419681585,1995.6727896752038,-452.1769120089331
44.8558041953303,217.569882498567,1997.2846803480475,-441.92130238591545
44.376934798054556,218.28721269107044,1998.8620743058918,-431.20490918612563
43.884546965911724,219.03222581429137,2000.3494622495252,-420.28009078590713
43.38583614204739,219.79479810721406,2001.689257147842,-409.44520368983666
42.88739093835296,220.56532866195326,2002.8252607336603,-399.0255094996709
42.394590191243864,221.33568274742947,2003.7058034294387,-389.34918098064355
46.16672999167102,215.62381567439323,1998.1861514557772,-467.40477577970034
45.7277807490717,216.26566376648347,1999.6404877979398,-458.19667209701777
45.25991751019414,216.9557175233414,2001.1043414642058,-448.33852101202706
44.76941133606663,217.68597058710807,2002.5299651183532,-438.0161064052237
44.26348593971536,218.44675497002206,2003.8645024363343,-427.47460392044576
43.749629906964685,219.2276546620911,2005.0531544259038,-417.0081982232505
43.23484818264219,220.01857350653282,2006.0424924432266,-406.94210983944066
42.7250039803356,220.81074462645415,2006.78340651394,-397.6093377019282
32.37563765045502,237.60760283052613,1876.5066315802587,-299.56226469370046
32.41563278979396,237.5254176377453,1886.9324542779887,-285.5561904211875
32.45554622398823,237.44436426135263,1897.2908093460376,-271.66112264585576
32.49290580268851,237.36928586539875,1907.3640857700398,-258.1463359908585
32.52499855820733,237.30544545590067,1916.9487339920115,-245.25686161737437
32.54908181173302,237.25813087201837,1925.8685158352841,-233.19807094368718
32.562598336851195,237.2322565572675,1933.9840001698688,-222.12558139906503
32.5633691361013,237.2320092179649,1941.1974672411716,-212.14127321709424
33.67310527520117,235.12530167325173,1903.9331390714265,-331.61717704983823
33.603994524980656,235.24673284365366,1911.5536961547527,-317.1458150869241
33.5363008972427,235.3671286897316,1919.2386655605414,-302.57103165422564
33.46965836384229,235.48732197685723,1926.8167762619605,-288.1918702917731
33.40313061296725,235.60914473832548,1934.117293347712,-274.2973185279771
33.3353093266919,235.7352626633571,1940.9822714715722,-261.1455170211551
33.26448142703396,235.8688851006083,1947.2769139136294,-248.9475481563577
33.18883682815711,236.0133979755848,1952.8967169189077,-237.85781301555895
35.28547942558512,232.1427913396385,1934.9741829197628,-367.99474179116635
35.103561404542475,232.46105754031686,1939.9785233039047,-353.7320020067887
34.92076775234318,232.78381648638387,1945.0871339720125,-339.1089998210633
34.739241736043006,233.1074853075953,1950.1817817188526,-324.4308932377312
34.560463617541515,233.4295222985561,1955.1369645064665,-310.01503644032005
34.3851314374818,233.74866848117574,1959.8288626248973,-296.1665926983846
34.21317087650176,234.06497354383703,1964.144086132514,-283.1561555892806
34.04386366665595,234.37961201172666,1967.9869952191984,-271.20259507208067
36.956733912675745,229.16134704907924,1963.9827420228344,-402.2025657176038
36.6825409684016,229.62774135823386,1967.0536081742734,-388.81587514622663
36.40183228496221,230.1097487932598,1970.1981651361089,-374.8613798560227
36.11884707337771,230.60053713865193,1973.338871333146,-360.6228564869527
35.837396083590995,231.09376010620988,1976.3899548699337,-346.41826875163207
35.56050056790318,231.58419566253284,1979.262866107863,-332.5760872023371
35.29016861880999,232.06818743840145,1981.8722302480887,-319.40977938597865
35.02734603181317,232.54380696111912,1984.1414708258696,-307.1947373819635
38.39137487682153,226.68398487643697,1986.5999145610785,-429.1077740718551
38.057059076052305,227.23809564259756,1988.4938700928683,-416.85826302619466
37.709796973257646,227.81924910259653,1990.4139055192868,-403.92893508813825
37.35503199795323,228.419090568402,1992.3051623988827,-390.57165762349996
36.998182766875594,229.0289884455499,1994.1065212123167,-377.0873570929522
36.64411214718003,229.64090309315858,1995.753970512182,-363.8058907837439
36.29669293799719,230.2481556295513,1997.1843903579907,-351.0610299471334
35.95855331748327,230.8459431112305,1998.3393061604356,-339.1646275016193
39.431562923067226,224.93173973898405,2001.8064954055017,-447.3577892182619
39.064479878622386,225.52886619800188,2003.0682365344687,-436.10141900739376
38.67934639069378,226.16144476851088,2004.3206358084035,-424.12623255445754
38.28208677444831,226.82073882275404,2005.519390492766,-411.6575718904641
37.87896539495486,227.49711847164596,2006.615810408557,-398.9776070415721
37.47597527949899,228.18100750557838,2007.5593099971416,-386.4089557574912
37.078268697176355,228.86383364111924,2008.3000689506066,-374.29164094902393
36.6897435485148,229.5387891844925,2008.791581435269,-362.95692732865604
40.093748719892794,223.8344699430974,2011.0030798773678,-458.4722425273216
39.710538527853465,224.4505220304276,2011.9437503705517,-447.90859767654615
39.305988944996884,225.10716124392943,2012.854575539668,-436.6203536759524
38.88615288313768,225.7957013164995,2013.695969006496,-424.81583603375026
38.457670940314706,226.5061731908806,2014.4250810529136,-412.76376964278614
38.02713242507965,227.22827953802903,2014.9979727092818,-400.7797076469921
37.60043403205568,227.9524282329383,2015.3717941880554,-389.20467646332196
37.18226875036258,228.6706309014775,2015.5067144575914,-378.3796390099551
40.47990485448366,223.2008947541388,2016.2007402671516,-464.7830868921623
40.08899734763981,223.8250524032694,2016.980247806674,-454.6425397284401
39.67485526948777,224.4926538055495,2017.719102000352,-443.78093506404167
39.243543679799934,225.1951385285587,2018.379896535827,-432.3969192490646
38.80186131028408,225.92244357294902,2018.9225504364995,-420.75121470542973
38.35669332220852,226.66394963865142,2019.306374451284,-409.1545733158977
37.914336921650474,227.4095463457979,2019.4920372443403,-397.947835717105
37.47993503771471,228.1506045488605,2019.4432052205511,-387.47682905280567
28.617161621673077,243.95263648786403,1860.7333454632294,-277.5534243320659
28.67144621723715,243.83694975937868,1872.1255122376401,-262.74302508329356
28.726535119817157,243.72047742120523,1883.4388301188671,-248.07850020680715
28.780178138937654,243.60796984678785,1894.4414806402613,-233.83765877823356
28.82996691160116,243.50447431926693,1904.9184436483392,-220.27046321292457
28.873524048749506,243.41494924943288,1914.6853958631996,-207.58367799798302
28.908684249000927,243.34389754535118,1923.598356658898,-195.93134780491764
28.933645070934766,243.29506309002414,1931.558400674979,-185.41151673335105
29.77807441903399,241.50778095737894,1892.523102765417,-313.03583742979527
29.733285965429452,241.59537620878473,1900.6747416242836,-297.6259810497876
29.69111626452466,241.67919370672743,1908.9022714135035,-282.1325851496316
29.651150342766876,241.76012810706052,1917.02550004056,-266.8683112935949
29.61249005093793,241.83999885477363,1924.8654918544062,-252.13216588598485
29.573856332998055,241.92136341523042,1932.257534641527,-238.18825900624543
29.53374193046052,242.0072294371421,1939.0619783880063,-225.24969704845734
29.490587433045054,242.10071558180388,1945.1715646506977,-213.4695271922688
31.223820700915766,238.56788444094954,1928.7176583996682,-353.23782751031484
31.07588538265371,238.8530016408471,1933.8301681362352,-337.96296325922424
30.929003882035055,239.1389866007537,1939.0644729295145,-322.3243894017126
30.785011463439133,239.4223763060599,1944.3010989168897,-306.64452945206455
30.64512884835625,239.70075987030285,1949.4126276803154,-291.25541886594164
30.509880821633413,239.97297439786607,1954.2729859577917,-276.47314064214027
30.379124488863546,240.23909916479573,1958.766575711088,-262.5748909352756
30.25217210133901,240.50026422242553,1962.795930667414,-249.78191462420065
32.727511010400384,235.6239849171726,1962.7970090965782,-391.0047522079997
32.49424449926383,236.05908338481308,1965.6515053155706,-376.6061371394455
32.25733205409799,236.50550730615174,1968.5874495621351,-361.6129966729574
32.02055398931077,236.95648226749424,1971.532875898819,-346.32711121876815
31.78723804609026,237.40581584155058,1974.4068105810825,-331.0834646614425
31.559960464151644,237.84848882607213,1977.124415329882,-316.22486348901185
31.34037493033847,238.28104422908208,1979.6028343490718,-302.07521501665224
31.129192926592815,238.7017094021178,1981.7669085303814,-288.91593009876357
34.02340078169568,233.1726194501404,1989.5686304767214,-420.69624565467404
33.73370898754298,233.69767018351283,1991.04662522491,-407.48057931601164
33.434751997383884,234.24516391379726,1992.5430300705762,-393.5419460944294
33.131482848001816,234.80668978578458,1994.012437025449,-379.1488590642987
32.82873372474635,235.37370898566215,1995.403144306043,-364.6192780643185
32.530755069129825,235.93839049942497,1996.6597075428126,-350.29864003434574
32.240854795256816,236.49432683472895,1997.7260809203722,-336.5332245067099
31.961203732534745,237.03699080023935,1998.5490131121699,-323.64335915531234
34.96625158404084,231.4354498460534,2007.6795319905782,-440.83312343318113
34.64529044746565,232.00534601541284,2008.4212150026606,-428.66455532987794
34.310491686582054,232.60602144972933,2009.1330086706841,-415.72508156781754
33.9673144525706,233.22859065438905,2009.7815267976864,-402.25483379700836
33.62141364615152,233.86344407527733,2010.3297715907677,-388.5520119614944
33.27809545845216,234.50117859868368,2010.7385699364108,-374.95471659609507
32.941829301375606,235.13350294053308,2010.9682415046984,-361.81613994717463
32.61591183923944,235.75393608243988,2010.9804167980233,-349.47717272010607
35.567979339916334,230.3461173424811,2018.679338755151,-453.09605735784515
35.231368987722135,230.93614009645486,2019.050088086969,-441.6623107049557
34.877929551113226,231.56209460036135,2019.362178109936,-429.44770034500124
34.51328167313647,232.21508974725805,2019.587287865997,-416.6738730745939
34.14346307224162,232.88512490956063,2019.6951630870376,-403.62465904162957
33.774349564883096,233.56204247083303,2019.6546655025522,-390.6305416501973
33.41109838216164,234.23652125123604,2019.4347750596344,-378.04579609794496
33.057721464913534,234.9009171614799,2019.0055667674628,-366.2213608298771
35.919435075399036,229.71657971990433,2024.91245503825,-460.0588735272213
35.57524531143659,230.31540870590675,2025.0985595807042,-449.07528871362746
35.212486850454226,230.95305758488104,2025.2104955292948,-437.3125360950427
34.83681675883373,231.62073058325245,2025.222126876446,-424.9817074419423
34.45444051232623,232.30830434823812,2025.1062982511316,-412.3578552292694
34.07152244556763,233.00527592040424,2024.835751719772,-399.76633091201677
33.69359375237102,233.70179629579056,2024.383846773654,-387.56107997362113
33.32507524931464,234.38958531778636,2023.7251194030657,-376.0980197246049
25.67024373332994,249.28719319208477,1841.4524881531495,-256.0828620808778
25.73381223196701,249.1446993836904,1853.7657844951195,-240.5686950595242
25.798640197208076,249.0001015513918,1865.9899683890417,-225.2338163366067
25.862666741205498,248.85804110706962,1877.8812911488542,-210.3631475684947
25.923737782649816,248.72334819284058,1889.2155777569933,-196.21051927107152
25.979775559164043,248.6006685127646,1899.8025259851383,-182.98354676908227
26.02893178122676,248.49412750344305,1909.495395927885,-170.8345500108974
26.069705904219305,248.40707159125256,1918.1953835000145,-159.85794024227485
26.709613398909205,246.8978703363747,1876.893971714947,-294.5551211801933
26.68354438768842,246.9557856109013,1885.5982832176746,-278.3262185473569
26.660718041753633,247.00799086200482,1894.3900734893841,-262.0350002587243
26.640670797774654,247.0554580271181,1903.0810177164608,-246.00553452510206
26.622534760222358,247.10000055683076,1911.4850365823972,-230.54497065283505
26.605139817018,247.14407347204397,1919.4318957964358,-215.92191719340033
26.58715207407861,247.19049234794576,1926.778354482744,-202.35059272189542
26.56722295628434,247.24212295270823,1933.415540279922,-189.9822895860712
28.005677394336722,244.0221317405045,1917.4696747368569,-338.1198072239808
27.885852349406964,244.2756552528824,1922.7652691431938,-321.96029051080336
27.768249443728863,244.52732215978932,1928.2029103983573,-305.4388858196827
27.654409324998632,244.77386738478896,1933.6611819787802,-288.8927227969795
27.545315710558246,245.01306013993556,1939.010291302699,-272.6659465497519
27.44134330671117,245.24385824772887,1944.1217423614214,-257.0832949475756
27.342296981254297,245.46637898608864,1948.8778556737966,-242.4267105819221
27.247526801817074,245.68170544870685,1953.1796640760294,-228.91857619364757
29.3571907301457,241.13707248620315,1955.9449630564454,-379.0543083500496
29.15914525520271,241.54032170638084,1958.686388254178,-363.76744477278623
28.95941026841848,241.95145525186314,1961.5241499892895,-347.8679390522216
28.761305576099193,242.36390170842552,1964.3904402345115,-331.6732589875353
28.567701198763597,242.7717329440249,1967.2075926231123,-315.5327371691434
28.380772426677375,243.1702037033544,1969.893101405283,-299.8007870592812
28.20187080900589,243.5560902191155,1972.3655041643774,-284.8093297101778
28.031523468922376,243.92778130245063,1974.5502721063035,-270.8437808499179
30.525770153271285,238.7290506576156,1986.388606771916,-411.25969024927105
30.275400205467445,239.22312753279743,1987.5621909728075,-397.1922617427682
30.018455369988306,239.7357651417257,1988.7572207942408,-382.3691380573353
29.759367406732057,240.25868826441345,1989.9363751408482,-367.0736398353304
29.502389527893676,240.78361235121127,1991.055605484652,-351.6383684820516
29.251200988544205,241.30303395410598,1992.0660795556935,-336.42164718278997
29.0086094890643,241.81088886112045,1992.9169146536697,-321.7795960458493
28.776402829196773,242.30295534357973,1993.5584197629173,-308.0386107342226
31.378608958541474,237.01891076414543,2007.1070371701749,-433.1194240274588
31.09886127540091,237.55891885075312,2007.4394335017596,-420.1444201670562
30.808476207311575,238.12563065634677,2007.734088218043,-406.35746480348325
30.512392510695577,238.71022464675877,2007.967486444014,-392.01206054433663
30.21564249055603,239.30330268850847,2008.1126854133481,-377.42037884198555
29.92287411360039,239.89578705916165,2008.139870479899,-362.93348046791596
29.637937133673425,240.4797693334141,2008.0172769549379,-348.91515176959314
29.363609272081924,241.04914975355456,2007.7125468567328,-335.71330816620184
31.924145937735585,235.9448177968966,2019.7432638631967,-446.44009694320755
31.629506940695585,236.5057793573298,2019.6521671388157,-434.2361086384461
31.321537960187733,237.09853226425727,2019.4872059342497,-421.2061465076359
31.005357024128937,237.7142005807944,2019.2305562944423,-407.58404649369965
30.686370514840863,238.34295819407757,2018.8631163186978,-393.6668434234006
30.369758786364926,238.97495660574492,2018.3645564128697,-379.79769928498126
30.059996594021467,239.6012679293921,2017.7133916829987,-366.34154041114016
29.76049915308289,240.21466184115695,2016.8872811157858,-353.6567862515744
32.2432558245048,235.32345677343565,2026.9222474801863,-454.00664831888116
31.94132598704747,235.89374078004977,2026.620828584994,-442.27638835553586
31.62448817652655,236.49868700996018,2026.2257304649497,-429.7199757718473
31.297912469226976,237.12948692503645,2025.72149646307,-416.5599319760362
30.967174398563298,237.7761682725986,2025.0925917652355,-403.083955622496
30.637727563550115,238.42852402355302,2024.3232785284908,-389.62977889596647
30.314389864509984,239.07709905242976,2023.3973119202028,-376.56194696222735
30.00094353600751,239.71404139849864,2022.2977023648946,-364.24398926391507
23.319902900125342,253.80897204620845,1820.673623747371,-235.67406522235032
23.389114785558853,253.64571334933134,1833.8391095681204,-219.53883196315843
23.459791209703404,253.47944029615078,1846.905707451392,-203.61389153822725
23.53003345113998,253.3146737431809,1859.6197444861577,-188.19013650273504
23.597899978622287,253.15603048362988,1871.7497864960621,-173.52451923465466
23.66155856206117,253.00786515297625,1883.1012192261983,-159.82511815831668
23.719416935066693,252.87396247699252,1893.5258638232579,-147.242488753578
23.770216232414125,252.75731664245438,1902.9259506032781,-135.86764417549637
24.25463760780277,251.4826982176099,1859.1254861227271,-276.73947894819827
24.242604427562714,251.51561453071562,1868.376543526062,-259.79285529033274
24.234092523433336,251.54147663033308,1877.7252268692303,-242.80476362659283
24.228601047278282,251.56132452971252,1886.9759016759722,-226.10887169574534
24.225292102050897,251.57695768658638,1895.9363630012745,-210.01895349243924
24.223090656560153,251.59072709534368,1904.4319341865275,-194.8070663960846
24.22080965096271,251.60526433645512,1912.316832898789,-180.68792293539866
24.2172770549123,251.62319825610487,1919.481478324642,-167.8108665927196
25.420835334826698,248.68063285278984,1903.3594001468298,-323.23629003276744
25.32360141670562,248.90571484377827,1908.8873511351724,-306.3037095218136
25.229263263602487,249.12692899305807,1914.5773771329955,-289.01384270772326
25.13910607268389,249.3412279782372,1920.3055705004094,-271.71628155788375
25.053915844363637,249.5465637517952,1925.9394743984199,-254.76516659412107
24.973948645365525,249.74200770994278,1931.348162459713,-238.49205873381953
24.898976387104494,249.92770359859057,1936.4120912298267,-223.18233529928938
24.828392616751195,250.1046773094351,1941.0311762553388,-209.0586848782837
26.63903103031218,245.86459452251611,1945.567422425534,-366.9584345823382
26.470298770804213,246.23775853369432,1948.2801104244231,-350.89487994246446
26.30118438838538,246.61610848121262,1951.1071540012717,-334.20633171034274
26.134590894281864,246.9933395025435,1953.9834543925003,-317.2237318988509
25.972989820320212,247.36382272139605,1956.833280467442,-300.30840388023256
25.818220327925868,247.72309562449442,1959.5753078206517,-283.8241286395403
25.671391658500514,248.06815781973134,1962.1286383132126,-268.10888777931325
25.532895184814425,248.3975366888141,1964.4188784576677,-253.45071114677347
27.69499876097865,243.5088622402696,1979.1833338478132,-401.4008991601487
27.478028414939438,243.97272448037097,1980.1525180217113,-386.5873966965623
27.256416941953464,244.45196620172612,1981.1525979856951,-370.9930960274833
27.034105927091673,244.93854802143747,1982.1526472374453,-354.91422271811257
26.81482814636695,245.42450945496995,1983.114393551738,-338.69577430797705
26.601768756731268,245.9027108808622,1983.9937617951857,-322.706597775957
26.397319468334413,246.3674358108799,1984.7433896998637,-307.310518293285
26.2029638306159,246.81474999322324,1985.3158599816982,-292.83815280423323
28.467600625875164,241.83228396438452,2002.1868014543118,-424.80936999118575
28.223279996831018,242.3425564591837,2002.214639038395,-411.1271457589609
27.970710697487533,242.87609842422998,2002.2054389956152,-396.60038383493804
27.714326620141524,243.4242737771986,2002.1439628365808,-381.49436870654864
27.45858677361602,243.9779897762488,2002.0113549220732,-366.1332127480018
27.20755776566513,244.52855253150142,2001.7850244601223,-350.8786939819162
26.964561939224204,245.06845970745476,2001.4390595732748,-336.10290124067046
26.731953766699505,245.59198311460182,2000.9453222853804,-322.1588828055496
28.96278626988427,240.7775755873624,2016.27143234509,-439.088014707584
28.70447018610344,241.30929848513787,2015.8238444649455,-426.20824342551583
28.435488253733254,241.8692666902448,2015.2968916187754,-412.466115259413
28.160460355243558,242.44875028347073,2014.6818055242388,-398.10636525352743
27.884201791987998,243.03820569597875,2013.9687218641216,-383.43728877109004
27.61127029889298,243.6281661720397,2013.1459184820196,-368.81259853407016
27.34555259806285,244.21013180460216,2012.1992032421983,-354.60566616822865
27.0899694567541,244.77728575434296,2011.1117746375771,-341.1803988064602
29.252820093122654,240.16679470042607,2024.292794417679,-447.2039755068199
28.987597775651228,240.70818435176602,2023.6088441142733,-434.8185702547532
28.710284136877085,241.28064281517226,2022.8219820825689,-421.5688735811467
28.425559522985232,241.87548484103507,2021.9261054277156,-407.68758287069636
28.13840434132417,242.4830033033544,2020.9154486107593,-393.4732930922031
27.85363074487139,243.09336772452843,2019.783591884277,-379.2740361794091
27.57543750015021,243.6975588163792,2018.522375926595,-365.46278509682816
27.30707342543635,244.28815806909756,2017.1211204978392,-352.4086814580002
21.412065775288497,257.6791541340269,1799.594033761302,-216.5462947935277
21.484432601995966,257.5000876626716,1813.5344469633942,-199.85776343693243
21.558327554085857,257.31736933395354,1827.366494598254,-183.40790205634968
21.63199158789729,257.1353924318274,1840.8282615919848,-167.4926879905489
21.703661247306137,256.9585690252207,1853.6825738667394,-152.37162566889265
21.771706002355852,256.79098686028635,1865.7317655549332,-138.2529952475311
21.83474088695346,256.6361264381911,1876.8271546750225,-125.28560505997092
21.891700948163553,256.496672308625,1886.8725975068733,-113.55730251463748
22.25796937111842,255.4173225483255,1840.5190406138026,-259.86508026342244
22.256360812614734,255.42959285806802,1850.293567681156,-242.28481531643138
22.258354135263378,255.4338740800011,1860.1739786434653,-224.68276937369563
22.263423301485147,255.43125752471727,1869.9581330560864,-207.40078784188358
22.270761147371736,255.42351781662182,1879.4486201329328,-190.75809082428694
22.279375984857477,255.41290086590854,1888.4672284917478,-175.02941400576847
22.288204919577016,255.40186417353405,1896.8664624659127,-160.42955670241287
22.296223050537392,255.39281797332265,1904.5367080631204,-147.10584969190654
23.31326054935148,252.6911974289691,1887.789289931701,-308.91815278741484
23.23398878277329,252.89141139057085,1893.5765013611008,-291.3066209362723
23.157978345320497,253.08627672887206,1899.5441930858678,-273.34370384926535
23.08630195852483,253.27295548335786,1905.5656480546218,-255.3895877026277
23.01958656835855,253.4495653919621,1911.5056413789403,-237.80675558414427
22.95799776521799,253.61527331902812,1917.2309364570776,-220.9321895051128
22.90128928188306,253.7702347111204,1922.6204019644947,-205.0537504212474
22.84889966326435,253.91540971693402,1927.5732102180834,-190.39390773804666
24.416712488079995,249.94732850276148,1933.139676806295,-355.08708654434986
24.2720226620409,250.29316351626628,1935.8856876541263,-338.34264512946885
24.127818758680615,250.64208148278752,1938.7647452976187,-320.9646270681777
23.98664417982294,250.9880599793787,1941.7132569082269,-303.29552926391955
23.850636112673268,251.32576548822007,1944.6563666921581,-285.7067045912174
23.72136003634399,251.65099890223613,1947.5131058168708,-268.5695696277707
23.599735084255855,251.96095699510937,1950.2026116239595,-252.2266917373063
23.486054540151706,252.2542775944718,1952.6503772144408,-236.9677334384146
25.3749692247138,247.64725168648368,1969.466501873353,-391.51037486904625
25.18587405334031,248.08298759971322,1970.3118837259883,-376.0429802942843
24.993526923133373,248.53152371134357,1971.200931708191,-359.7751301406502
24.8014343804824,248.98509824199976,1972.1075297098341,-343.01421756977163
24.61288137268598,249.4360914602845,1972.9975565842442,-326.1157076548274
24.430639791414812,249.87772044968872,1973.8301944684576,-309.45707565137724
24.25676330767547,250.30459233792317,1974.5603695164768,-293.40811762550805
24.092498378254646,250.7130246455853,1975.1420472533155,-278.3024126391605
26.07747789344647,246.0070209254857,1994.447632865314,-416.30161338865594
25.863023887180212,246.48920419092497,1994.2592108050023,-401.9996066042321
25.642101978098232,246.99180403992327,1994.03969677233,-386.82676908862993
25.418688205946463,247.50642918199088,1993.7804951319572,-371.05865199181835
25.196739212141967,248.0243263029609,1993.4690078316312,-355.0294874615838
24.979827278309312,248.53719120080993,1993.0880288615037,-339.10994753671736
24.770838314992602,249.03791096188348,1992.6158411146896,-323.6785909217106
24.57178816563073,249.5210946678068,1992.0271903072771,-309.09216835236987
26.52846872357434,244.97360005578568,2009.7971706782255,-431.44096557049386
26.300948311937088,245.47747462231962,2009.0841118242793,-417.96914118788004
26.064785850449905,246.0066071872399,2008.292548397782,-403.6052561075098
25.824142432786253,246.55248347894315,2007.4211919884403,-388.6035088814878
25.58330981908021,247.10588601454356,2006.4675464044935,-373.28185885230897
25.346310364168712,247.6577460622026,2005.426525811892,-358.00271158747967
25.11653935867115,248.19998101053415,2004.2893620340922,-343.1461150059977
24.896516743590333,248.72615636772048,2003.0432055034685,-329.07995744550965
26.7929068114051,244.37454901388054,2018.5583441921262,-440.05257122622476
26.55890214476096,244.88829577445614,2017.5837675160587,-427.0933954414134
26.314966549803653,245.4300611166394,2016.5040035301245,-413.2385832028688
26.065325653217446,245.99135667163776,2015.3207851899429,-398.7297528319416
25.814428751979097,246.56279045149495,2014.0362571842354,-383.87479527648065
25.566533231033215,247.13493011219077,2012.651299257963,-369.0302603724484
25.325317364755534,247.69918584474428,2011.1638722411185,-354.57579351195136
25.093594597100665,248.248543846622,2009.56788843482,-340.8846251384154
19.83728568682883,261.0247192918728,1778.8925431905298,-198.7482060811419
19.911156647669163,260.8337386343159,1793.5313975929453,-181.5624422872902
19.986541241030867,260.6386503029187,1808.0526844518135,-164.64121908031032
20.061801126317476,260.44371787244773,1822.1876362414125,-148.28487617798572
20.135322703071413,260.2531603234758,1835.694522974898,-132.7550452626756
20.205642068652832,260.07082291009664,1848.373562358181,-118.2600293916295
20.271543114526416,259.89991595851245,1860.0762149497925,-104.94693441248228
20.332117335623092,259.7428527891602,1870.7083219214137,-92.90065824188142
20.608019566941625,258.82549439528094,1821.8553206852475,-244.036031224784
20.614146995322375,258.8208505727956,1832.1210833766174,-225.89172955362227
20.62384662654571,258.80756396971617,1842.4991471369342,-207.743924055372
20.636577106629524,258.7867603832932,1852.781631496558,-189.94145887550513
20.651562031974187,258.7601802099385,1862.7666975649367,-172.80814175607705
20.667882640782736,258.7299653978067,1872.2733427763199,-156.6208024231657
20.68458098119443,258.69841091326975,1881.1529891334326,-141.59406108382922
20.700754631356507,258.6677276398988,1889.2964717813472,-127.8732414526985
21.56906090311418,256.173606150967,1871.6480902619103,-295.32681725243526
21.50406289067043,256.3523752893833,1877.7051778703358,-277.1147194693204
21.44250343519097,256.5247000345248,1883.959042807246,-258.55761850897335
21.385281374880996,256.6879317921122,1890.2800253943165,-240.0248019576511
21.332896988382785,256.84033187843187,1896.5301788557554,-221.8857384759196
21.28544774393836,256.98114267941463,1902.5741338905427,-204.48182963215845
21.242679129020445,257.11051865680037,1908.2894546676985,-188.1027270311394
21.20407312237865,257.22934959202576,1913.574898061714,-172.97034475737644
22.574420721572928,253.50101507754124,1919.640493180308,-343.64803656231504
22.44937801630955,253.82252159465662,1922.4624528225725,-326.30327894320465
22.32539714575812,254.14546665816536,1925.4355105367051,-308.31883214054324
22.20471760427393,254.46410191899233,1928.4966727350238,-290.0471469993854
22.08920007286572,254.7733677347027,1931.571204511802,-271.86805358715014
21.980188673003926,255.06930032784075,1934.5779554244707,-254.15919155450382
21.87845406320689,255.34926357936158,1937.435784662548,-237.2666959993315
21.784218498791915,255.61198047851005,1940.069978136399,-221.48115987786844
23.448602746730764,251.2565987456323,1958.2764682655154,-381.8256726074158
23.282629295661234,251.66680191832143,1959.0592031963006,-365.7826304257042
23.114410179640895,252.0877133979352,1959.899737920885,-348.92338247752633
22.94707594042726,252.5118581246018,1960.7754458727222,-331.5649822292084
22.78353339229328,252.9319465797244,1961.6550730023753,-314.07177183107973
22.626212854388985,253.34152671206766,1962.4999343277996,-296.82834197452405
22.476895136047155,253.73549439371098,1963.266370947837,-280.2091816079343
22.33664164938157,254.11038190762224,1963.9091515982304,-264.54989886979143
24.09045928631004,249.6531590031312,1984.9611661222602,-407.84985091323523
23.90098985589443,250.10954740538241,1984.62643498525,-393.00277859332147
23.70639042935055,250.58398909700566,1984.2695023626784,-377.263250126631
23.510235327056883,251.06835917559624,1983.8869697950772,-360.91574329203996
23.316051199971202,251.55424407212396,1983.4709692937522,-344.30311773974006
23.126995936601258,252.03371099067562,1983.0082248972767,-327.80335315621744
22.945598027625202,252.50000223055216,1982.4799654626474,-311.8001827049369
22.773602920586352,252.948023624051,1981.8628752570573,-296.6529786107768
24.503053060947423,248.6414891411693,2001.409104839442,-423.7606774256627
24.301416171548976,249.11962572212002,2000.5042764712425,-409.76861709369956
24.0926849497619,249.62051559742008,1999.5257262427924,-394.85981173650714
23.880613765074653,250.13588948726587,1998.4781937973776,-379.296707904472
23.669042237331585,250.65686409422267,1997.364940180832,-363.40549744375295
23.461540556526323,251.17475543031173,1996.1859059430599,-347.55578885301566
23.261097774810413,251.68186752057332,1994.9362974410317,-332.1329304646897
23.069910376404568,252.1721070658198,1993.606052143491,-317.507680547148
24.745196556033978,248.05449963088168,2010.81597164198,-432.8180734896088
24.53749705853793,248.5426104425506,2009.626041730291,-419.3550569184821
24.321533745872816,249.0561654663067,2008.3331121108358,-404.9702317208396
24.101126585185735,249.58690674940115,2006.94532031289,-389.9129984451664
23.880263858918816,250.1257698630486,2005.471087128623,-374.49916960696
23.66273223252684,250.66371093572687,2003.9169152518962,-359.09235379675164
23.451777673653815,251.19254115739625,2002.2853357441318,-344.07749602834394
23.249860286452048,251.7056106957775,2000.5735703718894,-329.83078514733575
29.56962080122175,284.01683514396575,737.2693198678187,66.16515658621866
30.155319014327855,283.07157054054045,749.1659516563366,75.796291854588
30.57332637040171,282.4087979206985,758.0036907311323,85.79076713547045
30.975920829522064,281.7700819460569,766.2719968381256,94.98203992988357
31.36080067662982,281.158926793767,773.9279788607621,103.33005281639052
31.727169546253396,280.57647584834,780.9618671913713,110.83257766026077
32.07555721885371,280.0218117286391,787.3915579393301,117.51805649524816
30.98110607909783,281.6816306337136,754.6374599036478,11.74651958204629
31.262061345048167,281.2470250795639,761.4794672077196,24.31157426531712
31.545268977132263,280.80804016214324,768.1979352186506,36.49753213338255
31.82711657919318,280.3701774026995,774.6932485010107,48.11607174535901
32.10466380043145,279.93791760225224,780.8861527844988,59.020183507724795
32.3758556782783,279.51439124806757,786.7215713532331,69.10974270871097
32.63960861119007,279.1012468175947,792.1693566529507,78.33157049137141
32.89576370484944,278.698726276939,797.2222739465708,86.67487914993221
33.061440484756794,278.35704414125644,782.1989509739398,-33.90379560614292
33.181149795506975,278.17951789596134,786.3604358846947,-21.069581066818415
33.307695784209706,277.9907793813837,790.5489003295297,-8.302961596714766
33.43978619035612,277.79259367319764,794.6963376089575,4.168977854801653
33.57620833153136,277.58663347108336,798.7421635863186,16.145657935591515
33.715980349532195,277.3742559444139,802.6375811141738,27.465989845707952
33.85845779440282,277.1563442903259,806.3481815743424,38.01575688316578
34.00337416738676,276.93324788868756,809.8545459678057,47.72899905654904
35.18225070516983,275.04080014744585,807.7112170380074,-74.76805222365073
35.17002813551965,275.0656179323078,809.9004386348121,-62.657197117085786
35.16409366150807,275.0808552489202,812.1589987152165,-50.33681583726121
35.165434750881246,275.08478162982357,814.4510918746648,-38.03380367975214
35.17483618720949,275.07596415995016,816.7414544532166,-25.96845828492542
35.19288437362743,275.0532793555737,818.9983932974812,-14.337487320613889
35.219995596317645,275.01588732855873,821.1962207701181,-3.3007130100119753
35.25645181643488,274.96319111054316,823.3167105335338,7.026731163012329
36.963249798781966,272.30662289884293,827.3537227858487,-105.40024594149239
36.86576390438188,272.45755450241353,828.3652977419442,-94.44013029909834
36.77117029985336,272.6046407873501,829.4333786789861,-83.10541201697836
36.68197717525718,272.743958676502,830.5431655768447,-71.6006874890756
36.60049832461426,272.87182834752286,831.6785461018201,-60.139233973037335
36.52871275628532,272.9850412236854,832.8235810896481,-48.9258864927929
36.46817594686326,273.0810150478251,833.9639571577741,-38.14127247545787
36.41998605683784,273.15786693110095,835.0881375053984,-27.92993637434691
38.22592982493442,270.3935276495845,840.3917448137536,-125.36651860619511
38.082504393837446,270.6102994306906,840.7906323522354,-115.44531265128921
37.93850085542404,270.82869540296,841.2232503441039,-105.07849897130771
37.79716560887738,271.0438036125288,841.6852679411854,-94.44756670284684
37.6616681422944,271.2507598057902,842.1711656166281,-83.75120257661669
37.534870072616144,271.4451024890202,842.6747555759237,-73.18960502947891
37.41914429523833,271.6230622171964,843.1898170612016,-62.94849995073065
37.3162665041465,271.78174770890615,843.7107206948791,-53.18556033371365
39.01548710997574,269.20708565926714,848.1973125359532,-137.18941462882577
38.84962167867527,269.45517923132394,848.2957506695587,-127.99379392345756
38.68075488243749,269.70859070972233,848.4111147769349,-118.32903047781446
38.512423980181616,269.96205611632985,848.5437239959758,-108.36068120154792
38.34819639565646,270.2101944549854,848.693150102515,-98.27558043456469
38.191394413518886,270.44792143700454,848.8582584817915,-88.267566584326
38.04486026641311,270.6708141890459,849.0373697072637,-78.52196276373223
37.91079585091557,270.8753725353962,849.2285063333236,-69.20149316055199
39.47065815713048,268.5262811712575,852.5813864367453,-143.78966030981906
39.29409726647714,268.78899353243446,852.5332875883112,-135.03544833889475
39.11309839013454,269.0591734926768,852.4921488100191,-125.80610983444706
38.93130278836066,269.33144998527257,852.4603392174839,-116.25777072813574
38.752451609558335,269.60023111327786,852.4398100347573,-106.56981316378375
38.58009049535817,269.86014310285606,852.4319105600275,-96.93147208746944
38.4173065032315,270.10643307836796,852.4373049773151,-87.52677251339946
38.26653778119645,270.3352728234883,852.4560019497296,-78.52035527411877
41.93005216275049,405.5214745942289,795.0668267657106,25.325169887861207
41.43660470534489,398.20089190909533,799.6747039823033,37.59516837280843
40.94077514985906,390.96603946737264,804.0827337972881,49.36762935767625
40.45598969682137,383.94733638191354,808.2652944499471,60.50356672796235
39.994036453858655,377.25163019567026,812.208334424718,70.90028273475866
39.56444066851213,370.95747493133166,815.9088002390586,80.49310653692491
39.174180713228644,365.11403864205226,819.3734315932356,89.25387747875358
38.827699486962494,359.74311759366776,822.6169572641377,97.18673725735565
41.281274584032275,383.3398585639181,808.0145687916236,-10.05460912589146
40.79735423987351,377.9347028878468,811.0372364840715,3.1403484596368685
40.321598216280044,372.5446607788753,814.0330559559611,16.01724433270823
39.86363758645042,367.26346962982024,816.9688306750613,28.385917581420642
39.43200361359198,362.1733335453374,819.8183152750212,40.091925506200326
39.03365451920424,357.33983310125035,822.5634290448891,51.02293363116816
38.673710517775895,352.8091799972484,825.1945787115137,61.11048316495922
38.35539534420638,348.60789693202815,827.7100764439501,70.32752694590901
40.2956176484522,357.41086825038667,821.9393811307204,-47.94985716093021
39.868880450210476,353.9635433532987,823.6336129557562,-34.79370327347402
39.45004944901875,350.47496759878015,825.3787369466879,-21.67552021986421
39.04719065907803,347.0064494991159,827.1524827235871,-8.81910162828828
38.66750511334564,343.6156420353855,828.9340682622068,3.575439803455936
38.31693727250874,340.35234661483105,830.7059346809594,15.344227406622764
37.999938653116054,337.25550223920925,832.4549749416624,26.367297334882778
37.719393274528564,334.35170559473687,834.1730645974288,36.57087145245208
39.1766186595205,332.57401014709217,834.6569770625458,-82.04470745434807
38.82526030551226,330.65566467472695,835.4353790194998,-69.7572321111391
38.47735309904445,328.68282938662696,836.2734008493319,-57.25502102746796
38.13991450139454,326.690101458964,837.1626810621246,-44.76204913991205
37.81940370488105,324.7123384303056,838.0937456876959,-32.49604916569157
37.52132977069578,322.7818985373596,839.0570923600438,-20.65222851165717
37.249988528057024,320.9262829861033,840.0442357806794,-9.390399343858434
37.00834493543471,319.1665334129907,841.0484952900049,1.1727925188342283
38.18746648684098,312.826771050414,844.6113652271313,-108.17037120462447
37.90008068285336,311.86322365727665,844.8484625980092,-97.04492100185354
37.61224199151776,310.85843677483416,845.1275723842123,-85.54947012232176
37.32993675163319,309.8295324860035,845.4492995627852,-73.8885275985867
37.05888845607903,308.7948720461682,845.8128313856453,-62.274473719438674
36.80416823418449,307.7725699985872,846.216232098277,-50.91082952581462
36.56990267713754,306.77905025344376,846.6569062176086,-39.97692947570113
36.35910905225179,305.8278848118832,847.132104788295,-29.61638617602776
37.468104304747705,299.3409169137386,851.4246037766628,-125.68761680705342
37.22349552136011,298.8918691436534,851.3729718153056,-115.57083896028652
36.97606445643218,298.41839631544576,851.3444296710676,-105.01231019933547
36.73095205686747,297.9282231030618,851.3438139967639,-94.19564051781131
36.49323031241224,297.4300924283091,851.3749781695196,-83.32067638027232
36.26753191962315,296.9330711664553,851.4405941529051,-72.58784528592122
36.05774916261953,296.4458014609864,851.5421483442224,-62.18236909223231
35.866840789204836,295.975828293794,851.6801016450461,-52.26095774143397
37.01249339860543,291.09103490665905,855.6277011809367,-136.32287192460188
36.79300396468502,290.90045620503406,855.4296078349936,-126.90604026136887
36.56941676397258,290.697289354356,855.2414962374214,-117.0202338402328
36.346304447915315,290.4846492311864,855.0699218247321,-106.83415029652184
36.12827565704088,290.2662659077309,854.9208876292394,-96.53698942938385
35.91962545364527,290.04620029651085,854.7994022115085,-86.32398648790726
35.724036234942936,289.8285034263672,854.7092033813581,-76.38088913035676
35.54437194234402,289.6168809306141,854.6526779946921,-66.87001009702715
36.748779264223536,286.3932073132766,858.0447484593233,-142.37038396305246
36.54309431387324,286.3304187129316,857.7731158949382,-133.38068982420302
36.33264497549988,286.26193269241196,857.5037040330112,-123.91286117678487
36.121664995850196,286.18863455142474,857.2437415860188,-114.12657576150644
35.914477623144435,286.11172889673077,857.0001865112498,-104.20412708407986
35.715160567152196,286.0326543247839,856.7791692424508,-94.33677183676659
35.527250999768206,285.9529586579925,856.5855740494057,-84.70954682527514
35.35353467782113,285.87415824325547,856.4228197343957,-75.48712945622094
37.83843516329182,410.82207422918174,789.937107369399,33.71073616890939
37.37332507954453,403.27384348253105,794.702084319722,46.321447702485045
36.90590605234591,395.8073154299632,799.262773834901,58.41673472489819
36.448655472041864,388.5583982818026,803.5937245944558,69.85641142036172
36.01248049159913,381.63837486033043,807.6812759381758,80.53772477505768
35.606147517856925,375.1290032328887,811.5229731592812,90.39692385161676
35.23603246062159,369.08142139417834,815.126345240725,99.40752663533598
34.906146432638174,363.51829098588684,818.5070655161388,107.57587089315825
37.135846965653634,388.0746008942505,803.2283166293166,-2.654692020107831
36.68865733201062,382.46999290981444,806.3662646179725,10.912789381124895
36.248548325232925,376.88104754123515,809.478587952792,24.149016528602345
35.82434977074648,371.40470093611856,812.5315263620089,36.86104369620105
35.4238742885798,366.12578822715824,815.4985002858193,48.89294502426996
35.05348208062007,361.11180646689365,818.3613535966875,60.132137286139496
34.71783892890617,356.41012114031565,821.1106807883859,70.51097888993816
34.41986582586281,352.0476886932765,823.7452177820473,80.00406536710524
36.10623130932953,361.3890813971117,817.561413381401,-41.64545596441275
35.720592005411206,357.7930262761146,819.3325801466318,-28.108854333758785
35.34168668663458,354.15591282226126,821.1588152469324,-14.615211200307158
34.976761742599784,350.54123784216455,823.0173317013214,-1.3924819299417663
34.63229554225531,347.00850372605095,824.8869247049515,11.356236110975658
34.31364308478444,343.6089073973655,826.7497707875383,23.46537159098017
34.02481981056446,340.3822745397659,828.592696166593,34.814522368801164
33.76843169400358,337.3555865385192,830.4077126824612,45.33056707215553
34.95922794403119,335.75324127927627,830.7101006324436,-76.78741955019467
34.64944021613375,333.7381645781989,831.5341771085601,-64.135743195707
34.34248991517728,331.66756495356094,832.4227728654635,-51.26569509787831
34.04454601361417,329.57753369052494,833.3674117697717,-38.40594337818058
33.761298472164746,327.50426334918376,834.3584826453489,-25.77811163375233
33.49761246995958,325.4811903031394,835.3863810037352,-13.580213116811024
33.25729418337851,323.5365756174513,836.4426032663725,-1.97364662333095
33.04298366144895,321.691883684598,837.5205607289953,8.924550606886413
33.955250263900346,315.32277151895664,841.0584267899359,-103.77811711167269
33.70796494220601,314.30079464021276,841.3187541638398,-92.3176483827551
33.460261250713124,313.2361902694989,841.6255146204173,-80.47713344073802
33.21730026678477,312.14701623791535,841.9795917722246,-68.46552455422781
32.984025994696516,311.0525206931412,842.3803874539408,-56.49925530724798
32.76483033501934,309.9715830293054,842.8261442709941,-44.78514052483999
32.56330026911559,308.92121511712463,843.3144416360506,-33.50479142178838
32.38207336799576,307.91537113016733,843.8427276736734,-22.80297370857437
33.22883517254081,301.3443839067825,848.1809047771317,-121.92227783515554
33.022585212603474,300.85991973390793,848.1382874378419,-111.49989507095674
32.81402633602176,300.3498619825605,848.122383880567,-100.62202195228741
32.60752409164549,299.8225107187271,848.1385614143612,-89.47616125004376
32.40739242258283,299.2871790744834,848.1911462480568,-78.26596117934494
32.21758106679952,298.7534494882488,848.2832256914552,-67.19517699591614
32.041420365789286,298.23038383702556,848.4166550289181,-56.451569610210896
31.88145619164378,297.72582459099084,848.5922313793043,-46.193408902272466
32.77018430006982,292.7816328968302,852.5981434917474,-132.96822852796288
32.587726885131545,292.5680433093736,852.4007801814479,-123.26865374135963
32.40197648002455,292.3410057667955,852.216349121625,-113.08454480855946
32.21677594952879,292.104015043683,852.0520695032208,-102.58799108965016
32.036003580982744,291.8611875940445,851.9145690879485,-91.97166794201127
31.863281629321346,291.61694334606864,851.8094250311558,-81.43400440209666
31.701726217178724,291.3756351826507,851.7408820868611,-71.16332954240235
31.553774162896957,291.14119260345126,851.711774204997,-61.323692851869964
32.505486052126194,287.90143412628686,855.1525657428795,-139.26927690839685
32.335986349984495,287.8220482051548,854.8769273010946,-130.01229847645726
32.16268840035656,287.7363333234524,854.6060008444596,-120.2607698727881
31.989127568899228,287.6454559715048,854.3477466163072,-110.17740533080206
31.818918178627616,287.5509098858448,854.1098312616,-99.94771565005527
31.655476192457414,287.4544054723006,853.8990441917518,-89.7660099100552
31.501774443576682,287.3577223135336,853.7208630020872,-79.81988176382495
31.36016674369133,287.26255204913934,853.5792273446216,-70.27581880125814
34.612576069016214,415.166288760379,785.2266112939549,40.85022179049224
34.1719474691728,407.42595029332927,790.1255789800202,53.74412152289884
33.729007919584944,399.76325084987025,794.8163848824772,66.10714021482805
33.295454912743445,392.3189312164923,799.2736532359183,77.79825686953725
32.88147722493302,385.2081841224743,803.4839878083808,88.71485477730396
32.495227974632506,378.51559931768,807.445379884038,98.794132201714
32.142601000812036,372.29406646240074,811.1659752133709,108.01117542195713
31.82726638147181,366.56703338297984,814.6622080156056,116.37429947618115
33.885819390453015,391.96277578743644,798.812033076517,3.6112208718338934
33.46841169415753,386.18981727012846,802.0480911896808,17.49076813246316
33.05720066847192,380.43252893986903,805.2594512974827,31.028078409647122
32.6603755905656,374.79062151112987,808.4118271284694,44.02789904821077
32.28517595943456,369.3512323626036,811.4783061957855,56.33309852154437
31.9374861716311,364.1835547664083,814.4406207084207,67.83093091752697
31.621611344200513,359.33599667943275,817.2894818501536,78.45449075686399
31.34023292378093,354.8359353048605,820.0239507111582,88.17980351606924
32.843688309478516,364.6544471534019,813.504077227394,-36.36491702380454
32.48989427079078,360.9338733667818,815.3398683621361,-22.509882699672374
32.141892342957036,357.1720264095584,817.2341267756146,-8.701061166153096
31.806296357720917,353.4342528292689,819.1636158832773,4.8300708303625015
31.489027029709437,349.78164087404144,821.1067567521628,17.877843072748362
31.194984053535208,346.2666063174138,823.0454824097358,30.275170981612376
30.927845181878514,342.9297728819953,824.9665414957576,41.901187437516484
30.689999837936938,339.79849776638946,826.862041290062,52.683233183493
31.69630586700014,338.3508768589421,827.0375619858307,-72.45654442984537
31.417673894791037,336.25620150619204,827.8989755923001,-59.50368945903952
31.141351772308067,334.1048634138779,828.8288229087966,-46.327796000540616
30.872870737014583,331.934176012051,829.8185465315852,-33.16139845112224
30.61734357353067,329.7814419438923,830.8584360528102,-20.22941916596693
30.379152497956593,327.6810122510674,831.9388152592617,-7.732347585326892
30.1617358499267,325.66181148858203,833.051175583629,4.166905698796313
29.967488452619378,323.74569458715155,834.1890122616663,15.350769163431494
30.698043411118327,317.34387250661354,837.7387889559559,-100.23211570183875
30.480115728626064,316.2749591926379,838.0171189759938,-88.5001044225028
30.26171216991467,315.1621167240793,838.3453032179438,-76.37780393402173
30.047383324455,314.02414100120495,838.7244794448486,-64.07764673991178
29.841498550922367,312.8809917127432,839.1542588925267,-51.81936312425188
29.647950071370307,311.7521740674881,839.6330674312151,-39.81256962627887
29.469928096069868,310.65519345760464,840.1586644522273,-28.240944214524063
29.30979049032145,309.6043381188941,840.7286930685657,-17.25045559023991
29.97778333140424,302.9475542798614,845.1360860947523,-118.94015626222415
29.79918950563336,302.4353924469728,845.0994185948346,-108.27517680326108
29.618574062882253,301.8966211065023,845.0921836277682,-97.14150845692251
29.43973404066653,301.3399798698016,845.1202040673173,-85.72953454082301
29.266430036236986,300.77522440991066,845.1882272228436,-74.24585632304678
29.102114789503084,300.21234439001245,845.2997231844856,-62.89695038767891
28.949710363760346,299.6607404406569,845.4568956369807,-51.87279252511806
28.81146254906428,299.12850260347676,845.6608623954756,-41.33316683333294
29.523471319641256,294.1187846128942,849.7387768656652,-130.34666702752693
29.367468418394854,293.8876700470395,849.540442585979,-120.42590408267941
29.20867160049452,293.6424071943804,849.357219070434,-110.00609980164984
29.05039132560493,293.3867752449112,849.196880229106,-99.26173785889674
28.895975530768933,293.1251833688035,849.06659082067,-88.38809811218132
28.74855951254108,292.86232702973285,848.972430202793,-77.58614560596706
28.610850282926254,292.6027943862939,848.9191013338805,-67.0463993379835
28.484976049771863,292.3506930718369,848.909848922605,-56.93453028057428
29.2612281651254,289.0840927710835,852.4051521684828,-136.85803313994307
29.117451242148302,288.9924177870236,852.1246983382224,-127.39307084871211
28.97049739815486,288.8939425407674,851.8508199456016,-117.41850183622554
28.823394067780335,288.79004372499185,851.5920784926706,-107.09912978327768
28.6792421875813,288.68243232753844,851.3567358809785,-96.62283428621035
28.54097987927681,288.57302410937973,851.152146860007,-86.18631398421115
28.411172997640197,288.46377470303,850.9843076942318,-75.97929991867437
28.291863577469673,288.3565094861474,850.8576201564217,-66.16993140724705
32.000935453204164,418.80104865666397,780.9279858873654,47.00546798269545
31.5816179764626,410.8960320982854,785.9431536663815,60.13849037807759
31.159978460232562,403.06484840424497,790.7468427209188,72.72688795445599
30.747061042964013,395.452547586345,795.3136738067465,84.62905038650777
30.35245629728332,388.17780488828794,799.6304101426556,95.74261409023477
29.98380980797012,381.3277294386393,803.695363505492,106.00572383274971
29.64661934502054,374.9567689250613,807.5171554131493,115.39492949958753
29.344277518996876,369.0890728964388,811.1128307339118,123.92034039051471
31.266534448960293,395.22284037317746,794.7719673964741,8.986001480174963
30.873880809736796,389.3056768777793,798.0929280980515,23.13070395560635
30.486723014290238,383.40404138679963,801.3900549909752,36.923501231369585
30.1127242535586,377.620090027814,804.6285450278665,50.167187586465445
29.758653412900422,372.04299520071737,807.7811331736898,62.70363925145391
29.43000425355129,366.74345448342524,810.8293919442947,74.42002395076452
29.13078581385321,361.7708059013381,813.7640754956034,85.25012600105525
28.86348282892763,357.15281004310964,816.5844763826626,95.17125520803032
30.22758204186173,367.38761651928684,809.7775017985837,-31.865693171227434
29.899331157838326,363.56095292100133,811.6689496741712,-17.739931868187966
29.576140289553013,359.6927520497289,813.621904407388,-3.6631038803337788
29.26411665378256,355.84996223528816,815.6126870947404,10.130263463810422
28.96873299529498,352.09505172873867,817.6193359810163,23.43226396690835
28.694521726729665,348.4815026594394,819.6235124360826,36.07449273693476
28.44488647724365,345.05064245933437,821.611839068583,47.93567149810451
28.222038872673963,341.83016634452184,823.5764524898902,58.943535555212236
29.091940680316796,340.51181918930274,823.6387960497809,-68.78464592534962
28.837616744263478,338.3499249595625,824.532442662776,-55.576315831660594
28.585199060177388,336.1303566576163,825.4980559877902,-42.14072463416059
28.339718348898497,333.8914687107999,826.5269508551355,-28.713748627697186
28.10583291893881,331.6715135313312,827.609267118366,-15.523180725202138
27.887542826893682,329.50562821117467,828.7352002192908,-2.7716809773890816
27.687993110437137,327.4233104820461,829.8961727376372,9.376499888974905
27.50938038179235,325.44675561885623,831.0856936581936,20.803298072151478
28.107204933852316,319.00971921978635,834.6284141508218,-97.22060209682661
27.91172320549259,317.9015713225679,834.9228786954027,-85.25801785263252
27.71572547472073,316.7483808423894,835.2703954469789,-72.89620076398501
27.523289715505236,315.5695633852542,835.6722481841637,-60.35058988117672
27.33833891521038,314.3856779583208,836.1281474199383,-47.843778453080745
27.164375227701246,313.2167581762009,836.6365932285512,-35.58782538995226
27.00427676675471,312.0807269083202,837.1954195226151,-23.76821533117794
26.860178545325812,310.9921553674826,837.8023651264629,-12.531971037434573
27.397307756162956,304.25604064685973,842.2366611357645,-116.37827086888697
27.239588234471377,303.7209971651208,842.2066070573135,-105.50552465558462
27.080072031502297,303.15849326351787,842.2086981216759,-94.1527478235447
26.922119931368137,302.57763289269536,842.2490586181449,-82.51284870982923
26.769066236734304,301.98853913868845,842.3326955504662,-70.79501461171176
26.623978727416823,301.4015398939355,842.4633013828084,-59.208095735431954
26.489460736282364,300.826316845128,842.6432762786851,-47.94398387667832
26.367520839838328,300.271164727464,842.8739215926416,-37.16375065328384
26.949092536930316,295.2016988006191,846.9681777285346,-128.04875922547208
26.812929642296364,294.956357571236,846.7715870428096,-117.9356971898072
26.67436237887601,294.696297946303,846.592475786232,-107.31127239663218
26.53629484883278,294.4255326841959,846.4389875926859,-96.3521377916608
26.401668255480015,294.1487115174699,846.3186250356666,-85.25590204742005
26.273242145633,293.87075622260875,846.2377683883647,-74.22576125488789
26.153405182161634,293.59644771002127,846.2013871604663,-63.45411786658153
26.044042331446526,293.33003863461244,846.2129648474611,-53.1079857316997
26.689757489392754,290.0385470539996,849.7001973886186,-134.69300167074127
26.565258088598487,289.93733192016856,849.4195363268041,-125.04417925187266
26.438074331514173,289.8290074707664,849.1476747514001,-114.87312615092108
26.310848727851553,289.7151395697812,848.8935743573695,-104.3466288951063
26.18629136607333,289.59763886852926,848.6658731187467,-93.65475026012098
26.06697469461839,289.4786159962493,848.4722687648205,-82.9963259850743
25.955151127306898,289.36020192869137,848.3190655530939,-72.56293002847923
25.85262040623101,289.244365707923,848.2109409278705,-62.52405013676406
29.841872607172583,421.9075068535587,777.0173046878597,52.35717947118107
29.44181685374779,413.86520719236535,782.1374353086185,65.68902090667976
29.039423031126447,405.89337999362533,787.0429022518731,78.46388131439947
28.64516697770499,398.1407766392487,791.7082463854789,90.53985341935143
28.26812306912646,390.7290521849417,796.1203092938296,101.8149934194434
27.91550271368303,383.7474614540059,800.2776387506117,112.2284398507339
27.592468391960857,377.25177039980696,804.1892441423513,121.75814930349787
27.302181240739344,371.26671392663906,807.8726904868345,130.41588618919013
29.106198013625466,397.990663085183,791.0708041022879,13.671870503616987
28.735121711278904,391.9527024785367,794.4713175250687,28.03715142819948
28.368974277908553,385.93043230209724,797.8483486767849,42.04143718054374
28.01496599021143,380.0280420692983,801.1665448175378,55.48607708622518
27.67946104707445,374.3363743967597,804.3982594063435,68.21233589717835
27.367617961573902,368.9273393850289,807.5248767276277,80.10753439993175
27.08319245821205,363.8510004679899,810.5371624506299,91.10624658821713
26.8285018043396,359.13538600192396,813.4346046326516,101.18704270714014
28.07570348450115,369.6865588733791,806.3199877387873,-27.904492186645342
27.76910066599978,365.7707262526304,808.2677054461105,-13.552514955915115
27.46698338024991,361.8135252971067,810.2792404920776,0.7468775830242009
27.175030116159082,357.8832258393255,812.3303666255384,14.75675972933206
26.898333145916638,354.0434084660679,814.3986591951393,28.267579270891304
26.641111722518254,350.34838838972655,816.4654500543535,41.110092462747616
26.406534618022523,346.84001409913185,818.5171952510441,53.16295320823474
26.196659942332307,343.54619526018865,820.5460325462225,64.35448709611558
26.95588591279638,342.3126403200744,820.4288021091019,-65.49007009735621
26.721675395122734,340.09396191495705,821.3599679453571,-52.06533299060496
26.489073454906478,337.81706639364756,822.3660739452505,-38.411506341509835
26.262694877938465,335.52118254382304,823.4381059582304,-24.76723449595923
26.046818195177757,333.24533912996174,824.5658810760385,-11.36256263464304
25.845122068030204,331.02529432866584,825.7393276078143,1.5982792564347221
25.660502823334415,328.89097637092885,826.9496958353111,13.950225829136969
25.494986816693675,326.8648105836375,828.1904378495192,25.57512900618201
25.98794501800801,320.3883966065951,831.6334298769214,-94.44889755722639
25.81067768099752,319.2469301254347,831.952192439516,-82.2867626441685
25.63288829916852,318.05966481596255,832.3269340523207,-69.71964583426211
25.4582686448225,316.84654807588885,832.7588319620411,-56.965636471381714
25.290374637986627,315.6286394503664,833.2474590790052,-44.24970997093547
25.13238535352273,314.42640003181316,833.7911826187317,-31.785814545036345
24.986918060661612,313.2580762338721,834.3877429413419,-19.760679640424513
24.85591902933244,312.13844322931016,835.0348492188521,-8.321872710993432
25.291139350255477,305.3347674733987,839.3996943641503,-113.9615548509633
25.15012634241276,304.78030052246766,839.3858627171836,-102.90507161849735
25.00751542695876,304.1977483444929,839.4068293886212,-91.36060963410787
24.866315703391773,303.5965303668455,839.468759223698,-79.52344281504884
24.729515590422174,302.9870803163149,839.5766604340602,-67.60502663872845
24.599868261295686,302.3800044441416,839.7342094118999,-55.81614289044737
24.479714254106085,301.78520792309615,839.9437985413167,-44.350088273816226
24.370864115826034,301.21113995133413,840.2067514772002,-33.3687059478419
24.851362662386514,296.09321691958337,844.2310523554377,-125.84526969590314
24.730943879595312,295.8359671761784,844.0464047241646,-115.55974584828266
24.608443039212236,295.5635782236326,843.8816434233306,-104.7538634534558
24.48644012663293,295.2802668411958,843.7450327112199,-93.60639781228
24.36754999708877,294.99089007156573,843.644158877851,-82.31707578787291
24.254228758105143,294.7005621649052,843.5854621310182,-71.0909717207424
24.148606001771732,294.414225633121,843.5739664891757,-60.12192237047665
24.052366662522967,294.13625251191417,843.613222273231,-49.577799470961395
24.597338695714903,290.8281936392047,847.021217633387,-132.60613284231604
24.48816076038253,290.7203093979986,846.7511025225376,-122.79188570196806
24.376744826450036,290.60563937396944,846.492288487201,-112.44606823007913
24.26545993161793,290.48625044550914,846.2540491808611,-101.73750684043935
24.156762151551607,290.3648387326254,846.0454217237118,-90.85840822503789
24.0530419210153,290.2448698782727,845.8747263506998,-80.0096961355255
23.956530039956668,290.1311016629417,845.7494324036288,-69.38494220483992
23.86934419634108,290.03115089830413,845.6766864029563,-59.15584362436209
28.024687948543917,424.60090151106397,773.4527209197531,57.05679030607756
27.64207384796174,416.44353312302184,778.6687036255869,70.55542279587789
27.25708516913612,408.3534376041021,783.6668052718768,83.4861503223206
26.879698532774572,400.48254529651496,788.4214572187802,95.70698323520998
26.518538896523715,392.9550738764319,792.919546892482,107.11649800124523
26.18044337210765,385.8621275645384,797.1598218868041,117.65482424093851
25.87028890972551,379.2606144431353,801.1516378781041,127.30123620922917
25.591043010244658,373.17578539774354,804.913032519376,136.06899941890094
27.29132997018745,400.3716016862043,787.6761382377247,17.801838737128776
26.939226262862828,394.23158632464447,791.1516429315726,32.352447475818764
26.59156523116926,388.10747092194305,794.6034367732213,46.533829822999735
26.255164396816237,382.1051361687788,797.9956381999735,60.146284008724166
25.93603815524749,376.3168032903481,801.3002423394017,73.03073536613485
25.63905652892706,370.8153728523911,804.4984651657534,85.07480259852022
25.367758687327743,365.6514894323248,807.5810959987946,96.21387506765959
25.124320307879824,360.8533806767805,810.5478205089541,106.42770879006433
26.272896819308713,371.64936612207634,803.121889258807,-24.38919737177318
25.984858300066758,367.6579017651337,805.1253872943689,-9.84620646883252
25.70082499325323,363.62538968760083,807.1942278130371,4.640377866832381
25.426110543435964,359.6211913979821,809.303621249584,18.831750040056846
25.165483320637776,355.7097915106515,811.4306823674438,32.51714658575804
24.922895990555496,351.94616743273247,813.556427505067,45.52680606872471
24.70131752390717,348.3725653539062,815.667164945229,57.739508582827426
24.502675643668532,345.01703687279854,817.755051755599,69.0842400740083
25.172200426725762,343.841273041265,817.4336218107098,-62.54200206746813
24.954844886162803,341.5743214916251,818.4044853107312,-48.9329129115153
24.738851624804127,339.2488262847409,819.4525466849989,-35.09399994712882
24.52848814993263,336.9047479794154,820.568393640887,-21.266176701997125
24.327715424771768,334.5817540193595,821.741474330637,-7.681263514739527
24.13994291320995,332.3161025142714,822.9614244975462,5.455350845624963
23.967858199224676,330.1380565349077,824.2193128934896,17.978098674537648
23.813344312132987,328.0702063242042,825.5085364908996,29.76894439493293
24.22386335924358,321.55402054438827,828.8200771633664,-91.95264186915244
24.061558993135854,320.3842431346054,829.1665543492788,-79.61898925172875
23.89872234461143,319.1680957262066,829.5713713003955,-66.8761861860863
23.738728059133486,317.9259754689377,830.0355029660153,-53.94456961820589
23.584830167538783,316.67935916107945,830.558306898351,-41.0510727108051
23.43994152028002,315.4490582101837,831.1379597367245,-28.411130763728067
23.30646388894048,314.2535779256501,831.7720698022856,-16.21237781180014
23.18618699579398,313.10784967503275,832.4582946355301,-4.6026759888052595
23.542388031065265,306.2440691206326,836.7257581009374,-111.78063340117674
23.41489122606072,305.67318824222764,836.7318143412488,-100.5653361692678
23.28594707281277,305.0737258930299,836.7748757599345,-88.85582567097526
23.158279556574563,304.4553684964404,836.8610488298194,-76.84942279910985
23.034596340841343,303.8288099661419,836.9952559592257,-64.75949418913905
22.9173948110809,303.20488701119933,837.1810863459697,-52.798396398061215
22.808801339913575,302.59368708346676,837.4208708650406,-41.16051313496297
22.7104644926993,302.0037823827731,837.7159184917241,-30.008211203922315
23.112752354056653,296.8431708030813,841.6504074650018,-123.86175505446039
23.004941005802564,296.57605618883656,841.481107638616,-113.42687997453345
22.89529548936101,296.2934953960575,841.3337395198805,-102.46433428242787
22.786136331432644,295.99988857833466,841.2166003623985,-91.15474578749297
22.679817333561267,295.7002827921336,841.1372823886736,-79.69965161054822
22.57855222754457,295.399975678196,841.102222877631,-68.3056934729328
22.48426430631755,295.10407567119984,841.1164556809397,-57.1678654455184
22.3984803242754,294.8170970061559,841.183572963952,-46.454685366215585
22.867342828649004,291.5164280388684,844.5100020631744,-130.73935175624771
22.77183278125835,291.4201026347567,844.260813228947,-120.78387043535523
22.67643980470356,291.34014964845437,844.0352536662588,-110.29213664892279
22.586498932950214,291.31542266921167,843.8588257273393,-99.4402228431496
22.50619337004961,291.3721682246481,843.7502949679958,-88.42772049026237
22.433927324799438,291.47247652162713,843.6987118566769,-77.45416859916554
22.368294999502734,291.582515228254,843.6941497532669,-66.71010661278265
22.3093808243727,291.6887050542677,843.7345217165819,-56.364669820279204
26.47149202423948,426.95729761292705,770.1890590473938,61.22800864588237
26.104462409735667,418.69995379432925,775.49183566957,74.87072920392882
25.735021452928336,410.5068350172904,780.5737116387838,87.93574584453368
25.372709341318533,402.5327109010081,785.4089909308027,100.28108001631664
25.02575943249479,394.90408778440406,789.9845811622176,111.80584854268304
24.700684632030654,387.71372548336797,794.299393925339,122.45112406896587
24.402116446821193,381.0195598684289,798.3630855827822,132.1973960877591
24.13285796272608,374.8473160836573,802.1941121308139,141.0592879967878
25.743821434244996,402.4489232409605,784.5610110312775,21.465844854097753
25.40828602513549,396.21992449353706,788.1050705504078,36.17716214788669
25.07678303388973,390.00698038726284,791.625026887184,50.51182545386149
24.755790355431273,383.9174554464834,795.0845039547446,64.26927741863639
24.451020283196574,378.044779858454,798.4551609346208,77.29021290147043
24.167094179073285,372.4627221926376,801.7180536143183,89.4625740499293
23.90736513823572,367.22243590637277,804.8639879329562,100.72251806358194
23.673887848816445,362.3523229535492,807.8928260718783,111.05088175813653
24.740289343614947,373.35526332183326,800.1781934520775,-21.27013038664964
24.46812317104212,369.29785559817674,802.2333370270879,-6.560943997443587
24.199564190349623,365.19971929252654,804.3550249344034,8.088249315349714
23.93961585085577,361.1311653878156,806.5179332201257,22.43703933880684
23.69277079587691,357.1574619270079,808.6987412194532,36.273651936237684
23.462754471214613,353.3341572171721,810.8781668128454,49.42792501541612
23.252365322534448,349.70383696450097,813.0423765419462,61.7787992385104
23.063419590822164,346.2946693942324,815.1835409424613,73.25588219774025
23.660482671324118,345.1632097355923,814.6651172196223,-59.921052363338646
23.45725700940564,342.8542130358612,815.6733311733775,-46.15074474767198
23.25519383861891,340.4864291757327,816.7606819945287,-32.15023438405882
23.05827002093382,338.100455681446,817.9173592824195,-18.162415310037915
22.87018022029291,335.7365131625612,819.1324442180482,-4.420639649091811
22.69410761493705,333.43128983035905,820.3952806851682,8.8687242885143
22.53256375050174,331.21533363480313,821.6967525179242,21.53971145995277
22.38731017575371,329.1113711879002,823.0301924610733,33.47442920754992
22.73252886867509,322.5564336410868,826.2048237620554,-89.72086019199944
22.582558141032315,321.3620105462296,826.5779062007937,-77.23578687265231
22.432050034431995,320.12074735895254,827.0114652657408,-64.33816545497922
22.28411713122029,318.85343401151056,827.5062463660865,-51.250340587390696
22.141763426438537,317.5819097149348,828.0613662743515,-38.20097750933891
22.00768064059755,316.3272879972166,828.6747869138237,-25.406808433542437
21.884090850326217,315.1082950709379,829.3439608489091,-13.056233743679854
21.772652463001517,313.9399928063178,830.0664700564163,-1.2973329256954287
22.06650924424622,307.0220564843787,834.2223334130956,-109.81021131707891
21.950014242346075,306.4369038205536,834.2479537241046,-98.45254976652467
21.832198092511504,305.8227546568173,834.3126873158699,-86.5954133821491
21.71555138044275,305.1895293450736,834.4225374255698,-74.43800688991777
21.602551321975806,304.548148582035,834.5822940533158,-62.1954364951425
21.495484658709117,303.9096486435758,834.7954127070227,-50.08147063404843
21.396300631817574,303.2842733927632,835.0641179028623,-38.291442528927604
21.306512988224938,302.6806989707736,835.3896620041522,-26.98814381122122
21.646778914200233,297.48313746937305,839.2146316338733,-122.04230226788951
21.549160823185574,297.20766422318616,839.0609556900215,-111.47083942864924
21.449920843807526,296.9165662822187,838.9313128864802,-100.36544407970445
21.351171734822014,296.614446924642,838.8339945106911,-88.90852167193268
21.255059721113348,296.30658982278624,838.7765648851155,-77.30332752677958
21.163609374643976,295.9985733459877,838.7654422575638,-65.75797707019092
21.07859090164578,295.6958647107034,838.805693139408,-54.468551002163565
21.001431048077098,295.4034989522397,838.9010526687024,-43.60420392921381
21.39658966907202,291.9573875647358,842.0509046518956,-128.97940710592738
21.31050979410649,291.8530863131566,841.814387092476,-118.88851404465856
21.222037910082037,291.73338588282536,841.5893661212172,-108.25054165498048
21.133354184469244,291.60363081235107,841.3866185994689,-97.23794838068196
21.046535803619395,291.4677126307346,841.2156622810132,-86.0463200996779
20.963498015771144,291.3289074279905,841.0846477537646,-74.87933493972028
20.88590045668792,291.19008475274103,841.0001515374474,-63.93221592368761
20.81506853515977,291.0536890282119,840.9670805217872,-53.376560533659045
57.284427574694654,386.9749519677799,889.2500685265677,-23.310295688357172
56.6074166208975,380.45023469186117,893.2799506671217,-11.099986548930886
55.92649339782772,373.9828338068639,897.123445830287,0.6968145850471643
55.25996528944478,367.69077213062,900.7570120898345,11.922178987510705
54.624147237903635,361.6736891166233,904.1672619297208,22.451456973741998
54.03243345879754,356.0077861789065,907.3503261383826,32.197134363737646
53.494819573049256,350.7438888817386,910.3107470104796,41.10923049953311
53.01783558801499,345.9083490483391,913.0599448054563,49.17259333846721
56.95092512087847,367.1421290199352,901.0732883299116,-55.223872617189116
56.24106653650034,362.3843551888807,903.6173128510686,-42.18184483145487
55.54320471268526,357.6122629378023,906.1369656636323,-29.38245736663231
54.87136141765871,352.91242458973335,908.6024921836047,-17.029607817613666
54.23798337156158,348.36326157551315,910.9896593445364,-5.295840273828674
53.65324507412394,344.0298139361203,913.2808514003013,5.686048329530706
53.12464993357039,339.96049286102874,915.4654589785366,15.826797252677494
52.65693073641645,336.1860345298501,917.5395451170633,25.07998565304905
56.25210478426664,344.01369831451296,913.6051642326152,-89.4731296014881
55.57496152823005,341.0210299053957,914.9315398283168,-76.49876162474264
54.91004414784189,337.9693371223271,916.3014325326845,-63.50054016239254
54.27006582533497,334.91447118364835,917.6963256805326,-50.71119470565846
53.66630939868037,331.9108956307315,919.098195390421,-38.34503142403827
53.10801089898232,329.007518536064,920.4909771168964,-26.583749266571488
52.60199884092513,326.24442484840705,921.861717521653,-15.566816424665888
52.15259592729168,323.65093669662116,923.2012295415091,-5.387268734115452
55.33668931616384,321.8356124821965,924.8355900351207,-120.30953532371919
54.7309086330519,320.20594916309625,925.3503942487615,-108.17310799583652
54.13008724504916,318.514905211928,925.9112711438991,-95.77375831562941
53.54616154498736,316.7928730962906,926.5127302961363,-83.34104812483068
52.99004511296727,315.0718061629726,927.1478024223893,-71.10381389545151
52.47094694719351,313.3826262605943,927.8087733481334,-59.27279540064248
51.99592698045725,311.75282276811004,928.4880111846894,-48.02609595846414
51.56971613398128,310.20462940840974,929.1787119807807,-37.49949228570378
54.463641013941,304.15745664421615,933.4518289971834,-143.9188728320321
53.92948107824663,303.3753538606375,933.5054846794485,-132.88447130776078
53.39300775482386,302.5508332578565,933.5854966904574,-121.4417526777423
52.86507951118708,301.69801379388264,933.6940414615675,-109.7992499890048
52.35602717174106,300.832886800901,933.8319579854071,-98.17867808215544
51.87491979724601,299.9720299470949,933.9987327842656,-86.79759677970333
51.42902324016854,299.13123299563335,934.1927023358854,-75.85276236479456
51.023509652365796,298.324275902514,934.4114123801048,-65.50682284300143
53.79985198420623,292.0560058803194,939.2416264756367,-159.7100676456024
53.31839320936132,291.73035622741213,939.0583782605515,-149.6239788804134
52.82974474449845,291.38137355562014,938.8827394293711,-139.06337229476625
52.343692269383496,291.0146135098341,938.7200921462772,-128.2155223297036
51.86986109489723,290.63692722664945,938.575115822885,-117.28893977045794
51.41697903900806,290.25594446673205,938.4513607990548,-106.49740553350802
50.992282559252615,289.87942923841734,938.3510080237063,-96.04313017952046
50.60114674461574,289.51462481532565,938.2748502356317,-86.10184608776228
53.36649234544264,284.64165317422555,942.7530248946756,-169.25364493882924
52.917965385523715,284.54556750378737,942.4534878103915,-159.8204276159543
52.459457516341246,284.4388054821146,942.1492661445001,-149.88812976420436
51.99995951502598,284.3227807749065,941.8468365482304,-139.62924588735126
51.548517385049145,284.199629717165,941.5524669188806,-129.24153561876855
51.11351241443194,284.0720772248646,941.2716116737149,-118.93338837149716
50.70204850051707,283.94320490641013,941.0084365626252,-108.90740162422506
50.3195388556312,283.8161655763914,940.7655617776109,-99.34495138350974
53.10849299966488,280.4167864362077,944.7340847914903,-174.63590344793283
52.67885147444071,280.43437656412937,944.3780221683846,-165.59719243151144
52.23773822629866,280.4484829736548,944.0102766755451,-156.05147985834796
51.793644379522085,280.45853061514083,943.6376511257129,-146.1624929875097
51.35523145080024,280.46429123405386,943.2670326959413,-136.12118302833875
50.930627658201885,280.465930051303,942.9047141293049,-126.13196239590755
50.526810625148414,280.4639875562187,942.5558051126444,-116.39670011529785
50.149173055391316,280.4593021182562,942.223846685896,-107.09917012777896
49.60856286461986,396.3859461962339,881.6423779606746,-9.117764898703868
48.99091865309686,389.4708419803817,885.9339410723654,3.690458059691551
48.36978895914681,382.6084821932482,890.031658735792,16.056160549567622
47.76175985242177,375.92542862663566,893.9131053918601,27.81808272024506
47.18152943466524,369.52823259992095,897.5663041367382,38.8502124240113
46.641089385931885,363.4980857483317,900.9890207479796,49.06545501402586
46.14932327125796,357.8888603179247,904.1875995069217,58.41570847981228
45.71197516649761,352.7282040058962,907.1753579301294,66.88876631847245
49.07003353965186,375.5624789912429,894.1802550591079,-42.613970602941706
48.442286800276676,370.46224309163443,896.8961210306254,-28.91922853004195
47.824948760700096,365.34947880303116,899.5924759658799,-15.491094501106545
47.230365558201164,360.3160905181617,902.2391344484668,-2.538992151251705
46.66948637544355,355.4448450205687,904.8117011507682,9.761324362180602
46.15125274621354,350.8039058927971,907.2927045645692,21.276066317341147
45.682251782255825,346.4435179594184,909.6719918920284,31.916911037085754
45.26663349551659,342.39504552445334,911.9463531469285,41.63988372909482
48.156061073048306,351.13728183216904,907.5071815370479,-78.55972203985678
47.57716643321639,347.8830901860059,908.9280319163825,-64.91453633990267
47.00891053600868,344.57070673425426,910.4032769370523,-51.258465069008366
46.46210757707201,341.25991076120033,911.914106627442,-37.83201283210917
45.94636269563132,338.0084385970059,913.442160808889,-24.854964415566826
45.46955214976141,334.8676159354222,914.9711125770968,-12.512036722546753
45.03751720824166,331.87900749341713,916.4879094726132,-0.9433773025210428
44.653978019393875,329.0725101917553,917.983464600336,9.759283059166734
47.05341904337721,327.6059972999435,919.5242415541411,-110.96967179857634
46.55291797578119,325.79807488781336,920.0742540633721,-98.1768873315005
46.057201253581184,323.92724654405345,920.6823372317749,-85.12149325958268
45.57612233218612,322.02678157077327,921.3435779025112,-72.04214690321183
45.11868417666863,320.1311699603182,922.0512961486584,-59.174911484618065
44.692488987934595,318.27333971937605,922.7978737196784,-46.735405003063136
44.30337974746124,316.4821458605967,923.575688695043,-34.90411579043129
43.95529429003348,314.780526802814,924.3779461262209,-23.816889287758386
46.04159670905285,308.7778525581236,928.8210892550522,-135.84910251234348
45.613388496094466,307.88064704672075,928.8693570535545,-124.18906952692785
45.18433417925845,306.9385142659918,928.9546214109895,-112.11046632192728
44.763199305161365,305.96751514534446,929.080472062934,-99.83112937515224
44.35830059783765,304.9854623583418,929.2488040221897,-87.58080856819416
43.97692964230773,304.0104773776793,929.4598200455131,-75.58311894717963
43.624931067927236,303.0595041624584,929.712298034354,-64.03849211185477
43.30647811284838,302.1470357876608,930.0040316891111,-53.110829302870656
45.28728630858942,295.8502542732797,935.1203827923744,-152.54048814893773
44.91001680822672,295.44905551105666,934.9069613295808,-141.86024814178498
44.52825157154652,295.02209568173777,934.7098889266708,-130.68815479409054
44.14977285937506,294.57621749678776,934.5364882793663,-119.22037161141299
43.782201586850505,294.11953997514007,934.3930575673719,-107.67353565688586
43.43242774656816,293.6608258453656,934.2843919197805,-96.26797167778511
43.10615665637483,293.2087434014837,934.2135522475662,-85.21028477413083
42.8076298926766,292.7711552993225,934.1818974632091,-74.67823339999299
44.80056487981868,287.91220562448524,938.9675537081775,-162.6569945047385
44.454312569569694,287.76280884932646,938.6240262554408,-152.65394920175683
44.10152050922878,287.60067770175397,938.2830248492846,-142.1303748171106
43.749273412106575,287.4281325213851,937.9532366383894,-131.26713588097127
43.404660001172864,287.2482329632734,937.6428750859595,-120.26992467925047
43.07422159815335,287.0645585671177,937.3589794855097,-109.3537753971375
42.7634889695135,286.88090235245147,937.1069071521738,-98.72599063946302
42.476674509578324,286.7009348028495,936.890097732814,-88.57038272577074
44.51370657802635,283.38212332719644,941.1510736381508,-168.3783665837509
44.184960644047834,283.35827993675287,940.7437019233901,-158.78600244071953
43.848593738288244,283.3292105891577,940.3308552989089,-148.6629753062427
43.51126153355808,283.2950442821795,939.9216751352288,-138.18097725828784
43.179711153170594,283.2562843937224,939.52516656223,-127.5386747077151
42.86024477266796,283.2137880186585,939.1494004875449,-116.94709119697833
42.5582556194889,283.16868647782997,938.8008670366307,-106.61291310096243
42.277906589555045,283.1222636557822,938.4840905532367,-96.72254899472952
43.97955829296875,403.77979783782854,874.1615433592682,2.805895398041386
43.41183109883165,396.5609665970033,878.6826599408939,16.08034547007918
42.84054272074786,389.38978370648067,883.0025820316814,28.887943606349552
42.28088650003213,382.39988843276564,887.0995667517029,41.06550692565176
41.74627180723874,375.7035620512499,890.9626051370253,52.486706293036235
41.24759003437347,369.38613973973776,894.5906692309493,63.06551120699291
40.79286575033879,363.5040380944376,897.9915083314897,72.75596561382852
40.387246881152016,358.08601303691853,901.1799878533545,81.54875130171347
43.32414800875638,382.14405261637336,887.1976180659512,-31.97369786863024
42.76032748186681,376.77399676137634,890.0779526358258,-17.768847211323987
42.20536534442904,371.39287733290837,892.9410766002691,-3.8507387457401876
41.67031526234515,366.09679192582155,895.7561199191584,9.567493874805677
41.164979669805575,360.97190154489954,898.4983129212592,22.308256714785045
40.697361482236175,356.0887852504254,901.1501562281753,34.23765927063657
40.273353611372315,351.4990775939915,903.701818320282,45.26874344343443
39.89666655711525,347.2345794889659,906.1507180406005,55.36000205051022
42.29672952887014,356.6599307151238,901.0770683521163,-69.29425853228955
41.79055061117993,353.1991691062221,902.6064629827807,-55.124185966742544
41.293454650975825,349.6813745112542,904.1976009132343,-40.954533297699214
40.81485633906878,346.1693434136477,905.8309158053187,-27.03136234829543
40.363132666081235,342.7232878638518,907.487379176538,-13.578141419404204
39.94516923517379,339.396323880795,909.1501930876118,-0.7813245995379532
39.56609016702757,336.23106817734293,910.8061032047127,11.21900597126674
39.22917841777104,333.2577661879434,912.4461072378383,22.33267443712802
41.10426799732659,332.0289852831829,913.6498927064947,-102.986135287456
40.67903362375806,330.0811290150459,914.2642640346214,-89.6796857867287
40.25800631195882,328.06963175805873,914.9455638844986,-76.11176902069838
39.84954457273119,326.02996757949063,915.6886814263019,-62.52773290971294
39.46129383376877,323.9985370079842,916.4866164311495,-49.168776334027996
39.099724105995726,322.00974684724764,917.3314189139257,-36.253774456384406
38.76982695694449,320.0934248151472,918.2152252027656,-23.964530042958586
38.47498937730096,318.27296966275134,919.131153066568,-12.436437490901
40.03196986058653,312.26952852095735,923.4417397206511,-128.91152625932835
39.67779647371401,311.2832915463333,923.5224557297593,-116.76264290122222
39.32332162530959,310.250510792677,923.6485932333646,-104.18777546198729
38.97582737627205,309.1887293286403,923.8241677291956,-91.41168811287201
38.64222132454625,308.1171265030662,924.0512838240484,-78.66997405696429
38.32856553101497,307.05496044411046,924.3302029794892,-66.19049488131395
38.0397317725722,306.02000334460456,924.6596949678083,-54.17606433672037
37.779217205458764,305.0272360221536,925.0375537035872,-42.791106533101726
39.241468635429285,298.6737170781257,930.1241006333375,-146.35594339790558
38.93597208087774,298.2154120900361,929.9224303196086,-135.21291328066187
38.627357207100395,297.7297318813329,929.7444897264677,-123.56483200886598
38.321993251514456,297.2244892917591,929.5984644831104,-111.61449681133342
38.026108704598336,296.70874344196864,929.491293180568,-99.58450236384948
37.745333762488194,296.1920829729642,929.4282050881222,-87.6998521354316
37.484337155913,295.683821981567,929.4125389207802,-76.17014853966577
37.246603184208794,295.19225158727465,929.4458371296502,-65.1743294434959
38.73507768289959,290.31192904476524,934.2327096574148,-156.96159072393675
38.45867604069593,290.1233622427178,933.8886189723314,-146.516320748791
38.17761952866875,289.92071334562996,933.5534953479728,-135.5339292374195
37.89765091686647,289.7069737067439,933.2371369876474,-124.20150841832981
37.6245035683222,289.4858753138975,932.948668980722,-112.73057184208511
37.363463038825415,289.2616102305645,932.6958255808995,-101.34093938961047
37.11900086467879,289.03847243227,932.4844636695814,-90.24319182957981
36.894532302419876,288.82048821557873,932.3183717284546,-79.62268625734089
38.43859270870236,285.5346451922528,936.5800064362282,-162.9798590149109
38.178399417810475,285.4812015833582,936.1650390867708,-152.95917161646057
37.91274976187493,285.42142429831284,935.7503903990051,-142.38936695786444
37.64700815485599,285.35595378789327,935.3464434580042,-131.44803580929474
37.38659814075909,285.28581627250713,934.9632687918095,-120.33949713740066
37.13657837660146,285.2123557414273,934.6097898854009,-109.27954817508802
36.90127819307217,285.13711266069794,934.2931392924237,-98.4782667189017
36.68404666883026,285.06167326460485,934.0183049302906,-88.12379507454958
39.680428958951474,409.73747595577703,867.1439242956693,12.935724560398725
39.15387644771711,402.27329135508313,871.8654213976581,26.586514126811863
38.623562477531095,394.8513966660228,876.3789475180663,39.74966272179729
38.10355503975339,387.6115073543946,880.6631637245061,52.26083676916086
37.60623243907169,380.67083417906963,884.7077247145887,63.993886152971285
37.14161353235087,374.1182901433254,888.5124957447294,74.86407198475675
36.71704758205794,368.01250832390957,892.0863219983701,84.82757247011058
36.337218512457774,362.383240107182,895.445324095505,93.87775247554814
38.961848234573026,387.43643792928924,880.5667625063206,-22.93881488646423
38.44796508046016,381.8468470694313,883.5964197177595,-8.320472413925017
37.9416309181233,376.24709911775943,886.6099168569896,5.994208452331861
37.45289566328965,370.73675687469387,889.5756228150738,19.78936477210644
36.990673217267904,365.4047919629604,892.4683075940749,32.88622005594249
36.562240085453716,360.32378837638146,895.2703464932524,45.151116741960806
36.1729517755431,355.54653922835536,897.9721206833966,56.49850453987092
35.82617755575164,351.10521635019774,900.5715634053438,66.8891488499972
37.880624995575275,361.0777819813994,894.8781967294867,-61.437044090314714
37.428946777430376,357.4494172472032,896.5128172322989,-46.84142086481455
36.98504070328576,353.76497092915423,898.21445107877,-32.25540844114005
36.55727524277231,350.0896610384644,899.962651993412,-17.929368871591635
36.15311082419101,346.48568345426366,901.7376430901973,-4.0895411845044976
35.77869355272268,343.0075854714098,903.5221054333632,9.076424587456302
35.43861063987391,339.6988201291782,905.3025499428707,21.428698774066333
35.13581501843588,336.58990194821973,907.0700351756449,32.87854616187698
36.65295357832653,335.5360410412951,907.8899590049109,-96.22810916709511
36.2824192681057,333.4758822441536,908.5742081917228,-82.50684634585545
35.91548204424346,331.3515559691719,909.3321202345145,-68.5246239898706
35.559410413297925,329.200276646292,910.1581077326971,-54.53200353690798
35.220864290977914,327.0599469330797,911.0446517963883,-40.774152208928285
34.90549384730289,324.96613106118673,911.9833460403844,-27.472417721515427
34.617674344716335,322.9494123935889,912.9660198041894,-14.809531802966433
34.360392883034244,321.0335394761226,913.9856824664621,-2.9204160379006794
35.56213474873094,315.0053044220854,918.0763387248132,-123.04840969203076
35.26062985257119,313.9488483016327,918.2009275913317,-110.50722107351362
34.959002477839064,312.84463310984484,918.3775908921291,-97.53343978241696
34.66346767882014,311.71135405230746,918.6103474178949,-84.35719101731905
34.379926278847584,310.56924743069436,918.9011744973533,-71.21857931194833
34.11356630959231,309.4384457984409,919.2501499843323,-58.34872918045593
33.86857034261048,308.3373540315681,919.6558832587662,-45.952258228952275
33.6479573746925,307.28132025698676,920.1160933728814,-34.19393562871045
34.76324377495643,300.85673682789576,925.0657011518117,-141.13420272760868
34.50812603597955,300.35440360469613,924.8907518866295,-129.62205765907493
34.2506499596316,299.82350219790084,924.7455592520515,-117.59357147383167
33.99617524689729,299.2725863995295,924.6386613752592,-105.25662594283034
33.74994365122248,298.71142904375097,924.5771995827333,-92.83838362872666
33.51669846587213,298.15024209237527,924.5664951212815,-80.56743282116486
33.300382430490664,297.59882362668867,924.6099251643273,-68.65566242291698
33.103951592669844,297.0657822447827,924.7090735248519,-57.28288628559059
34.253499178035995,292.14492862764706,929.3839345529196,-152.15349138545406
34.025751406296514,291.9269421133897,929.0562465914007,-141.35708211461315
33.794463058251225,291.69390900851073,928.7429413659372,-130.00958005817193
33.56442110172623,291.449323567335,928.4543738836867,-118.30281387890832
33.340402149441495,291.19741814902164,928.2000844050269,-106.45273262427463
33.126811791815015,290.9428376386107,927.988094736032,-94.68280628748627
32.92738377762708,290.6902436307804,927.8244590200045,-83.2061125819823
32.744980920099465,290.4439208239998,927.7131185033554,-72.20917077563402
33.956000338207815,287.1638539331402,931.8617610081465,-158.41986713022675
33.74336424989666,287.0887480483749,931.4572956976788,-148.0599316792627
33.5265830531502,287.00654531372834,931.0581349554777,-137.13546856557096
33.31010265902372,286.9182628818928,930.6753283929097,-125.82853375486141
33.09841383780849,286.82530894888157,930.3194833490296,-114.34773650609168
32.89570556324063,286.7293805301691,929.9999297612621,-102.912503334136
32.70556780458263,286.63231237996666,929.7241004016854,-91.73548910466124
32.53078711320142,286.535905962293,929.4972143416717,-81.00614141292326
36.28898507451445,414.6482996100778,860.6862652554794,21.637864913089018
35.796737184792704,406.98127943238563,865.5838946482156,35.599065991353996
35.30052018353661,399.351192395471,870.2674188016329,49.05453153701234
34.81347820737259,391.9030585664846,874.7157096430843,61.83925383906664
34.34714872468641,384.75839893522704,878.9188684242431,73.82753072315151
33.91084342196306,378.0092636733277,882.8774237018876,84.93598856084535
33.51136766510433,371.7162427376094,886.6010822937147,95.1228451335929
33.153034605786026,365.90998918788466,890.106990071379,104.38392021908061
35.53826890965984,391.79416406646567,874.427924628337,-15.190952014304713
35.06429930092211,386.0220865599437,877.5918008291753,-0.22999438987454823
34.596811945954265,380.2403541593383,880.7398894459549,14.41279206001579
34.14505775560275,374.55146387171504,883.8397796265442,28.519450728847403
33.7172436948735,369.0467737945543,886.8657417601403,41.91041757604569
33.3200681831637,363.80057610344153,889.7999640288451,54.45242900926725
32.958458454919075,358.86665741258764,892.6329567261112,66.06129685180827
32.63551076533993,354.27751676043573,895.3630672839047,76.69984882063058
34.436223777245345,364.7006005025618,889.0972571745529,-54.7163289352994
34.02663537998103,360.93335916671845,890.8296728432564,-39.767918280939455
33.623757165172734,357.11078465829746,892.6330502750213,-24.836767921490008
33.235150503497906,353.300091676035,894.4860397165332,-10.17669696850109
32.867568323304674,349.5651128179079,896.3681057791998,3.98387442253852
32.52658462747929,345.96157679905514,898.2614001389254,17.45642206139746
32.21636924897975,342.53362687453273,900.1521829650695,30.101439298762642
31.93961585294691,339.3119984788551,902.0315461603241,41.83149162615396
33.20233803450812,338.39109967377897,902.4739976964953,-90.46325358040744
32.87290881842424,336.2388094708319,903.2266063272095,-76.39921567959229
32.54653844576002,334.02192392255915,904.0581713786784,-62.074333581201785
32.2296733890343,331.77906884486737,904.9625143890727,-47.743378571269204
31.928231194149912,329.54936343217474,905.9315250617876,-33.65470814179443
31.647244144039,327.36930786776946,906.9562996715813,-20.0316369829892
31.390621678487975,325.2700948092724,908.0283391919869,-7.057600819298358
31.161046442806533,323.2757520147954,909.1405326561314,5.132923109586841
32.11460017876899,317.210739390968,912.9887172627666,-118.05721016697944
31.851890714453248,316.0975395522273,913.1598443604809,-105.19347836073732
31.589097101070198,314.93560896056283,913.3884185540811,-91.89124381143336
31.33164099750479,313.74456306619584,913.678252621808,-78.38492998220914
31.084676730312534,312.54548048033456,914.0310376627456,-64.91825862840258
30.852745136267657,311.3591889832545,914.4465583847224,-51.72496713679402
30.639518190795453,310.2045948050376,914.923196041758,-39.01110777769043
30.447659437375854,309.0973349447916,915.4585586730714,-26.94170160071343
31.321375805464744,302.59759889852467,920.2330136748103,-136.6933031053842
31.102884481289994,302.06037036090635,920.0901441450067,-124.87911982118644
30.882492532316107,301.4936404155173,919.982006736819,-112.53881764822705
30.664815162525297,300.9065447844881,919.917219545203,-99.88431972488186
30.454369254400675,300.3094152413509,919.9029001329723,-87.14642606239971
30.255248200860056,299.7129505008029,919.9442890536345,-74.55658288605952
30.070863254926778,299.1273252250507,920.044682320745,-62.328500088220665
29.90378326718666,298.56139344327465,920.2056318572927,-50.642679219609306
30.816470999919044,293.59231593187826,924.724320670304,-148.06422069072985
30.62382466111875,293.35153902957757,924.4200249558145,-136.9814329642651
30.428350108369333,293.09498390189486,924.1346652767454,-125.33560982774748
30.23413267559094,292.82653286473476,923.8788466549482,-113.3223198006672
30.04524974346098,292.55080302109985,923.6622564097395,-101.16102379420809
29.865465773013085,292.2727862207297,923.4929879911435,-89.07808744787496
29.697977866797608,291.9974245692568,923.377133739589,-77.28856954168782
29.545246935512782,291.7291986547432,923.3186825527744,-65.97990402554183
30.522312891268044,288.44092764529444,927.3088268035091,-154.53888393172707
30.343847856616676,288.34944599089687,926.9228420689261,-143.9027643870499
30.16209219095217,288.25031200857427,926.5464138053377,-132.68903909467895
29.980819215310582,288.1448290992968,926.1909337819595,-121.08327662973565
29.80383982153655,288.03469434389785,925.8672544291323,-109.29747177864132
29.634711183726093,287.9218704752487,925.5848698184943,-97.55392080516
29.47648717984615,287.808412481036,925.351328108276,-86.0673162490695
29.33154656322825,287.6962814778395,925.1719520605072,-75.02812963832167
33.54278994632206,418.7755039969045,854.7863942407066,29.19302376247478
33.07956838217487,410.93817343271917,859.8404079283673,43.41421358958601
32.61219249102724,403.13254938325406,864.674741378377,57.1137244105164
32.15303387549142,395.5083243628259,869.268344438497,70.12619397700252
31.712930671916276,388.19082117434095,873.6116127301257,82.32652345951544
31.300609507414777,381.2748639078974,877.7055738283498,93.63270906055821
30.92242833686454,374.8227830986942,881.5606249817492,104.00488586491615
30.582397375037864,368.86604801710513,885.1947650333625,113.44111331135376
32.77778763059121,395.45233410697,868.798898499351,-8.475395941865088
32.33649984879392,389.52620264411354,872.0838412003033,6.773828229499799
31.900825709198728,383.5906538586705,875.3529263028265,21.692221274181463
31.47936444341333,377.75070217866244,878.5729732476184,36.060191570109566
31.079746467725585,372.0997572137976,881.7177424045803,49.69765862609631
30.708198610370484,366.7135830689063,884.7692016575968,62.47184318109447
30.369298420634024,361.64682640774447,887.7179345300062,74.29985130021971
30.065918704202883,356.9322753084595,890.5626278164534,85.14638068770915
31.673168978674248,367.73075755272725,883.7735774582387,-48.90380412873418
31.29706134828271,363.84653588705396,885.5961356829519,-33.6581978128701
30.92680541693975,359.9075889069612,887.4926677474751,-18.436430302839398
30.569321361753246,355.98280648278114,889.4409356318934,-3.4951549252067196
30.230799259004435,352.13739415470025,891.4196638233566,10.935459541842476
29.916356785791084,348.4280710376138,893.4104861767241,24.666245700418983
29.629829318183635,344.8995577209149,895.3994095231162,37.558061087344186
29.373700825509587,341.58277197140217,897.3775397784011,49.52465344130809
30.448496436505895,340.76444244010014,897.4625423810073,-85.48834014852244
30.150976730417835,338.5351592440116,898.2800814290418,-71.13600315105128
29.85606360040836,336.2409282402689,899.180825260626,-56.52282352586954
29.569563681054582,333.921543885165,900.1579593416693,-41.90705022578905
29.296816491984288,331.617131055089,901.2027607565974,-27.539660250234846
29.042372388761493,329.3649620338541,902.3058215987442,-13.64556159036664
28.80977610426477,327.1967300805036,903.4583120937705,-0.4087254407050125
28.601470014224244,325.1366893197332,904.6529957547559,12.036796390545078
29.37498757474213,319.0294140759525,908.2581973247279,-113.75686047291273
29.14183480232043,317.8693695081771,908.4754338831752,-100.62266404751011
28.90858194532312,316.6597966850894,908.7545365527451,-87.04478653420222
28.680041701811998,315.4210636701122,909.0990022728117,-73.26119139450421
28.460795915512353,314.1749365826473,909.5101572352403,-59.518574396639195
28.25488889078578,312.942809353495,909.9874417245239,-46.05281274181061
28.065600026712975,311.74399501984425,910.5289777166788,-33.071119130346574
27.895318154762833,310.5943630232324,911.1322434476004,-20.73869048851776
28.594568726055723,304.02068016587947,915.7201806035544,-132.8700285020185
28.4036264916347,303.45510160991176,915.6109045640496,-120.80332593150413
28.211080267078014,302.8592673107967,915.540525554288,-108.20205184565287
28.020978925306984,302.2427820853215,915.5175878851398,-95.28144027521171
27.837288838657965,301.61642734731385,915.5490611298612,-82.27527143685097
27.66361005850268,300.991292494961,915.6400124099287,-69.41733023713996
27.502949971899984,300.37785348663255,915.7935923092065,-56.922809122647095
27.357582205410676,299.78515951563327,916.0112792782536,-44.97275378133611
28.098664430167716,294.76618184564694,920.3586830339757,-144.5438580601524
27.932215706177942,294.5072534532812,920.080469224753,-133.22215163536137
27.76342386617023,294.23197125867597,919.8250546418477,-121.32715182408808
27.59584342838483,293.94452578637146,919.6031165520706,-109.05747761290027
27.43302385509847,293.64983903949866,919.4243370459856,-96.63545726870066
27.278246012402487,293.3531771732758,919.2967601603698,-84.28982017217999
27.134302048247594,293.059703343223,919.2264270052056,-72.23723715274465
27.003348841363426,292.77405160333427,919.2173127937838,-60.665874217124696
27.81011740407993,289.4708803351282,923.0334706409792,-151.1965678740654
27.657050921404057,289.366684946504,922.6693748485527,-140.33031533399688
27.501285092844764,289.25442729779644,922.3184837568897,-128.87526977880827
27.34608621195943,289.135637296826,921.9923421507729,-117.01985842294596
27.194753799332673,289.01224004149833,921.7018804624489,-104.97883546581357
27.05037022909232,288.88640657078497,921.4566192076312,-92.97678667024408
26.915586829421716,288.76036611030077,921.2641178463584,-81.23016297768416
26.792475091709427,288.6362027489074,921.129727580638,-69.93020753047193
31.270989928173044,422.30054815794995,849.403877938043,35.81739628433894
30.832667464961343,414.3182865175919,854.5979652622786,50.25930060896849
30.39003495918632,406.36269716646154,859.5672817217027,64.16533941042093
29.95480746418088,398.5876212256125,864.2907639528637,77.37001455200205
29.537231458026646,391.1217615590037,868.7589948690434,89.74891745001034
29.14554087380724,384.0624141140314,872.9733826450408,101.22138249755773
28.785719043263356,377.473471117429,876.944888235369,111.74932997793834
28.461523651406242,371.38713895217336,880.6922331270052,121.3328675791741
30.502217883776353,398.57294033269227,863.6512908665258,-2.5956546648959886
30.088233858081963,392.51500109162515,867.0459657420408,12.899372627150655
29.67915101043837,386.4477066440418,870.4244176124124,28.052375184064203
29.28302614299693,380.47825570879604,873.7527219018777,42.64246639217515
28.90700972729339,374.7018404597511,877.0041356060589,56.48924005458221
28.556935947585163,369.19550615122154,880.1603914757833,69.46044937582585
28.237091088480337,364.0146505683424,883.212109648147,81.47441906428607
27.950161621398316,359.192318061506,886.1582607176082,92.49754502118539
29.405272923580164,370.3070971572637,878.8918581017926,-43.82389210938288
29.0564583872807,366.3229294607796,880.7973591826078,-28.32442699202244
28.712796486460103,362.28454529159217,882.7791636101825,-12.854594106253984
28.380685553047183,358.2622605484807,884.8141791711971,2.326592264603164
28.065856812326317,354.32244864194,886.8804224043668,16.987540589364272
27.773054983294156,350.5226699241631,888.9590311916204,30.93860991855729
27.505840974064526,346.90813354381737,891.0357646424998,44.04104430030543
27.26652534241909,343.50990856251747,893.1017302328903,56.209671943047994
28.1980052991847,342.7717118254635,892.8533558514779,-81.1480681704605
27.92593954904076,340.477060578019,893.7317919907405,-66.54958181463186
27.656105467502638,338.11717005629805,894.6969039880362,-51.69026701147095
27.39379842835135,335.73281926380747,895.7412328857347,-36.83129847214366
27.143895601132566,333.36497869670086,896.8554484812477,-22.225841131006035
26.910561028533543,331.05156812535,898.0296492883026,-8.100112893665425
26.697045952255333,328.8246984985774,899.2546825953035,5.361507467063149
26.505597943711244,326.7088097766895,900.5231860170263,18.02537820363844
27.14434621700456,320.5573469094547,903.8942654582731,-110.00982728845469
26.934364409721756,319.35792303326843,904.1558308413064,-96.64507417855805
26.7242472859465,318.1083045393253,904.4829586619824,-82.83214411015737
26.5183274015294,316.8294873124862,904.8787749637142,-68.81197887068228
26.320735144783217,315.54380982988584,905.344205805985,-54.83376888036685
26.135122784039215,314.2731361682347,905.8783270386735,-41.135175916335726
25.96445890846212,313.03711582477933,906.4789900882083,-27.924364798750787
25.810913647655315,311.85180868852177,907.1435348345342,-15.366648222173637
26.38020571297018,305.20774734656885,911.5459992033957,-129.5407552037937
26.210597746800087,304.61865151412957,911.4699966211284,-117.25915869603159
26.03958992950436,303.9986758968377,911.4364278109324,-104.43566938058939
25.87078859581291,303.35781191837884,911.4536762438449,-91.28829960666238
25.70773013576336,302.7072109143325,911.528495918216,-78.05332723991052
25.553629071549757,302.0582830248326,911.6657317129743,-64.9664915307697
25.41117659621306,301.4217507901485,911.8683550761845,-52.24421422063165
25.2824142449037,300.80682213290754,912.137747533647,-40.067975092194445
25.895295786506292,295.739149570236,916.3125010281951,-141.47869578441419
25.74898150809527,295.4654283745521,916.0609316011528,-129.95392583930638
25.600671568695923,295.17489041668705,915.8354784497319,-117.8469978264472
25.453508115445597,294.8719777384823,915.6467866844696,-105.35908424185126
25.310630832103925,294.56186089475557,915.5044459849282,-92.71491278063999
25.174945182122126,294.2500294091021,915.416382926815,-80.14518752449095
25.04892854978833,293.9418261467759,915.3885370563773,-67.86791911362161
24.934500717509213,293.6420094791643,915.4248337988909,-56.07186903511558
25.6135031224334,290.3213779129167,919.0659270151427,-148.28598822140304
25.479888396697994,290.2071913036718,918.7248701449167,-137.22430921706987
25.34400701383592,290.08467597321845,918.400198856001,-125.5641981608538
25.208734278813886,289.95556129197774,918.1035052915062,-113.49647703113598
25.076976087672282,289.8219767331941,917.845709166716,-101.23816301650618
24.951450681410464,289.68629113147676,917.6362919482231,-89.01595888460571
24.834500206249892,289.55090236094287,917.4827759945786,-77.04755593366164
24.72796141490776,289.4180319524099,917.3905139507457,-65.52493731404311
29.358004743178082,425.35223235758264,844.4869814327128,41.67790101065853
28.941292932002227,417.2451460204272,849.8074610507122,56.30946330995562
28.52014445165406,409.1599195028661,854.8985049697374,70.39242950800332
28.10570858438521,401.25410534379137,859.7389740317612,83.76131650285325
27.70772389285722,393.6594341143145,864.3195621127738,96.29245011193868
27.334003053668656,386.47542067363105,868.6419709659698,107.90645283030639
26.990210452425988,379.76736396689404,872.7176297306097,118.5669071214269
26.679890754032204,373.56815162421293,876.5658805831474,128.27578019719644
28.59178162132828,401.2711748084246,858.941417850308,2.599467383996256
28.200988673832235,395.09910968535485,862.4360138616078,18.30660861315704
27.814507118873415,388.9176337143038,865.9138279344465,33.66172242122761
27.439934563327764,382.83586048528355,869.3402248050022,48.44288330977528
27.084015096931758,376.9505465610298,872.6879739161568,62.46949491548088
26.75225040101885,371.3398630070515,875.9385688857503,75.60986432722984
26.448680078514403,366.0598694250418,879.0826422219695,87.78345824467443
26.175832725256356,361.1438387180756,882.1194060751336,98.95821879468852
27.50826670613544,372.52805714362654,874.4171419599354,-39.342345000096344
27.182153186427794,368.45742790714297,876.3989924542317,-23.623372881751067
26.86061736588039,364.33301845586277,878.4589714104195,-7.939220981374746
26.549624327841205,360.22637425461295,880.573175015805,7.449101632157635
26.25452368694066,356.2048746047033,882.7189498650971,22.3088298507505
25.979749248909407,352.32680304166104,884.8769641727838,36.449974607010944
25.728632308958375,348.6377868276167,887.0327391557888,49.73417533312528
25.503337434513448,345.1690215436135,889.1773758966502,62.0772515369454
26.32260582586264,344.49417161841524,888.6201411492278,-77.32452707407049
26.071307156645034,342.1432602316344,889.555353166435,-62.51313939074467
25.821929647932606,339.7268676927346,890.5801240977614,-47.44099736577306
25.579351162905724,337.28661479674275,891.6863619274819,-32.371775381946065
25.348070790651494,334.86419351610147,892.864148166427,-17.56049327968836
25.131935959208825,332.4980744091077,894.1031070207935,-3.234460873156678
24.93395647951839,330.2207217441202,895.3937757717308,10.421632308823547
24.75621859553332,328.05672987397486,896.7286686032276,23.274539269406773
25.291402731923355,321.8611079392833,899.8783507890357,-106.71219976126963
25.100026024374294,320.62806744860274,900.181893098892,-93.14815785466351
24.908474084580618,319.3442676815949,900.5541378976519,-79.13204408514605
24.72069222825829,318.0312370515887,900.9978164433263,-64.90734998651033
24.540446492335548,316.7117985189254,901.5134436736465,-50.72539374973971
24.371072256896305,315.40821306768544,902.0997281954926,-36.825349060704525
24.215286155469073,314.1404130116959,902.7542506172534,-23.4161726605181
24.075080080052402,312.92461671455885,903.4742099644449,-10.663247114716455
24.545017131829052,306.21465249097616,907.6979750725739,-126.61219356172893
24.392342948458477,305.6057035982647,907.654046250921,-114.14499926594371
24.23841654604668,304.965349492766,907.6555960272523,-101.12954300354849
24.08649042946223,304.3039062618537,907.7107986745523,-87.78621398558423
23.939757140309588,303.6328353897007,907.8261574735852,-74.35342233510613
23.801122597886696,302.9638153911929,908.006271236068,-61.06856933467944
23.673024345890777,302.3077744974829,908.2539160587677,-48.149112556696195
23.557316951927987,301.6740522273477,908.5703638726789,-35.77688149156211
24.071906829855447,296.5602065034265,912.5775725728091,-138.7827269762709
23.941459217269767,296.2742034908156,912.3521484310886,-127.0826902093828
23.80927539902582,295.97100843801286,912.1557251121509,-114.79278286598881
23.678169850986677,295.6552747027516,911.9988545585416,-102.11636025444372
23.550956748962324,295.33238207538716,911.8909852130689,-89.2801988670899
23.430243247207716,295.00800882746546,911.8398895837454,-76.51668496581982
23.318256284224365,294.687650711456,911.8513791393291,-64.04496406251533
23.216726458298783,294.3761732275356,911.929309888373,-52.05429109063755
23.797463698166407,291.0386207898878,915.4014772374164,-145.72600534926136
23.67916791962367,290.91690808135456,915.0836509664578,-134.49581852445485
23.55895567800274,290.78693824748296,914.7851311133049,-122.65887608554522
23.439406816237675,290.6507641504061,914.5175659793363,-110.40808621732145
23.323139959869817,290.51095449516635,914.2919389469123,-97.9625131271658
23.212627714853543,290.37051701336463,914.1178785555142,-85.55067067861435
23.110047787518308,290.23288032846364,914.0032707450316,-73.39169262383226
23.01720928924136,290.10213754609117,913.9542998273782,-61.67867956403788
70.11118596512543,370.7517342648365,974.8465039951479,-68.43287178967702
69.22399066985,365.0177788603839,978.2955232999152,-56.30847449913586
68.33196851423479,359.31543388863776,981.5712071294338,-44.515485676099985
67.457521932164,353.7506190226536,984.6510447285502,-33.22636794664845
66.62075571318358,348.4155439934386,987.5216237713908,-22.583759240885755
65.8382676288541,343.38349390966334,990.177961329362,-12.69469989267104
65.12248406259128,338.7062152515046,992.622470659714,-3.6284047373965507
64.48151733492405,334.41383857863775,994.8636393819868,4.582545626640481
69.98061383030377,352.90423334814176,984.7979992730839,-96.5859578035738
69.03390639233481,348.7725601273788,986.960204339525,-83.76839924377168
68.10054912620396,344.60583754262814,989.0897580154775,-71.11997577990967
67.19875730251628,340.48264266232513,991.1594978872577,-58.853465033547465
66.34470494784019,336.4763729961873,993.1470203600306,-47.15497947909422
65.55159342555821,332.650075739014,995.0355888909293,-36.17387267491014
64.82911343710198,329.0528786320757,996.8144734170946,-26.01709112687449
64.18330876240329,325.7183514588164,998.4787309306131,-16.74814384541898
69.46519353981789,332.20117684904716,995.126254678348,-126.8097808309425
68.53601113497734,329.63830123267417,996.2570487816233,-114.10046729077932
67.61984644130149,327.0072568920047,997.4121458031009,-101.31396479760947
66.73394616972068,324.3579730775266,998.5743749947125,-88.68685945983914
65.89361897217584,321.74078986839334,999.7270426500272,-76.44230301775198
65.11135910329854,319.20248581427876,1000.8551146427319,-64.77468883797343
64.39633488180974,316.7829275213342,1001.9461734554569,-53.83845975638758
63.754255468348696,314.5128183048931,1002.9910187717236,-43.74221314219136
68.6743431189753,312.38329473295784,1004.1625211602463,-154.0319450967745
67.81542649222568,311.02150772887865,1004.6237233840056,-142.10727155435882
66.95973447207817,309.59728500444544,1005.1105089003216,-129.88614766183753
66.12393359042069,308.13689077902353,1005.6164319474822,-117.59992918809124
65.32328543841832,306.66905502207413,1006.1340619026705,-105.48370534702416
64.57064240079603,305.22263073442986,1006.6555309228629,-93.75834508725163
63.87579102167155,303.8242628346046,1007.173162925522,-82.6148134765153
63.24519036530927,302.4964610380859,1007.6800768065923,-72.20301812427839
67.86582470598101,296.57749990102855,1010.9440290720406,-174.8849173776959
67.0856734211821,295.96302073207653,1011.0333297984421,-163.96695629131779
66.29872685566768,295.30817930223606,1011.1318887369773,-152.61879830523947
65.52049968063255,294.6243447428174,1011.2391371318497,-141.05106543695928
64.76578722713103,293.9251471525122,1011.3537699595547,-129.49138182919657
64.04756422334661,293.22541381062655,1011.4737171181907,-118.1667633037922
63.37616882424922,292.53991653251467,1011.5962513764553,-107.28612833690485
62.75886785120129,291.88215578940196,1011.7182268633151,-97.02575365852228
67.22973998272603,285.7427673882959,1015.4285747745412,-188.84746994532702
66.51072227998243,285.5332154322622,1015.3291175843767,-178.7890972794856
65.77800665148872,285.30314634299566,1015.2240122395169,-168.23859671665957
65.04583547599984,285.0561509250599,1015.1149467706955,-157.38630928940103
64.32825675206054,284.7972637928683,1015.0034244801777,-146.44725580279163
63.638003217567146,284.53262642286023,1014.8904541452582,-135.64500604143495
62.98558495219231,284.26896802012516,1014.7763223372524,-125.19413713950281
62.37872629065823,284.0130005910372,1014.6605146987133,-115.28420978415683
66.80853129079964,279.0954291591568,1018.1264371862508,-197.30547977700118
66.12884191422812,279.0911621761475,1017.9342869200364,-187.83775512834404
65.4314147180477,279.0791579740181,1017.7269082345796,-177.8539946169288
64.72951216399089,279.0592463126924,1017.5066740702171,-167.53053679068933
64.0365192516179,279.03202044935665,1017.2761651291535,-157.0722738172156
63.364837562564894,278.99885422268716,1017.0377537973001,-146.69788016001763
62.724939531967124,278.961789663167,1016.7932116583097,-136.62273974821764
62.124732177359824,278.92331831011893,1016.5434431811937,-127.04245001824806
66.55793211446617,275.3032734394391,1019.6493199272597,-202.09799691022323
65.90109764631265,275.4013924005852,1019.4115697152192,-192.9879411461849
65.22432265178298,275.49897987724717,1019.1531689756629,-183.35348755680053
64.5402435118857,275.5940552226438,1018.8766567741296,-173.36264405297007
63.86179315451637,275.68497470902173,1018.5850043614109,-163.21388670501491
63.201112532286864,275.7706135373112,1018.2811601858346,-153.12226827942607
62.56859102871719,275.85046255291746,1017.9675820521657,-143.30278042487458
61.97219248148931,275.92462478057917,1017.6458726510775,-133.95375210260391
59.096013666017626,383.53706174706116,966.9929076646671,-50.224698774520434
58.30640740857334,377.2541185906871,970.730816763396,-37.255416740258795
57.513491491637126,370.998399300891,974.2869628775852,-24.654143149396077
56.73734983644709,364.8867604656657,977.6416572566131,-12.60015099944053
55.995881336425455,359.02035564054245,980.7844871750331,-1.240167592626193
55.30375939326329,353.4789962133662,983.7134773099102,9.317298406007993
54.6718907547526,348.31846246578857,986.4339404403062,19.003846636954535
54.10733282646488,343.5706412938567,988.9570573647559,27.78951380927211
58.66836126565776,364.36348200108534,978.1781550507043,-80.59196830148696
57.85000374532607,359.76370727298024,980.4725683726404,-66.84280190853626
57.044526163709385,355.12884751505516,982.7455582738987,-53.29293819572608
56.2676613679468,350.54492880174473,984.9708622317818,-40.1649806950857
55.533338872171555,346.0915847373164,987.1269529895278,-27.651682540237715
54.8529022731375,341.8365107781281,989.1979599055877,-15.90582149830908
54.23466442071596,337.83175006642233,991.1740204006027,-5.034833913221988
53.68380315083205,334.11212989318744,993.0510416459382,4.899699327776361
57.837595188373555,341.9483305631966,989.8671779356941,-113.20748229717032
57.05938964636048,339.0337162819113,991.0001886306613,-99.53978199122243
56.294145897250935,336.0486608753087,992.176432889927,-85.80853619919048
55.55624463979022,333.04865254781646,993.3805299846204,-72.26319478867934
54.85840656598126,330.08886586033316,994.5970241382192,-59.136772227033944
54.21099271274451,327.21985182422816,995.8116498573761,-46.630085692047146
53.62160174849283,324.48400962711753,997.0124046796878,-34.90056248691718
53.094970924754556,321.91332722035287,998.1902499847074,-24.05672216815016
56.77048398208051,320.3473282833776,1000.2134338994169,-142.65601296908972
56.07299019113441,318.7467622278322,1000.585818880571,-129.80106829171882
55.38075011073191,317.0790418110827,1001.0016169323745,-116.64446393234886
54.70732261250662,315.37438432313064,1001.457900808911,-103.43174713615039
54.06504428722784,313.66516951125806,1001.949969167169,-90.4100193704878
53.4642544510827,311.9832954904546,1002.47185964867,-77.80910790999039
52.912799959997486,310.357645868454,1003.0170469202096,-65.82547228193266
52.415848647296485,308.81208558549065,1003.5791682477482,-54.61112150600016
55.75691400001388,303.0223023193185,1008.0886374605673,-165.30394176824854
55.139753365182955,302.2521197245044,1008.0338664981387,-153.51054614214846
54.52009643612817,301.43644064009095,1008.0016187093408,-141.26689175128877
53.910368967785715,300.5892478569558,1007.9961137698378,-128.79741527734606
53.32231384083638,299.72673264803774,1008.0201388822504,-116.34234161765531
52.7661522295941,298.8659971388091,1008.0748198130159,-104.13893774185871
52.2499781711004,298.0236174321079,1008.1596672640201,-92.40327596999876
51.779449972776824,297.21432315983157,1008.272866726328,-81.31543426931452
54.98682498762363,291.092934368727,1013.3659307447169,-180.5329298293087
54.42880094872531,290.77863224574145,1013.0924172091989,-169.6533876822887
53.86303795723925,290.4393561196392,1012.8220934956271,-158.25240481445775
53.30083590624706,290.0804352135882,1012.5620563607177,-146.53306455726363
52.753219493400536,289.70868675173125,1012.3187238561204,-134.7226434385216
52.23008860998041,289.331910024304,1012.0972093515228,-123.05526135954668
51.739549070946666,288.958219684383,1011.900914348703,-111.7534043135243
51.287513053389624,288.59534139138145,1011.7314102179282,-101.01141268769575
54.48561970212894,283.75039929412384,1016.5729273028167,-189.79046448558393
53.96456080776836,283.6696107421226,1016.1915009986938,-179.54207138097703
53.432729393266925,283.57740043549245,1015.8005908322069,-168.74331156846472
52.90059087695207,283.4748506633183,1015.40821295341,-157.58227251000147
52.37858028157456,283.3638766281956,1015.0222672229454,-146.2755435632482
51.87626563912348,283.2471175038263,1014.6497437656799,-135.052226848943
51.40165221757755,283.12770711144196,1014.2960760753247,-124.135847907808
50.96073104977469,283.008969401648,1013.9647668095902,-113.72724028523578
54.190048684890236,279.5529176867915,1018.3951731623711,-195.04856279681357
53.69012786315605,279.5894459678237,1017.9605945324856,-185.18357713912798
53.17779019620645,279.6223031643659,1017.5092499669558,-174.7573044292672
52.66297683774972,279.6505089867473,1017.0493969106715,-163.94882011065567
52.155732619758986,279.6734927569122,1016.5895100442104,-152.96785286350942
51.66538344279974,279.6911735063031,1016.1374197617565,-142.03969348686118
51.19983116344527,279.70395906385573,1015.6995487258389,-131.387510003216
50.76507539855429,279.7126677401778,1015.2803978621901,-121.21505949992874
51.29156826808538,393.47197994677913,957.8878744487745,-34.53429226826373
50.58253120134263,386.7605705803788,961.8999687238625,-20.911719124365447
49.87023492684436,380.0711547992837,965.7217830087272,-7.688596074443197
49.17285861194789,373.5298144928869,969.3355176296513,4.951705461226837
48.506529559630714,367.24521358805345,972.7328621963588,16.860628997215557
47.884409255925334,361.30261748479984,975.9140481267533,27.929884287911207
47.316234701872396,355.76116078321894,978.8866294893946,38.09297537487677
46.80827113871766,350.65418191057194,981.663994350248,47.323081499167756
50.690564494148916,373.2493036437988,969.9267407156333,-66.69211491819851
49.97246007437732,368.27662317930856,972.3817981077908,-52.22099812228326
49.265691221233325,363.26960019384063,974.8228299464781,-37.97553419188709
48.58406194801086,358.32017796104964,977.2235274848881,-24.18482902787136
47.93979073958922,353.51287413790567,979.5624669028607,-11.045515110582699
47.342828484852014,348.91895307121854,981.8240719821306,1.2882826011667987
46.800472411409295,344.5926162969354,983.9989856598444,12.709993170654712
46.31727755646078,340.56951752993507,986.0838080517924,23.160635349202266
49.683421595628054,349.45614753113904,982.5532017125374,-101.23934915213663
49.01890338948492,346.25840937734193,983.7526333698424,-86.82852963659434
48.365999681374134,342.9898752503888,985.0098113052937,-72.36753075558588
47.736938797006374,339.7103781898103,986.3096191871998,-58.11480187422711
47.1425410992054,336.47877857342525,987.6366153811249,-44.30983174869539
46.59163354366326,333.34841375068294,988.9764290310043,-31.157164873000056
46.09071111752973,330.36345772768715,990.3169539817153,-18.815317429823693
45.64385088571542,327.55668031773206,991.6491243593973,-7.391638522450052
48.468705650794924,326.4070959820105,993.8110149752126,-132.48828438392223
47.889970023940364,324.6142794438705,994.1818703645135,-118.91214741325939
47.31658965545866,322.75180143144576,994.6112154226412,-105.03286100286869
46.759807347146754,320.85300211457854,995.0975395964095,-91.10619790738184
46.22983821895433,318.95306169191554,995.6370494987359,-77.38754873132189
45.73524499405551,317.08613796437515,996.2242633969668,-64.11252440041929
45.28254029732364,315.28269941326215,996.8528336397262,-51.48065812615013
44.876037015469564,313.56748480332584,997.5163932856711,-39.64447563026059
47.34979143965609,307.8422527421712,1002.4625464887818,-156.5930455416155
46.85087287572815,306.9479925193014,1002.3625596088185,-144.12141808529518
46.351185767379874,306.0050700233284,1002.2978374932202,-131.18621344688594
45.86084113860714,305.02955228634306,1002.2750084453043,-118.02198949117042
45.389363515214455,304.03961128387317,1002.2987339661834,-104.87788336587056
44.94502917820531,303.05405254603545,1002.3714544691612,-91.99807241044758
44.53439300976661,302.0907502992871,1002.4934910220102,-79.60306340329743
44.162050226705524,301.165263613513,1002.6634345160185,-67.87479662699286
46.51264210214591,295.0166190415087,1008.3144695364299,-172.85479947069425
46.07047269589605,294.62052952363865,1007.9703118789531,-161.3397315268997
45.62350758328913,294.19663377934705,1007.6394207277908,-149.28242914851774
45.180822449132144,293.75164587315015,1007.3318751225889,-136.89539158289082
44.75123104967471,293.29375893455983,1007.0566254253879,-124.4146703229577
44.3426231917918,292.8320125523032,1006.8207547202251,-112.08164052255049
43.961449485876095,292.37552189574996,1006.6290510728634,-100.12389056276496
43.61241829167769,291.9327092507429,1006.4839407233776,-88.73842965857142
45.97197554681127,287.1034973109702,1011.8966537075784,-182.76717133515095
45.56455833470231,286.9645133094331,1011.4307968689407,-171.91527083935188
45.15006249349339,286.8117921862413,1010.9635484061143,-160.48809618630548
44.73682385895333,286.64740449614425,1010.5061791425856,-148.68244804361058
44.3331080011164,286.47427534612444,1010.0694840176852,-136.7233367774831
43.94646299005278,286.2959815721505,1009.662824249123,-124.84710161649329
43.58318825887139,286.116440175694,1009.2934066268758,-113.28261425945345
43.2479954198285,285.9395478123974,1008.9659194222643,-102.23377481046086
45.654383335958435,282.57280272066396,1013.9419190924261,-188.4077970682189
45.26659923564676,282.5636654488843,1013.4157060362567,-177.95972210675248
44.8705144435284,282.5489327394306,1012.8795858580665,-166.92333106702458
44.47400823199821,282.5284041330324,1012.3451909822381,-155.48591641131182
44.084993474571675,282.5023184229513,1011.8240746909623,-143.8653254680482
43.71078279477187,282.4713587758164,1011.3266581594074,-132.29398359394625
43.35755283050985,282.43658397414833,1010.8613620607061,-121.00047143389145
43.029986833301294,282.39930155447826,1010.4340757665843,-110.19179150171092
45.5236501241268,401.3735312056532,948.7700022781812,-21.091712359344015
44.87964158086341,394.32314021987,953.0350951197836,-6.9542618331006025
44.2319644135154,387.2888823031146,957.1014095392609,6.75681197917234
43.59726467261566,380.40469995188533,960.9523619025695,19.85570596077754
42.99026457198861,373.7856504850429,964.5810893906198,32.19329882855192
42.42294126114496,367.5216420519703,967.9894341971509,43.66235397265912
41.90412578758391,361.67467391128275,971.1866809720821,54.19870127801583
41.43947769229442,356.27934541852244,974.1880174650366,63.778719993445804
44.82457396904204,380.30059293418793,961.433741582883,-54.73744652602599
44.1839443678769,375.028400957157,964.0564097705187,-39.69562131364158
43.553003681657366,369.72260842434736,966.6694201449355,-24.902017262493445
42.9440743013104,364.47993440778305,969.2459082500366,-10.590190344695543
42.36807124347031,359.3888103215305,971.7641386077628,3.040935847179526
41.83389131298752,354.5233303101252,974.208515392594,15.83696563916456
41.34806707001249,349.9393727450365,976.569972603929,27.692767904188102
40.91468719175328,345.6731864582287,978.8456848906665,38.55208999571677
43.72514426456654,355.3776443201002,974.7435130635763,-90.88606900710596
43.14556076260469,351.9514509623932,976.0398640378392,-75.88748389469492
42.576060640547325,348.4548477189853,977.4045046692393,-60.85064925903754
42.02727274460428,344.9510916156324,978.8217875466742,-46.040548610781826
41.50861915285056,341.50190256713313,980.2756872463888,-31.701109687524138
41.02780704120671,338.1627346024451,981.7513313146312,-18.039107948882418
40.59053132435184,334.9790596793841,983.2362996730562,-5.213224233998147
40.20039440175792,331.9841528338176,984.721449915643,6.670750579125695
42.440626764577075,331.13697927876456,986.6706699186834,-123.62514122314283
41.94841124536806,329.1897421578011,987.0863778257863,-109.47909541071337
41.46105113156154,327.1714382847802,987.5723475488694,-95.02975379920909
40.988095684687465,325.1178653365065,988.1273116430782,-80.54049662930862
40.53822885574075,323.06636655493264,988.7474331698877,-66.27267867479367
40.118745624238336,321.05280640563944,989.4270204823079,-52.46583807256536
39.73521676983802,319.10881022171264,990.1594777415673,-39.321291531311346
39.39135965457239,317.2597066904516,990.9382503924262,-26.991370958477916
41.27699505103038,311.55160233963124,995.9007847928523,-148.93527324067665
40.86273513094258,310.55899171957464,995.8107554520543,-135.92855458161745
40.44836509308281,309.5156321265903,995.7666574770237,-122.4484990061342
40.04231375208272,308.4392268768807,995.7761141928461,-108.73727239905315
39.652517917605344,307.34947375463497,995.8444243843412,-95.0505472507536
39.285880708768936,306.266463471211,995.9743610754297,-81.63738329940855
38.94788446988911,305.20902309566395,996.1663668286508,-68.72119276353547
38.642394896763534,304.1932913826151,996.4190422984742,-56.48481385166153
40.41385890718106,297.98857633898984,1002.1876171145227,-166.05218887048466
40.053724715025545,297.529030429124,1001.8321200667181,-154.03663378527793
39.690319975891036,297.03976311066396,1001.4989692394716,-141.4629902941945
39.33110670238152,296.5285641264337,1001.1997185674013,-128.55085912872772
38.98332117662666,296.00467565317507,1000.9444591375177,-115.54277340401418
38.653440209615255,295.47806503144545,1000.7410713512697,-102.68531305174392
38.34676732108738,294.9585788535118,1000.5948430181381,-90.20953892803465
38.06718980631217,294.4551311266843,1000.5084780879312,-78.31402191016852
39.85882374743507,289.60617226899257,1006.0571933989929,-176.5074574502534
39.53134826401488,289.42321817689907,1005.5679651142038,-165.1810400555244
39.1988562724479,289.2249816265234,1005.0851619948562,-153.2601276508552
38.86813895271325,289.01428793996433,1004.6217821135812,-140.94809248823532
38.54591567825142,288.7948196460363,1004.1900576420194,-128.47617806479317
38.23831705329764,288.5708444490794,1003.8004479960484,-116.08594542646168
37.95046300880629,288.34684504506373,1003.460928624746,-104.00995838365503
37.68619465710544,288.1271205749623,1003.1766780846326,-92.45401309398156
39.53351422349345,284.80148496063714,1008.2746716246413,-182.4655910681495
39.224322863127284,284.7587306398207,1007.718607866395,-171.55957999772616
38.909195996961955,284.70913021896007,1007.1596440012635,-160.04429011383607
38.594517202029415,284.6530684590649,1006.6112629787713,-148.11320457147005
38.28668047543197,284.59138088190764,1006.0866133395782,-135.99018085037238
37.9915867022527,284.52530458689006,1005.5973853957253,-123.91280247853592
37.714220782114225,284.4563619205783,1005.1529301331791,-112.11341074994206
37.458371246841715,284.38620098225294,1004.759762672325,-100.8010583637311
41.10024499349149,407.8027230190898,940.1244566916214,-9.523966119029467
40.50898762162149,400.4792058439261,944.6199142813359,5.028070076648419
39.91355824081009,393.16560858968614,948.9083761015615,19.130474037675725
39.329361190399396,386.0026580566608,952.9740175083136,32.59603025912982
38.769991134632846,379.1109340932495,956.8109714759919,45.275756871700025
38.24648235878281,372.58436420030523,960.4222690595229,57.06385886949275
37.76694991274882,366.4874445655691,963.8185486884585,67.89859117546942
37.33657859316084,360.85590402500884,967.0164770703313,77.7593897601844
40.347489675382434,386.0261452322168,953.2725229715156,-44.434280016331996
39.7675415820234,380.50963748222136,956.0586220749183,-28.931188963621565
39.195817129797135,374.9600404153477,958.8373868162892,-13.695716356805207
38.64348308800889,369.4780074927365,961.5811504343379,1.0354245927175612
38.12044116335267,364.15518426354464,964.2676598148853,15.061951145365128
37.63477032497039,359.0679773771993,966.8811331742149,28.229752857412223
37.19241006013101,354.2736221140922,969.4126655705722,40.435342311401115
36.79708655486765,349.8088304523362,971.8599113072428,51.62510150188203
39.20445411867363,360.1603082079312,967.111350037228,-81.94075495327073
38.68941006989428,356.5473530822142,968.5156709313387,-66.46659680723658
38.18306859178981,352.86460970680514,969.9959012867234,-50.964619375145844
37.694847873878324,349.17808553880093,971.5354884331236,-35.70473898046143
37.23311548316675,345.55177477383296,973.1175610834853,-20.9340653903123
36.80473561151765,342.04279150554436,974.7265851470859,-6.860749716567057
36.41480055471004,338.6975984490674,976.3497509431365,6.35681172863471
36.06655363799736,335.5498184076541,977.9778303953904,18.614470380029786
37.894423269511556,334.92397735153656,979.5605265957729,-115.94032278836494
37.46635280349992,332.8512572041155,980.042552920462,-101.33343055478602
37.04251894522149,330.706621232062,980.6039150265644,-86.42359931588047
36.63121275791621,328.52782889749386,981.2429845856475,-71.48007809129655
36.239987177547995,326.35392907849905,981.9554201583003,-56.768703023776965
35.875204522723166,324.2221114873735,982.7350087782547,-42.53181804863601
35.54174419804141,322.1648776720984,983.5747330547221,-28.97181240567727
35.242886421722,320.2079754221359,984.4677941616519,-16.24051520685424
36.72020619313114,314.4874343623222,989.2471617672113,-142.26815579655454
36.36757442641382,313.41594573001214,989.1946099506163,-128.82938521103327
36.015057298042464,312.2922306498519,989.1966223539148,-114.90964422833463
35.669847294104656,311.135289876838,989.2610450626767,-100.75701197937863
35.33872293981087,309.96601644621876,989.3931704358972,-86.63215023287157
35.0275914078013,308.8054940050743,989.5956192688252,-72.78773923332844
34.741160546513385,307.67327170988887,989.8686364008395,-59.44920616139677
34.482770942242915,306.5859114234305,990.2106667933874,-46.79979581484878
35.85410276882549,300.3107514265509,995.880975575178,-160.10636607689014
35.55296147124423,299.80130775295675,995.5447546284756,-147.68738838718647
35.24939994937036,299.2607604996578,995.2385579137241,-134.69762872614422
34.94970158171859,298.69774102258145,994.9745607462348,-121.36221425877915
34.65996007473831,298.12230298465386,994.7632401169095,-107.92865113240256
34.385635789854064,297.5451227335835,994.6126651029305,-94.64742761448588
34.13121169322058,296.9765973304102,994.528184516412,-81.75210191461804
33.899990554991405,296.42600164127714,994.5125119901727,-69.44220699699841
35.29875618608494,291.53846682288037,999.9817742596246,-171.019437732892
35.028341370439094,291.32176995120756,999.5012585258598,-159.31109582519588
34.754146262319075,291.0886906579416,999.0340234566543,-146.99277017145772
34.48183779787701,290.8426341216228,998.5939113478178,-134.2729406140379
34.21702000091972,290.58785862332263,998.193782073206,-121.38763642423547
33.964808525594464,290.3291514291823,997.844513999275,-108.58235589238433
33.72948398256297,290.07141534882237,997.5543370126645,-96.09235211277769
33.51427147518706,289.8192429517329,997.3285813282744,-84.12466572510004
34.97375350897008,286.50643262295614,1002.3386225629806,-177.2453777566501
34.720422372506015,286.4385081021192,1001.7854765311057,-165.97117809763685
34.462609412289225,286.36287056221727,1001.2357409492654,-154.0707650096101
34.20561175601092,286.2803461711514,1000.7038577027288,-141.7424246584385
33.95473026282663,286.19221601445577,1000.2037362155523,-129.21462627400356
33.7148573508206,286.100125946047,999.7476194388289,-116.7287965361906
33.4901327314592,286.005939136431,999.3452336088005,-104.52013079772462
33.283713614457525,285.9115484083638,999.0033385394883,-92.79900744570384
37.601920205052885,413.14065280491144,932.1094365190795,0.5097576271473088
37.05402526577944,405.5930165002126,936.8136819774345,15.40235205748948
36.501485562970394,398.04895929060456,941.3031641768267,29.82500193426816
35.958684726051004,390.6551356149739,945.562509447081,43.589718462959524
35.43829638415713,383.53695833988667,949.5865355182705,56.5480531520688
34.95058894566935,376.79188358087436,953.3791636511373,68.59581092059916
34.503099117158385,370.4866191243194,956.9521089486623,79.67362042155771
34.10062943113735,364.6579121621439,960.3232682110192,89.76377546861171
36.82178202157733,390.77145844283825,945.650970451487,-35.49438490723142
36.29030831410799,385.05229954534406,948.5914719279242,-19.610810007956218
35.76582418787355,379.30030618301936,951.5256507639682,-4.011693088068199
35.258575610977616,373.6194365213891,954.4249335262132,11.063940377429674
34.77765764323729,368.1040333905581,957.2664559275496,25.41501448741346
34.33049819367343,362.83244074357583,960.034164241659,38.88798993466065
33.92256391619756,357.8630266507622,962.7192331781159,51.38105521883122
33.557290676008606,353.23288444469677,965.3197201846358,62.8430521696921
35.66316942393312,364.10618045235964,959.9205211102919,-74.17302468482225
35.198328782481454,360.3381252872497,961.4339628883324,-58.30595665143255
34.74102594611257,356.5009379494504,963.0288884722751,-42.42019957809467
34.299739764752516,352.6628809178021,964.6876850997251,-26.78952190185106
33.88202011093362,348.8898009597861,966.3925401194542,-11.663403841762403
33.49407679343244,345.2401516212529,968.1272084843421,2.7491384946246455
33.14053262877991,341.7611796500118,969.8784728181374,16.290208914402513
32.82434867654612,338.4867607888638,971.6370207989266,28.857259002981237
34.35237288887781,338.0256215133058,972.797836089874,-109.25803660783444
33.97306677289064,335.84931731541576,973.3543272090932,-94.27045461410043
33.59741437732282,333.6005438078167,973.9972222649563,-78.9804910097925
33.23274849916294,331.31865623292396,974.7242364252986,-63.66206931779527
32.885762466499855,329.04407920271643,975.5303147634789,-48.58452001047567
32.562110048675116,326.8150597097329,976.4085951529468,-33.99228059118016
32.26614445599827,324.6647854090302,977.3515778629092,-20.088401845717698
32.000811245998904,322.61931539515973,978.3522095446783,-7.0240862451112775
33.18617881645068,316.8692771853692,982.8622688352295,-136.46016193206975
32.87956946979,315.73344804836194,982.8595541758586,-122.6648731659364
32.57312293060735,314.54428205628165,982.918395614588,-108.38240045728787
32.2731016353844,313.3218269189975,983.0464519686363,-93.86556162088476
31.985415665778497,312.08793230796516,983.2486836389311,-79.37896335129699
31.715226860294948,310.8644689541384,983.5273269786785,-65.17808314243064
31.4666635106771,309.671550365345,983.8822858621227,-51.48981574128797
31.242672229720434,308.52605948169264,984.3117825398597,-38.49755306931425
32.32946310816061,302.1751390506837,989.7854241533918,-154.91696960315636
32.071836997875984,301.625694955195,989.483126495224,-142.16555292231988
31.812300544269238,301.04409516084314,989.2172653563113,-128.83286278290484
31.556257495320235,300.4396411391275,989.0001655881958,-115.14845736439477
31.308952326525485,299.82302793759766,988.8422882093141,-101.3637902545799
31.075091992682154,299.2054877480013,988.751579194414,-87.73240211422589
30.858552018047348,298.597844548412,988.7332325045031,-74.48973385276585
30.662202126424447,298.0096478218077,988.7898455285788,-61.8359388010891
31.781290910879946,293.07483731230917,994.0801170027883,-166.22232121740652
31.552645251346572,292.8316694205495,993.6241254043075,-154.19963773017162
31.321011815734717,292.5712935430957,993.1872745177775,-141.55411967013845
31.09122260054053,292.2975686343081,992.7837523574256,-128.49833579099328
30.868057035819092,292.01520058439917,992.4266042025328,-115.27211508348472
30.65588283199938,291.7293778044721,992.1267679646005,-102.12404079270081
30.458363244225062,291.4453247093412,991.8924642695811,-89.29141630950184
30.2782703590413,291.16785549708254,991.7290066209234,-76.98214424225824
31.460859163325996,287.85190726112603,996.554349975226,-172.67771015364525
31.248239529843044,287.7646829373,996.0205150151139,-161.1007431218916
31.03208936320974,287.66911242465096,995.4955715995727,-148.8834934448068
30.816901238643982,287.5663614397868,994.9944116852992,-136.2280854348098
30.607170158344328,287.45805082111474,994.5312429753187,-123.3665949654781
30.407048567184226,287.3461401804848,994.1184786173469,-110.54365615874835
30.220055852898284,287.23274587093033,993.7659254995738,-97.996418889175
30.04888719683493,287.11994474514,993.4803952212892,-85.93628695143053
34.764258970343214,417.65005981930557,924.7456360128401,9.289511816014851
34.252541759629146,409.91541766151914,929.6390908481876,24.466809614855052
33.73577333523387,402.1780413571262,934.3105384644385,39.156225950074884
33.227484596055525,394.5898212682737,938.7448465880556,53.169409895563064
32.73958323018365,387.2804475655143,942.9373006426058,66.35866521996496
32.28170340468788,380.35050987829123,946.8924975409577,78.62143683607142
31.860904642458642,373.8686935553337,950.6230225966433,89.90061890641965
31.481676150966248,367.8726860831248,954.1478095605236,100.18112750584174
33.97253743327752,394.7743103110151,938.6185038061069,-27.673992746084053
33.480564611345045,388.88439263683193,941.7027365089157,-11.47095640436578
32.99455884096162,382.9616750980744,944.7808300814477,4.432842250811689
32.52401681302335,377.1129390543663,947.8232750080907,19.796638754601645
32.07737707198584,371.43483232640597,950.8065620372015,34.4189193196527
31.661537179549327,366.0073545451153,953.7143236327722,48.14685799926471
31.281577834892506,360.8898420429222,956.5377618909362,60.88027323168393
30.940696765055545,356.1197146250652,959.2752758736049,72.57027153642464
32.814550805779845,367.42182581688286,953.2523302547696,-67.37901344032784
32.389683313603605,363.5229678982882,954.8713417474344,-51.1814177400847
31.971390189926773,359.5555934658384,956.5759868515968,-34.97318501295041
31.56740364905799,355.589848866188,958.3475493031494,-19.031177297560532
31.184623052208384,351.69312181954365,960.167260817245,-3.606697970822239
30.82873642017754,347.9249726839313,962.0181676308225,11.0906894621763
30.503990489963037,344.3332869911661,963.8866515969157,24.903686062321526
30.213117942656666,340.95213302427203,965.7633201675477,37.73125210136888
31.516669956860312,340.6158788354193,966.4942853962119,-103.41229073419294
31.175387245778527,338.35270138545275,967.126613355648,-88.10438510293207
30.83725121728946,336.0166680080964,967.8509496338816,-72.49473721971526
30.508846247964943,333.6484561621545,968.6642201248981,-56.86109354853156
30.19619443618182,331.2896234458832,969.5605751659052,-41.475592832482675
29.904395569837686,328.97928054939706,970.5324644242246,-26.584291412289673
29.637390015711386,326.7511675914545,971.5718959606435,-12.39065335705061
29.39785867095789,324.6315835537397,972.6715690079138,0.9547817806174805
30.368371444934883,318.84282696810845,976.8826393150896,-131.37635515893479
30.0970480815281,317.6536012540976,976.9341990515252,-117.2812969116008
29.825864667858397,316.41016485907824,977.0530459779093,-102.69386363689435
29.560366279894346,315.1334260126771,977.2464393697423,-87.87076897537946
29.305793966210107,313.8460161234194,977.5188496881278,-73.07982953419025
29.066735316503795,312.57044458639695,977.8720246616128,-58.57875696415687
28.846871247661227,311.3272779347545,978.3054690834879,-44.59555914595279
28.648842707663444,310.13365079447607,978.8171594283937,-31.31363455307502
29.527406735276905,303.7066937994793,984.0550992023959,-150.37122408060853
29.302748944345144,303.12454916402544,983.7929122619225,-137.3405785342614
29.07650685359058,302.5094145815517,983.5725418032292,-123.7197944080323
28.853411446402994,301.87113550743,983.4062034198141,-109.7420737842017
28.63805888733241,301.2209250352881,983.3041308312379,-95.66209270572818
28.43458136154521,300.57046172890307,983.2739901064657,-81.7358528450838
28.246390588079713,299.93090966432027,983.3207166037469,-68.20026987917876
28.076024556928758,299.3120338717416,983.4467334108483,-55.255913095833534
28.990199124658684,294.3269041440077,988.5174505265632,-162.01740463169386
28.792962180704674,294.0625046426004,988.0931104647287,-149.73095014274537
28.593275174868648,293.7802521000801,987.692909101717,-136.8107740659429
28.395334943135474,293.4843682014444,987.3310992829365,-123.47280285168449
28.203295013905358,293.1799150990242,987.0206706853571,-109.9599677103071
28.020956003991166,292.8723989754176,986.7724312799421,-96.5233459617836
27.85151296775671,292.5672974258816,986.5944575068396,-83.40186315325235
27.697393625240526,292.2695972964793,986.4919617486228,-70.80404737706544
28.676488478008537,288.9417716965421,991.0935589946505,-168.6721082584062
28.49435117070399,288.8394008613547,990.5866603876464,-156.84127068646342
28.309339784235462,288.72820551064194,990.0933804426047,-144.35822265299345
28.125336698618565,288.60961831070114,989.6287702688898,-131.42818276609535
27.94622800739683,288.48553027209806,989.2070824655865,-118.28636870717739
27.775606197141585,288.3581417317636,988.8406891554375,-105.17972981622432
27.616522685684128,288.2297686373459,988.5393272570495,-92.34714056591463
27.471322794010078,288.1026287030457,988.3097584705885,-80.00072904770255
32.413867319056656,421.5162322077565,917.9986000635954,17.037900791926035
31.932765178852044,413.62321925346396,923.0638841106086,32.456851111392865
31.446275425305128,405.72128514153417,927.900453990281,47.371924703943705
30.967205646025135,397.9669893160461,932.4932743382717,61.59467877446649
30.506816092585623,390.493843868792,936.837944175525,74.97828685352928
30.074206799843825,383.4052502424404,940.9395790983734,87.42180943821403
29.676035939038943,376.77167224610156,944.8114782274032,98.87028251553133
29.316530731320807,370.63166726513174,948.4734603416673,109.3110246908405
31.620183808532385,398.20201335740865,932.1580431643262,-20.77655436615322
31.160989411041516,392.16616329343356,935.3752077900267,-4.301183749054218
30.706916089387402,386.09737498952836,938.585897789885,11.86184503422021
30.266839205339306,380.10487675901237,941.7596771787161,27.470430625452565
29.848652495257156,374.2873161752611,944.8723896906822,42.32285052310584
29.458812891420404,368.72613085425985,947.9073367673232,56.267055782950024
29.102079758426836,363.4814999361228,950.8557137704333,69.2044151210182
28.781451814510543,358.59113203832584,953.7162118176859,81.08810573830117
30.47219039328229,370.2517209122122,947.1086696213198,-61.39076033062966
30.079831027793833,366.2409944507597,948.8276600707363,-44.91080517851941
29.693250827078874,362.16230300971614,950.6354300045076,-28.427375216508693
29.319575592145153,358.0873928113545,952.512172152236,-12.219874812615586
28.965175521534327,354.08495638012585,954.4381873096884,3.4589528474740234
28.635313026406585,350.21548691795226,956.3958387857299,18.399201222489978
28.333926635652293,346.5274028002693,958.3711252856448,32.44420392012739
28.063560079581475,343.05492445580654,960.3545785400736,45.49432288782262
29.194623399534436,342.8151301733585,960.6697498552,-98.26229127801705
28.88368429404067,340.47802272355256,961.3759618996202,-82.68060933001635
28.575462599634104,338.06777252091075,962.1787109325021,-66.79785398034332
28.275944631699673,335.62617095253114,963.0740868743437,-50.89496641516669
27.990615709505253,333.1957258252272,964.055428998676,-35.246398313261636
27.724131705169487,330.81626773366406,965.1145028197325,-20.09949493983592
27.480100828295654,328.52199207762067,966.242837452445,-5.65797821923087
27.260989279625026,326.33938835852985,967.4328981687862,7.928269439652439
28.06919984981879,320.50742432597025,971.342947598057,-126.89832459701825
27.825597873087823,319.27317302890145,971.4491690710524,-112.54717496370677
27.582086500010014,317.983998889343,971.6274456367413,-97.6992311567214
27.343644434776866,316.66152958437374,971.8845330328247,-82.6144774848496
27.11498455872568,315.3290473125254,972.2243427947828,-67.563403658413
26.90024064331117,314.00959031600996,972.648095682762,-52.80555409285196
26.70273908480975,312.7240970955384,973.1548814333061,-38.56980979154147
26.524877185851803,311.4899049264836,973.7424281199219,-25.039499137095078
27.247018981631758,304.989241323155,978.7352844930303,-146.36679233231703
27.04797015223466,304.37987958493187,978.5149904111854,-133.09779911331452
26.847557201683905,303.73684552673984,978.3410721547547,-119.23105046725536
26.64998438613656,303.0704343330178,978.2254963089586,-105.00280817897399
26.459340621033846,302.3922858488093,978.1781617292432,-90.67043933445237
26.2793082146156,301.71444478345046,978.2063800198504,-76.49198115410837
26.112935207753715,301.04835246782244,978.3147820910832,-62.705540900180495
25.962498363670495,300.4039475604388,978.5055925771723,-49.511976505167695
26.722518908347485,295.36848417104966,983.3458196732902,-158.31261375715837
26.54950404631894,295.08670997882,982.9556948184834,-145.80118600132334
26.374421348096753,294.7865636860756,982.5939968127325,-132.64666445715133
26.20097307744559,294.4725630546752,982.2748855056441,-119.06779137421961
26.032825880960576,294.15006021436983,982.011165170372,-105.31008888531105
25.873339252762346,293.8248191645273,981.8134161597859,-91.62670218186304
25.72534359448224,293.5025219881019,981.6895038751477,-78.2578792174941
25.590997518191898,293.18829383024394,981.644498521373,-65.4126207892754
26.416517558262143,289.84408857424705,986.0123246080079,-165.14252785800147
26.257793855667128,289.72960381278915,985.5353705357294,-153.09530394778523
26.096669969889067,289.6059328104655,985.0761293650587,-140.38559980744918
25.936555140332715,289.47472706455943,984.6496471900427,-127.22126943989099
25.780863332978416,289.3380960857349,984.2700798116502,-113.84002693636222
25.632753823113397,289.19843877443986,983.9496512577521,-100.49087149567416
25.49491517181835,289.0582331252966,983.6979499527481,-87.41404869973104
25.36942075272873,288.9198111947857,983.521636989308,-74.82224899332826
86.1912908676829,351.13874703562936,1051.7657805021547,-115.02150039039311
85.02361870179999,346.34196856817925,1054.6611779604748,-103.33353713954955
83.84785538168683,341.5538182372998,1057.398317729061,-91.88566387601196
82.6910070293844,336.8660733935289,1059.9530682877573,-80.85779321831404
81.57752655840008,332.3613742677474,1062.3097239517604,-70.40481912660526
80.52773374067354,328.10810865059625,1064.460484019752,-60.64915123295215
79.55689884216609,324.15731988065824,1066.4045539341694,-51.67670769279731
78.67499018995397,320.5417541346793,1068.1470080630834,-43.536467950095876
86.25951297931057,335.8070084348441,1059.0807060733723,-138.74182142313396
85.0167911835713,332.39929853110056,1060.9931307472887,-126.54419913810362
83.78347219706907,328.94278670978696,1062.8561024848711,-114.43329507886419
82.58295834192148,325.5057816165811,1064.6425329601605,-102.6228560470303
81.43620435061267,322.1543033035256,1066.3300728976271,-91.30606674395959
80.36042750756256,318.9472167474198,1067.9018906607923,-80.64409060209046
79.36833471562319,315.93252436717614,1069.3469208854513,-70.75864501635928
78.4678989421342,313.14523296230567,1070.6596479088448,-61.72911405444204
85.93409203014077,318.0542913583324,1066.5176873329742,-164.3617012963099
84.70197326649495,315.9850140131213,1067.6502213895978,-152.32834484037383
83.47679705985821,313.8455962684961,1068.7792888677839,-140.16123903878906
82.28133276258033,311.67841633004605,1069.885151031357,-128.09197483976433
81.13608458418618,309.52787326750365,1070.9494748437792,-116.3448814412472
80.05799710411848,307.4368254157127,1071.956370999702,-105.12109927547874
79.0596553156202,305.4433360012819,1072.8931440504505,-94.58606342793195
78.14902634926517,303.5782226062964,1073.7507083265798,-84.86187919351121
85.27489991397277,301.03864085422765,1072.8527572984021,-187.54385274412388
84.11795652554956,299.9879106974263,1073.4846122061622,-176.2395897255202
82.95513732788972,298.8793506430303,1074.1180959096084,-164.6088413363293
81.80857753008722,297.7341600083713,1074.740836433286,-152.87568357049358
80.6989158986146,296.5766856260931,1075.3406871000584,-141.27308562670942
79.64381469294042,295.4324808939826,1075.9064049026106,-130.02510068803088
78.65693357177173,294.3261905682941,1076.42822547525,-119.3304933521868
77.74746158720055,293.27962838158055,1076.8982983742385,-109.35025892853886
84.53147146665674,287.4302987214241,1077.4786101213804,-205.35221658363977
83.46466751535134,287.01414982162595,1077.8331291757397,-194.95193680691347
82.37930666983603,286.56390787365353,1078.1815278469949,-184.1086490153944
81.29602799943085,286.0876869026716,1078.5152458052441,-173.02630499852742
80.23490153941138,285.59605584772174,1078.8259249959647,-161.9299099495678
79.21383554993037,285.10129142790464,1079.1058003661105,-151.04846041041174
78.24733491219742,284.61635174008217,1079.34800506794,-140.59723042260498
77.3457830601496,284.1537558433078,1079.5468009367958,-130.76229419422467
83.91792422718508,278.0767803445196,1080.468962365533,-217.29313294817362
82.92341185748681,278.0062856827062,1080.681064049451,-207.65638132320674
81.90168357235075,277.92133635850587,1080.8795348288777,-197.52292718682037
80.87171761881807,277.82327911128067,1081.0572333712055,-187.07790274043862
79.85261471126938,277.71489557979453,1081.2073903851565,-176.53445745712867
78.8619976121973,277.600303703442,1081.3238899211647,-166.11830659444365
77.91465485964592,277.4846373307931,1081.4014310343507,-156.05019303482618
77.02164576604282,277.3735612231677,1081.4356036750473,-146.5291761863739
83.50124363617616,272.3269511803435,1082.2395807603684,-224.53101287522435
82.55409289155976,272.43278682886574,1082.380223602233,-215.41636245521806
81.5746874023169,272.53649163245393,1082.5024759399619,-205.78430929440043
80.5807315066097,272.6361455798554,1082.5996418852405,-195.80720084962923
79.59046381673461,272.73050293833256,1082.6655054852872,-185.6889112371165
78.62108863658004,272.819199620825,1082.6945850112024,-175.65076769444806
77.68737547426103,272.9028148881043,1082.682239886236,-165.91457072149785
76.80066566094783,272.9827755005505,1082.624668787024,-156.6855330466468
83.24998014815239,269.0428034914332,1083.2292694424314,-228.6333068256464
82.33063106466446,269.23705454868815,1083.33397760199,-219.83404449015745
81.37629200367182,269.4360618600304,1083.4176493055397,-210.51012788531648
80.40385599701494,269.6363298221756,1083.4737165324614,-200.82634796950828
79.4309750964929,269.8345764315142,1083.4961433397434,-190.98076571354113
78.47452137167448,270.028079885852,1083.4796752725645,-181.19150828317345
77.5491723285922,270.21493430958856,1083.4199276191025,-171.68025623220757
76.66636758489845,270.394167817255,1083.3133483152278,-162.65513314753952
70.86491896571015,367.4280478507939,1048.0337726642128,-94.76283659924698
69.8360992534472,361.9372103933368,1051.1324768550044,-81.93788200005557
68.80446487506357,356.45039700301686,1054.0647385891878,-69.39286941080158
67.79422809794355,351.072066751806,1056.811691170866,-57.32016422399823
66.82705563300362,345.8954371162228,1059.3628415493408,-45.8836494951043
65.9207512689706,340.9968120139465,1061.7151847948667,-35.21114017926715
65.08853714914886,336.43230959155534,1063.872084138034,-25.390570877212355
64.33890738186865,332.23708394962375,1065.8420060163485,-16.470013978033762
70.57467755433886,350.36394804679276,1057.1458204287576,-121.29068333597142
69.50281874055301,346.3894304615337,1059.0395972987965,-107.84358771212588
68.44471515455433,342.3612125165302,1060.8998456383756,-94.51401731150021
67.42054117128863,338.35693191881836,1062.7033107038096,-81.53203471693662
66.44817029605332,334.4507376427966,1064.4309321316787,-69.10323300020417
65.54213980637995,330.70786648553434,1066.0684979148857,-57.396878474416795
64.71305808975198,327.18065531831195,1067.60685464873,-46.538572462788295
63.967465361045285,323.9064136916771,1069.041700241724,-36.60785323192022
69.8643094161081,330.46181228820615,1066.5052322134945,-149.89839458298337
68.82657756357806,327.9787752183782,1067.4458249466502,-136.58771747678387
67.80134463673583,325.4172658742048,1068.4049614726089,-123.15140767887887
66.80773934352032,322.8265329980712,1069.3687672568944,-109.84093352351262
65.86274432135652,320.2572954417462,1070.3236289947765,-96.89709735456273
64.98020438690054,317.7576708507068,1071.2570811956903,-84.53313115677639
64.17024907452475,315.36959282982014,1072.1585660090664,-72.92182508185834
63.43914650396704,313.12625078516163,1073.0199654550593,-62.1881399886543
68.8672600016905,311.2634150620356,1074.6091197875496,-175.80985402720677
67.91484713990842,309.9353120102486,1074.940484443482,-163.2745897582939
66.96467045335925,308.5394968277771,1075.2897543777112,-150.39620881233162
66.03512208230089,307.10181022377265,1075.6528115575568,-137.41956725030374
65.14304343182545,305.65116162292026,1076.0246416021696,-124.59633490220479
64.30259789352844,304.21716847871244,1076.3996030858389,-112.1656704450639
63.52453589727754,302.8277151145031,1076.7718265109925,-100.33692771364771
62.815907069013875,301.50685136488164,1077.1356816908747,-89.27694515864133
67.87474941904486,295.82378585400147,1080.642243603229,-195.77761403562516
67.01298240731661,295.2260376600274,1080.6400048031471,-184.22523496781423
66.1432071977216,294.5851839309971,1080.6390657280003,-172.19473304606456
65.28252009297285,293.9122781753855,1080.6403754553648,-159.90955028882212
64.44720349125913,293.2209678248909,1080.6444012261215,-147.61345299275234
63.65149886533203,292.5264448223863,1080.6508740878876,-135.55170550637771
62.90670305878533,291.84414958729263,1080.6586749917676,-123.95202989963627
62.220695231947005,291.1884649612882,1080.665906180651,-113.00845788554655
67.10006742092868,285.16297818800905,1084.6127209228398,-209.2191392058939
66.30754389796661,284.9681155621693,1084.4427796163209,-198.50482888355737
65.50000719567839,284.75139308510876,1084.2594212075915,-187.2477689742497
64.69317909344406,284.5160673583847,1084.0653401720347,-175.65067871653514
63.90252828228525,284.26702092906675,1083.8633701037752,-163.94449275151635
63.14202350095917,284.01045399911544,1083.6559969718448,-152.3711200275147
62.423132273514796,283.75335828238934,1083.4449311074773,-141.1643898877271
61.75421042761323,283.5028717505056,1083.230853892715,-130.5323864789311
66.58805577297566,278.5874191112141,1086.9957095374223,-217.3946683741063
65.83980079410314,278.6001395882181,1086.743809834648,-207.25667686072103
65.07244574844404,278.60463325357375,1086.469106747919,-196.54955974705473
64.30066910447134,278.6003456678727,1086.1746942083462,-185.4616994204034
63.53923578239028,278.58758255468155,1085.8642239983026,-174.21372344891256
62.80176580725657,278.5675630215735,1085.5413450106425,-163.0426941522918
62.099691103034985,278.54232074151605,1085.209128673794,-152.18355055456948
61.44156583095624,278.5144742208487,1084.8696288839817,-141.85094556888373
66.283538340241,274.8233236312708,1088.339513005691,-222.03969977928097
65.56093472930488,274.9408629696145,1088.0473664541196,-212.25105612174886
64.81700576105447,275.0578928356393,1087.7271140464577,-201.88323575046545
64.06576731693532,275.17200860838807,1087.3818636196252,-191.11605604411898
63.3215091092342,275.2811913294062,1087.0155154047995,-180.16359417150875
62.59758125888071,275.38402978468145,1086.6321810112565,-169.25929824115605
61.905335236153874,275.4798422337735,1086.2355452692873,-158.63788242099446
61.25339291344676,275.568678535956,1085.828330196401,-148.5170445990653
60.145476798748376,380.26663200984876,1039.6528593643252,-76.0757993376487
59.24108645972417,374.212388878695,1043.0018693292627,-62.36754180312752
58.33507894247212,368.15774588146184,1046.1766423449671,-48.97723743061165
57.449108513803154,362.21814612327137,1049.162206845665,-36.10498869093571
56.60242908982386,356.4958583603741,1051.9519523079007,-23.91942497808418
55.81076779587521,351.0738292175541,1054.5465249930587,-12.550207533312488
55.08573702549493,346.0123086220956,1056.9525785413339,-2.0845764609383366
54.43474738199608,341.3482716236412,1059.181428074758,7.432102693442786
59.618990183490446,361.82764396091983,1050.0619182371815,-104.90568489179526
58.695048087552706,357.3782895083624,1052.0332829301892,-90.48022246335535
57.784948203937404,352.87393813617484,1053.9855039280026,-76.20429475322581
56.90606257941307,348.39993173653056,1055.897116354926,-62.31881548881364
56.07372444432122,344.03693363146647,1057.7505689609534,-49.036748728073746
55.30036638090835,339.85509266628463,1059.5328774270886,-36.53119472675901
54.595036271555536,335.9098835321897,1061.2358636795584,-24.92835649414667
53.96329444840434,332.2400413353577,1062.8559683703481,-14.30571412389807
58.66078576513125,340.17165183145755,1060.8089861058547,-135.97224890220502
57.787535158481354,337.33388523407444,1061.6900959273853,-121.65534546978562
56.927642990893915,334.41405308172,1062.6120796011114,-107.2275125582805
56.09709644105016,331.46715246588343,1063.563957608887,-92.95424294431054
55.31000819186937,328.5489661252346,1064.5341422930028,-79.08710458998057
54.57783175761534,325.71161833145305,1065.5113877922668,-65.84633668916105
53.90891563752737,322.99978586220504,1066.4856889281914,-53.4079734442433
53.30840317130864,320.4481128817292,1067.448966213737,-41.89687586260504
57.451263280696324,319.15780663042653,1070.2086299384014,-164.14867949939998
56.6696874686119,317.5889376858554,1070.390060319443,-150.63902070496664
55.89327062879962,315.9467152401339,1070.6097141772257,-136.78118474160786
55.13709613413713,314.26102969425517,1070.8682912773445,-122.8353450873404
54.41485454321012,312.5645769698005,1071.1645204407134,-109.06613916764368
53.737973569768755,310.89017240829213,1071.4953388176777,-95.722377208622
53.1150688203616,309.2680854246938,1071.8563569941025,-83.01930014886366
52.55174682205571,307.7238451665815,1072.2424883332735,-71.12595404598716
56.30501263180122,302.1745597662921,1077.2987155620456,-185.92898940727085
55.61335368091902,301.419187403149,1077.0949961033361,-173.461796887586
54.91872432491076,300.61500391210205,1076.9073513176445,-160.49600790482918
54.23497999937471,299.775730699997,1076.7428730350532,-147.26988318044823
53.57516959230102,298.91765955848496,1076.60726266235,-134.0406954999142
52.95059412811733,298.0583548423851,1076.5042914111352,-121.06466682917682
52.37013591325967,297.2151579427789,1076.43559061804,-108.5771210884578
51.83992802007352,296.4037645351382,1076.4007893885466,-96.77607162775001
55.43201035627123,290.4012842567319,1082.0246725572288,-200.64447999783334
54.80646963523242,290.09974397020284,1081.6268113613555,-189.07337033463995
54.17247404619377,289.7715206198995,1081.2252093294626,-176.92951087392794
53.542672013219864,289.4216508960603,1080.8293068102748,-164.42925679306944
52.92934982983823,289.0568612656439,1080.4480397361056,-151.81663688346205
52.34347607579954,288.68508112088824,1080.088936289187,-139.34479327375067
51.79395884171845,288.31475840239574,1079.7574538168,-127.2559236938325
51.287214669172045,287.95410593328756,1079.45667998228,-115.76310489476998
54.862152867516656,283.11844908012466,1084.8894595751246,-209.62328752243175
54.27799875534457,283.0527719666268,1084.3968164829316,-198.67142940917142
53.68221992506589,282.9749239945741,1083.8875601516152,-187.11529455867904
53.08657371896278,282.88564158911964,1083.371735284015,-175.15583413046886
52.50272412588163,282.7866050260279,1082.859511514123,-163.02616107160048
51.941298120337564,282.6803583790569,1082.3601385839784,-150.97442466985314
51.41111164565424,282.5700855449731,1081.8810498765724,-139.24416441518943
50.918680254556264,282.45928759060126,1081.4272950202662,-128.0554970953376
54.5254016175995,278.9415480712816,1086.5157232653798,-214.73616769841246
53.9649443839102,278.995683530865,1085.9766789305504,-204.16083131341432
53.39114534842197,279.045965343932,1085.4136431473826,-192.96854134671014
52.815202816793324,279.09102655896066,1084.8367272523806,-181.35095869858313
52.248370017194105,279.1299700233571,1084.2565347111954,-169.5341700307642
51.701025128832754,279.16248240179925,1083.68306425743,-157.76250466273567
51.18188538327802,279.18885130773185,1083.1247024323081,-146.27930980430963
50.69748720231103,279.2098865401838,1082.5875108708624,-135.30794702947463
52.41395969669096,390.461795256043,1029.5965993692607,-59.53063902960969
51.610825743269,383.95738078527904,1033.214294823213,-45.135661206676545
50.805700343577634,377.4474801089589,1036.6489944384061,-31.09218920510348
50.018146257956374,371.0570057059311,1039.8883611191309,-17.605001696916958
49.265496503811285,364.8959596987859,1042.928509812643,-4.844884910916051
48.56186380621446,359.0529149982444,1045.7727620526707,7.058630463432721
47.91763937861267,353.5915809949658,1048.4303215077407,18.020320142347643
47.33943936951569,348.55042060310205,1050.9148728916384,27.99821502559564
51.74507047801891,370.91949332046,1040.9436827088857,-90.26427594731868
50.93814002278238,366.0819023394233,1043.0522990273469,-75.07383759428157
50.143631957605415,361.18946658333454,1045.1519431169563,-60.06197967113374
49.37673241327455,356.33377267319497,1047.2215166369567,-45.47678382283125
48.65084207259363,351.60066681816136,1049.2438201373932,-31.535465167825492
47.97683008619509,347.06410814359896,1051.2062557316758,-18.41256023692341
47.362616299324095,342.7818983996855,1053.1011095354534,-6.233259624638208
46.813083587907684,338.7936938200198,1054.9253704257353,4.927873022903725
50.644786970754346,347.827646834289,1052.6891864404195,-123.36422274625191
49.898711296297606,344.69614443387565,1053.6030633801288,-108.25845150067808
49.16503092211993,341.4814923853556,1054.575920471054,-93.05711695052995
48.45732831976421,338.24329798662455,1055.5975847463535,-78.03555447299632
47.7875835461855,335.04128567191265,1056.6567839895497,-63.45236421335406
47.165524019659024,331.93058454629596,1057.7422457976033,-49.5317676945846
46.59825516767581,328.9578099210146,1058.843758229124,-36.450868457810515
46.09017676989217,326.15849144258266,1059.9529793253441,-24.333122983756766
49.32072125259066,325.3111071774768,1063.029580709875,-153.4186914922223
48.66905498003699,323.5424635318139,1063.172685271179,-139.14439207178194
48.023088512069236,321.6973833582247,1063.3722138793883,-124.52143444142203
47.39536789360623,319.80905605822846,1063.6310290933684,-109.82111056147298
46.7972477361476,317.9131580131307,1063.949262794412,-95.31701738907697
46.238192901380614,316.04492610827174,1064.3245724645658,-81.26414692069199
45.725341852704695,314.236342207543,1064.7527601619147,-67.88093780038125
45.26335333303894,312.5138949214734,1065.2285727568978,-55.33684148046683
48.09658314187786,307.04239516637796,1070.9021907650963,-176.70919090261455
47.532840849188894,306.15739507205643,1070.617002313597,-163.52428963570648
46.96826934939029,305.2200195425848,1070.36300197813,-149.82774817631173
46.41421355713749,304.24619138085467,1070.1505475409667,-135.86879049263814
45.88130776828327,303.2543072408846,1069.9878575477246,-121.91428610822666
45.37873211121721,302.26375052834004,1069.880415342736,-108.2278271708989
44.91369003643857,301.2932551679465,1069.830822144148,-95.0493821595096
44.49115679351361,300.359412050953,1069.839070453281,-82.57880442992229
47.17620757760106,294.3391766986857,1076.1995103921852,-192.49200160706002
46.675349962042475,293.95155445156325,1075.6961617322736,-180.24940181915315
46.16935843120602,293.53413951023674,1075.2009338075518,-167.41310183436028
45.66847533815766,293.0934391389965,1074.7271420685324,-154.20964302650327
45.18259019777513,292.6376478439443,1074.2869745461553,-140.892487231972
44.7204914897811,292.17602274784764,1073.8904279783333,-127.7225046066464
44.28929423817998,291.7180853012153,1073.5446134342342,-114.94724468308027
43.894115195398015,291.2727972193877,1073.2535309929094,-102.78248141595336
46.57938751143604,286.46358747587914,1079.4349557051098,-202.14702325041054
46.117248855910226,286.33618660077747,1078.8241793157151,-190.5581316094671
45.6475321772816,286.1940935134259,1078.206299771716,-178.33966538595942
45.17968985851059,286.0391024237609,1077.5955142520886,-165.7020024916919
44.72303523808037,285.87397835546966,1077.0056421527672,-152.88730548098198
44.28600754650917,285.7022746214401,1076.448859067184,-140.15143023443042
43.87557897859564,285.5280188189572,1075.934704497604,-127.74352835138242
43.49688798914093,285.3553288801697,1075.4695363548276,-115.88683900723038
46.22790395741204,281.9401449714573,1081.2810450538434,-207.6551211980942
45.7877198586288,281.94552862162874,1080.6173723728543,-196.46466721618688
45.33864858967437,281.94496825306925,1079.9377758298783,-184.62971636864054
44.88965414940168,281.9379378563296,1079.2566369272622,-172.35082330420798
44.449678517377635,281.9244153843302,1078.5884080365797,-159.86280041079777
44.026919393949456,281.9049145426383,1077.9462628698884,-147.41757526888557
43.62823020952407,281.8804274163547,1077.3409557673863,-135.26418066490322
43.25873179934954,281.8522925188228,1076.780097729023,-123.62929430333307
46.635101495185665,398.692925402694,1019.2982530514962,-45.07216085611408
45.912669989006,391.82730274110384,1023.1822906923735,-30.134061217649773
45.18740809844266,384.9503545677557,1026.873900262421,-15.576551962499678
44.477205325315055,378.1951905179646,1030.3624869547382,-1.6071852707153624
43.79788002853288,371.6784918592755,1033.646067077751,11.602567993014787
43.1622879785907,365.49368286774563,1036.7299329280759,23.924308700260497
42.57988130561188,359.70745838315975,1039.625283037323,35.27536791895133
42.05667520304191,354.35958133189854,1042.3477799686202,45.61729880430653
45.884809611987144,378.2495359496367,1031.352064652152,-77.41062478482633
45.16878334707721,373.09481253698243,1033.6251331536046,-61.612060602890125
44.463455613515855,367.8857254548217,1035.8956088312884,-46.01738303732124
43.7823345506047,362.7189636928933,1038.14196893019,-30.879532645220237
43.13735481254165,357.684566146522,1040.346746301194,-16.418163277141673
42.538212093066285,352.8595306697478,1042.4972942919017,-2.8079953084328793
41.99198902643774,348.30346564621607,1044.58610775947,9.827489602637343
41.50307444995452,344.056676646872,1046.6106342939756,21.41684373625594
44.71058265557417,353.9674915365323,1043.8469762421057,-112.22281210736915
44.06102156847194,350.59437752867376,1044.8444097498227,-96.48884834043503
43.42242540863169,347.13814507090365,1045.9143961703035,-80.67337637981345
42.80657345712918,343.6620891686264,1047.0464135128398,-65.0588485892691
42.22387007597496,340.22902656986963,1048.2286319641123,-49.908623889436285
41.682784716415256,336.8963842391321,1049.4491788741066,-35.44921535764692
41.18953028954195,333.7121947954469,1050.697344536741,-21.857731520332237
40.747985227346625,330.7125510427449,1051.9644796390842,-9.255751283993732
43.3347060468964,330.1978319080005,1054.8994227162095,-143.8588167248074
42.77974640486571,328.2653477606625,1055.0697509138142,-128.97582361591137
42.23015505448916,326.25470162267817,1055.3111351074378,-113.74521290879079
41.696592255106395,324.20172764019253,1055.627027906109,-98.44654454831158
41.18870695725465,322.1444381169281,1056.0176825517578,-83.35982323255362
40.714554383793526,320.1199176232062,1056.48054860305,-68.74416990697245
40.28023080757684,318.1614033530577,1057.0110564478412,-54.819780543739995
39.88974294276933,316.2960270819503,1057.603560130356,-41.75570281412163
42.0812374627148,310.8553221333546,1063.3742630339577,-168.42264287507982
41.61136250200882,309.86529329314016,1063.080444675502,-154.66725994605378
41.14150746005717,308.82055311040943,1062.8308324384345,-140.39092698168918
40.68115485942654,307.738789964457,1062.6372390893011,-125.85112005125939
40.2391824708552,306.6400504492384,1062.5088120354576,-111.3217254424419
39.823255386567965,305.54510882564506,1062.4514901721252,-97.07149335353003
39.43940013210163,304.4737296811957,1062.4679743442914,-83.34336034053581
39.091799684562965,303.4431295768502,1062.558137898935,-70.33795322547581
41.146210419590695,297.37504715344033,1069.1189689638627,-185.1071006412203
40.73596956194761,296.9190849499983,1068.5858565988976,-172.33179886549374
40.322318871819405,296.43122806465595,1068.0718583732935,-158.9469384612388
39.91371486039226,295.91915293678136,1067.5922766940878,-145.18675860313
39.51830454449534,295.3921952954759,1067.1608078561574,-131.3116772204382
39.14332130978222,294.8606209885338,1066.7884544107194,-117.5880708247193
38.7946254608769,294.33474502244246,1066.4828874637792,-104.2670699501995
38.47644500975886,293.82406013331524,1066.2483259243063,-91.56593808406646
40.542354302987974,289.0041197657507,1072.6485822072368,-195.3344945107659
40.1683692195046,288.8289389607853,1071.996327848199,-183.24114990666777
39.78907121075648,288.63737739449107,1071.3464146562353,-170.4987528568103
39.412200412134844,288.43205732478174,1070.7152993337806,-157.32480579086416
39.04536088577664,288.2165745052638,1070.1186454494414,-143.968161035543
38.69543166351183,287.99523876200226,1069.569985691528,-130.6902030612547
38.3680951874034,287.7726951273683,1069.0797412076672,-117.74390560451585
38.06754799889934,287.55349825261527,1068.6547494133454,-105.35436122265426
40.18747462946162,284.19108032650433,1074.6707172507693,-201.17765450890883
39.833889379071465,284.15964037481905,1073.9593142373174,-189.50075487491605
39.47398746234476,284.12088949496996,1073.2404549843536,-177.15800380676393
39.11507208666008,284.0749492629047,1072.5309112917366,-164.35666964983912
38.764404206871156,284.0224571706784,1071.84715748985,-151.33801633168014
38.42862617458076,283.96453682504864,1071.2039221476305,-138.3593845390049
38.11328816574238,283.90269104979865,1070.6130351937118,-125.67380999850431
37.82254211218563,283.83862896990433,1070.0827507226845,-113.50994327205589
42.17073920162681,405.4616950302178,1009.3806945060044,-32.44539375436784
41.512991456722496,398.3026662826523,1013.5181799768801,-17.068799633600833
40.85152543336841,391.125903816253,1017.4536654410258,-2.0980628407279056
40.20288224351783,384.0716843435083,1021.17769468808,12.257662764359779
39.58166990215988,377.262531539887,1024.6896197245323,25.827049615638117
38.99974694798629,370.7961216813305,1027.9962071684677,38.483307521679635
38.46582553500577,364.7417861482288,1031.1102402172214,50.14647388091646
37.985449639677384,359.14045854037073,1034.0490417763262,60.78152202298102
41.37655945286648,384.26950325168326,1021.9928168934824,-66.16176291680725
40.7317567604782,378.8532698048198,1024.4379452999701,-49.86970777278047
40.096039153414765,373.3830498471106,1026.884131780485,-33.80345460364558
39.4816097656506,367.95977072474665,1029.3090289388226,-18.21934712697029
38.899268885808326,362.6769380800504,1031.6945934211897,-3.3384181797757435
38.35780771272638,357.6140450758082,1034.0279124402998,10.665071474360843
37.86366543575857,352.8321637040319,1036.3015556675252,23.669601649838967
37.42085227370263,348.372098236022,1038.513370095414,35.606762153576966
40.169450354634414,358.9867609679196,1035.0799048732606,-102.44239419214247
39.593829049705164,355.4135794200234,1036.1846800270598,-86.19778251518267
39.027768290668575,351.7577444142854,1037.371985437699,-69.88405075866919
38.48167785949565,348.08553959475967,1038.630373120935,-53.78899048148361
37.96477339372516,344.4622567874349,1039.9470545986112,-38.17931855523517
37.48458025294924,340.9471308318914,1041.3093233784812,-23.282881974534376
37.04664434423236,337.5892736449955,1042.7058823348611,-9.276285315720486
36.65445632775078,334.42515775134973,1044.1278006569396,3.720876427729678
38.77879418021232,334.1599643836809,1046.700401636239,-135.43353458826246
38.296467271037635,332.0924603828301,1046.9319970727356,-120.05595062757146
37.818928734455696,329.9457740514199,1047.2460800002996,-104.33219967770901
37.3554255020617,327.75787452427306,1047.6458465793385,-88.54819952429403
36.914339406973745,325.5686316712545,1048.1310280786604,-72.98873146786565
36.502686200171205,323.4165723652053,1048.6984406912243,-57.91581146402004
36.125798743330854,321.33588501594147,1049.342922447271,-43.55061007622422
35.78720983522073,319.35415316211146,1050.0583882596648,-30.06142896747906
37.524197985098056,313.9120421961024,1055.66265914417,-161.08790500915893
37.12373689605907,312.83653209397744,1055.3996169232541,-146.8697159494563
36.72359594545582,311.70467719156613,1055.1914429308233,-132.12334669537313
36.33187217258755,310.5355842498151,1055.0503762732558,-117.1126735649012
35.95614986853334,309.35060586680515,1054.9856412306779,-102.11691112958016
35.60298828290286,308.1715989990319,1055.0030013606524,-87.40859215321845
35.2775618644369,307.01911218743857,1055.1048580488855,-73.23265364948296
34.9834852087574,305.9108169927719,1055.290781282915,-59.789964345164776
36.59334540761073,299.7775099514789,1061.774358687847,-178.54461606470824
36.24939536049759,299.2669858182382,1061.2532861593838,-165.33801283313224
35.90298445564915,298.7230579696509,1060.760725100073,-151.5091300684573
35.5612463498757,298.15433084218085,1060.3128560731902,-137.298185104246
35.23105140452777,297.57103343353975,1059.9239104145936,-122.97090828945755
34.918504522331986,296.9842095983848,1059.6051237540246,-108.79777476270405
34.62856355712571,296.40477517429895,1059.3641867420004,-95.03244238651001
34.36482342943054,295.8426129028376,1059.2052282729644,-81.89302100347314
35.99387028717024,290.99003751970605,1065.5476876929963,-189.2624350350789
35.68393970893231,290.7775989091525,1064.8967294596011,-176.7613850130777
35.370045306771345,290.54757945697224,1064.256477306244,-163.59552667025943
35.05866208673199,290.3032474255901,1063.6445139491957,-149.9878864159371
34.75614549365989,290.0488382580525,1063.077316441998,-136.1924291020206
34.46824613376207,289.7892367160968,1062.5689224159714,-122.47467406543421
34.19972219846188,289.5295499183488,1062.13000619266,-109.09033546442433
33.95410184475351,289.2746520303142,1061.7674915073187,-96.26566226099061
35.64208219804413,285.93369043214796,1067.716642960314,-195.39283405839484
35.351175779494596,285.8742022882322,1067.0006656809794,-183.32328914929383
35.05552750197194,285.80645468272553,1066.2849273904956,-170.5705636337884
34.7612152696516,285.731065667094,1065.5874521715964,-157.34711998583006
34.47427390350416,285.6491712470895,1064.9256795581853,-143.8990955147424
34.20022387574985,285.5623545687097,1064.3150034527205,-130.48807891931364
33.94368214661502,285.4724917078429,1063.76764766372,-117.36976501087054
33.70811501564583,285.3815619828664,1063.2920684088406,-104.77415794888972
38.622524706775536,411.1252874763352,1000.0826092571925,-21.36860972808887
38.01735756198355,403.724433429133,1004.4564860035616,-5.630998442206675
37.407672277357875,396.299099505192,1008.6190310832474,9.678611911552082
36.8089061886179,388.9958933730044,1012.5615180131913,24.350202569664688
36.23468170688217,381.9425084993941,1016.2842432571956,38.21305597680616
35.69604882919681,375.24039698765574,1019.7950938093761,51.142195385995336
35.2011216799078,368.9612508840708,1023.1081305016597,63.06034169958302
34.755064757182296,363.1470854131904,1026.2420826933803,73.93567861971411
37.80724869605738,389.30108545530715,1013.1543521505673,-56.286235575128444
37.219207909061446,383.6664050445099,1015.7689446185191,-39.58579880356032
36.638856993510295,377.97788972675943,1018.386425321714,-23.130252883807856
36.07736303206743,372.34004908599235,1020.9834363970676,-7.178398476504043
35.54462720840389,366.84931452885314,1023.5412145262919,8.047989476752292
35.04872417193072,361.58727989189634,1026.0464745731615,22.375435605666013
34.59558285732764,356.6162431546492,1028.4917857075084,35.68442590520678
34.18891224921195,351.97741956859494,1030.875345447526,47.9094005565603
36.59145691635701,363.16542425451485,1026.7308916339862,-93.84583785027988
36.07355635011849,359.42463587232277,1027.9516209985816,-77.17782963368097
35.563980991467865,355.6017900423698,1029.2622447894223,-60.45155604941448
35.07207743042285,351.76563452358187,1030.6501261345097,-43.95895204298054
34.606140658394565,347.98348547149357,1032.1013568065366,-27.969196276463833
34.17296543026107,344.3160393612248,1033.6023219111355,-12.710908079212203
33.77758085045526,340.8132605508403,1035.1411279118638,1.6400471749139456
33.423175672612,337.5118924931764,1036.7085995210373,14.966010764972339
35.207101148601055,337.43582850241955,1038.825735895682,-128.01585232367822
34.78040155950082,335.2557937604411,1039.1343423298151,-112.22824208896529
34.35789072133266,332.9959320797692,1039.5343855733872,-96.09595379319998
33.947734287436774,330.69596141251515,1040.0283716680444,-79.90995086601771
33.55734851218902,328.39725765671596,1040.615206171507,-63.95871109768814
33.19295897749844,326.13950177557706,1041.290894148899,-48.50637130644441
32.85931865415507,323.9576265443947,1042.049611192458,-33.77463534773821
32.559599744814015,321.8795472735132,1042.8848463742502,-19.93093196702324
33.966933008939556,316.4158324550196,1048.1999211061286,-154.61778234619854
33.61881630996323,315.2699016370121,1047.9872779661048,-140.01641715749614
33.271089310999834,314.0664129485114,1047.8381695344342,-124.8809558623839
32.93079934128949,312.8256270631466,1047.7646983221134,-109.4803880546491
32.604555648881544,311.5699485778937,1047.7757242608232,-94.09811847929288
32.29808696944802,310.322096541703,1047.8765305252641,-79.00957227118604
32.015929304851134,309.1032332792088,1048.0690450143798,-64.46110221069236
31.76127169223965,307.93137418608455,1048.3524728462917,-50.65354948938196
33.05040751218447,301.7246278096817,1054.6248424443647,-172.74491299301974
32.75589859200792,301.1699221478304,1054.137317152425,-159.18182610573552
32.45948643146016,300.58066975439607,1053.68617363541,-144.98587124973028
32.16730885541682,299.9662205597515,1053.2878423585876,-130.4020426741128
31.885280641746245,299.3375147368665,1052.9565618767947,-115.70026596754383
31.618665750317437,298.7062095000641,1052.7034019260013,-101.15419052246372
31.371751699594828,298.0836882822694,1052.5358103856129,-87.01934586686832
31.147664122701325,297.4801305205488,1052.4576909284488,-73.51433209046351
32.46139116973128,292.5833905258933,1058.6076025620355,-183.8883095986425
32.19890072570943,292.34141516937086,1057.9803103367212,-171.0507967595192
31.933303182427284,292.08095975296635,1057.370890388049,-157.53530972360704
31.670125049757033,291.80580288082336,1056.7973972177417,-143.56927929263492
31.4147912913385,291.52068128669174,1056.276548936888,-129.41070738099776
31.172215623158955,291.2309265202539,1055.822433841684,-115.32832716047676
30.94647330074666,290.94200112813684,1055.4456598373786,-101.57991119058704
30.74059994705739,290.6590211099785,1055.1530497313133,-88.39246516559373
32.11612868317403,287.3207142040093,1060.9033106373697,-190.26795420658317
31.871454745945947,287.23946965289105,1060.2055232640885,-177.87473792373888
31.62306389789962,287.14927171399825,1059.5146700396785,-164.7838418671235
31.376117441518833,287.0511232600055,1058.8493632659615,-151.21180617329634
31.13573967417902,286.94654804179885,1058.227417183364,-137.4088130783222
30.906620113479157,286.83747630693347,1057.6644021880204,-123.63947589590873
30.69268903743119,286.72607017455744,1057.1725870267537,-110.16166508550103
30.496908967416932,286.61451081805427,1056.7604104745838,-97.20626796504081
35.734364578502934,415.93790784926534,991.4677764651829,-11.589289633072497
35.17262410432544,408.33485453634336,996.0601145611886,4.450742556512665
34.605686398466084,400.700430426117,1000.4322396885682,20.043171825945336
34.048069792034816,393.1868879749854,1004.5758737534342,34.977589104119744
33.512578903420945,385.9265406502739,1008.4919818318465,49.08414843697682
33.00959497615515,379.0242310198174,1012.1893141289352,62.239744805127756
32.54673763217498,372.5537819052577,1015.6829754896296,74.3696873849163
32.12885965845927,366.55823012911605,1018.9928986177622,85.44511459057357
34.911871636629826,393.5729549122489,1004.9303209971176,-47.567231616088065
34.369917068842796,387.75335091532196,1007.7069692649974,-30.52296582626849
33.83447821560424,381.8798350639448,1010.4871536240661,-13.740370585320733
33.31588221576784,376.05999266555733,1013.2464343170532,2.5199335112414474
32.823301246159026,370.39276788495454,1015.965270679478,18.035823567650255
32.3642283402931,364.9615587555526,1018.6299566999585,32.634766940278695
31.944177163608725,359.8297162595511,1021.233016359092,46.199205227318004
31.566609805612583,355.03880762923944,1023.7729546426037,58.66621869510129
33.70153146763283,366.7012842766858,1018.9257145009594,-86.25491402039279
33.22963037961822,362.81828058363635,1020.2630162304511,-69.22967711954936
32.76500758024903,358.8538192006687,1021.6957180593461,-52.15573018252212
32.3161652596983,354.87871426505245,1023.2098958488994,-35.32831705068918
31.890667307845142,350.9619706059704,1024.7904795604445,-19.018480657466426
31.494727480225034,347.16549443436384,1026.4229444467828,-3.4552712030243526
31.132962384499915,343.5399439364775,1028.094822923565,11.186283073687207
30.808317662906482,340.1222656238311,1029.7967283453343,24.79035169354998
32.33516082326729,340.1916578074505,1031.4305793166404,-121.46342798061687
31.952008453713866,337.9166085206077,1031.8219465299278,-105.32981095674441
31.572499805472166,335.56129681261456,1032.3118503484288,-88.8529300187362
31.203954222687333,333.16689624727115,1032.901897889966,-72.32786165630583
30.853033219509086,330.7760271768129,1033.5900410473885,-56.046035029144974
30.52534465663805,328.4293151087182,1034.3714162558724,-40.273199148046956
30.225187171472957,326.162291733491,1035.2395322713996,-25.231332914793143
29.9554487114827,324.00312546141504,1036.1874828994914,-11.08696539153516
31.117597268431442,318.5058334058854,1041.1642277360359,-148.8988378874555
30.80985266970962,317.301059047385,1041.0106353671724,-133.97443573091445
30.502472204405013,316.03778071191135,1040.9276786084554,-118.5109420822329
30.201690164077565,314.7372124858628,1040.927022764049,-102.78153791635015
29.913362304181693,313.4226221721451,1041.0169433727851,-87.07302136408495
29.642576177148122,312.1174303335759,1041.2021049183634,-71.66310720733125
29.393374539771255,310.8432924549608,1041.4838952302862,-56.79919285073785
29.168616526034306,309.61849244253773,1041.861143796396,-42.68195468776514
30.220514003906974,303.33574863592816,1047.8643431555142,-167.61491564799238
29.963728776665075,302.744679000193,1047.4205299700332,-153.75171066402638
29.70538874068961,302.1181591482218,1047.0196970394354,-139.2466102352604
29.450865996843348,301.46614757549537,1046.6781733444536,-124.3485233083251
29.20534261762987,300.80016150380396,1046.409922953962,-109.33078426649726
28.973438821141517,300.13235244010315,1046.2256483305562,-94.46958327604494
28.758929111247557,299.47447710838577,1046.132431622765,-80.0218929112846
28.564579312613674,298.8369476762135,1046.1338958191852,-66.20659816012846
29.644937118404386,293.8908169026314,1052.0319210521457,-179.13186694502437
29.418393874897525,293.624983978038,1051.4392160716702,-166.01145298176436
29.18931932495832,293.3399683959874,1050.8704893809663,-152.20181949826386
28.962514089309305,293.03995901876687,1050.3438930309715,-137.9339987200278
28.742693242519803,292.73009347027397,1049.8760709566645,-123.46927166595489
28.53413329649148,292.41605860597656,1049.480922189914,-109.07895135501886
28.340389917161108,292.10359758677663,1049.168827407886,-95.02241762284024
28.164123627852586,291.7980150389934,1048.9464201957865,-81.5271927038896
29.307864617373866,288.4513628027185,1054.4398571384181,-185.73022063966778
29.098081655999874,288.35289766390537,1053.7715605873443,-173.0651156908107
28.885284875637705,288.2449499684042,1053.1159631992564,-159.6898888615864
28.673936842971955,288.1288307798286,1052.4918849235758,-145.82460906080937
28.468468204176222,288.0063648396545,1051.9171779863443,-131.72245442059221
28.272938523552284,287.87975758198326,1051.407331460878,-117.6506452985663
28.09075724569501,287.7513934108533,1050.9744752115341,-103.8687177790257
27.92450468446478,287.6236092440715,1050.6269218823459,-90.60818584718879
104.83239917192867,330.41812133393285,1113.8375590139412,-157.40057844685217
103.3806094348814,326.56176937425914,1116.4488166698313,-146.4678467014011
101.91051157425741,322.6986934118123,1118.916719546713,-135.6946469632878
100.45325114364913,318.9065843912573,1121.2125769715,-125.2597561344254
99.03749387004896,315.2577460578802,1123.315933710088,-115.32217151551784
97.68742619968152,311.81433881989534,1125.2144173778695,-106.01263599933345
96.42150666049557,308.62509682396075,1126.9030769712333,-97.4282760679541
95.25202789257398,305.7237536381746,1128.3833937654867,-89.63069166261806
104.96174404945953,317.7895507184891,1118.3611091637022,-176.60519011281662
103.4411871038555,315.07685317444,1120.304651601708,-165.3364957390253
101.91661807359002,312.31352103311525,1122.1851764906028,-154.08812405977295
100.4161715784262,309.5571656067034,1123.9714385190039,-143.06589689024526
98.96558652589015,306.8652590827927,1125.6375118736157,-132.46123799094119
97.58646582027951,304.29081049359144,1127.1637264379433,-122.43916271026364
96.29515001545872,301.8787867254226,1128.5369601533594,-113.12966652421107
95.10229522582576,299.6637240896685,1129.7503951409217,-104.62328876036992
104.69305495517604,303.1059983807578,1122.8590111851433,-197.60852020851388
103.19117327229385,301.49383385549896,1124.2615996238571,-186.5341249105122
101.68057620114962,299.81938148059294,1125.6427129931997,-175.29096253844833
100.1886564539649,298.1176895300345,1126.975109210678,-164.09758650302243
98.74077910535821,296.42673872772565,1128.234121845185,-153.17077906192145
97.35850131658007,294.78443886027264,1129.3990120377891,-142.70995456237796
96.05836096728493,293.22567652290246,1130.4538172204655,-132.88411577872205
94.85135575075769,291.77987766328755,1131.3876904854187,-123.82303307629701
104.05716450648328,288.9466934431144,1126.5708813261313,-216.810226748417
102.6423644523614,288.17708612606646,1127.6139946379362,-206.37897870774782
101.20441906779948,287.3604280559002,1128.6501242769768,-195.61554483264865
99.76958361393962,286.5134964705118,1129.6564763424751,-184.73038363094327
98.36307263558511,285.6563983846916,1130.6113636810733,-173.94672100429617
97.00710589664787,284.8110701887884,1131.4955512672411,-163.4837390026035
95.7194336208923,283.99948544380146,1132.2932397855704,-153.54038349574506
94.51253680410254,283.2418785918663,1132.9926279888052,-144.28226139991676
103.30263601593472,277.5538059593278,1129.1881696869193,-231.6663089526112
101.99100986323725,277.3147868336052,1130.020819145697,-222.01251403719058
100.64255627669617,277.05159091664734,1130.8502122178584,-211.92751001520008
99.2814592870316,276.7697528384557,1131.6562298702906,-201.60379162477406
97.93193843084553,276.47715396749527,1132.41916734003,-191.2574342121205
96.6162272896482,276.18357595688457,1133.1210308708028,-181.11225637144668
95.3528824030767,275.8999386978461,1133.74654701828,-171.38268597808644
94.15569210156829,275.6373518663183,1134.2837956076414,-162.25810107133898
102.66379631565867,269.6858191912675,1130.829123342428,-241.67049732392167
101.43508616017854,269.73934564772,1131.545822605815,-232.6695052480589
100.1603831751804,269.78683529826964,1132.2601677779332,-223.19120023669132
98.86175916084963,269.8279774165679,1132.9533999493026,-213.41170034039104
97.56208805519458,269.8637038110951,1133.6067818854592,-203.53693153512984
96.28306253935428,269.8962973869564,1134.2028742881757,-193.78838699965272
95.04340454582643,269.92927762052614,1134.7265711341313,-184.38630412791846
93.85758150880757,269.96707501545797,1135.1657794856403,-175.5329956407474
102.22398813770255,264.83399808067554,1131.7794623111251,-247.74897317969175
101.04974051263284,265.03841847294575,1132.433930367334,-239.19357180408016
99.82423533320909,265.2480701670727,1133.0863396159511,-230.14272160020724
98.56798008831598,265.4597917441838,1133.7186227887566,-220.76150153226348
97.30272910839727,265.67088273873657,1134.3124922991767,-211.24797877110194
96.04956401287257,265.87946833685476,1134.850706356467,-201.8202781636838
94.8270761612724,266.0847306361725,1135.318126974862,-192.70033919498977
93.64998085555736,266.28695766926563,1135.7024365596033,-184.09698804396203
101.95693566479207,262.0575876286586,1132.303333898096,-251.19881679305206
100.81470721084756,262.33831164376767,1132.9248627857323,-242.91241862855392
99.6183883208378,262.6305567336231,1133.5444713825773,-234.12400312085302
98.3875065609582,262.92977286816415,1134.1444516329525,-224.99213579867995
97.14307577445841,263.2314047937897,1134.7067329864021,-215.70997659918478
95.90572456069157,263.5313711948074,1135.2141406807102,-206.4931630439351
94.69387563346376,263.82647054610567,1135.651468040651,-197.5640262972559
93.5223099903354,264.11463473019955,1136.0062172219252,-189.1346476437464
84.9888104249221,349.26379609543807,1119.740846035115,-138.6377160219777
83.67495421441494,344.65457894380785,1122.3634227463417,-126.28855291397142
82.3555110402855,340.03027247195723,1124.8306289761995,-114.12802434266834
81.05923112746326,335.4816683344372,1127.1211991526425,-102.35397247952032
79.81206426738527,331.09244980384995,1129.2219805317736,-91.14100187923981
78.63548628793275,326.93372642857554,1131.1271903574739,-80.63133266961289
77.5455308943322,323.0604047727628,1132.8373691612335,-70.92920626458482
76.55253252672648,319.5096461853936,1134.3581995766583,-62.09918171006362
84.79122490326816,334.6088621168142,1126.2856759755086,-160.9198529567627
83.43253070949464,331.30874523890634,1128.0077337428995,-148.12903094425772
82.0827279306286,327.9452166850098,1129.6752002623457,-135.37340739547776
80.76713236194063,324.5858153357484,1131.2639860901127,-122.8821148941101
79.50841617048411,321.29717763975367,1132.7546387037269,-110.86627154077142
78.32520077547746,318.13999436705365,1134.1328537149293,-99.50589235200668
77.23121345232711,315.164971237496,1135.3895224745384,-88.94080839476726
76.23504580132499,312.410287907691,1136.5204174971036,-79.2663617100354
84.1644281634562,317.505852078589,1132.8877984694268,-185.1551501853471
82.84273802438742,315.48007012001966,1133.899413415014,-172.552938845648
81.5263408968396,313.3762943127518,1134.8989665239087,-159.76899146332988
80.23968241393507,311.23646872042275,1135.868857234564,-147.0480523168128
79.00484113964961,309.1053949812043,1136.7930928041874,-134.63055193561385
77.84010797406677,307.0271113552777,1137.6580601418539,-122.73526770995409
76.75910079763469,305.04146081240793,1138.4530386451095,-111.54521304463131
75.77047063384683,303.181388801429,1139.1704560897128,-101.19852201838373
83.21077319907084,300.9538632797701,1138.4615441212327,-207.2564695693013
81.9841651508464,299.91328736997724,1139.0205608119422,-195.37326332370597
80.7500944809028,298.8105954033455,1139.5721818959382,-183.11748383772476
79.53207305723807,297.66682646351256,1140.1051691900832,-170.725194216714
78.35206769234748,296.5066404552205,1140.608888054207,-158.44447026564652
77.2289042565232,295.3563670963902,1141.0737819708443,-146.51638995822725
76.1771567932264,294.24180368221977,1141.4917263853563,-135.15716672684624
75.20663741031983,293.18614901431187,1141.8562782505862,-124.54415801714704
82.22101741653633,287.5870485024874,1142.4995526642715,-224.36523537280914
81.09792887756485,287.1723313176404,1142.809579913646,-213.36460604739227
79.95511194279857,286.7210198335136,1143.1050498226382,-201.87368253460278
78.81438759832106,286.2411231049614,1143.3778141602893,-190.10784700427348
77.69697724467078,285.7433742015622,1143.620359576933,-178.3068226340606
76.62180534071388,285.2404919855129,1143.8260661480988,-166.71655278314188
75.60417824463916,284.74611624269323,1143.989332136458,-155.5700612785979
74.65502419123445,284.2736093306269,1144.1056233218615,-145.07044229422218
81.42981334556922,278.3242003214066,1145.0958607768778,-235.91209472656226
80.38721232444804,278.25726218709326,1145.2784525229558,-225.65700035945028
79.31658087059623,278.1744638749369,1145.439570395321,-214.855385605505
78.23798116753399,278.0769815785423,1145.5720569910557,-203.70341051905626
77.17157438564783,277.9675780184905,1145.669561508456,-192.42871614819217
76.1359214913464,277.8505236487117,1145.7267416054983,-181.27401055647448
75.14655016195977,277.7312668377367,1145.7392820129035,-170.47814724802117
74.21501812235744,277.61591174112925,1145.7038035122623,-160.25785640357367
80.89977807933403,272.5965397768875,1146.6285739775483,-242.94496937743037
79.9092213754175,272.7101247406676,1146.747213844526,-233.2006145424895
78.88581865599191,272.82090198132954,1146.8400010063658,-222.88677072000283
77.84831231161014,272.9267046534772,1146.8999876806668,-212.18648643663425
76.81596034432577,273.0261216372072,1146.9211301508162,-201.31793498518542
75.80687145066985,273.11873159410186,1146.8984959750833,-190.51944523594702
74.83652830786338,273.2051729951841,1146.8282535476242,-180.0311679282374
73.91675190533542,273.2870363325792,1146.7075160081417,-170.07643992060173
80.58225965738725,269.3127553452354,1147.4841529956273,-246.94395083658083
79.62206019054761,269.5180376456681,1147.5705726430406,-237.50864706937793
78.6264032001302,269.7278548474342,1147.6287047512637,-227.4950713706403
77.61319790898605,269.9384116597586,1147.6516034428441,-217.07848175226596
76.60109750708013,270.1461670406709,1147.6332695364777,-206.47109172892434
75.60786474158952,270.3482113744468,1147.5688711367998,-195.90801080639403
74.64888097011819,270.54254077188807,1147.4547299244687,-185.62939781078404
73.73605973024102,270.728177928121,1147.288138414198,-175.8617667326214
70.77936368854077,364.8093948845537,1116.136019964284,-119.02070112825788
69.62602312080932,359.5316665949779,1118.8620473018846,-105.51144621975746
68.47224206752999,354.23305121935556,1121.4267835575156,-92.22924136217559
67.34372351114904,349.01651773210796,1123.815666009586,-79.3854168202021
66.2633977777842,343.9760682320579,1126.0219166014922,-67.16447970488878
65.25002659372034,339.1906481666185,1128.0453739185962,-55.71472504645773
64.31744340561775,334.72029076307143,1129.8912007099061,-45.14281138678369
63.474407482529664,330.6047023257269,1131.568597745892,-35.51254264929845
70.3211516611206,348.4581029915633,1124.3722148153633,-144.02312470333501
69.14427453173383,344.61679647546384,1125.9819885661836,-129.96390731013125
67.98143292682605,340.70518337636105,1127.554884242593,-115.96908133173353
66.8544773655194,336.7999276974684,1129.0722138675633,-102.28513559290641
65.78273818263663,332.97574426200754,1130.5190809680762,-89.13651289572068
64.78189962021101,329.2997676818014,1131.8846961169436,-76.71202807275296
63.863359866018776,325.827194558624,1133.1623688116292,-65.15583287614682
63.03408948360448,322.59871142180486,1134.3492333730521,-54.56360953167848
69.41486194238686,329.2675046002127,1132.7408332697398,-171.1319766933419
68.29007786866792,326.8481257440342,1133.47808377911,-157.23952969549822
67.17710858794497,324.3409815884959,1134.2260311071884,-143.17178385759337
66.09664894755102,321.79468384742364,1134.9745912109443,-129.1942285134005
65.06708855757189,319.26027423755056,1135.7138870549304,-115.56459794455549
64.10341839241528,316.78707504903485,1136.4347697658434,-102.51444300983258
63.21659393460645,314.4189007169482,1137.129302125762,-90.23459972162848
62.41337538536847,312.1912163945518,1137.7911489330577,-78.86629638261206
68.21806960658225,310.6016904168845,1139.9015796230779,-195.84098668472936
67.19354605369033,309.2969869318405,1140.0903078745255,-182.71936073141802
66.17032574363965,307.9195992898822,1140.2877846054866,-169.20717126496277
65.16817506565718,306.4950238479724,1140.492601293262,-155.56188151351841
64.20520335901959,305.0523755272551,1140.7026697506878,-142.05091497788618
63.296632961339846,303.62201317550455,1140.915163621576,-128.93102644197688
62.45399807326778,302.23299809117844,1141.1266265186296,-116.42943951304855
61.6848338237045,300.9108313230763,1141.3332440409047,-104.72959269361925
67.0511521143652,295.4598170816652,1145.1795026853783,-215.0051013994977
66.12845116986222,294.8715254355948,1145.0732168622462,-202.84845466826062
65.19683637395684,294.23738327529514,1144.9591928492077,-190.16553076341125
64.27462347169946,293.56821367618454,1144.8402292533865,-177.19164316857692
63.37924163750804,292.87774239721034,1144.7189941574877,-164.18576132095
62.52590669430756,292.181559376941,1144.597507168728,-151.41054218780616
61.72664841876973,291.49577971691326,1144.4767557615344,-139.11179560830146
60.989808381951214,290.83565113483724,1144.3565518799069,-127.50076650276378
66.14638836317206,284.926430349049,1148.630139863165,-227.97893318351092
65.30038070346907,284.7401333670405,1148.377799319478,-216.64410569410643
64.43853636220103,284.53051765933077,1148.1033969579453,-204.71622742399623
63.57769822082948,284.300594215879,1147.810938180026,-192.40939905009122
62.73440403633626,284.0551722483822,1147.5049704761013,-179.96944188512754
61.92354243379795,283.8005732212748,1147.1898869018933,-167.65562475795377
61.15728106121247,283.54409380464773,1146.8692564772884,-155.72016584886518
60.44442293829767,283.2933192306131,1146.5453552840415,-144.38897376604376
65.54949219179794,278.3940053374195,1150.6938400162735,-235.90402204754628
64.75225291806589,278.4179493248471,1150.3708662177423,-225.13492821349283
63.93515625976614,278.4330129338486,1150.016738238951,-213.74436410874836
63.11394526691843,278.4383499391457,1149.6355574608342,-201.93172981642877
62.30441001783564,278.4340679332389,1149.232403600444,-189.93230621597084
61.52106080323155,278.42131011919395,1148.8125990598505,-178.00048675676595
60.77601322369035,278.40216413244,1148.3809142976843,-166.38980938422318
60.07826257514774,278.3794178264583,1147.9409163435575,-155.33318470382852
65.19468347813479,274.6414651618886,1151.855815038064,-240.4199848885052
64.42563453740341,274.7727572048228,1151.4983640943083,-229.99424724597975
63.63454402685774,274.9033745408345,1151.104625872619,-218.93557326948797
62.836461345109136,275.03058387556564,1150.6785520759527,-207.43454823324686
62.04667783237329,275.1520866639789,1150.225313140255,-195.71973780684522
61.27941875956019,275.2662731115616,1149.7505623784264,-184.0418852688639
60.54671184833016,275.372361971914,1149.259591223239,-172.65441900784649
59.8576186048457,275.47040362735765,1148.7565856149818,-161.79355277758498
60.571051672016196,377.40677356393184,1107.601906468884,-100.39351458666223
59.56129387626112,371.5674947004492,1110.5199955739324,-85.97482289423414
58.552073995481216,365.70262181234386,1113.2709239843607,-71.82185360805097
57.56634737965517,359.9259628134487,1115.8450248896756,-58.1545443336489
56.624469640430036,354.34051065525205,1118.2401830011756,-45.16275703055689
55.74300263391696,349.0318645386489,1120.4603969475963,-32.99697637041419
54.934091551109056,344.0642404859851,1122.5143552440102,-21.76326012903995
54.20537849249147,339.47923181677567,1124.41409966118,-11.522596309826184
59.935493035950905,359.6708008579707,1117.1336830900711,-127.70716994706422
58.91866188036802,355.361077236866,1118.7561241155206,-112.64063644709145
57.91649612200838,350.9783799299241,1120.3591735886805,-97.67134159710716
56.947813886073874,346.6071508080224,1121.9269257396304,-83.05752387571587
56.02918162518914,342.3287586738116,1123.4466900393888,-69.03165387269897
55.17398250753003,338.2154230021963,1124.90928936835,-55.78675709791116
54.391899307071384,334.3256556941614,1126.3091021867951,-43.467694991961125
53.68881522785869,330.70173133758414,1127.64385683796,-32.167978425824714
58.84548177256821,338.73142216828813,1126.849896103883,-157.26311229517304
57.89162438936711,335.96384586135196,1127.463094531048,-142.33730453798353
56.95123063800892,333.1036593396776,1128.11209282116,-127.25124189606522
56.04168631724271,330.2052616998835,1128.790875704451,-112.28535384641422
55.17832262220518,327.3248641223114,1129.492445798775,-97.7088699444153
54.373553468160274,324.51593969391416,1130.2093766681492,-83.76082585476634
53.636389695283704,321.82520232444574,1130.9344531826835,-70.63551342906929
52.97233724824487,319.2897205379684,1131.6612684480435,-58.47403777572825
57.495288083557995,318.26339539036786,1135.2326683824854,-184.20768436081016
56.64442201731187,316.72237486610675,1135.21233808254,-170.0887995194576
55.798454498430296,315.10226991823896,1135.222924075064,-155.57421064919802
54.97375229703321,313.4326140527944,1135.26910413345,-140.93750047348794
54.185152012102314,311.7463469074048,1135.3535359128655,-126.45975418129072
53.44500602807703,310.07709842622944,1135.4766442786733,-112.4078834477499
52.76258496844182,308.45640543575496,1135.6367859190107,-99.01527803063547
52.14387086617419,306.91134075234544,1135.8307198459534,-86.46764392908909
56.22106376285062,301.5901407326036,1141.4848722731736,-205.1506827176451
55.46940094528229,300.84666338113084,1141.1244536309557,-192.06045706304837
54.71431662715636,300.0512333672244,1140.7721401681977,-178.42325867244296
53.97083791563705,299.2173221780506,1140.4381205609873,-164.48987980700474
53.25308488550597,298.36131121725225,1140.1313526719368,-150.5333993086304
52.57324248191334,297.5011972927021,1139.8586742246107,-136.827898681117
51.94083458763251,296.6550439932467,1139.6242873302156,-123.62707322287484
51.362375714770224,295.839462841749,1139.4296946483323,-111.1462416485047
55.24973731496467,289.9517148279884,1145.6222999091676,-219.37150978211844
54.57078694818654,289.6599601752157,1145.0943940682196,-207.16397170905458
53.882837671341385,289.3398531614867,1144.5546941409143,-194.33315539788782
53.19962561090772,288.9961748148399,1144.0151419629033,-181.10735711534835
52.53445073901214,288.63558626544165,1143.4874422059079,-167.74601930032088
51.89913386309513,288.2661600058725,1142.9818541607065,-154.52006564129562
51.303214258973235,287.89667850674346,1142.5062348215608,-141.6903499257291
50.75349468456382,287.53583309493956,1142.0655202272237,-129.48787076002083
54.61448718783444,282.7155258008028,1148.120939574635,-228.08235138810699
53.98106195858406,282.66168607875,1147.5127296597468,-216.48518864491973
53.33542598541461,282.5948988107006,1146.879887944495,-204.23119724465894
52.69036989913611,282.5156070451341,1146.2346100244345,-191.53284759463787
52.05853369732815,282.42530292745676,1145.589535336914,-178.6383864381103
51.451375895565526,282.32647324348994,1144.9564293049457,-165.81368580818082
50.87833730094909,282.2223787930116,1144.3450060605696,-153.32113795290985
50.346323683336074,282.11671299495293,1143.7621347285178,-141.39921470181142
54.23855115715937,278.5516454871021,1149.5371105420359,-233.05602534064985
53.631209861660004,278.6198643642915,1148.8900600961006,-221.83034610850189
53.00992196758177,278.6839828942602,1148.211032644994,-209.9337611670947
52.38688694216721,278.7423088729744,1147.5120968446581,-197.5691694739195
51.77431174074252,278.79367742705676,1146.8061574524386,-184.9776009823981
51.18339394572199,278.83759445432213,1146.105604535303,-172.42105490727747
50.6234722440947,278.8742683628039,1145.421034342916,-160.16183890603105
50.10147619239421,278.9045288985746,1144.7603081324992,-148.44192779106126
53.06368965056547,387.62814567095234,1097.0354202844283,-83.4952353328635
52.17139812109085,381.3285142567042,1100.1975752514743,-68.36569382279967
51.27892402913051,374.9983988457828,1103.1847814679513,-53.536979091422
50.40698554557812,368.76110072880306,1105.9907144959484,-39.234281347275754
49.57390173789051,362.72740142813507,1108.6165258092144,-25.649959730653833
48.79454127231544,356.9885871886945,1111.0692394061339,-12.93447378140121
48.07978907881423,351.612379964687,1113.3602576912263,-1.1917708437960073
47.43649182369199,346.6418844930515,1115.5039958021778,9.520794380012816
52.319053818160626,368.7605951073146,1107.54967744756,-112.76812540473482
51.4311531107693,364.05777251841147,1109.2725017274668,-96.90644839118389
50.556704176885304,359.28137479260926,1110.9891997710483,-81.17302431071606
49.712137817690994,354.5222829133143,1112.684750255978,-65.83389308236882
48.91190939776288,349.8672505272264,1114.3471129895847,-51.12614821467082
48.16769658751991,345.3924902472706,1115.9675865561035,-37.24436146158449
47.487955791122985,341.1589870848363,1117.5409250018442,-24.33226752929413
46.87783866879252,337.210038953779,1119.0651812046826,-12.480182447499061
51.12308911529383,346.3624380499215,1118.2812327608913,-144.39877175107523
50.30484693411114,343.2987136658194,1118.8850424697812,-128.65321169054835
49.49953365879303,340.1404664507421,1119.5461604817274,-112.76419913517854
48.72194979020576,336.94686213460415,1120.2600450127748,-97.02273988553699
47.985119186835355,333.7782281408026,1121.0204052244553,-81.70559289527033
47.299578371818406,330.69120979480243,1121.819914944562,-67.05601133454975
46.672978876759764,327.7346012542421,1122.651056400018,-53.269348627690064
46.11000641561038,324.9464631349781,1123.5068989027375,-40.485105606157234
49.69209138218133,324.37373930050103,1127.5913237245993,-173.24422234914954
48.97723854861639,322.6311937828494,1127.4911794879038,-158.33264799452053
48.26824470924132,320.8059117411416,1127.4429074569366,-143.02564713599526
47.57880025419599,318.9308142626353,1127.4541720105922,-127.60863922756059
46.92126234571227,317.0419300114601,1127.5295945823664,-112.37221458621318
46.30588926976272,315.17542132894465,1127.670603917283,-97.58979112681503
45.740368196928216,313.3646357924572,1127.8757801361232,-83.49805365981737
45.229658658390434,311.6376822966652,1128.1415479256468,-70.28301461821516
48.3671875460898,306.40039363454696,1134.5964765551105,-195.7072617553236
47.748178195702586,305.5256695043862,1134.1162286914216,-181.87492033946063
47.128221559082704,304.5950886459365,1133.6612086704324,-167.48288057600388
46.51972395388633,303.62437694925404,1133.2457518051722,-152.79353571874591
45.93427347245598,302.6320880097099,1132.881999134524,-138.09008139675922
45.38182403352782,301.6381083396214,1132.5789137636543,-123.65431439279092
44.87012963479324,300.66195789136793,1132.3418312643535,-109.7447225418567
44.40448201936265,299.72119344174763,1132.172567625036,-96.5784290207115
47.367596423383354,293.82047791790575,1139.2758653788026,-210.99940552256203
46.81733522853249,293.4411271264778,1138.607112263584,-198.0988902468738
46.26165024238595,293.0301068019817,1137.939909660449,-184.55423699457455
45.71177472241878,292.59370759860707,1137.2909532255578,-170.6044900602829
45.17850820041035,292.140106956659,1136.6759085771005,-156.51900291685374
44.67139359142396,291.6787553364875,1136.1079906658742,-142.5767632473991
44.198096092749644,291.2195539067234,1135.5969622127668,-129.04414081243678
43.76406119391112,290.7719779534641,1135.1487101974876,-116.15482680226634
46.71735311920491,285.9833185928487,1142.1236252986655,-220.38839377630526
46.20957667424075,285.8663603344581,1141.363978162402,-208.13462215908407
45.693839225145545,285.7337939776976,1140.590381528929,-195.1987020953627
45.180534797744855,285.58715364776174,1139.8200459838863,-181.80304106528055
44.679854837888236,285.4290557449616,1139.0699832504083,-168.20538075582039
44.20097783461632,285.26303661737904,1138.355408736761,-154.679623152164
43.75142455928686,285.09323661913385,1137.6884454381805,-141.49394097610445
43.33666995412823,284.9239935346109,1137.0773641264996,-128.88993897544844
46.33359258068136,281.4676738947766,1143.7462019209186,-225.7583772943833
45.84997056547701,281.48584209344307,1142.9424356072311,-213.89913059081337
45.35703064964254,281.49771540036363,1142.1157612552963,-201.3413561281078
44.864648177417166,281.50247312089306,1141.2833663990596,-188.29732636684128
44.38262315995433,281.4998606706839,1140.4627309495193,-175.01722183318057
43.9198822499641,281.49024547963444,1139.6699612322552,-161.77090409223177
43.48382667915122,281.4745731625986,1138.9183536557357,-148.82663693435063
43.07991787376959,281.4542249833033,1138.217442270764,-136.42967959200317
47.376472030646816,396.0131032519183,1085.9676952006537,-68.4438801599329
46.57806268103514,389.3375638040679,1089.3940904863794,-52.75051433727205
45.7782429152492,382.6259802381138,1092.636137390139,-37.388803370970095
44.99594684209238,376.00998648171776,1095.6897634150007,-22.58707796674392
44.247894775287826,369.6071701069465,1098.5584204462123,-8.538536383569479
43.547645513686064,363.51376519162324,1101.2513757788854,4.60753495237762
42.90512479633633,357.8005343922206,1103.7821789867328,16.749936465685124
42.326587148727185,352.5118830522945,1106.1672712613986,27.835146337337207
46.5696399172839,376.2106195755179,1097.247541854155,-99.39626452247006
45.78316310180003,371.18059901238337,1099.119186558272,-82.89869034662009
45.008414174574945,366.0771227171427,1100.9935655609606,-66.556953244518
44.25998276906139,360.99640384446724,1102.8554443955481,-50.642359960410914
43.55072156026903,356.0295967664559,1104.692587388887,-35.39460896465141
42.89103313639254,351.25611843182315,1106.4961960098535,-21.00839921983227
42.288473517233506,346.73887305707143,1108.2610927993805,-7.625523452246256
41.747674052544355,342.5218670929473,1109.9855884184133,4.667167505416643
45.32031803873595,352.58726633371367,1108.7673715744936,-132.8044260817614
44.60697538798824,349.2749929636189,1109.431829670164,-116.40107177678881
43.905304334496144,345.86775315976143,1110.1703134513791,-99.8701180198923
43.22814140726928,342.42859155635193,1110.9782285444337,-83.51021954603674
42.586790863885916,339.0211092937911,1111.8488229451425,-67.60319273034705
41.990416075864474,335.70440136200244,1112.774096069414,-52.39464577170625
41.44569604586259,332.52878973874425,1113.7458320196774,-38.079798539562205
40.956751105200816,329.5329646156223,1114.756513680298,-24.795988869464082
43.856920767567836,329.31215011439343,1118.8036824028543,-163.27997156243674
43.245664167322325,327.40078930606603,1118.706170150419,-147.73200156272446
42.64013909564212,325.4046061319176,1118.677941907345,-131.7907217701545
42.052009751073186,323.35929316416053,1118.727700390064,-115.75038522591504
41.49179628222751,321.3033411729474,1118.860426510366,-99.90837068910238
40.96823760688728,319.2748704049682,1119.0773822660624,-84.54239551802729
40.48789863485749,317.3085674153648,1119.37665790428,-69.89087302559719
40.05503909708596,315.43323701662945,1119.7540566043242,-56.139222806999925
42.51871126054682,310.23638443345203,1126.4090111476671,-187.04919900235572
41.999495743229716,309.2529475926057,1125.8965738624581,-172.62174754198196
41.480365922791805,308.21108115858254,1125.4245787498273,-157.62582770752647
40.97174194222435,307.12836009757524,1125.0093481371052,-142.33261232013012
40.483336616067604,306.0250734171399,1124.6642998334328,-127.03270539572011
40.02348722988711,304.92257525001276,1124.3990094612122,-112.01327949181788
39.59869491897868,303.84147607551836,1124.2188999260645,-97.5358282437168
39.21341248871872,302.7999971126787,1124.1255264345402,-83.81812929634137
41.51600186327647,296.8576721028566,1131.5284978648394,-203.26421898531828
41.06170474519385,296.40715894693426,1130.8079271942788,-189.80904414241968
40.603867110940534,295.9227171583559,1130.1016453778548,-175.69409819019327
40.15182190390939,295.4118665305049,1129.4288940428996,-161.16659889666275
39.71451480712211,294.88398771106256,1128.807252283694,-146.5032294629232
39.29983705043955,294.3495963900206,1128.2511721569804,-131.98871293005237
38.91412590979736,293.8194321832364,1127.771042138721,-117.89306881046369
38.56189245297781,293.30353115725563,1127.3728980754852,-104.4513987409938
40.86608032274521,288.5105556191778,1134.663889687119,-213.23870211923645
40.451476573301484,288.34353850234237,1133.8418463390444,-200.46035141150813
40.03131923916301,288.1591133252245,1133.0167632696428,-186.98043000735046
39.61418017917832,287.9596897650183,1132.2086736184465,-173.02890537371985
39.208433759438805,287.7487640809057,1131.43686446315,-158.87056253620548
38.8216039284047,287.5306742081509,1130.7181803979524,-144.78506014077325
38.45984952548846,287.31021416355026,1130.0657390079505,-131.04447529156536
38.12765801025358,287.09218292592067,1129.4882670099205,-117.89220852989877
40.48321755299303,283.6964055172411,1136.4581526936922,-218.95142377072216
40.09103535392213,283.6757901502957,1135.586433876591,-206.58671273964222
39.69223841754686,283.6474268266763,1134.7015825378976,-193.50208591830938
39.29493355477514,283.6111833513837,1133.82373773205,-179.91693936550897
38.90713324267403,283.56750600335414,1132.9728430416492,-166.0881914978812
38.536116549213695,283.5174143031094,1132.1668570374711,-152.29154836685782
38.18790790685999,283.4623917427624,1131.4202860688438,-138.79910962502166
37.866954644358636,283.40421330397976,1130.743312627202,-125.85816198313066
42.94176308279841,402.9902704382432,1075.1303036874663,-55.103278095850854
42.218589881274276,396.0058514055178,1078.8217015531052,-38.95393597760274
41.49274535813892,388.9791554764869,1082.3185188113607,-23.16319747123815
40.781730215078014,382.0491873196765,1085.618201099793,-7.961216985302869
40.1009914067995,375.33955103058656,1088.7258454666635,6.4589143575188785
39.46305256358437,368.95085773279857,1091.652421570448,19.949645324179244
38.87708703080595,362.95657190900573,1094.4132149464883,32.41273235905108
38.348890646716725,357.40228698158,1097.0264169222446,43.79838021649482
42.1027053745563,382.4049610413143,1087.0290841011656,-87.51482149201588
41.3962719152235,377.1015727169663,1089.0712942631849,-70.49916762498427
40.699858051027796,371.72494391692436,1091.1216789043353,-53.66349821436168
40.02661945534797,366.3757565723141,1093.16421149372,-37.28277357764861
39.388169987671276,361.14882844435334,1095.186034707647,-21.598108687614484
38.793933261504975,356.12621812769197,1097.1779794716826,-6.803594320222203
38.25077892398173,351.37238276754005,1099.1348026829846,6.961225648702509
37.76294652382579,346.9318640146609,1101.05505941413,19.612904517665058
40.832850252741395,357.74169963615856,1099.1867988230438,-122.46642475912954
40.20089040962621,354.2206077206156,1099.949510859477,-105.52561787010144
39.57923403151187,350.60476689926503,1100.7988259927336,-88.4714027656845
38.979214934736774,346.960399832926,1101.7292892756618,-71.60814949051709
38.410834485989554,343.3537493132278,1102.7331227714576,-55.22119626210798
37.88222482524771,339.84584682423366,1103.801325996953,-39.557446650534104
37.39934143712821,336.488177055881,1104.9248702924988,-24.811412706394208
36.96589034951334,333.3198487568485,1106.0957085272119,-11.1181318166457
39.36645302971263,333.3696037151513,1109.817342409714,-154.35745633155008
38.83426482678441,331.3169485789421,1109.769308914526,-138.28943647850463
38.30730630688506,329.17824015526674,1109.8044272420004,-121.83066431903356
37.79570490619055,326.99143859298033,1109.9313361235045,-105.28218181818173
37.3086036668197,324.7970135215038,1110.1545343525524,-88.94640052785803
36.853614602824145,322.6346249935101,1110.4745626147214,-73.10400224285524
36.43647940608792,320.53997717778975,1110.8887411762967,-57.994275447152745
36.060952448476,318.54236049573916,1111.3922073889617,-43.80166509029294
38.037090992799136,313.35350138711857,1117.9220281331322,-179.26146727533657
37.59301785465393,312.28013652196944,1117.4284026932496,-164.34835388497424
37.1494175476186,311.14655382646094,1116.987896592489,-148.86010281088974
36.715210845943176,309.97183669432496,1116.6175362189251,-133.07470424635417
36.29871280647842,308.7776653152378,1116.3309528995915,-117.28837484482932
35.90706963708708,307.58654756950693,1116.13755213722,-101.79219592585494
35.545870133930045,306.4199285570255,1116.0423588359624,-86.84963159160455
35.218965192974814,305.29651246905115,1116.0464586367568,-72.67854093900326
37.04591442992595,299.294158604158,1123.4133990928945,-196.27886858904463
36.66317270109254,298.7858585806122,1122.6934245914035,-182.3719133543374
36.27792713288928,298.2420094749772,1121.9988004120178,-167.79269179508955
35.89808016833759,297.67112304932294,1121.349962048303,-152.79478156337026
35.531200353880905,297.0835351521573,1120.7652172022022,-137.66045820086285
35.183966622934285,296.49059264334437,1120.2593209319637,-122.6786902067636
34.861753103113166,295.90367538977563,1119.842645278163,-108.12203049542552
34.568402663676885,295.3332328029264,1119.521023752605,-94.2263079680651
36.40515085606064,290.51297806467954,1126.794595145912,-206.76281699963397
36.05958556765055,290.3062216131564,1125.962887852399,-193.55795731164986
35.709903190432975,290.0807743709415,1125.137945375812,-179.6358108571909
35.36330638780079,289.83974121902173,1124.3412566969878,-165.23221957045988
35.026822499920826,289.58730636886713,1123.5931449717118,-150.61734881517813
34.706763806859676,289.3284248918282,1122.9110671944018,-136.07514398491793
34.40830358401313,289.0683850510846,1122.308397569304,-121.88044584815637
34.13522446439601,288.81232536825877,1121.7938730256542,-108.27771534420182
36.02819540958421,285.4449453988384,1128.7366475567458,-212.77397936807765
35.703517002246684,285.39422194042515,1127.8497063931404,-199.9988486132971
35.37388586599117,285.334736788156,1126.9586387405752,-186.4864139493324
35.04608114239293,285.26689450632455,1126.0851697008418,-172.46154105774883
34.72679288433437,285.191684057478,1125.2504488195723,-158.18649180630018
34.42209359661763,285.110615204797,1124.4732222037992,-143.94105859144702
34.137013728045154,285.0255759372655,1123.7684196639373,-130.00023728523738
33.87527729198294,284.9386284773193,1123.1463703001154,-116.61253395088809
39.39370544829247,408.88039760164924,1064.8412268892935,-43.263201625217604
38.73156517128758,401.63952507872847,1068.7883270203909,-26.73800606838809
38.06562067552427,394.3496390016419,1072.5304134951923,-10.595107501190483
37.41220240090865,387.1563204904274,1076.0659522502253,4.934350162390444
36.78572284160236,380.18854884217404,1079.4012326124437,19.65792330214275
36.19786838643061,373.5508605359546,1082.5485416100803,33.43004337452538
35.65720491210129,367.31915621614644,1085.5245901584426,46.15543121491352
35.16915980171151,361.54013975167896,1088.349088999598,57.787808376818106
38.54108557330695,387.6310019385676,1077.2576711041856,-76.95810859698324
37.898672469304586,382.0971792815349,1079.4766532884184,-59.51247653265091
37.264755562512924,376.4901904818994,1081.7068502804595,-42.26798451933314
36.65135242612035,370.9145185843007,1083.9311576656523,-25.502196471653775
36.06909667753725,365.46808882376814,1086.1358940101802,-9.456930295885428
35.52663884537854,360.23519112265933,1088.3113942051527,5.674704210601732
35.03030714163082,355.2815834860178,1090.4522890177118,19.755476309818903
34.58403196744829,350.6522397991321,1092.5573701190256,32.705161116849666
37.27045423609815,362.07515924839544,1089.9515927348525,-113.26663164513243
36.702528783493186,358.3773005006982,1090.83028294962,-95.87854704685589
36.14364363078393,354.58517296767434,1091.804996381997,-78.38958533185968
35.60396130066245,350.767638178484,1092.8690200319256,-61.10852697086273
35.0924721350559,346.9931103539851,1094.0133041802756,-44.323250597834885
34.616510561089115,343.32419028986567,1095.2277379646705,-28.28133728076986
34.181473532903446,339.81327876100346,1096.5024775538636,-13.176328263131722
33.79074775069079,336.49977725482523,1097.8290225460923,0.8589955418616739
35.81802178774567,336.75846309870053,1101.08791251871,-146.4016605997676
35.34705032497603,334.5867160735453,1101.1138109737146,-129.90073544784525
34.88072317608243,332.3281543889669,1101.2338323648123,-113.01157193188126
34.427983140236215,330.02261237094143,1101.4559580461998,-96.04058783326906
33.99691798348909,327.71217501495875,1101.7837878544112,-79.2940628316357
33.594280188140736,325.4377397451221,1102.2169005312412,-63.05480811024711
33.225185858070525,323.2358072182509,1102.7517602257187,-47.562510891111515
32.89300668867383,321.1360206838974,1103.3828742626756,-33.0005028020841
34.50976084133276,315.93327355685756,1109.623916815348,-172.30265668254276
34.123074441239645,314.78494803252124,1109.1767311700974,-156.98571895709622
33.73696483758654,313.57509118032164,1108.793060601858,-141.08822902812858
33.35920555592146,312.32402652540037,1108.4899059458735,-124.89361991959598
32.99704942124606,311.05456443327336,1108.2805420833079,-108.70250572618463
32.6567425388051,309.7901372279825,1108.1738161836133,-92.8089274674056
32.34318749941255,308.55284552971625,1108.174143889561,-77.47769792455372
32.0597845725926,307.3617572929741,1108.2820829115449,-62.926472167011866
33.537954561638955,301.289378078043,1115.4403784717092,-190.0248725884334
33.20931472083532,300.7337099339742,1114.7498732580052,-175.7428907768283
32.87877451425937,300.1412700929625,1114.094055918363,-160.7782275393702
32.553147438276675,299.52137645356464,1113.4937635509787,-145.38954203230014
32.23896131176374,298.8851327640148,1112.9673707115026,-129.8635150937926
31.941984481636403,298.24454627138505,1112.529442498369,-114.49238114973394
31.666871435147545,297.61149777502925,1112.1900212409087,-99.55053446502271
31.416968347176315,296.9967514527121,1111.9545918367494,-85.27415768761483
32.910976483234926,292.1360129478433,1119.038200951531,-200.95633762262167
32.6172718117799,291.89734439352424,1118.2261223253815,-187.39798334848598
32.32035935094383,291.639024021753,1117.4292695127046,-173.10916573478877
32.02640302228329,291.36471271513926,1116.6697735857178,-158.3304107446524
31.7414158648875,291.07913955744317,1115.9682866879898,-143.3361234357899
31.47080353045028,290.7877435112803,1115.3423250140554,-128.41356249678043
31.219005914849802,290.4961956498862,1114.80514126929,-113.83961488765266
30.98928399822754,290.2098924573666,1114.3652756704225,-99.85938445669893
32.542523568019305,286.8505663052291,1121.1111763685203,-207.2296888279115
32.2683584996142,286.7761630560983,1120.2384322014154,-194.11479255306526
31.990321798577288,286.6922534455322,1119.3694500023537,-180.24793058502325
31.714188374567804,286.5996678003359,1118.5267254090675,-165.85852103310506
31.445653326993053,286.49981370159946,1117.731880054119,-151.21274934131426
31.189889312520375,286.3945827605107,1117.0038666848186,-136.5937428434306
30.951188678597962,286.2861718315644,1116.357622726835,-122.2786176101535
30.732741437212084,286.1768596998167,1115.8033807785373,-108.51666128175694
124.1421812153515,311.0675646486399,1159.0315826595738,-191.73470945081712
122.48470250230844,308.00060254707284,1161.6227012565043,-181.69397827018435
120.79226871055722,304.92060751342206,1164.09122854885,-171.76101781575758
119.09844808332268,301.89337725659743,1166.4031942152446,-162.10817446827588
117.43483973982111,298.981915169226,1168.5326684554757,-152.89242499992497
115.82869993096922,296.2421494869278,1170.4621135553755,-144.24657439504273
114.30134275539329,293.71969586641745,1172.1820590281013,-136.27314367505113
112.86745474549032,291.4479516783395,1173.690274933427,-129.04143222569678
124.19771635268789,300.9088370433824,1161.3808631161583,-207.11312800943222
122.49076306800036,298.7589172338595,1163.5375187484533,-196.85106443078087
120.76010020644598,296.56460009957203,1165.6341858527273,-186.5747989580453
119.03651034310525,294.3745877012595,1167.63395276142,-176.47828545093574
117.34893990059714,292.2387070119601,1169.5055395206066,-166.74577660941435
115.72236894487912,290.2041725362635,1171.2246453377224,-157.53999383873466
114.17631412974987,288.312291692365,1172.7744966592788,-148.99306457104987
112.72413481973547,286.59604076184957,1174.145688041387,-141.20113949714207
123.86028864319344,288.97533321334856,1163.6337247698807,-224.22367742097452
122.185933957704,287.7206719597603,1165.4172352690318,-214.14501802096174
120.4826544135852,286.415979057652,1167.1824087254288,-203.89213546131063
118.78001061402732,285.09071352762686,1168.8938941981783,-193.66877731609893
117.1062202231332,283.77758296514315,1170.519347593543,-183.68050539064157
115.48601719515422,282.51005169682844,1172.031370869132,-174.11999988700168
113.93906226469129,281.31974677548106,1173.4087607208112,-165.15421166117676
112.47911345537653,280.2341662358219,1174.6370150222047,-156.91505115431582
123.15526499975292,277.3440250917314,1165.3910596755097,-240.09581013756122
121.57858000846764,276.78762118156294,1166.9056699608946,-230.55501604894314
119.95921895554427,276.19642826374707,1168.4254567992216,-220.7007848948669
118.32498887748524,275.58424290555223,1169.917952912287,-210.72991061232406
116.70339502269574,274.96807275688775,1171.351715078777,-200.8539475690388
115.11939828558036,274.36698158918347,1172.6984848588597,-191.2836902461163
113.59359348557747,273.8005970127307,1173.9348431759856,-182.21371186164
112.14108939459263,273.28752586636784,1175.043189548354,-173.80930272094133
122.33349653891223,267.8993829201319,1166.5476745106237,-252.50368203877727
120.86838924573419,267.7915798883568,1167.888717135814,-243.60995157443054
119.34777152169038,267.669668637709,1169.2478008183214,-234.3164395353244
117.79691396408353,267.5376748707394,1170.5949344229416,-224.8049366639979
116.2418500747572,267.4017430333817,1171.8998228162131,-215.28172873207913
114.70713568532278,267.2698975305893,1173.1340731827117,-205.96306609025737
113.21385629576388,267.1514924930881,1174.2730665713027,-197.05897025094424
111.7782263631265,267.0564313093207,1175.2972452555853,-188.75793712489406
121.63928969333242,261.33402798977625,1167.2258940689194,-260.91308819492207
120.26315918593764,261.47824313254796,1168.4620093502067,-252.5642937795502
118.82300493524555,261.6245712403771,1169.7232486358675,-243.77398246280052
117.34170164036378,261.7718590310873,1170.9813697536092,-234.71021289591957
115.84362281068991,261.9199651499066,1172.2069852868042,-225.57128115378305
114.35248441831835,262.0699985734578,1173.3717450632594,-216.57266930874357
112.88929023496506,262.22435448597435,1174.450315523452,-207.931176053856
111.47075443420678,262.38652535510437,1175.4218586609818,-199.84873200127095
121.16111035497818,257.26875569283334,1167.598406224863,-266.04122966461364
119.84329875826892,257.5449908271183,1168.7741168787907,-258.06543002987394
118.45661538807126,257.8334534440535,1169.9787925106375,-249.63073130982286
117.02221410956196,258.1304163041675,1171.1853036516827,-240.89588572480486
115.56316659989962,258.43239485423356,1172.3648779812877,-232.05289405739433
114.10239580961414,258.7366040095234,1173.489243204769,-223.31515555141814
112.66061594260898,259.04130667402376,1174.532653785776,-214.9021379858236
111.25466509804693,259.34597895263136,1175.4734793038483,-207.02296299049232
120.87057941779673,254.9368847737964,1167.7965465978518,-268.9575032484004
119.58702733277137,255.28063764318483,1168.938818748644,-261.20727097387316
118.23201246768353,255.64229779066065,1170.1120957275646,-252.9913086493108
116.8256254561655,256.01686581375395,1171.2899019474532,-244.46284861260736
115.39009829469536,256.39912738712104,1172.4438411625129,-235.80992861994793
113.94779903818231,256.78420669735436,1173.5457069987292,-227.2442843621401
112.51918136186129,257.1680730104203,1174.5695289404944,-218.98644120581753
111.12107453134077,257.547899433112,1175.4932193586542,-211.24928480701547
100.72508673867566,330.8621662218789,1177.6943770940688,-177.61414871768653
99.13978208971555,327.08912424444367,1180.148022708951,-166.01602310406076
97.5393895814854,323.2902951600834,1182.4562076771956,-154.52993070747448
95.95676921922522,319.54348350232374,1184.5920712787038,-143.3511483215985
94.42207401699922,315.9225982172066,1186.5370384578237,-132.6571509497554
92.96066670202357,312.4926090281219,1188.2804785135145,-122.5975942690356
91.59182074425227,309.3058329805147,1189.8188702873185,-113.28742088614635
90.32826950421214,306.3998922521469,1191.1546981450365,-104.80366847745206
100.52711636940278,318.65151073757585,1181.7666539052343,-195.8354193975259
98.90974400931516,315.9677495481726,1183.6019830714672,-183.94745100439664
97.28829883289876,313.2215231327992,1185.367568019382,-172.03211478542158
95.69268933844144,310.47051204294473,1187.0338856966146,-160.30972982135702
94.15029437544146,307.7732953336344,1188.5769378946172,-148.98876220092913
92.6841099512138,305.18487052224987,1189.9789792912081,-138.2523407934461
91.3115458685412,302.7527987217216,1191.2286099899547,-128.24808026164573
90.04396977063188,300.5144835488808,1192.3203829127112,-119.08224684318556
99.89845272630221,304.3191598681668,1185.7863243929637,-215.92461531722657
98.33013825806162,302.6990287098343,1187.1212317298223,-204.24567930273568
96.75214269356978,301.0094976458908,1188.4261228240464,-192.35194605234005
95.19329447861465,299.28583390539734,1189.6747948117688,-180.4747899519124
93.68035362728321,297.56688304336717,1190.8439997630385,-168.84666145011695
92.23611948639876,295.89199400947655,1191.9146151176415,-157.68419703639054
90.87813483302847,294.297904988123,1192.872289048806,-147.1736696798735
89.61811795184627,292.8160900287931,1193.707601909367,-137.46071891500713
98.92437845029518,290.3496854285287,1189.0688194207617,-234.4515389523168
97.46412296005431,289.5593396218629,1190.0724048083734,-223.4078425754214
95.9802698995292,288.7173092289801,1191.0602795141417,-211.98574022074746
94.50018762909248,287.8406346790254,1192.0099510579228,-200.40756224387823
93.05018438316041,286.95008288226313,1192.9005007498959,-188.91144429904293
91.65346200245678,286.0686136299179,1193.713809384394,-177.73338642919285
90.32856958056684,285.21949356040597,1194.435367568269,-167.08962792583017
89.08856254307406,284.42438447508147,1195.0546564799401,-157.16206924852727
97.89689027151513,278.993040399532,1191.356510482694,-248.90520121646804
96.55267108728441,278.73644468194396,1192.166916348182,-238.62536045280794
95.17195341337127,278.4525124458729,1192.9656590818593,-227.86564248648745
93.77987327354147,278.14692027273946,1193.732356458671,-216.829788635627
92.40157040367801,277.82793872852216,1194.4475247171129,-205.74837143370132
91.06008742894059,277.5059752343638,1195.093819435923,-194.8619484553785
89.77461916666292,277.19276146975216,1195.6569148513904,-184.40254611421523
88.55939033706228,276.9003237084611,1196.1259697671585,-174.57649270766427
97.06607908317629,271.08342469315755,1192.7762920833052,-258.70580201577366
95.81214500621941,271.1273051650912,1193.4804693300389,-249.06861742325663
94.51311596116697,271.16305747669486,1194.1742253750542,-238.90247131158256
93.1919597300712,271.1903530608918,1194.8381675167527,-228.39418547076028
91.8724038460528,271.21025565888493,1195.453394408794,-217.7638370477313
90.57687659395168,271.2253350750636,1196.0027649487565,-207.2496030897674
89.3246623263716,271.2395318019047,1196.471842496222,-197.08959503117117
88.1305918419187,271.2577878927824,1196.8494275673104,-187.50365480777594
96.50557028150277,266.176501091316,1193.5925663104492,-264.6904168454151
95.3101522442115,266.37812016732966,1194.2396961612362,-255.4931013203578
94.06470525665293,266.58363024387234,1194.8769396555278,-245.74635442146422
92.79061695207685,266.7897323933931,1195.485374772728,-235.6255254755839
91.51047569269973,266.99367525717315,1196.0463085173944,-225.3425365177145
90.24607566146405,267.1936347804585,1196.542566537421,-215.13210681319327
89.01654459050403,267.38894351466513,1196.9594875042085,-205.2341996877799
87.83693349204312,267.5801205532449,1197.2855094354682,-195.87554486271114
96.16846520022591,263.3578395780504,1194.0405134461962,-268.0980046908832
95.00723839165465,263.64025855104023,1194.6574004636593,-259.16679658169494
93.79332664705149,263.93333193497324,1195.264684569002,-249.6781003985946
92.5471336628333,264.2322996100514,1195.8436793301864,-239.80045569993982
91.29050282537811,264.5324448031551,1196.375769201798,-229.740665383898
90.04476989498329,264.8295936521377,1196.8437091809622,-219.73087652838163
88.82888712538215,265.1205300429735,1197.2326503392485,-210.01150925698656
87.6579629656969,265.4032447193821,1197.5307616385503,-200.81275718300557
83.05431255596385,348.20312519399187,1183.1343608428892,-159.9561031663743
81.62494469950022,343.73706405121715,1185.4777418268172,-146.94462213955507
80.19251632149201,339.2347919101817,1187.6655391168442,-134.07025609639746
78.7871426872424,334.786332754488,1189.68006417599,-121.54811508213217
77.43593436319922,330.476405091287,1191.5115898260797,-109.57206245919544
76.16125540878463,326.37864013438343,1193.1573087567222,-98.30390445131435
74.97971697751488,322.55147811204216,1194.6200478297494,-87.86619921506211
73.90191777639896,319.0360991188211,1195.9069592626215,-78.33925438830686
82.62307002373637,334.105032318635,1188.972104922993,-181.00342512070236
81.17654441108337,330.8804599078859,1190.4888916923346,-167.6103115320071
79.73866137128431,327.5792290515173,1191.9440698201636,-154.20092355231472
78.33624836379815,324.2683180338631,1193.317132670318,-141.0193557799258
76.99333742616868,321.01503414405147,1194.592254247441,-128.29432045592574
75.7296641824028,317.8818154336238,1195.7584627197637,-116.22447239006956
74.55976799109095,314.92189317482337,1196.809407912207,-104.96768357506387
73.49273553499647,312.17638156922004,1197.7428747944286,-94.63530524014286
81.73570522477455,317.5170756001658,1194.8019651647442,-204.0583391193118
80.34962664943828,315.51457746447,1195.670812697771,-190.87669385398357
78.96769437230574,313.42653119543843,1196.5178550992505,-177.46490931779243
77.61563342867842,311.29463597129967,1197.3282119995972,-164.0806418490012
76.31672876360024,309.16420388996784,1198.088914217435,-150.9802016973375
75.09030601936388,307.08048038392167,1198.789351405314,-138.39983343779292
73.95077938129486,305.0850456538173,1199.4214824872356,-126.54002784951408
72.907329635877,303.21287874642195,1199.9798710784466,-115.55491763599326
80.53043780638991,301.3072426708289,1199.6616718702794,-225.24718450644653
79.25659758304211,300.26457243562606,1200.1222552556453,-212.7789022484
77.97439906483548,299.15530215915675,1200.5654807320805,-199.89112040413428
76.70835871398059,298.00044975053004,1200.981864712051,-186.83166829390896
75.48140742742477,296.8250964659589,1201.3629793583582,-173.8635091000335
74.31320944221915,295.65641778803274,1201.7016673774647,-161.24454697558878
73.21899059192376,294.521392072043,1201.9921150660596,-149.208279584659
72.20899963917262,293.4445946007295,1202.2298634039782,-137.94830354525075
79.3309938958616,288.09046555127225,1203.1386811933853,-241.77378918781127
78.17203888130149,287.668925325711,1203.3776031775235,-230.1733928137747
76.99299698194547,287.20797104649586,1203.592549455006,-218.03453845822713
75.81652600889961,286.71561045572884,1203.776416321343,-205.58373319208093
74.66464451848167,286.20283746167956,1203.9232374369888,-193.07510716952646
73.55696124846945,285.68289347750255,1204.0282524466722,-180.7712499905259
72.50930190552333,285.1701573938002,1204.0877908932907,-168.9226583842446
71.53292591808268,284.67886645089345,1204.0990884489186,-157.74920429168304
78.38822698221045,278.85777309921815,1205.3526290017576,-252.9991976391159
77.31673401655493,278.78779859248544,1205.4793659786244,-242.132256382509
76.21728277626443,278.70023686334684,1205.575719976597,-230.66830318795394
75.11069372020017,278.59618462743055,1205.635135987073,-218.81413036823292
74.01784217273439,278.4784791053172,1205.6523746497382,-206.81145865027696
72.95789145419118,278.3516299426108,1205.6235765098218,-194.9195796953814
71.94681239435164,278.22147191662657,1205.546075788402,-183.39506823967253
70.996427233888,278.09460021563496,1205.4180889180132,-172.47197112904342
77.76104804002327,273.1156809549124,1206.651408738901,-259.8685055626583
76.74562115675722,273.2310669345985,1206.7222392686026,-249.5050111171958
75.69768772659432,273.3426592906541,1206.7586292054136,-238.51950122766686
74.63671423712502,273.4481331269882,1206.7539782375015,-227.10527008801296
73.58263648226377,273.5460068556858,1206.7030934108195,-215.49430778235038
72.55412890361569,273.6358940337728,1206.6022918041783,-203.94145786504146
71.56708201936979,273.7185731624507,1206.449210379484,-192.70475106601907
70.63354880979483,273.79586139160324,1206.2424408062052,-182.02521442116677
77.38647227070614,269.81145808520677,1207.3738133425154,-263.7865368867165
76.40361927210762,270.02207789519593,1207.4165728941744,-253.72819546180398
75.38579784053218,270.2367107070376,1207.422634878179,-243.03769739938687
74.35162598298011,270.4513507095265,1207.3852602634015,-231.9002795458229
73.32041890570238,270.66229485162063,1207.2991534559064,-220.54178473246725
72.31048944929698,270.8665417421852,1207.1605974637405,-209.21377150261603
71.33761162722082,271.062075718286,1206.9672758174693,-198.17435770737887
70.41391663828541,271.24798340589604,1206.7178885109597,-187.66796502212983
70.0603367369592,362.86002634969054,1179.6369669546557,-141.18743534371788
68.80392264914377,357.7611417678328,1181.9861957093842,-127.00780078316181
67.54943340734074,352.6189385923611,1184.176622577864,-113.00203163699392
66.32375350446145,347.5350561076132,1186.1985432055862,-99.39955498136494
65.1508037701925,342.6041902939299,1188.049628720248,-86.40482834032045
64.05008584882106,337.9076631412022,1189.7333916989069,-74.18621347766097
63.0358920380861,333.50905056271097,1191.2576368110524,-62.86893398869602
62.11716178276995,329.4521937961518,1192.633074488695,-52.532581081042565
69.44410240684823,347.13388696383413,1187.016152059538,-164.81232740633098
68.1838013395117,343.3996367772352,1188.336050423297,-150.15080003195436
66.93771419825919,339.5802465982357,1189.6134842098475,-135.5003789748048
65.72906176237709,335.7514909760829,1190.834809440351,-121.12322576628637
64.5783689635098,331.9885813988998,1191.9899395822113,-107.26200909177248
63.50226293089191,328.36036117391086,1193.0722519779981,-94.12465012000723
62.512793342153074,324.92461891333545,1194.0782816629508,-81.8736056194854
61.617288772745184,321.72511342115763,1195.007305966315,-70.6206375926847
68.35844328494078,328.551518576249,1194.4195872647747,-190.57689147438958
67.16743674793283,326.1786715903256,1194.9444317461512,-176.1118251585734
65.98756152217335,323.70955922111693,1195.470641294969,-161.42164259084336
64.84075516990133,321.1922680858439,1195.9923054000756,-146.78521214425967
63.74653294649515,318.6781794519643,1196.503804349075,-132.47660637975187
62.720809565558994,316.2177539425666,1196.9999112067032,-118.74520595904633
61.77521205967368,313.856558135684,1197.4759344968447,-105.79954045575427
60.91690732127976,311.63216625513434,1197.9279042551898,-93.79689815911333
66.98257184484056,310.32275426599466,1200.6594665126763,-214.21451198142194
65.90541408212562,309.03087091238604,1200.6939183569116,-200.5188753014726
64.82882187021448,307.6615130769682,1200.7270533954847,-186.38511454885958
63.773604333415676,306.2399415974235,1200.7605279695522,-172.08269553504044
62.758836396478266,304.7955378662162,1200.7956294232022,-157.89418480382693
61.80054798737025,303.359414317236,1200.8328495072283,-144.0933696463675
60.91087090954129,301.96177822483884,1200.8716528461546,-130.92486814761492
60.09770998711478,300.62951797455344,1200.9105060550496,-118.58835724444224
65.66083616399575,295.4061039050012,1205.194336635222,-232.667564664097
64.69535995163709,294.8200904044994,1204.9713254936369,-219.92395799769025
63.72043519853698,294.18542011550426,1204.7309260923994,-206.60602443098642
62.75527182467304,293.5127799142741,1204.478141240029,-192.96031892112416
61.81813400578356,292.81604776421943,1204.2182590825132,-179.26034390920395
60.92493895704473,292.1112593362742,1203.9560362165034,-165.7854891719956
60.08823434111832,291.4152241844439,1203.6950036732783,-152.7990493850325
59.31667719211013,290.74404878106805,1203.437070907127,-140.52897335209718
64.6407782519206,284.9521173380811,1208.128582250196,-245.23093371883616
63.75850472708459,284.76863321747163,1207.7811659813701,-233.29738939291406
62.8600617954072,284.56023070268697,1207.4025630693943,-220.7209073332433
61.96309896480728,284.32976238664287,1206.9984410682935,-207.72630212672556
61.08490989623346,284.0820439305623,1206.5754631967484,-194.573550202445
60.24101807272508,283.8235832441836,1206.140348019276,-181.53853497719166
59.44405661316122,283.562027656289,1205.6989208611917,-168.8911552827122
58.70310550678091,283.3054340062768,1205.2553960000623,-156.87451767290855
63.968468895794466,278.43379698764755,1209.8723443518566,-252.93798754158973
63.1388992987898,278.4637577915638,1209.4659506279215,-241.56273560491536
62.28927779581655,278.4840159171802,1209.019633420293,-229.51435294812268
61.43610644173203,278.49351900384346,1208.538845993864,-217.0025639827535
60.59588846017321,278.49226065544593,1208.0304849995803,-204.2765293828698
59.7837332317759,278.48138319051446,1207.501946446016,-191.60717083219362
59.012193643051695,278.4630879230577,1206.960074920802,-179.26584692591314
58.29052100481635,278.4403727435508,1206.410269300078,-167.50302202780446
63.56881421515632,274.67631576489435,1210.8508149040035,-257.34213294851907
62.76966457591966,274.81636459799626,1210.4160276434418,-246.30614190896256
61.948360774330474,274.95539278893085,1209.9363847802078,-234.58432396372734
61.12068591677712,275.09042412028725,1209.4170202333155,-222.37732550795783
60.30262220784449,275.2189675310476,1208.8647547813512,-209.92740356556897
59.508975747912,275.33929524375594,1208.2871722931245,-197.50176041766514
58.7521974583874,275.4505938412092,1207.6915329049577,-185.37171943004097
58.0415945732717,275.5529636839572,1207.0837913222413,-173.79126071334093
60.49145487080408,375.0239601630779,1171.1714860598897,-122.97073270464533
59.390396027115926,369.377690308571,1173.6456814796113,-107.86632380067994
58.29211657443754,363.68289506251875,1175.9579028105265,-92.97460916374409
57.22062113557503,358.05174766716004,1178.1042479775458,-78.5343521202289
56.197141181111185,352.58776665382703,1180.0877103577786,-64.75588709932387
55.23888846544886,347.3788702332731,1181.916342009174,-51.81004692686702
54.35840597257626,342.4928378572688,1183.6015793723757,-39.82150650112101
53.56348446325098,337.9754663210404,1185.1568455179877,-28.866907867063617
59.74808422882001,357.9334872925584,1179.7938700833024,-148.854646226442
58.65367082354325,353.7462445603146,1181.0605517173017,-133.17228307656822
57.5745544954878,349.46989338261534,1182.305028704513,-117.53399100037228
56.53078123005242,345.1879141211527,1183.5174413305942,-102.21440652295854
55.539964326280504,340.9821909475159,1184.69060950007,-87.46476294754407
54.61629249162312,336.92673565567657,1185.8199021394498,-73.4974960716998
53.76998478154701,333.0827738998969,1186.9030033856568,-60.47584682416357
53.00719549540032,329.49578993078626,1187.9396183871795,-48.50929055880229
58.53277438507161,337.64104355784104,1188.455967748667,-176.99501708027097
57.51384065979767,334.93253977328595,1188.7967894199567,-161.48678486971198
56.50827280127285,332.1218940125889,1189.1661925757576,-145.7684306836427
55.534623064007334,329.26290558235837,1189.5634575528093,-130.13441025274602
54.609245643877266,326.41212661994246,1189.9866705374839,-114.87080984415503
53.7453653153996,323.6242267947095,1190.432819139006,-100.23482315507486
52.952555948158626,320.94776556864747,1190.8981044608636,-86.43855749869796
52.23663629991074,318.4220299926241,1191.3783848779563,-73.63911715257295
57.05262503265275,317.6546471576943,1195.8043792397466,-202.78943960990102
56.14740273198766,316.1347603137976,1195.578275193895,-188.09072770915603
55.246758825696375,314.5304691383827,1195.3743543626579,-172.94873159111455
54.36809329625185,312.87098682895504,1195.2014847410987,-157.64953293378124
53.52716957937539,311.1894846401621,1195.0665910507691,-142.48978514567114
52.73708981283163,309.52035297804144,1194.974010386476,-127.75372283363598
52.00765646291088,307.8963111318765,1194.9253055718546,-113.69225696486588
51.345156965252706,306.3458730305361,1194.9195263100792,-100.50730235739837
55.66174724886291,301.2436198135775,1201.2024651232146,-222.95175732938392
54.86418252163792,300.50743431430163,1200.6816514905083,-209.2716669245675
54.0628456727578,299.716278137383,1200.160099492709,-194.99671804108488
53.27368068890048,298.883422955281,1199.651252480572,-180.38931334736708
52.511644117786986,298.0253653609193,1199.1675698958288,-165.73738977030172
51.78960723767726,297.1605352356092,1198.7192621573213,-151.33198757850684
51.117586605652676,296.3076969624561,1198.3134339477563,-137.44438323732314
50.502382844629636,295.4843397979191,1197.9537824872368,-124.30656576968684
54.60106042978734,289.7090682730274,1204.7364289214863,-236.711544767727
53.88212998125421,289.423220639342,1204.075340210225,-223.90406156928012
53.153874359594376,289.10735277160995,1203.3938645389105,-210.4237497969549
52.430866309358635,288.76604732688764,1202.7065788668615,-196.50991673013652
51.72717879783586,288.4059455721298,1202.028151701989,-182.436421990167
51.055273679506115,288.0352933507991,1201.371810189106,-168.49098323675946
50.425154268011454,287.66322152607165,1200.7480626516524,-154.9522031166474
49.84389440690502,287.29889840533406,1200.1639328672672,-142.0682325794844
53.90628175998805,282.50104437012203,1206.857202034512,-245.17254532055313
53.2365857374579,282.4553453475079,1206.1308505280253,-232.96886017030897
52.55438296677543,282.39586788931956,1205.3714970828569,-220.05712855239747
51.87325136999054,282.32282389577676,1204.593609058096,-206.6604074614546
51.206564866005344,282.23757413508304,1203.8124634290712,-193.04105375685236
50.56639532146634,282.14259468263003,1203.0425390107648,-179.48162289749632
49.96263035986644,282.0412564940289,1202.2960361495714,-166.26238098013582
49.4024380937889,281.9374640466523,1201.5818345206535,-153.63930131237095
53.49455844004807,278.33974937346795,1208.0552789458607,-250.0161255590138
52.85308982218168,278.4183794001859,1207.2980669022138,-238.18026157483226
52.19740095613882,278.49258050216173,1206.5006439724923,-225.62109905505167
51.540450301712625,278.5604005312751,1205.6771497210893,-212.5518437266307
50.89515642473349,278.62046991312235,1204.8429427593594,-199.22743199673005
50.27331461048255,278.672169209525,1204.0129805778652,-185.92646593597738
49.68470087331458,278.7156713344169,1203.2002488259725,-172.9291948175873
49.136502574895026,278.7518556117456,1202.4145722220787,-160.49530528373998
53.315351512985224,385.09391366705086,1160.425905917433,-106.09823707285042
52.34291451462896,378.9876393568583,1163.1060574197961,-90.26627985425412
51.37230750110006,372.82800993585136,1165.6183998410886,-74.68319646021763
50.42519299374729,366.7365608256867,1167.9630092331288,-59.593548821038624
49.52068254326329,360.8245387979474,1170.1465866434937,-45.21049837088327
48.67423761560388,355.18553723034495,1172.1804390473776,-31.70496004874248
47.89711197943384,349.8908557315411,1174.0787486925474,-19.199412105214364
47.19629863748496,344.9878258522941,1175.857181660332,-7.766634952554867
52.49373817444916,366.86650802920127,1170.0350416347078,-133.94425867821468
51.535409885063146,362.28993188355184,1171.357964012078,-117.44778837246744
50.591413692651656,357.6228066110734,1172.6750453486648,-101.02769454956118
49.679267381823976,352.9551247177243,1173.977892081219,-84.966987202858
48.81434321127479,348.3742645731468,1175.260305665336,-69.52187066735584
48.00901674374759,343.95835345354874,1176.518221335678,-54.90644133452781
47.27220194694088,339.77120682145664,1177.7495848484728,-41.2827225822646
46.6092732050485,335.8594319481442,1178.9541584063777,-28.756751894223484
51.20543594622626,345.1208532511526,1179.6883438555824,-164.14740356115908
50.326100313786675,342.12010096149334,1179.9751903061401,-147.80154800514288
49.460003537308964,339.01448679604715,1180.3150982549998,-131.2633340690311
48.62300241086135,335.86263419952695,1180.7095412963677,-114.838390105999
47.82902886601163,332.72530554544744,1181.1577492938263,-98.82073924269201
47.08932442723347,329.66045243159874,1181.65696864883,-83.47198180590111
46.41201687176198,326.7188224057003,1182.203016847071,-69.00526946005111
45.80204189171611,323.9407891558847,1182.7909674177945,-55.575921186264694
49.67467195648335,323.62455962114245,1187.9142813883036,-191.81901951608427
48.90741652361692,321.90567241069436,1187.5675905644255,-176.3126858473377
48.146048102552314,320.09824169233866,1187.2663155752837,-160.36396391672957
47.40522365062385,318.234884897624,1187.0231241616032,-144.2713066888274
46.69814930774424,316.351907255802,1186.847465461301,-128.3412744638486
46.035755533909025,314.4862920938622,1186.744968133913,-112.86483387946436
45.42619356416028,312.67263334262094,1186.717454363662,-98.09623436854203
44.874676117814516,310.940539304894,1186.7634739462605,-84.2375840566003
48.25704976255387,305.92273791095954,1194.0074524388033,-213.47561657654887
47.59298053338058,305.05655390521247,1193.3309697992313,-199.04138575526417
46.92783917473202,304.13124625079445,1192.672504220861,-184.00001893257235
46.2749090198904,303.1623450058829,1192.0504630273651,-168.62596703719734
45.64656475915868,302.16853979701597,1191.481105915021,-153.21763889581314
45.05339514513037,301.1701811481082,1190.9771458601736,-138.07400749622167
44.50360117342078,300.1875236436008,1190.5469594547383,-123.47120543131385
44.00272565362836,299.23903283536674,1190.1944915143213,-109.64294948604828
47.184741034390825,293.45212448666945,1198.0344039775052,-228.28646109637702
46.594784386508714,293.0792001517347,1197.200600985942,-214.77604455321804
45.999202251677545,292.67281037665634,1196.360973717585,-200.57232274020194
45.41003545773381,292.2390517306711,1195.535638715325,-185.9257332792451
44.83882050484284,291.7860955176556,1194.7438532509452,-171.12035930526702
44.29570480706998,291.3235847638085,1194.0022207047323,-156.4521814361149
43.78878632884634,290.86178934815996,1193.3233562647827,-142.20538377736278
43.32375931239152,290.41067940766743,1192.7152381299297,-128.63074861487078
46.485354760762675,285.6456008500336,1200.4704949207348,-237.41254337966473
45.941321638881405,285.5369677900312,1199.5634065360323,-224.54355218341726
45.389091934479765,285.41182362678165,1198.6349845965763,-210.94155001313334
44.83982108265075,285.27147751121896,1197.7054666886293,-196.8398742411111
44.30440389019156,285.11842630667775,1196.7951260416824,-182.51066197429714
43.7926024993951,284.9562104169161,1195.9223307475813,-168.244684223666
43.31236055500951,284.7890950278743,1195.1019249992378,-154.32805206396316
42.86940006589381,284.6216411585616,1194.344234503044,-141.01981823676488
46.07180335429238,281.13351847120487,1201.8544207165746,-242.64489376342422
45.55393658330272,281.16213964219446,1200.912676671391,-230.16747507185744
45.026502403710616,281.18409172257225,1199.9406533627937,-216.93947633341327
44.5001098734305,281.19830142571226,1198.958343965146,-203.18379842835756
43.985241614935035,281.20431979885103,1197.9862997384207,-189.1647462936501
43.49139631311835,281.2024042553752,1197.0436453653729,-175.1691160964004
43.02639086605732,281.19347453996556,1196.1463160287753,-161.48302527652694
42.595933085221716,281.17897189086636,1195.3058773705393,-148.36944604597412
47.79966080847164,393.48656224625273,1148.9367857000032,-90.80420934372901
46.93104078783507,386.9975046323535,1151.8655355281285,-74.39315665359292
46.06272431448239,380.4498375288382,1154.6180672377895,-58.26318538758744
45.21450737146094,373.97341132143526,1157.1971698806642,-42.66237495148887
44.40384148469728,367.68628904949054,1159.612166069152,-27.80490314160747
43.64484118833927,361.68703121256664,1161.8767778587403,-13.860498423530558
42.94778879265507,356.04999144617534,1164.0073705008351,-0.9487238481778917
42.31909549025196,350.8238013623003,1166.02156258586,10.861745209354467
46.93470466673333,374.30672472954274,1159.3423805448185,-120.36238642604573
46.08507050003008,369.399884659883,1160.7891415682998,-103.21038845221742
45.248114452484295,364.4021525469025,1162.2416570040377,-86.16413117843555
44.43938859296389,359.40898974965853,1163.6916000036958,-69.51228910042711
43.67255592295188,354.5123145024972,1165.132677837306,-53.51385157345244
42.95863582148988,349.7935812916254,1166.5606722482896,-38.38301506086992
42.30558949517053,345.31861954376797,1167.9734186414405,-24.279666048160166
41.7182467334523,341.13480910824853,1169.3706767158392,-11.306072966990513
45.612921204188126,351.32329701165486,1169.7928100712775,-152.36460108444885
44.84366371836814,348.0724657645246,1170.1115492654603,-135.3408436001069
44.086601630745825,344.7157964460866,1170.503085517793,-118.1420221330265
43.3555137723216,341.31590942849175,1170.9692212714322,-101.08188173712377
42.662506289232894,337.93696672534014,1171.508881249466,-84.45976991787774
42.01735934373545,334.63948562395484,1172.1185934440437,-68.53970117759508
41.427163967237355,331.47583547272643,1172.7932789087856,-53.5345719332112
40.8962517331357,328.487086239444,1173.52712510046,-39.59728446786491
44.068045852689046,328.5312650690987,1178.730785606177,-181.67540867141463
43.40817857713382,326.642332394614,1178.3588418022675,-165.51460271907473
42.754279606703776,324.66241667743907,1178.0522534173633,-148.91448459155632
42.11889077319272,322.62697707509886,1177.8252275887376,-132.1828043017906
41.513293936126686,320.5748607169064,1177.687854315323,-115.6332190244733
40.94682437359337,318.5450855801195,1177.6456644305817,-99.56112384866773
40.426453382621666,316.5736485848183,1177.6998821759794,-84.22245495632603
39.95665704970823,314.6909000999586,1177.8482013538894,-69.81854963510054
42.651896610980494,309.7190245710681,1185.398608839481,-204.6399291050731
42.090579914881346,308.7429409816043,1184.6647629392548,-189.5950718203786
41.52938004121032,307.704959458214,1183.9660930354312,-173.93493218342292
40.97952316359961,306.6225022870821,1183.3235419934956,-157.94315531598247
40.451437800065804,305.51604427411814,1182.7550095436725,-141.9258588088114
39.954033743893355,304.4074520382653,1182.2739878484876,-126.1875451970071
39.49421156019592,303.3181112671849,1181.8889301451482,-111.00735598431257
39.076645155455154,302.2671807305192,1181.6033723290302,-96.61953658824953
41.5869764536025,296.44278623157544,1189.841358301841,-220.3732044632092
41.09546872212099,295.99760458400397,1188.933086515807,-206.2946465711798
40.6003268549134,295.5165807132983,1188.0332574937247,-191.50758387226062
40.11162931876961,295.0070713261228,1187.1650846577236,-176.27099441454058
39.63899695965435,294.478485895006,1186.3501373645777,-160.87657000707998
39.19087146574627,293.9415664115258,1185.6064798791958,-145.6261830514127
38.77398224595922,293.407449190486,1184.9474089452026,-130.8076905391558
38.39306456128386,292.88668457614835,1184.3809691712563,-116.67318842592297
40.894585432843336,288.1211754096079,1192.5475780105266,-230.0843227805209
40.44595019635067,287.96150448178213,1191.5571565467806,-216.67859843117444
39.99160262522116,287.7834467029501,1190.557593193876,-202.52077105758406
39.540817762439495,287.5892119082159,1189.5724891892455,-187.85207193870067
39.102615713983425,287.38220439919064,1188.6248042299883,-172.9519426681021
38.68505408406153,287.16679241548695,1187.734788562755,-158.11706464501296
38.29467753326812,286.94791638680493,1186.9183752145918,-143.63748558043713
37.936199007348215,286.7306133230508,1186.186304152211,-129.7739733101909
40.48582918794221,283.3072192210877,1194.092360340619,-235.65922457851718
40.06148875772434,283.2961703772244,1193.0627387659788,-222.66496902065063
39.6303430026891,283.27694478916186,1192.0137595321467,-208.89901962998317
39.201175490313865,283.2491788511712,1190.9688982018351,-194.591661453972
38.78262685458443,283.21315162346104,1189.9515894988976,-180.01439713590818
38.382497952427514,283.16978983459177,1188.9830711687694,-165.45970801216228
38.00719490641205,283.1205726518989,1188.080607832918,-151.2177876013278
37.661390917737855,283.0673466215373,1187.2563939738025,-137.55351383214656
43.45280234725733,400.5563409748245,1137.5018181337102,-77.05368147267616
42.66791690833884,393.7484139210172,1140.6954275910814,-60.17348951614116
41.88175878371221,386.87597823934897,1143.7027377654636,-43.602724988226925
41.112626052892494,380.0763142659801,1146.5284064079908,-27.59153996080869
40.376651024038146,373.4735624271631,1149.1836556112733,-12.354076912248217
39.68688810274292,367.1707086306752,1151.6840619592087,1.9417548962441913
39.05286165468279,361.2448230094956,1154.0477837252529,15.179572052681891
38.48053841217952,355.7457197898441,1156.2941778263817,27.294708784010723
42.56751897103394,380.57117391033916,1148.5680481636248,-108.11904242572356
41.80460471808097,375.3844349253481,1150.1748170379565,-90.43055207463337
41.052625806938416,370.1067921539729,1151.7949249874073,-72.87383686619675
40.32559622355689,364.83833446414553,1153.4193426371812,-55.741483693162735
39.63585510577907,359.6747868320882,1155.0411295000804,-39.293960171888855
38.993381749831634,354.7003584424905,1156.6555775733407,-23.74473967841719
38.40541528179608,349.9825068807909,1158.2602737586071,-9.251210486592583
37.87638148525835,345.56918307809184,1159.8550047458616,4.088098597465432
41.23754777503339,356.525967227646,1159.6807207683678,-141.7043743939716
40.55493687279003,353.0618484108323,1160.081935588659,-124.12346245956519
39.883238041406756,349.49179044135155,1160.5711941870604,-106.38325218169767
39.23462437920887,345.8817290790182,1161.149585251998,-88.80354960513267
38.619808834705694,342.2985967038018,1161.814990772667,-71.68737904604083
38.047469909290605,338.8049529641429,1162.562791285445,-55.30002035899358
37.523928057045154,335.4544049771249,1163.386859644256,-39.853479929129605
37.05307671938561,332.28848413254025,1164.2805725138942,-25.498073604280194
39.70109815343377,332.61649360605344,1169.2177184667094,-172.4584309080904
39.124592889177904,330.5829866804234,1168.878696155447,-155.7592832498809
38.55365687728464,328.4570359549908,1168.62126497299,-138.62443749934664
37.99920612829709,326.2764595569563,1168.4598293927638,-121.36880509977425
37.47106412736566,324.0821724222426,1168.404086934127,-104.31129405201744
36.97737335925087,321.9148079076942,1168.4587860345964,-87.75031552959308
36.524235833666445,319.81143566918524,1168.6242074326387,-71.9425823162511
36.11559698290349,317.80292399026666,1168.8971372070919,-57.088244768929144
38.30323085922778,312.84602549946885,1176.3782059273367,-196.57579277650362
37.82071650820596,311.7775408217501,1175.6478375663928,-181.0291756031217
37.33879299787609,310.6452270217043,1174.9672217360394,-164.86126534557803
36.86710949335271,309.468074801306,1174.358330113202,-148.3628741411899
36.414624546069,308.2680097140152,1173.8394491087772,-131.84596432765574
35.988997343456234,307.0681037709787,1173.4239278592745,-115.61903966593269
35.59617391461741,305.89061561397455,1173.1197290263074,-99.96316800610452
35.24020285291879,304.7552096561683,1172.9297442468846,-85.11252007537107
37.25671046514755,298.87523489070566,1181.1837461456207,-213.1231120110552
36.84002203039297,298.3703725307191,1180.2621688399986,-198.57854717197264
36.4208051951017,297.82795636804957,1179.3616368948358,-183.3133973946082
36.007636830591935,297.2563774973542,1178.5069029413696,-167.59331720950712
35.60869392818749,296.66604304318935,1177.7204819868628,-151.71581573026447
35.23115045274069,296.06856345863713,1177.020825133745,-135.9871178478094
34.880733200244364,295.47574345970344,1176.4211796133666,-120.69759839279553
34.56148743566224,294.89856375004763,1175.9292678713698,-106.09995855800935
36.57791674529256,290.1100125573818,1184.1286605548798,-223.35108124222646
36.20134995437109,289.9090928640182,1183.1156992703086,-209.50589291979827
35.8205642951804,289.68844079022733,1182.1047216628253,-194.89316313179864
35.443397857987314,289.45099416419976,1181.1211334733694,-179.76028802280197
35.077459803227335,289.20087811579197,1180.1891676487921,-164.3923040496535
34.72954270287455,288.9431071339864,1179.329801925399,-149.09029036659345
34.40516752842805,288.68313819052406,1178.5592288374037,-134.14705712165824
34.10832136236663,288.42636167306915,1177.8881140553376,-119.82433007593647
36.177688615373704,285.0362731087084,1185.8167255265982,-229.22886095213974
35.823750671873675,284.9938384365381,1184.7596203281255,-215.81199718780866
35.464719103578425,284.9421650235087,1183.6933599287738,-201.6062008086213
35.107984855103155,284.8814570683289,1182.6433578553551,-186.84771164440878
34.760801835674386,284.8125587410307,1181.6344946686822,-171.81326738396982
34.42971311895071,284.73691498909494,1180.6889313375764,-156.7997554718762
34.120092985648014,284.65642760276654,1179.8243778698193,-142.10022000997668
33.835870558634056,284.57324238659686,1179.0531113150796,-127.98066670100783
142.33113723458808,294.40959755923376,1190.252958724267,-217.74912828433435
140.57195345664292,291.9407140577973,1192.940312730988,-208.54284401505828
138.7599485579157,289.457462051262,1195.5312051152005,-199.42057391254713
136.92919345195682,287.01648322745865,1197.987925346928,-190.54773219945523
135.11252320099376,284.6733115037954,1200.280447661621,-182.07750176553608
133.338909400559,282.4785465339598,1202.387236196987,-174.14206729451976
131.63156984868502,280.47476727670386,1204.2952475529462,-166.84617176738425
130.00703536804005,278.6944894928764,1205.9992602459972,-160.2635468851749
142.2730915244686,286.2378238631344,1191.227772136957,-230.26479886433413
140.4818808981372,284.5069478215215,1193.624869301697,-220.89651011822082
138.64763148795933,282.7395905625704,1195.9780088470304,-211.5055972899484
136.8016114705393,280.9777682703123,1198.2461794316177,-202.27545145824672
134.97400157403135,279.2653291583991,1200.3938924592708,-193.3828256285372
133.19152368083607,277.6447138114035,1202.3929435050563,-184.98645070654928
131.47565948108686,276.15396103767483,1204.223266544659,-177.21794007545492
129.84170297627927,274.82435323344635,1205.8729201137417,-170.17592748873153
141.83517343530076,276.5135923740193,1192.0619533614072,-244.43864583734543
140.08581145820838,275.5194734044421,1194.189661966524,-235.2204182871593
138.2893278234904,274.48664922133804,1196.3155213157631,-225.84146194175642
136.47530141171612,273.4406435095337,1198.3986988523145,-216.49365919936426
134.672713805041,272.410290187891,1200.4012196300632,-207.3727318757546
132.9076298567291,271.42563381344627,1202.2904210650943,-198.66446884168636
131.2013607796046,270.5156452320956,1204.0406224876274,-190.53233328123
129.56938714134108,269.7061011937005,1205.6338782422424,-183.1080724200211
141.0471295333281,266.9155911436251,1192.591056658679,-257.7880614529406
139.39915734286498,266.5104370137488,1194.5051703051022,-249.00708795738808
137.69233039835274,266.0807848702594,1196.4465963753914,-239.94273972265933
135.95409410726836,265.63855063049033,1198.3766228172206,-230.7817116550091
134.21221969404735,265.19866777710837,1200.2570138823412,-221.72616084609808
132.49250300987788,264.77819162782384,1202.0527952390457,-212.9794520097663
130.8167481649392,264.3950315586868,1203.734494028691,-204.7314496101494
129.20143098433726,264.06653515093376,1205.279552074938,-197.1457616371864
140.1591793184603,259.04181445627285,1192.837320192388,-268.3389792101054
138.6244234236324,259.0242742281832,1194.5997808893449,-260.09101850187153
137.0196830469757,259.0007012420013,1196.4079736831618,-251.48080319152805
135.36966175900616,258.97432430621825,1198.2256900913405,-242.6827327382844
133.70035412568197,258.9502764946431,1200.0154491656879,-233.89567935135372
132.03679493350708,258.9355008870268,1201.7413458015055,-225.3296875338568
130.40092494573466,258.9383433133272,1203.3716083670165,-217.19060687852914
128.81000872921123,258.967900638109,1204.8804770452184,-209.6652919837405
139.41660752387062,253.529288303512,1192.9201988878376,-275.53930374982326
137.97180562136222,253.73420031590433,1194.5839177649013,-267.7446902790091
136.44961824006626,253.94763044474027,1196.3041526476215,-259.54773572813247
134.8722562999352,254.16808762522703,1198.046765305038,-251.1111630741835
133.26391019340124,254.39491445626848,1199.7752191931604,-242.62781570602854
131.64857359381148,254.62859851033102,1201.453376498907,-234.3085129127867
130.0478860844865,254.87090333950925,1203.0481974377988,-226.36700659632146
128.47939908639523,255.12477522303564,1204.531899663786,-219.0043417824415
138.90685677959615,250.1008401319995,1192.9374504942543,-279.94747675537127
137.5210059632662,250.42428837993003,1194.5415589289778,-272.465094241587
136.0535518272665,250.76542135994043,1196.2081305261015,-264.5624114005023
134.52496197101408,251.12036027575988,1197.9044369453252,-256.3942025541483
132.9580561521098,251.48531110140053,1199.594694451805,-248.1483219400121
131.37593233572048,251.85706788810404,1201.2427893115705,-240.0346638493457
129.7998203151032,252.23343061981296,1202.8150291464501,-232.27060378238554
128.24727180746288,252.61344708000823,1204.2824549136658,-225.0651248894361
138.59755198912217,248.12928334140398,1192.9360424852878,-282.4597014590509
137.246339993401,248.5140928485863,1194.5062444224593,-275.1667819277311
135.8112769152028,248.92178296253732,1196.1420744721042,-267.44585686695484
134.3117610907194,249.34727847437642,1197.8116567929221,-259.4469393217698
132.76974148812573,249.785142513055,1199.479697906163,-251.3546850533821
131.20771021347556,250.23016439147358,1201.1101576202527,-243.37803683163492
129.64657383215535,250.67792303329145,1202.6690168718806,-235.7360475924097
128.1038081996513,251.1252126334038,1204.1266683926726,-228.6419790264078
116.76593164332277,313.9012373287873,1221.070943304282,-209.3741950589314
114.98095872276268,310.8198996051785,1223.5970644649383,-198.64223533369082
113.16577217237005,307.71011852696745,1225.9946036665226,-187.97398059106203
111.3558877143671,304.63889061286517,1228.23015433118,-177.55740383933588
109.58460189661635,301.67148444179634,1230.2786161700647,-167.56713855603766
107.8805384672334,298.86689475382866,1232.1234273573994,-158.1542572690491
106.26599927882756,296.2742402893176,1233.7560958356285,-149.4386964806918
104.75625904501439,293.93047778049765,1235.1752509094404,-141.5050443216364
116.49494760075102,303.8735502966344,1223.2508392232933,-224.21156434319792
114.69661273993084,301.6855823831083,1225.3623700421597,-213.28534219507543
112.87625951369908,299.44254563803617,1227.4060718401115,-202.29975441011288
111.06660209563485,297.1940710044709,1229.345413436676,-191.46297200185901
109.29837643313112,294.99171007611795,1231.1498417546088,-180.97592397126556
107.5981006039745,292.88502737782045,1232.7960100293826,-171.01910589348142
105.98649930705825,290.9180485619477,1234.2681796736406,-161.7420302889014
104.47776780613174,289.1265463292123,1235.5579259258104,-153.25647853609615
115.79951832042829,291.9861140314204,1225.3154686031794,-240.84105085845988
114.06390878718867,290.6835331331517,1227.0723314597003,-230.10838262666755
112.30014877294583,289.32345076887486,1228.8020820607874,-219.15557303061522
110.53940522419249,287.93609119417596,1230.4692823547102,-208.19931588953642
108.81144760093738,286.55547487073744,1232.0419363406904,-197.4608838554556
107.1423973678606,285.21682746277634,1233.4933425458403,-187.15020115347454
105.55305362257255,283.95381611406873,1234.803206731861,-177.45153987263762
104.0580115490031,282.7960520904561,1235.958001321955,-168.51278469181176
114.76156622958725,280.2813042137942,1226.8924980452796,-256.3914679934598
113.14432567228788,279.6822223562128,1228.3957244346643,-246.19509368590172
111.48557906792385,279.04290095305436,1229.8950963461775,-235.63715130175493
109.81445462766145,278.3776684971486,1231.3574973539012,-224.9264268751
108.15974249702268,277.7044369621937,1232.7513188865585,-214.28949376473224
106.54755694839957,277.04349244794645,1234.048590578241,-203.9540925012629
104.99944086029926,276.415896108925,1235.2265314119022,-194.1322584990087
103.53120135994256,275.84176079428374,1236.2683856704675,-185.0057901294998
113.67422906004792,270.68399013485305,1227.9009637182892,-268.64266364675933
112.1811562656064,270.5462066615692,1229.241747268833,-259.0894683008248
110.63439331370664,270.3903667800709,1230.5916724532308,-249.08500158359521
109.06039563825529,270.2207458956038,1231.9196033025103,-238.82222404946438
107.48633662524031,270.0439848072607,1233.1945807603602,-228.52187344141709
105.9377794395484,269.8688284427893,1234.3880597263803,-218.41695229050117
104.43661895363594,269.70551580203255,1235.4757231399199,-208.7351682152729
102.9996460191851,269.56491303635784,1236.4386464213217,-199.68212701673332
112.79489887608014,263.95893526981644,1228.4739135397372,-277.0001111487359
111.39800974627721,264.08547678611205,1229.7169089054998,-267.9898959323469
109.939385045009,264.2113558772498,1230.9763948687578,-258.48352261182606
108.44303670101405,264.33543680181697,1232.2226320755285,-248.65949894774096
106.9344252200594,264.4577498183477,1233.425185475709,-238.73005448165082
105.43821671568432,264.57972848961094,1234.555185549424,-228.92720773449577
103.97616462929682,264.70421897516087,1235.5872929639013,-219.48557559575264
102.5655012112137,264.83524339831047,1236.501080837505,-210.62465454473497
112.20092142070223,259.7709795894968,1228.779961862681,-282.12073657509524
110.86633909279062,260.0382969088172,1229.966706443582,-273.4832263611307
109.46544003274394,260.31588656112297,1231.174022553272,-264.329930085146
108.02049995406284,260.59988904228453,1232.3730675440465,-254.82950760662467
106.5556622818301,260.8867789974401,1233.5337718778505,-245.18748072724568
105.09478419279021,261.17383327781977,1234.627091335901,-235.63357687901498
103.65931215314609,261.4594736729689,1235.6270495141457,-226.40511628722254
102.26658395573197,261.7434098904965,1236.5122513688852,-217.72905372236718
111.84334312646003,257.36003922483195,1228.9394718881463,-285.0416370146178
110.54517352338733,257.7002189745064,1230.095056854523,-276.62998742362856
109.17823685555624,258.0568601953052,1231.2734174961552,-267.6943493013968
107.76374008887655,258.4247456430668,1232.4462436328567,-258.39750918191856
106.32498317335615,258.79849646252427,1233.5836956629646,-248.94074851934175
104.88526559598752,259.1731433876558,1234.6566419969608,-239.5519755321488
103.46577044033303,259.5446393679365,1235.6387394258134,-230.4695608089722
102.0838233226845,259.9102112150341,1236.5080198610565,-221.92436191535094
96.33637162851126,331.8396748953146,1237.6934616625465,-195.90827521653225
94.65325929882299,328.1164628625821,1239.9647306666348,-183.63198674952926
92.95827087210095,324.35009892419123,1242.0854402913164,-171.41962525561163
91.28554657402566,320.61863708193874,1244.0314036652233,-159.48265185457683
89.6663296914586,316.9975807393532,1245.786912295137,-148.0168606758445
88.12682858463762,313.5545689780087,1247.3441186981256,-137.19082411848333
86.68688503668348,310.3452730193097,1248.7019369824197,-127.13745266401514
85.35951729056919,307.4109278791421,1249.8647437355253,-117.94948322350112
95.87475752812367,319.93880517076747,1241.3567525653598,-213.31998748181354
94.18963924047392,317.2618797606717,1243.0518196987207,-200.79315428622783
92.50100992615606,314.5111565117897,1244.6684502693417,-188.19065437495075
90.84010482104635,311.74454355539336,1246.1796140882584,-175.74722180212288
89.23551489780813,309.0217927768345,1247.5641280612263,-163.68834184168455
87.71125212238336,306.3998719642232,1248.807100076701,-152.21530922108505
86.28549265240245,303.9288513138083,1249.8997409509682,-141.49348253059688
84.97009943867977,301.64887220998867,1250.8387515439995,-131.6450340115242
94.95671517636043,305.84473024303065,1244.927860599059,-232.6587474108092
93.34533305715824,304.2036539229583,1246.1587809782,-220.355585118295
91.72420970038033,302.4858793103723,1247.3495362177384,-207.7904538040261
90.12322157018376,300.7270085997449,1248.4757607244778,-195.20760719921637
88.57012807663962,298.96683210815286,1249.5165165439128,-182.85525073675046
87.08860040616483,297.24617737430106,1250.4552092629474,-170.96735649800428
85.69686926673725,295.60363455474635,1251.2799539446773,-159.74759907337202
84.40712865213165,294.07269396907134,1251.983492930232,-149.35762456005452
93.71020929909113,291.9680392573029,1247.791234551842,-250.63750579418218
92.2238473173996,291.14924555793647,1248.7178811010808,-238.96658824872708
90.71439828168968,290.27375164531446,1249.6184362696827,-226.86954222436262
89.21001916570816,289.35893300248017,1250.4715253475388,-214.58060071473201
87.73776190412792,288.4262826238155,1251.2579094976738,-202.3528700130267
86.3214656201501,287.499836994438,1251.9615158670856,-190.43924535406308
84.98016803983138,286.60419113650516,1252.5699956645708,-179.0733363045421
83.72724594098752,285.7624497454808,1253.0748557498382,-168.45339972704218
92.46128868890284,280.5762387633225,1249.744653257264,-264.77253144229024
91.10144067421628,280.29663204923384,1250.4960875033016,-253.85810105672869
89.70637333035343,279.986160262958,1251.2256491594449,-242.41364674229717
88.30188894617363,279.6506980028146,1251.9134896014002,-230.6540851064235
86.91372663900161,279.29896679420386,1252.5412524972235,-218.82444270911438
85.56541019452011,278.9420603793914,1253.09318196074,-207.18198699759785
84.27646699382635,278.592574732251,1253.5567889604565,-195.97631042573772
83.0612993826835,278.26349198563895,1253.9230773642694,-185.43064221264405
91.47327570552216,272.5779131619007,1250.9330974407417,-274.41965091530903
90.20982920911285,272.60751571332185,1251.589138633159,-264.14285431393245
88.9031237139679,272.6265733703141,1252.2247682616658,-253.28417714428647
87.57675639688364,272.6347972079376,1252.8207220902375,-242.04098396055028
86.25500086562374,272.63345001330987,1253.3588203711236,-230.64736115914346
84.96069882159073,272.62545859447175,1253.8231542119663,-219.3580367555902
83.71338929655985,272.615250187244,1254.200853968419,-208.42885817587273
82.52799940986263,272.60833322308355,1254.4823976540717,-198.09704245250154
90.81306940919957,267.5872231338032,1251.6060773439854,-280.33864268605396
89.61157513263224,267.78166668526484,1252.2111608953828,-270.499415476332
88.3622159350215,267.9783650148855,1252.7965334316345,-260.0557105061322
87.08700211681457,268.17394418961555,1253.343150527512,-249.19292957355913
85.80905389929741,268.3656757354698,1253.8327786438158,-238.1366416006653
84.55055639073254,268.5518647772969,1254.2492354613719,-227.1379558163957
83.33086168292229,268.7320697343823,1254.5792356848228,-216.45464770548645
82.16508136227141,268.9071060437947,1254.8127673888318,-206.33112334370745
90.41772300986253,264.70988354088723,1251.9717393236842,-283.71928660514266
89.25229268123041,264.9897058564684,1252.5498623723515,-274.14530488234533
88.03651972650015,265.27903596696297,1253.1086619616724,-263.9574449617523
86.79143098919403,265.5729701111777,1253.6291855721252,-253.33397092953334
85.53939938431492,265.8667085306579,1254.0931226378939,-242.4950824379577
84.3021454582953,266.15606874719214,1254.4840746221494,-231.689189367275
83.09883536303509,266.4379015644263,1254.7884490936758,-221.17454511809822
81.94462395990487,266.71032824223465,1254.9958816032286,-211.1991846140807
80.66988110107226,347.77185818385357,1242.456594965236,-179.24841813694835
79.1540007761045,343.4120391517955,1244.5148587125566,-165.57568696416158
77.6374425822341,338.99706495397805,1246.4144274967698,-151.98901669731788
76.15132617324957,334.6164036031352,1248.1418374258153,-138.72016792389027
74.72360468168195,330.3558137885374,1249.691588786,-125.98176890490596
73.37727533042768,326.2912869788778,1251.0647287076058,-113.95488362460388
72.12934738155451,322.4845207385374,1252.2672434899223,-102.78023140691815
70.9905830099648,318.980375590417,1253.3085463415994,-92.55386501179247
80.04212910872957,334.1228668677772,1247.6448276021647,-199.24170049663454
78.53301893890256,330.9479500830779,1248.941577847409,-185.23937458730416
77.03254959703499,327.6842086560433,1250.168115777581,-171.16994735500117
75.56867380285756,324.3982529465079,1251.308054056535,-157.29208266445318
74.16643293354002,321.1581228894738,1252.349853669919,-143.8517162466591
72.8463857795473,318.0279499439784,1253.2865975243435,-131.06584092559677
71.62366734915672,315.06334821912947,1254.1154082782227,-119.1101618549029
70.50772254011811,312.3081674549488,1254.8367253125778,-108.1119299890008
78.93782437811463,317.9336330652681,1252.752879330612,-221.29040110391838
77.50898453215211,315.93844432735017,1253.4577463400683,-207.52060429389024
76.08363837843302,313.8503775156639,1254.1301779356531,-193.47250037302595
74.68842389908829,311.71105049775196,1254.7585722210988,-179.41646054651707
73.34748386966416,309.5663817326203,1255.33361901866,-165.62444170936635
72.08087528232673,307.4628504367928,1255.8483704512887,-152.3499184748672
70.9035700890006,305.44373917849225,1256.298092001271,-139.81064433583242
69.82511473338866,303.54597914231664,1256.680026428645,-128.17657688029828
77.52425862631749,301.96430992456453,1256.930115153225,-241.70439125685635
76.22186229357082,300.9099502237562,1257.2679460424265,-228.6456451037605
74.91083262838993,299.784350620568,1257.5777724661389,-215.12033860637
73.61636041102605,298.60862503471486,1257.8524740432235,-201.3879207363198
72.36201045936815,297.40836759597846,1258.0864896474216,-187.726044250705
71.1679839158582,296.2116573652745,1258.2757184881118,-174.40920494518744
70.04990899963802,295.0466752387419,1258.4172586295665,-161.68793255755455
69.01828811632745,293.93936113064126,1258.5091353895898,-149.7718146940787
76.1510301703284,288.8228323153933,1259.858204767156,-257.7410745324084
74.97285835129277,288.3879845101641,1260.0010734218295,-245.54066513584905
73.77492077051026,287.9106549824035,1260.1098527208596,-232.75344508212265
72.58041216990829,287.39893802119894,1260.179111577158,-219.61685729783397
71.41183576971173,286.86417043756194,1260.2051060644667,-206.39919380820524
70.2891877195941,286.3201837480398,1260.1856005170143,-193.3793957593194
69.22855721546283,285.78214267488795,1260.1194546224358,-180.82510276773914
68.2413379409051,285.26518258124116,1260.0061624679488,-168.97262105399508
75.08195148951464,279.57154580507455,1261.6903444579962,-268.7002865003234
73.99701085811994,279.4933351171458,1261.736704004761,-257.22574368956157
72.88489368062389,279.39555881470784,1261.74302743377,-245.10364196021405
71.7668981348055,279.27931159398065,1261.7039844496278,-232.55116115040323
70.66431248360682,279.1475849002007,1261.616120797683,-219.8237944884755
69.59660797560325,279.0052013144386,1261.4777254990809,-207.1970524968229
68.57993734869336,278.85844243121784,1261.2883813064948,-194.94482220171457
67.62617955947938,278.7144365902268,1261.0483867029038,-183.31803663105583
74.37329717642217,273.78569873375403,1262.751990867484,-275.4370002157244
73.34778946580448,273.89819444515325,1262.751071546669,-264.4616887489306
72.29084165104885,274.00566885391595,1262.7063442492058,-252.8119366515571
71.22237472208975,274.10571421616896,1262.6121661125112,-240.6909997229958
70.16270717064306,274.1968593244556,1262.4648605987986,-228.34433216053964
69.13078539595664,274.2788312315524,1262.2626559064624,-216.0428761812361
68.14264216604337,274.3526171548376,1262.0052552360828,-204.06207706463044
67.2103467533082,274.420313778903,1261.6932146786883,-192.6601608778166
73.95061579720047,270.4443782976476,1263.3380411445905,-279.2907641618154
72.95955766844082,270.6558542600022,1263.313637487056,-268.61855775014885
71.93475760717185,270.8705867898183,1263.2433267866513,-257.2605266022285
70.89527876941449,271.0844347085008,1263.1211766961649,-245.41157966690267
69.86080643421019,271.2936152928064,1262.9432536024503,-233.31080917282299
68.8499097002739,271.49511718518994,1262.7076128305016,-221.22577565250867
67.87848664690293,271.6869864512144,1262.413895684565,-209.43205642211979
66.95866530943995,271.86843253557566,1262.062695133408,-198.19145329399663
68.88888289288026,361.49490027774794,1238.9974759224192,-161.39639810508737
67.55153948385197,356.54200570328527,1240.9742880352167,-146.56040877224365
66.21827359312152,351.5256530697449,1242.7919361891784,-131.84562244312755
64.91686203452721,346.5463322323671,1244.4460452516296,-117.49869220420179
63.67196599490477,341.69939580952746,1245.9393739209197,-103.74330496512802
62.503631620196764,337.06833607082933,1247.2798477645924,-90.76736987786002
61.426477980305265,332.7199545084472,1248.4786768378835,-78.71437075327609
60.44955676873676,328.70185639676896,1249.5487967430558,-67.67957704296614
68.13278865441147,346.30313022190006,1245.5605572531235,-183.79917429794446
66.80972627443609,342.65167116098496,1246.5891469479204,-168.54294414078527
65.50098388256606,338.90175593873914,1247.5678476096125,-153.2453157956379
64.23084669642499,335.1283995287902,1248.4884058898024,-138.18342514046088
63.02076982559905,331.40729600827734,1249.3460446447286,-123.61752160244343
61.88811543159643,327.80886471533745,1250.1389038767343,-109.77410270952998
60.84544145511837,324.39327021809015,1250.867369945447,-96.83354874425639
59.900356380722975,321.2070820884813,1251.5334544553205,-84.92347458407139
66.8912811915692,328.22738641244945,1252.0396115451867,-208.373197648884
65.65286473462523,325.88552459819067,1252.3452255388083,-193.3410346394383
64.4249904838371,323.4395442402722,1252.6419002215848,-178.0346229662147
63.23052807596542,320.9371398277795,1252.9282007848797,-162.7456820031547
62.089841701455555,318.4300778695686,1253.2031735279313,-147.76406940626575
61.01954528528601,315.96992268445473,1253.4659885148774,-133.35647562634836
60.0317758340713,313.6038943757055,1253.715691826164,-119.7486819395568
59.134010863645344,311.3715353161354,1253.9511381175766,-107.11370022170902
65.36186096388047,310.34534713973807,1257.3881179542177,-231.06365014049007
64.2489846924399,309.05680693159013,1257.2580245874312,-216.80152312465793
63.13618832928164,307.68613656121136,1257.1160914915388,-202.05428300092896
62.04502230418286,306.25847473873966,1256.967361361776,-187.10295556829334
60.99524596853401,304.8035397257172,1256.816878402156,-172.24473874366396
60.003457738284986,303.3532214307766,1256.6688617187515,-157.76991779639238
59.08220499154077,301.9388537660698,1256.526097339367,-143.93999421149573
58.239643800866006,300.58865865270883,1256.3896898198884,-130.97043534904185
63.90793121531419,295.58737919694573,1261.193953306829,-248.88998853920054
62.91505436618828,294.9972992684912,1260.842602255712,-235.57069436091808
61.91256254924941,294.35569162519846,1260.4639899321014,-221.6296567289436
60.92027435889504,293.673198617122,1260.0656700426039,-207.32423982717845
59.9570106214262,292.96392421908865,1259.6559305003236,-192.94195509109397
59.03914242590771,292.24439898936447,1259.242646271819,-178.7783458447693
58.17953710468418,291.5321485960168,1258.832243148319,-165.1136012985379
57.38702868921545,290.8441337934423,1258.429022590114,-152.19181812735118
62.789205380811346,285.16966099832746,1263.6148968767948,-261.0935565954818
61.88501152741102,284.9839977379367,1263.1606540664002,-248.57604426308848
60.96475652455332,284.7716878667013,1262.665975676194,-235.36650704254708
60.046625391721555,284.53550618194754,1262.1385482671085,-221.70002608171882
59.14839435210915,284.2803493054232,1261.5875292661449,-207.85017982821137
58.28597041746548,284.0129726951679,1261.022330228836,-194.10883899837404
57.47224338874982,283.7414168850656,1260.4513583131939,-180.7629244026291
56.716417276403334,283.47423220864954,1259.8810261410244,-168.07209865421152
62.05207577836505,278.63969005467754,1265.0373410602622,-268.61086646915714
61.20391719109065,278.67123076964776,1264.5360246894247,-256.6466535539852
60.33599515596108,278.69209701520515,1263.9859367059835,-243.95860983632053
59.46530950333642,278.70110666264065,1263.3942398943404,-230.7663221197829
58.608807381416014,278.69821496176326,1262.7700227423793,-217.3322542655077
57.78194429628682,278.6846309823452,1262.1231134904879,-203.94319425726061
56.99749531232794,278.6627233538416,1261.4627421326588,-190.88761633998064
56.264805554160134,278.63573599685725,1260.796380880466,-178.43284029339642
61.61371746390258,274.8627109315428,1265.8301882641892,-272.91834533866194
60.797877761470254,275.00731550435546,1265.306820211294,-261.2907894392813
59.96027758662665,275.15039611731413,1264.7299723848262,-248.9255889985599
59.11717847384354,275.28880846596047,1264.1063167493746,-236.03298066857457
58.2849869142781,275.4199455965007,1263.4446957811958,-222.8683217875776
57.478836125669666,275.54203299440655,1262.754976810615,-209.71459093375867
56.71138151953981,275.65428460283846,1262.0466918745328,-196.8602741636901
55.992008391272094,275.75689423000273,1261.3277957873152,-184.57638665145907
60.01828353924019,373.1136904058583,1230.7111891064224,-143.7936445813533
58.84193057963704,367.63545177893775,1232.7455017846078,-128.0271399040227
57.670444297346606,362.08790737135865,1234.6204731456235,-112.42042637832738
56.528646929523596,356.5816959955693,1236.3383172146196,-97.23008615618761
55.438445006499265,351.22075914164566,1237.907655871803,-82.68610377405301
54.41754260656671,346.0950823355955,1239.3412235301678,-68.97907255116978
53.47877279314703,341.27566758035033,1240.6538722516877,-56.25194051355406
52.630018126167286,336.8121418766736,1241.861045634684,-44.59688375311106
59.175294642172105,356.59920956143833,1238.4326615625073,-168.36350145513393
58.019121552824146,352.515386034538,1239.3472159852731,-152.08556630375153
56.878677127131915,348.3280078110973,1240.2344670531875,-135.7988189750534
55.77500832629857,344.1196204678095,1241.0908852574862,-119.79340928361927
54.72658359756688,339.9725166260848,1241.9152541386002,-104.33855322209848
53.74825026185167,335.96229264438335,1242.708052708621,-89.66548234737118
52.85066609989999,332.1526181663271,1243.4708780108303,-75.95539566280519
52.040207798481966,328.59189317789753,1244.2059978313052,-63.33350289900511
57.84732084718372,336.8739811109037,1246.0534808118018,-195.20554291145675
56.778361467024666,334.2122266774015,1246.1235103172196,-179.13399256671028
55.72254586447194,331.4397034740242,1246.2133582056324,-162.80292113444702
54.699356061701714,328.6096674838178,1246.3277748073046,-146.52002987343897
53.72596721522092,325.77898039476486,1246.4702473327802,-130.5875041657751
52.81625843207925,323.00340433773437,1246.6425962364397,-115.28002864401593
51.98026084798212,320.33318947168965,1246.8449056607963,-100.82699524806641
51.22405069822911,317.8096599276337,1247.0757604268717,-87.40113453068082
56.25260021014926,317.29827540347014,1252.3772817474014,-219.94551042039004
55.30691537445079,315.7920710548777,1251.9449306707554,-204.6874801194171
54.36550242743495,314.1964958789966,1251.5251994925327,-188.93927275859835
53.446552979110045,312.54051219111136,1251.1312712989798,-172.99875951790324
52.56654222785666,310.8575433297614,1250.7745575410074,-157.17741079893779
51.73914785843076,309.1827143989189,1250.4635970896156,-141.77605632573193
50.974579331848076,307.5498637975933,1250.2034833860419,-127.0624806591603
50.27935610277713,305.98885787290106,1249.9958792612379,-113.25428116567079
54.759653575750534,301.09796167080054,1256.9231507470154,-239.39169242390125
53.92896844226077,300.3641039857379,1256.2404491475195,-225.14490525763603
53.09429997971989,299.57235079147273,1255.5478074673274,-210.256343542225
52.27227221148384,298.73584051765823,1254.8620419767103,-194.9993431647922
51.47845733705873,297.8712274571092,1254.199286405938,-179.67593769469755
50.72622522828128,296.99739024586086,1253.5733342761814,-164.59333995151184
50.02594233521505,296.1337841129297,1252.9944181654696,-150.0396576215478
49.38460287863959,295.2987449932202,1252.468646523165,-136.26288972650406
53.620735879628604,289.63451135759414,1259.8497845029308,-252.7284568125344
52.873796537709744,289.3506239755364,1259.0538609919986,-239.3467155773034
52.11743088167339,289.03503392611947,1258.2288674916897,-225.2438448266279
51.366819684222676,288.6921891751925,1257.3921367501262,-210.66949768650628
50.6365879459721,288.3287636381645,1256.5614521728494,-195.91117549575105
49.93964359165649,287.95321322088535,1255.7531760708061,-181.27255895853034
49.28629913404393,287.5750359197968,1254.9806347559067,-167.04917549012129
48.68379268420662,287.20387826285423,1254.253089954217,-153.50557119830202
52.87366610711563,282.4353665119713,1261.587417409502,-260.96034836103144
52.179170566201634,282.39424301278,1260.7414452147275,-248.1776250021197
51.47214829730343,282.3384491006792,1259.854156795148,-234.63709961010107
50.76674290294678,282.2680282440408,1258.9424132386666,-220.57175596696334
50.07684284645969,282.1842676674844,1258.024268724391,-206.25727579038585
49.414935031437714,282.08968045822365,1257.1170593777542,-191.99203915224882
48.7911920619282,281.9877817057122,1256.235605622232,-178.0733162091263
48.212928562249104,281.8827056780243,1255.3909096598582,-164.7737645085645
52.430397743035805,278.2658505221487,1262.5631392490789,-265.68470055901975
51.765991417759345,278.3514727002246,1261.6944886961153,-253.2672371214548
51.08739555587027,278.4322545427788,1260.777527876575,-240.0756809480709
50.40811060086983,278.5060464873814,1259.828589349764,-226.33288798181235
49.74154881672005,278.5713349840982,1258.8656188273258,-212.30691050329176
49.09990288996002,278.62742794264756,1257.9062711001784,-198.29202831407775
48.493221480679104,278.6745063841838,1256.966039795876,-184.58563958504834
47.928828228345544,278.7135264055252,1256.0568026863525,-171.46424097959834
53.23993315122825,382.9073121063282,1220.0122375183432,-127.21022919628199
52.198614266965194,376.9776221507468,1222.2070052407885,-110.70576891942557
51.16109606780956,370.9736730055579,1224.2391595276156,-94.39792014219101
50.14979416246992,365.0152361166277,1226.115447729428,-78.54956168286475
49.18444405358319,359.21384802730995,1227.8485471900838,-63.39381328754142
48.28096465762659,353.66511328163995,1229.4545776535742,-49.12145597779234
47.45088252481101,348.4435532749303,1230.9510707134848,-35.87317086137075
46.70127949948565,343.60035312029385,1232.3554860722475,-23.737048566929843
52.34506198599098,365.2696018767079,1228.6925466511266,-153.7048660616532
51.32799788091253,360.80641996223716,1229.6171946626878,-136.60331682548048
50.32594928148347,356.2373902135872,1230.5337627514984,-119.52593445941216
49.35735382133884,351.65154493007344,1231.4407932642534,-102.77173715763892
48.43835909113971,347.13670193947513,1232.3383979093912,-86.61522559069014
47.58192935403328,342.77264113464815,1233.2277170810771,-71.28940632767208
46.7973627557653,338.62570869296627,1234.110489810351,-56.97419522694216
46.09021875860136,334.74551888086296,1234.9887610637152,-43.791162657806595
50.972039871880554,344.1184453586572,1237.2501595331896,-182.55893377138395
50.043065664139434,341.1726657510164,1237.223403263583,-165.64269440898534
49.12745222752018,338.1126753508837,1237.2433776562257,-148.48522434840038
48.24193991724577,334.9965316405073,1237.3177408326967,-131.4058508101116
47.401223974087316,331.8853312726786,1237.4515698754296,-114.71500933403983
46.61714071014082,328.83817472576874,1237.647118853356,-98.69193311630461
45.898221330386775,325.90757294480403,1237.9040258753857,-83.56703432739894
45.249615331020955,323.1360135755855,1238.2198484852292,-69.51110132865607
49.35195529047113,323.06441305240634,1244.3773294030505,-209.1200888820457
48.543014299171226,321.3646136938805,1243.7874933087303,-193.05022141438047
47.73990366565086,319.5709246940772,1243.2352879486273,-176.49154129601138
46.95806576279022,317.71567436915717,1242.738441632186,-159.7546480629067
46.211398290825166,315.8354134094773,1242.3114083658909,-143.16118191198103
45.511379365296804,313.9678769888243,1241.9642855447505,-127.0188371819487
44.86653755631655,312.14880995277963,1241.7024584504893,-111.59873300158112
44.28229036804087,310.40921151054465,1241.5269340599466,-97.11854017818956
47.85204391641089,305.59948171034205,1249.54303576004,-230.01096482107494
47.15281063261201,304.7388192965482,1248.6736893288924,-215.0080288735403
46.452405278002495,303.81595302778885,1247.8144330014336,-199.3515580957415
45.76480685440896,302.8462477720036,1246.987753591579,-183.3272056440176
45.10301152809407,301.8485356225067,1246.214114758281,-167.2476783125769
44.478105623831844,300.84361432988584,1245.5101281307352,-151.4282223459498
43.898635293038055,299.85243721363514,1244.8874002080538,-136.161791720346
43.3703308056715,298.89432969117,1244.3522074211376,-121.69800595886946
46.71516656770901,293.21728026800866,1252.9023609077378,-244.362662257437
46.094778395594766,292.84823788650084,1251.907159035253,-230.27732268730549
45.46866615698714,292.44399372079437,1250.8984314914305,-215.45095761379156
44.84950145656788,292.0104887675764,1249.8997047213345,-200.14456650898876
44.24939062674206,291.5559143672344,1248.9338648635467,-184.6560343698563
43.67894109740955,291.0901180868636,1248.0209815009791,-169.29738022084825
43.14657126916729,290.62373652188774,1247.1766267780156,-154.36969322604963
42.658148763832806,290.16722073309705,1246.41098532292,-140.14004589905096
45.97199694094672,285.4295850292474,1254.9146550016617,-253.2368659376844
45.400571059145484,285.32681784792493,1253.8641483567433,-239.7888993131103
44.82086332911287,285.20663515359564,1252.7848225003524,-225.55878586952056
44.24461854595905,285.070164150856,1251.69992358347,-210.78997844717333
43.68326811837267,284.91981896310415,1250.6329987472964,-195.76807749153969
43.147009950577065,284.7591715659225,1249.6056072936544,-180.79974050624557
42.64409215261013,284.5926285748389,1248.6353703606164,-166.18805777511324
42.18040099397214,284.424979836413,1247.7347314197507,-152.2086629530027
45.53181413508546,280.91460622573436,1256.0517528154323,-258.3368876908007
44.98833807616905,280.9512104903074,1254.9763510313342,-245.27831131856306
44.43522180283392,280.9807394807124,1253.8633214630413,-231.4189989831423
43.883638990894866,281.00191203780287,1252.7354397324882,-216.99162444413432
43.34459049367326,281.01413062314003,1251.6163328937378,-202.27389149746938
42.827995273980505,281.01757338300325,1250.528154215296,-187.5682269472849
42.34196570328198,281.013164001595,1249.4895110846896,-173.17781857170687
41.89236854527125,281.0024189794646,1248.5140331060966,-159.3823978191592
47.95274793921037,391.193289588037,1208.3726932596676,-111.94374045900672
47.02180111641079,384.88088050952814,1210.7902149900665,-94.84902415166155
46.09293761544276,378.489159092532,1213.038473049553,-77.98415858986056
45.18665152342027,372.1460897284533,1215.1273306733824,-61.61591639138544
44.320978405660625,365.96995856431647,1217.072330757246,-45.978627581199646
43.51046721359769,360.0613093375516,1218.8920895027304,-31.26190024444999
42.76566663173927,354.4977097023468,1220.6062586904509,-17.60335979006591
42.09308679047595,349.33165316998355,1222.2340807755897,-5.086762420049126
47.03149999601903,372.6008494375476,1217.854170893946,-140.14775766495225
46.12727996842853,367.81006423237375,1218.8717983645522,-122.37783544154128
45.236542674390755,362.9125449523589,1219.8957057438604,-104.66270017713809
44.375676174269756,358.00284892017845,1220.9248368007543,-87.30741645779037
43.55904459097013,353.1734129560343,1221.9593408392493,-70.58946356270033
42.79819762294483,348.50742950849394,1223.0001543781254,-54.74195494737282
42.10144108309138,344.07333746455095,1224.0487121083909,-39.94252053828342
41.47376888692353,339.9215884983389,1225.1067653994342,-26.30870483355855
45.64266917630823,350.21818631812886,1227.1919522244361,-170.78722746682982
44.82607342175769,347.0250323661037,1227.1657065361314,-153.18103034453037
44.02201903574261,343.7161447839054,1227.2086403107637,-135.3519322496192
43.245100831270896,340.3536300982017,1227.3291775391474,-117.62777665909887
42.50812092262722,337.00205859828606,1227.5322943784463,-100.32455956362858
41.82139514038166,333.72317713801846,1227.8195172796354,-83.72398862105064
41.19237221174897,330.5711938761792,1228.18940889654,-68.05612468788478
40.62556704491452,327.5893558118643,1228.6383463185825,-53.48912768686702
44.02442070768094,327.87816467284665,1234.9946650743568,-198.96624599137874
43.32400536964002,326.0099820375969,1234.3511293338736,-182.23198962547428
42.629689845402545,324.04514723351764,1233.767327817688,-165.0127664848325
41.95475984031562,322.0188517019615,1233.2630441454746,-147.6288329588727
41.31114352788598,319.9702261614161,1232.8536757334641,-130.40916439579217
40.70868159809332,317.9390857695248,1232.5493125269277,-113.66597709731101
40.15468839651227,315.96262257116166,1232.3546513549807,-97.6720312134222
39.65382087775842,314.0726154639614,1232.2696206634055,-82.64407009319768
42.538645333727864,309.3107819624228,1240.6923102075048,-221.14355649168292
41.94265320226219,308.3409711565544,1239.7410517713872,-205.5221947897379
41.34679143622676,307.306024147674,1238.8186716954997,-189.23976564057705
40.762957067823635,306.2232073486465,1237.950719365871,-172.59141781937052
40.2021722481484,305.1131568596658,1237.1596511942798,-155.89777877581446
39.67381832990421,303.9982096867174,1236.4630220042386,-139.47972034977965
39.18512058035591,302.90047286293213,1235.8725063252182,-123.6331829649184
38.74092730212688,301.8399837054213,1235.39382797072,-108.60819257042075
41.41806936597135,296.127539968322,1244.431234344421,-236.40137316426845
40.89627344402355,295.68650262656945,1243.3401896937523,-221.74160193407727
40.370796398643584,295.20780954268326,1242.2511611238092,-206.32614105665633
39.85232998645568,294.69866882436395,1241.191279597212,-190.42478778752806
39.35104617111029,294.1685218883034,1240.1861094714359,-174.34322229818193
38.87583039491453,293.62832908158754,1239.2573829898104,-158.39944498736384
38.43372141782523,293.08960623416357,1238.4213967670364,-142.89820414251088
38.029623088509524,292.5633943726407,1237.6883138740902,-128.1077819177988
40.687534779664546,287.8268616380348,1246.688670342036,-245.85029711134058
40.21146902509454,287.6731115066258,1245.5355220335396,-231.86022803949862
39.72961777004611,287.5000289460277,1244.3668189379791,-217.0694127275148
39.251830504163394,287.30964844180545,1243.209657437524,-201.72942844843226
38.787649188826585,287.10530083514374,1242.0906372522782,-186.1333502193649
38.34555571030619,286.89139585678123,1241.033418728622,-170.59383029833165
37.93239313584788,286.6730239773045,1240.0567829588026,-155.41788605564275
37.553038673809624,286.4554570283227,1239.1735328572345,-140.88277265332908
40.25543954975802,283.01086096664926,1247.9714307780773,-251.28698878275483
39.80535764391394,283.0077703379801,1246.790040968433,-237.70672720094882
39.348387189627765,282.9960721925742,1245.5829093354564,-223.30508365266135
38.89386264949754,282.97520227788897,1244.376767012117,-208.32238219198283
38.45092860437156,282.9452966226468,1243.1984845441493,-193.04353293216744
38.02779806900494,282.90721321546374,1242.0725584728334,-177.77688122991887
37.63116866541617,282.8624409893015,1241.0190103853156,-162.82963322874195
37.26587503882204,282.81290604689104,1240.0520622866904,-148.48333876148502
158.52669109015125,280.5562201848273,1211.7926815884957,-237.1001775825458
156.74637908164675,278.52822243315023,1214.5937064240698,-228.58293307592805
154.8977404354064,276.48599736959943,1217.3244166495233,-220.14269945029048
153.01409024891598,274.47922299632694,1219.9451762929598,-211.9396279089505
151.12826640192864,272.55759609076176,1222.423657457615,-204.12384125042433
149.26985352345315,270.7673913509117,1224.7359905074409,-196.8267907000544
147.46307749911702,269.1485491318699,1226.8670236941755,-190.1546647933484
145.7256561683994,267.73259570570445,1228.8097724408835,-184.18441728486366
158.38162943139616,273.8866272237131,1211.9773803813066,-247.57431290777436
156.5793221085933,272.4638341940203,1214.5742074856105,-238.922607173398
154.71828908918286,271.0111533715574,1217.1470076387784,-230.25287082351758
152.82898931116745,269.56557394577084,1219.652643994033,-221.7408935835611
150.9415104401401,268.1663472201789,1222.0532518087712,-213.55784907533018
149.0830789559765,266.85214111739435,1224.3183130694479,-205.8593383941125
147.27608978981158,265.6583096237993,1226.42576120403,-198.77638683129766
145.53695651568947,264.61463853417746,1228.362096788915,-192.40932823768634
157.87397843903474,265.84795811274074,1211.9882717098474,-259.623115434842
156.11571600573208,265.04380454708496,1214.3802992597257,-251.0844863531646
154.29648947277596,264.209653207107,1216.7901384000002,-242.40482459847277
152.44480289133716,263.3681517820852,1219.1740363338738,-233.7679137600828
150.58915083377897,262.545226610568,1221.490804723031,-225.36249770879166
148.75569595977888,261.7683034501288,1223.7046327953049,-217.3693763481229
146.96628525469495,261.06426618980055,1225.7870770469408,-209.94941812787897
145.23720170964026,260.45749290476425,1227.7180208324285,-203.234219529174
157.03687221531743,257.81562637064894,1211.8012110179889,-271.12741100304993
155.3773690786245,257.5186431560841,1214.0161852560816,-262.94225485676014
153.64755975658784,257.2048476349658,1216.281102220023,-254.50423499321113
151.8736120214663,256.88483202976306,1218.5538368299021,-245.99331338098247
150.0825046678619,256.57205175235543,1220.7922043477392,-237.6053247395279
148.29973451721037,256.28209986839585,1222.9571462112558,-229.53853402682955
146.5472244898305,256.0316115855513,1225.0153879786628,-221.9795678584085
144.8418617351993,255.83698542531198,1226.941184061443,-215.09097238596985
156.114836037645,251.1607398351713,1211.5163517688698,-280.3115894246218
154.56521923492005,251.2056767371646,1213.595792431076,-272.5682169021056
152.93597256179936,251.25049535396607,1215.7467485229881,-264.4971796368633
151.2505137875956,251.29793157893877,1217.9295560808055,-256.2681829945037
149.53390856514338,251.3524730082384,1220.1024747883762,-248.07537738740777
147.8106605940212,251.4203510758416,1222.2249414460161,-240.1247960346666
146.10254442799805,251.50923706655055,1224.260603668271,-232.61965640167188
144.42693650133916,251.62768708634758,1226.1796340354535,-225.74599085499963
155.34893691115545,246.4695459564172,1211.252411279737,-286.6192643680813
153.88691014083278,246.7148496847022,1213.2389365181523,-279.2569084187251
152.33895359025087,246.97330259314282,1215.3099471184205,-271.5268712791115
150.72604410236,247.2432809293465,1217.427993603183,-263.58876459203975
149.07141386343693,247.52387035433256,1219.5522328116149,-255.6321573024121
147.3984244756725,247.81522141630956,1221.6416159094304,-247.86507971932062
145.72839878693136,248.11874291132017,1223.6580822579785,-240.4996041325719
144.0788229134822,248.43707546327138,1225.5692158265651,-233.73665565221165
154.82427607826025,243.5395498450902,1211.0630803902413,-290.4951664269022
153.41982203883794,243.8933802311484,1212.9917985753686,-283.3972815367699
151.9258282408241,244.26881813746522,1215.012231822982,-275.91262964861914
150.36157985082815,244.6619978913851,1217.0884841795428,-268.1938326477599
148.74894382682828,245.06903466142262,1219.1805009707948,-260.42642594347615
147.11034853703183,245.48655228620018,1221.2471631629737,-252.8183966520504
145.46663611898174,245.91214303894316,1223.249536125554,-245.58620320245464
143.83520024947495,246.3446596832357,1225.1537094156106,-238.9393408508505
154.50615043269568,241.8505514891173,1210.9457958281723,-292.70849399944916
153.13558856993424,242.26120713697438,1212.8410960961455,-285.77176627959903
151.67356241791194,242.69831105392777,1214.831975578562,-278.43951061850095
150.1383223466689,243.15686191790027,1216.883490107131,-270.86011401757276
148.5508750013044,243.63140372966387,1218.9561155778295,-263.21646294487755
146.93302972400653,244.11662919623865,1221.0087731180777,-255.7161245484179
145.30527274041884,244.60797521571826,1223.0020927285486,-248.57771757576631
143.68487525224361,245.10209025740974,1224.9013466654662,-242.01543649211618
131.9771019068075,299.193502234316,1252.3282323216463,-234.01906205986984
130.07851131903647,296.64347016781716,1255.0227609831784,-224.1083150060078
128.13323288191688,294.0662303788485,1257.6126546079995,-214.23920658347294
126.17778748630448,291.52042504182583,1260.0593648094255,-204.59191204553943
124.2471640315792,289.06437544467735,1262.3323664072611,-195.33642778046425
122.37209938807965,286.7519935732835,1264.4099378753294,-186.6224890426405
120.57713204254549,284.62936557140705,1266.2790878496219,-178.5717371179896
118.87964290135046,282.7323804084999,1267.9348045748968,-171.2729018266866
131.61820330382733,290.94099097544125,1253.2695702364786,-246.28043172149447
129.7218332232031,289.12856803769364,1255.6790006782846,-236.22449018741133
127.78556013811415,287.26966208868134,1258.0360001475237,-226.10164514006885
125.84305801389078,285.4078398521842,1260.2985046577114,-216.10903854507058
123.92673839833479,283.5891477697064,1262.4303473134257,-206.43957489673645
122.06525553446039,281.85868332484404,1264.4030008384361,-197.26927266544433
120.28163550214477,280.2573469066744,1266.1963681830377,-188.7467554595464
118.59227687095624,278.81921729719875,1267.7986880208407,-180.98606235583907
130.84640145317667,281.04393965762824,1254.051604211894,-260.2489234292169
129.02184274886196,279.97770093278757,1256.1991241929463,-250.3523520060723
127.1520269641828,278.8650082557385,1258.3361109846064,-240.2485345673075
125.26863337302353,277.73250580136835,1260.420321913747,-230.14204482765223
123.4026735260928,276.61064306167106,1262.4127760448187,-220.24401477442504
121.5820405570371,275.53145502061386,1264.2802277435135,-210.7571967419551
119.82956941081437,274.5260983388379,1265.9967934857852,-201.8621689417106
118.16189354140214,273.6225265111383,1267.5446251034573,-193.70655045696412
129.74584641910008,271.1886003160034,1254.513436876235,-273.49524606861655
128.04426896442246,270.7287951751803,1256.455981198066,-264.0399157641194
126.28567258281365,270.23857174897194,1258.4172246293626,-254.25155107316024
124.49928745527114,269.73050993414336,1260.3565879616572,-244.32844861101768
122.71467568269902,269.2205827790052,1262.2343797139824,-234.4875112113828
120.95926476396035,268.72717437038744,1264.0146519250502,-224.9487838664164
119.25624053897562,268.26970112098047,1265.6674367786486,-215.91940958127753
117.62314582586652,267.8670538334929,1267.1700936569382,-207.57942370806302
128.60807063201054,263.03362699694446,1254.6911046232863,-284.03671044916905
127.03343863941595,262.9803392372514,1256.4896185972389,-275.11739410531936
125.39097901598261,262.9166677469151,1258.3256122551445,-265.7825728054868
123.70701319965133,262.8461134641256,1260.160591876467,-256.21728997338147
122.0091676068434,262.7743358737703,1261.9551634455224,-246.63449491042502
120.32396891904361,262.70901690924643,1263.6720125652835,-237.260616129079
118.67462263443548,262.6593934232757,1265.2785079437033,-228.31891030376838
117.07937090714586,262.6355173784458,1266.7485425285477,-220.0131741416628
127.69125455553845,257.2829433736175,1254.7180107369556,-291.2730417012362
126.21472749533325,257.46716073917344,1256.4231718882538,-282.81049650698617
124.66323305828602,257.6567924795592,1258.1770528731665,-273.8892645109779
123.06053702681693,257.85034705301274,1259.9429320172878,-264.682029623997
121.4323759993329,258.0473163671378,1261.682005278037,-255.39506334561577
119.80416657669268,258.2484848683866,1263.3563591614638,-246.25525207436175
118.19875445760015,258.45603361309236,1264.931760278754,-237.4937798910879
116.63462232241542,258.6733996830109,1266.379810000081,-229.32898224647155
127.07247990564075,253.68775862524566,1254.696902338725,-295.7225079640753
125.65952486781303,254.0004282167661,1256.34573477671,-287.57527199116544
124.1675504391155,254.3285433352226,1258.049610561061,-278.94934287505833
122.61853558048617,254.668054019884,1259.7730386356584,-270.0088766253934
121.0368089481056,255.01508100945716,1261.4777393674685,-260.9546925005942
119.44686120179914,255.36643074498858,1263.1255728206888,-252.01248059027483
117.87110475849731,255.72000852932226,1264.6814111032977,-243.41700994532036
116.32800588556913,256.075039715436,1266.1154710899434,-235.39474281856656
126.70003011769738,251.61345446999684,1254.6721424649654,-298.2654096939866
125.32424877912935,251.99333236034173,1256.288907475614,-290.30984861231127
123.86728967256394,252.39438146609797,1257.9641301747538,-281.8666680911964
122.35003947071407,252.81126043823897,1259.6630734529322,-273.09489387754024
120.795937544091,253.23831318476135,1261.3478157075322,-264.1918451731585
119.22885524415692,253.67017556335708,1262.9801397861252,-255.38207154145806
117.67087290393236,254.10234662036717,1264.52444020783,-246.90197100251504
116.14037625787216,254.53160928434855,1265.9501510051066,-238.98237636870974
109.73973903361347,316.84375602905726,1279.6446907698178,-225.5012317720043
107.86471327535972,313.73245196405423,1282.061472562369,-214.05875416381042
105.96413658341712,310.5779496226038,1284.340774791835,-202.63387058521008
104.07496466386611,307.44840508928695,1286.450729816682,-191.43012255421635
102.23171539295662,304.41125509713373,1288.368187041486,-180.63991853380145
100.46396699226942,301.52841657577153,1290.0787270043618,-170.43287827485926
98.79468040193542,298.85234289719034,1291.5759525303706,-160.9467597657804
97.23948636758446,296.42337889587236,1292.860334076574,-152.28192002565635
109.21202812283477,306.88493679331134,1281.6521401370467,-239.90155210335536
107.35221297519152,304.6493123277014,1283.6722722364523,-228.28912301110017
105.47267401441515,302.34792501637276,1285.6142186434106,-216.57010883909132
103.60756249190075,300.03133752642196,1287.4427667173013,-204.96696948188625
101.78891378915593,297.7527948185105,1289.1291597598326,-193.6974997585795
100.04433220344953,295.56415362773186,1290.6521196219894,-182.96026621935903
98.39536575243612,293.5120832840607,1291.9980100913758,-172.9225405306941
96.85674753382338,291.63507223996436,1293.1603253628991,-163.71214533259757
108.23386256749582,294.97970295172576,1283.5129308381934,-256.14634610656185
106.46059281294166,293.62373192239323,1285.196663077734,-244.73930229532084
104.66084823146883,292.20246923926703,1286.8420597602922,-233.06391590923238
102.86698520413461,290.74690491194076,1288.4145223953562,-221.34994119595058
101.10988328271873,289.2923658405851,1289.883462733094,-209.83457637935658
99.41661887625945,287.87582593393665,1291.2239832653013,-198.7452839856349
97.80873835104879,286.53297373089936,1292.417761529655,-188.28399705729305
96.30134992787889,285.2955114989544,1293.4531797014824,-178.61492177765064
106.93072715925423,283.14612691309156,1284.8828918956144,-271.44808173503344
105.29225255628758,282.50076467722187,1286.3294858256045,-260.5805118558356
103.61440106492401,281.8093595117456,1287.7606261795245,-249.3009227967661
101.92727635727216,281.08677562267997,1289.1434466885762,-237.8301412698061
100.260566760885,280.3518387328803,1290.4472220102102,-226.4099038092507
98.64114244966764,279.6260702733698,1291.6453826626198,-215.2851125153451
97.09111809602933,278.9319787271411,1292.716866982105,-204.6855154519511
95.62667219351822,278.29119494826136,1293.6467255546802,-194.80966682967266
105.62924576486822,273.35401696812374,1285.7132012171421,-283.5902493483304
104.12506981216332,273.1831036467249,1287.0102205279886,-273.3672415876975
102.56997437335998,272.98988041005686,1288.304759027087,-262.63935789401165
100.99129629403919,272.77889281533277,1289.5653872176322,-251.61067882988672
99.41699608292447,272.557308544918,1290.76150325563,-240.51642873997383
97.87326905796407,272.33463049655074,1291.8655186112376,-229.60646120406636
96.38245273189342,272.12202234724055,1292.8545167827237,-219.12629987877543
94.96158525513096,271.93135035371876,1293.711200414779,-209.29878653959872
104.59866871666941,266.4400335922061,1286.1555108756309,-291.9242663201848
103.1966077233871,266.54570734250456,1287.3633943229556,-282.24647213062457
101.73604343394909,266.6476796490579,1288.5762922791307,-272.0160368229717
100.24184343382517,266.74487070684467,1289.763770085805,-261.42179005911004
98.74021909666874,266.8375328677701,1290.895332725396,-250.6898378814815
97.25642075607205,266.9274828115356,1291.9426872972651,-240.0687338317142
95.81258594824487,267.0180786260813,1292.8815951901272,-229.81093898786497
94.42612975408532,267.11392939678655,1293.6930591332036,-220.15353809594177
103.90904663851131,262.1107543920971,1286.3774411187005,-297.0536816905405
102.57264946007832,262.36584030483783,1287.5342667076386,-287.7510804321108
101.17343637041525,262.62900396867116,1288.700352424381,-277.87418403523964
99.73453464498137,262.8963047080286,1289.8459066795876,-267.6013844568809
98.28083121727842,263.1642407491741,1290.9405225360701,-257.1516079015842
96.83675473842246,263.4302239168048,1291.955465929255,-246.7708416854294
95.42411638321623,263.69291028559354,1292.865637323634,-236.71421452913123
94.0604118220042,263.9523141510368,1293.6509098380582,-227.22646699641496
103.49566803059587,259.60970713532777,1286.4874918438356,-299.98822110556097
102.19752711590019,259.94291175258115,1287.616063574241,-290.9134278110123
100.83426444975653,260.2909052948525,1288.7562210172357,-281.2549078517245
99.42793900954375,260.648311318403,1289.8785595188986,-271.18479929365157
98.00259433588954,261.0096590974238,1290.9527372326845,-260.917476069871
96.58209963538056,261.3699676005975,1291.949768987058,-250.6969112709932
95.18799779175373,261.72525750406254,1292.844045573369,-240.77923537143866
93.83776414471949,262.0728885606171,1293.6147586826007,-231.413189241211
91.90516441227103,333.16786127158764,1294.1707874024587,-212.5468600910383
90.15467587366328,329.46981457352587,1296.2337314135384,-199.58426179684238
88.39542384515086,325.7125436953756,1298.138466336256,-186.63730951507134
86.66242602720175,321.9744652264466,1299.8643016269034,-173.93335187342956
84.98764613180107,318.3326633738155,1301.3993447486298,-161.6862919520446
83.39782454486354,314.8573300673059,1302.7395238126091,-150.08351606069823
81.91313111795354,311.60730251895535,1303.8871374524379,-139.27590476222497
80.54671030123691,308.627201727292,1304.8492858704763,-129.3719822432349
91.2344271113548,321.4932460711109,1297.4501752824258,-229.2857427254051
89.50611717593358,318.8071599396079,1298.9734373879783,-216.10645795013485
87.77531043107031,316.03632834186584,1300.4078938256973,-202.80305080562664
86.07416005798247,313.23900419070486,1301.7297767980886,-189.62456879474126
84.43207388499977,310.4761570196441,1302.9215883715074,-176.81343102138607
82.87372692868405,307.80670277967994,1303.9721861488702,-164.589045412334
81.41777368551993,305.28314478117994,1304.8762378097804,-153.13450009828915
80.0763623914375,302.9482501753932,1305.6333215858315,-142.58789403933423
90.08698662235379,307.55134798368334,1300.5840352011883,-248.00055885270012
88.45210349551115,305.88008518741276,1301.6763786512838,-235.0595738055439
86.80810169329378,304.1247038409384,1302.7170760830245,-221.8088956078243
85.18555078045964,302.3212254287385,1303.684397257057,-208.50568460547987
83.61284584511729,300.5104406847437,1304.5605896392876,-195.4139187513312
82.11418747818206,298.734678727051,1305.3324670075053,-182.78491245699297
80.7081992999936,297.03437288107654,1305.9914229249978,-170.83973691517886
79.40732139398881,295.44499463411137,1306.5330443081803,-159.75602912583614
88.62368317446385,293.6942855665297,1303.0218566353267,-265.5264422386803
87.12728732513885,292.8415553998483,1303.836484038064,-253.21864634644209
85.60902613993933,291.9268447884193,1304.6133314934457,-240.4362059912937
84.09754530815655,290.9679187502788,1305.332961754424,-227.42527860058868
82.62031856935737,289.98704562469874,1305.9787112708082,-214.45395277774455
81.20150640731724,289.00937647249896,1306.5374480097191,-201.79200688231404
79.86035193593648,288.0608568864776,1306.9998010622032,-189.69037543081822
78.61032331056455,287.1660395774525,1307.3599813436188,-178.36359215758773
87.19696507990149,282.2138130700758,1304.623108944134,-279.4038528872093
85.83546284228511,281.90723293086245,1305.2813925805503,-267.8501082971998
84.44070398984695,281.5660022692878,1305.9062157161547,-255.7154558460195
83.03889011839925,281.19624037359574,1306.4790739265245,-243.22594354331062
81.65606408922997,280.80717034514225,1306.983635243918,-230.6409955238912
80.31593235821435,280.41062073037193,1307.4066363833608,-218.2345035075793
79.03807997263422,280.02009223755834,1307.738255473967,-206.27349874772975
77.83685757120378,279.6495509506833,1307.9720318403488,-194.99794053318033
86.08131422513746,274.0914061312018,1305.5607482470014,-288.9328706651843
84.82119862946094,274.10325900269754,1306.1356399120918,-278.0157771643672
83.52032174274166,274.10192361492625,1306.678685544336,-266.4633312237765
82.20265932853381,274.0872011299737,1307.1715369927217,-254.48333595799122
80.89274745128985,274.0606112232213,1307.5976214055167,-242.32376341761076
79.6135493120265,274.0254969855968,1307.9431659481133,-230.25573423286673
78.38458477348806,273.9868266382571,1308.197706784329,-218.5526267860544
77.22064451220866,273.9507186548453,1308.354102423629,-207.46878013969803
85.33935872379435,268.99525470581347,1306.0753032647574,-294.8057684741968
84.14405550348718,269.17918895358156,1306.6062358787642,-284.32664233821
82.90370364928611,269.363536444194,1307.1061466687788,-273.1876097386535
81.640693050237,269.5449039338402,1307.5566351299349,-261.583981569013
80.37839713546163,269.7206504352854,1307.9407991506737,-249.7548044741041
79.13910146961109,269.88927778455695,1308.2443480547724,-237.9673690701223
77.9421066243416,270.0506339825287,1308.4562150480701,-226.49700443715625
76.80234726210544,270.20588460234205,1308.568649950907,-215.60548406623175
84.89591769724979,266.0467043989787,1306.3488775188625,-298.1699714130458
83.73826287170563,266.3206332805572,1306.8567111158013,-287.9568368048385
82.53325687187211,266.60273011579176,1307.3339908179953,-277.07316726194557
81.3023104603595,266.8880069261357,1307.7622496337601,-265.70678578896184
80.0680495280782,267.1716500325817,1308.1243439984485,-254.09109289255576
78.8522888777175,267.4495410234516,1308.4056173141707,-242.49052291262623
77.6741305034229,267.71866702837065,1308.5945773906192,-231.1808722621439
76.54853438737558,267.9773395869214,1308.6830431405851,-220.42767534015894
78.04037865328188,347.81277642175417,1298.1307939379715,-196.77451642505886
76.4632925289693,343.52941644794254,1299.8975157436953,-182.4435596253187
74.88770091928012,339.17373447129455,1301.4999913558336,-168.1484582235201
73.34540385452125,334.8348308601049,1302.929564542403,-154.13704440377495
71.8649100051914,330.5995209764903,1304.1856754530236,-140.64019769191748
70.4696179528362,326.54603155558925,1305.2739992956444,-127.85783716804309
69.17676998185668,322.7390920663766,1306.2044445476936,-115.94857136645756
67.9971965623999,319.22696135176136,1306.989372263228,-105.02405422437954
77.25236834222768,334.5222330997465,1302.7177016052888,-215.86837834993813
75.70201947213157,331.37657065090366,1303.7799562192376,-201.25269264130773
74.16051221056406,328.13075707597625,1304.7621755595917,-186.5200685372384
72.65657780053724,324.851205301063,1305.6525857325046,-171.94337659718568
71.21594855859496,321.60675066515665,1306.4445250990364,-157.7853910961679
69.85973837479983,318.4631828360357,1307.135763720596,-144.2810820323173
68.60347480425037,315.47838617411634,1307.7275124865428,-131.62368434388748
67.45682849639381,312.69878253613587,1308.2234100242435,-119.95612103417095
75.97243929334788,318.6359209227949,1307.1423116667547,-237.05682625564882
74.51859821630708,316.6357351953479,1307.663239510086,-222.69311717460874
73.0680138948638,314.53550865479525,1308.140502866623,-208.00353591977148
71.64791752187071,312.37691376207687,1308.5663072628154,-193.27099155630802
70.28300156551303,310.206556614184,1308.9355821781287,-178.78284249087747
68.99378256594713,308.0721738447197,1309.24562682348,-164.8095096156746
67.79557320302384,306.0187216488863,1309.4955533986874,-151.5857179769446
66.69813296101658,304.0850140781256,1309.6857385938138,-139.29697991720968
74.39065768246934,302.82494111445703,1310.6562703812206,-256.80847193820046
73.07469629256823,301.7516206041627,1310.849004835551,-243.15628614803992
71.75031551152318,300.6023049831821,1311.0026799950592,-228.99075657162913
70.44309912899283,299.3982983279755,1311.1131201977946,-214.5828289393965
69.17696260627923,298.16578094030484,1311.17824073461,-200.22464488721556
67.97238365823137,296.93378055464626,1311.1975845846832,-186.20702526204857
66.8451761127207,295.7316948059335,1311.1716797084346,-172.79722151936352
65.80593572301137,294.5868138718714,1311.1014497581482,-160.220487389854
72.87647223150924,289.699193647222,1313.037128554638,-272.42857509204765
71.69222799100947,289.24614528919005,1313.0613632604059,-259.62943684317054
70.48904322713621,288.74736766937275,1313.0410053419132,-246.19536978811564
69.2903967600595,288.211112380551,1312.9728994932264,-232.37460346912965
68.11901317136713,287.6491247744906,1312.8561513217815,-218.44936218827604
66.99502634016095,287.0758794476538,1312.691645710565,-204.7146318185991
65.93457445825086,286.5073618319972,1312.4812875229807,-191.45482687443968
64.94902126000777,285.95962002042506,1312.2272285046433,-178.92228683842927
71.70409320621123,280.39075292937724,1314.4805392525934,-283.16437709229126
70.61775842914012,280.3003672963289,1314.4245402537726,-271.0872049685986
69.50553433479479,280.1882571289017,1314.318447516071,-258.3122753818878
68.3889605940751,280.0555783421844,1314.1587571368173,-245.06696724987387
67.28948657874294,279.9055411994975,1313.9444284544295,-231.62027312025396
66.22664731624431,279.74334012755327,1313.6764964652584,-218.2635647841207
65.21656303773986,279.5757505672833,1313.357306493768,-205.28761331180326
64.27100127434507,279.410465133875,1312.9896327956146,-192.95976676803804
70.92826116640309,274.53799623028397,1315.2970870677896,-289.7920266296232
69.90413070159894,274.6440337722418,1315.2030904403202,-278.21238748596335
68.85013253122355,274.74364996457905,1315.0555024017453,-265.90636042366
67.78641485344136,274.8344161336267,1314.850231060101,-253.08694615243414
66.73343283589676,274.9149374869637,1314.5857400386647,-240.01275724011634
65.71016284106966,274.985118037936,1314.2627638905547,-226.97043949828142
64.73256425472312,275.04620821081767,1313.883584539899,-214.2523815377769
63.812550836209844,275.10062495805664,1313.4511136589663,-202.13348889299377
70.46567283581675,271.1464050283893,1315.740834198522,-293.594089439297
69.4775549778127,271.3553219491555,1315.6284059865718,-282.31702148618535
68.45742846431598,271.56657278390566,1315.4604393484037,-270.301032117181
67.42457901798632,271.77594308827224,1315.232394956257,-257.7504691416974
66.39881883389846,271.9796379457265,1314.9423201115685,-244.91734874435673
65.39873199710476,272.17470239078784,1314.5906350082414,-232.0848156808069
64.44012375939172,272.3593029937837,1314.1794497364183,-219.54540976075216
63.5349444968706,272.5328181049643,1313.7116400308937,-207.57776468564302
67.41244652414574,360.61480045213085,1294.635288348128,-179.8339562460657
66.01465089273007,355.77848749701167,1296.2470119710486,-164.3553674557032
64.62279435115902,350.8605772273042,1297.6966320776437,-148.94634394851587
63.26528671372574,345.9606013691615,1298.9854882597174,-133.86994601349204
61.967306905617285,341.17456737436754,1300.1219600186323,-119.3683610799016
60.74927313853109,336.58798092842335,1301.1190102331432,-105.64846488739062
59.62601630128735,332.2706059757193,1301.9919050583223,-92.87159521325135
58.60664331740023,328.27349236822477,1302.756420393152,-81.14846662143145
66.5379524897352,345.8733410428177,1300.431122676788,-201.16326658228024
65.1703622530088,342.2835360256394,1301.168343444429,-185.31902700485622
63.817152913804115,338.58319562604635,1301.8468806921114,-169.38216380016448
62.50339154038991,334.84672350774605,1302.4641347848396,-153.64415680710385
61.251216860971724,331.1503174730523,1303.021025794888,-138.38220462407583
60.07853026260544,327.5658848702409,1303.520925337513,-123.84081301384983
58.99826093662951,324.1557975206996,1303.9685682886163,-110.21782499189305
58.01821996850581,320.96921912620286,1304.3691737723789,-97.65637602922378
65.16638445137478,328.2126921630409,1306.0309140421095,-224.6902794503969
63.89651431346505,325.8885919763291,1306.1112606632914,-209.09527895032252
62.63672649556877,323.4530184037325,1306.171817598724,-193.17797792782048
61.410545392577305,320.95340641244485,1306.215882284107,-177.24250535662563
60.238933110849544,318.4419657266651,1306.2474973914739,-161.5939960551064
59.138995699459976,315.9713506700794,1306.2706039968361,-146.51593106674989
58.123227890214274,313.59036168051966,1306.288366441164,-132.25086272971433
57.19932372707676,311.3403946428091,1306.3028148637675,-118.98712210430665
63.509916497608174,310.59775073728366,1310.5183612954079,-246.5468304230617
62.37525877803647,309.30465976543474,1310.2142390673225,-231.72406572363855
61.24043686311548,307.924875198374,1309.8876297608858,-216.37006802047546
60.1274840319414,306.48351664469715,1309.5472628982297,-200.7770747624303
59.05659989765873,305.01070631840963,1309.2022708597865,-185.2564702838963
58.04474123597575,303.53913811836077,1308.8609360315884,-170.11453588648055
57.104708890317134,302.101260172182,1308.5296790263455,-155.62914373242205
56.2448025650174,300.7265835843648,1308.2125090556667,-142.0310731808972
61.94657802674668,295.940793249834,1313.608151004221,-263.82168197823876
60.93871623854462,295.34145321041893,1313.1177627516129,-249.9357928133687
59.921380812038024,294.68765663608787,1312.590293534724,-235.38159843836357
58.91476012880821,293.99008073342634,1312.036182987617,-220.4269392594403
57.93799726045827,293.2631200269904,1311.4670623166087,-205.3728926760973
57.007707764903955,292.52384311264854,1310.8942486759827,-190.53063096892078
56.13691037534844,291.7905105214847,1310.3273418645779,-176.19667296938354
55.334498201126976,291.08093255104467,1309.7732526277928,-162.6307053964756
60.74571857552237,285.52240436632854,1315.5174521572671,-275.7097714025496
59.83103578614658,285.3305262480313,1314.9456468838466,-262.6203890044427
58.90074466966319,285.1101698067935,1314.3242861670724,-248.79085645764047
57.97334137374904,284.8641002109581,1313.6634244305415,-234.46617775618193
57.066858205475675,284.59735810723635,1312.9750618096793,-219.93307122407285
56.19737768910919,284.3169978878739,1312.2716202920992,-205.4988371071102
55.377874112403255,284.0314883452743,1311.5643500069143,-191.4668029809465
54.617550246706706,283.7498901525927,1310.8620514685863,-178.11256304998614
59.95427060786211,278.9588709585593,1316.6160565993378,-283.06176142304497
59.09838260210233,278.98843368364584,1316.0093816804645,-270.5227980327063
58.22338431268599,279.0062327793431,1315.345253531208,-257.21038329572593
57.34655804120023,279.0110201809107,1314.6328960812748,-243.35361095813056
56.48507349548917,279.0027759271048,1313.8839377522315,-229.22776859837455
55.65452526886783,278.9828319646994,1313.110951357207,-215.13492720415167
54.86773588633183,278.95376814041225,1312.3258028761725,-201.38002622262525
54.134014169624166,278.91910299032315,1311.5382118752468,-188.2465717593202
59.48330918717985,275.1500420344298,1317.2204524744338,-287.28559528051494
58.66132648493999,275.29585051191384,1316.5983501936948,-275.0819735937564
57.81835264905694,275.43950962465675,1315.914330805229,-262.0900541489337
56.97091755649485,275.5777691538453,1315.176955349384,-248.52930084770261
56.1356335709158,275.70796980397495,1314.3974343312368,-234.66768079385537
55.32775453121241,275.82834911524833,1313.5882271854762,-220.80334990599286
54.559963499204166,275.9381962751366,1312.761380983297,-207.2412369234849
53.84159193507387,276.03783490848446,1311.927018689799,-194.26879596037145
59.25029361119204,371.63496725409533,1286.5700691128895,-162.94767802151867
58.01451614396193,366.29962980029205,1288.1769664469678,-146.54134856098275
56.78541924335595,360.87618186877114,1289.6245251563844,-130.24264322635148
55.58843559637563,355.47387819060884,1290.9213338785207,-114.32499782895897
54.445970971378806,350.1970411066865,1292.082063220613,-99.03720915393171
53.37608754220495,345.1375327821905,1293.124661587719,-84.58897954501923
52.39182094619256,340.3692910331149,1294.0679786074088,-71.14108839928292
51.501104181148,335.94543987208516,1294.9300491887034,-58.80100341344705
58.31994143678053,355.62565412421316,1293.4229844946635,-186.3302150787758
57.11682148880371,351.62655055086117,1293.9936320210845,-169.47354825317348
55.929682734228074,347.510905330334,1294.5300445567834,-152.5561644026933
54.780354946577425,343.36041041707466,1295.0351729224362,-135.88290992088062
53.6879775993392,339.25772072438036,1295.5140682577771,-119.74021200172126
52.66791591759578,335.27986892169304,1295.9727340035545,-104.37743941028725
51.73117339747668,331.4927515034698,1296.417150319747,-89.99324435618169
50.88430299233942,327.9474327737813,1296.8526187651084,-76.72823367032564
56.8952460461999,336.38862871150684,1300.0361909171745,-211.99870210036244
55.78974525483658,333.761733676609,1299.839218109094,-195.37841907470312
54.697101406296305,331.016191203802,1299.6523047331566,-178.45021569918296
53.63750423151944,328.20480037974465,1299.4857583378043,-161.53437297473477
52.628758016342864,325.38473764534456,1299.3486682702944,-144.94848118100853
51.6852458266186,322.6127915554605,1299.2479756780847,-128.9840603375864
50.817352831093196,319.94078344765757,1299.1879837979159,-113.88722324354046
50.03135674781113,317.4119229217927,1299.1703468691044,-99.84588845537402
55.203506901800075,317.1545184068207,1305.3606344483394,-235.7840835406917
54.22943671450953,315.65492329291715,1304.722615364025,-219.98216011927903
53.25938217791716,314.0612684192016,1304.0872781543474,-203.64417862335202
52.31210943088078,312.4023449664961,1303.4722076869411,-187.0792302198323
51.40461001331545,310.71186411594664,1302.8934525434047,-170.61295527976898
50.550977287539574,309.0256775614251,1302.3639522405724,-154.56211239999067
49.761711845598114,307.37869704643185,1301.8925553159302,-139.21073143294637
49.04349571487354,305.8020683523717,1301.483762585273,-124.79154932596708
53.62433256017175,301.1153463543434,1309.0664893455403,-254.5807861649214
52.771413665414,300.37922508918354,1308.2209546436648,-239.7850196727437
51.914439311196475,299.5823479362849,1307.3562716527276,-224.30169293219973
51.07050680864631,298.73778724098133,1306.4927363639288,-208.41454541651166
50.25561005457841,297.86240092083324,1305.6502910394022,-192.43907155621702
49.48345194839174,296.97553732647685,1304.846462637905,-176.69796386958365
48.76462260826929,296.0973386725843,1304.0947639853794,-161.4954678781671
48.10622792614927,295.24696252973456,1303.403855326295,-147.0949534007461
52.41903205227051,289.69175238194816,1311.3882239536479,-267.53362524447715
51.65414395478476,289.4062881842409,1310.456132461032,-253.59759785419078
50.8799239616714,289.0874184164912,1309.4864825947986,-238.89343940220658
50.11196430135411,288.73951607226496,1308.4994841171467,-223.68063198575382
49.365251622976096,288.3693376787939,1307.5161638499098,-208.25967870205443
48.652972030360296,287.9855846405252,1306.5561439515468,-192.94950322713015
47.985614383582124,287.59814056093137,1305.635679102721,-178.06181262365575
47.37049013917076,287.2171318915531,1304.766357395546,-163.87683623625483
51.62733061824799,282.4832216580045,1312.7410739774377,-275.5577483961393
50.91759473136371,282.44355888427714,1311.7742086332194,-262.2175832213287
50.19554009651618,282.3882779096462,1310.758016684754,-248.07130400290907
49.47568676262936,282.3173102719559,1309.7118808403507,-233.36130859662703
48.772250562686104,282.2319219041857,1308.6567574505543,-218.37595795473158
48.09796482784885,282.1347059356917,1307.6129503529241,-203.42871772872041
47.46315050977947,282.0293519155396,1306.5979867549443,-188.83308363004647
46.875172192231894,281.92024008836694,1305.6250497066383,-174.8776393511196
51.15701067466879,278.2952894737765,1313.4922186266363,-280.17414123424146
50.478945056481294,278.38496447647356,1312.5110008094102,-267.1976772498818
49.78696627160242,278.46931592252,1311.4737365324897,-253.39786619720655
49.09493204643969,278.54605199407473,1310.3990818973327,-239.00670333273712
48.41656282416855,278.6135679164197,1309.3076908047406,-224.30465501482098
47.7642818873142,278.6711492242462,1308.2200230961757,-209.60113497473907
47.14826938050767,278.71901752015475,1307.1541474116066,-195.20963654739427
46.57588639898591,278.7582311271312,1306.124038824242,-181.42278333534648
52.90329583759866,381.07200159782974,1276.0591331229543,-146.82289887752293
51.80504355484264,375.2995151091755,1277.7789017551697,-129.67398197842772
50.71237189697643,369.433698691809,1279.3388567471982,-112.66975755291816
49.64828001330913,363.59264996029725,1280.7525958136555,-96.09039169208768
48.63298241222929,357.8881062792508,1282.0391144650978,-80.18809160288455
47.6827435473315,352.4174627489147,1283.2198041717309,-65.17284658498612
46.8092877638077,347.2581616956296,1284.3160633039206,-51.20310884311064
46.01974934188169,342.4649186104482,1285.3476664088482,-38.3820787725475
51.942385058397726,363.96741898337683,1283.820626822389,-172.0652376926674
50.878179555954766,359.60295444904574,1284.3571574243892,-154.38348636585914
49.82946694747515,355.11885876706026,1284.8811461372716,-136.6741603134752
48.81543941451287,350.6032093695082,1285.3982066364492,-119.25137677337581
47.85288196191724,346.1441530734164,1285.9150597972407,-102.40711282502906
46.9552433759213,341.8229258367279,1286.4384668198413,-86.39261675443804
46.132138288404924,337.70815665956695,1286.9744357884524,-71.40521214978455
45.38927949063,333.85220236118045,1287.5277755648633,-57.58171002637441
50.49513208167911,343.3468763156983,1291.2971348951155,-199.66944243329968
49.527365502672346,340.44684178930135,1290.9650213792465,-182.2062225058451
48.5729342577906,337.42411925465524,1290.6717601394118,-164.4535563057722
47.64929267759612,334.3362265798309,1290.4312288103895,-146.7436616232829
46.77175670795623,331.2445441817148,1290.2545282894448,-129.40259492029801
45.95264883512623,328.2092092255386,1290.1492060560477,-112.72651556481922
45.20083205912547,325.2843428541529,1290.119071385551,-96.96252238331749
44.521634185239805,322.5143743779267,1290.1645348866266,-82.29645708499191
48.798146212593515,322.6798949931352,1297.3373912938648,-225.1997252423104
47.957373027018434,320.99386265109257,1296.5105568651784,-208.59026804580776
47.12232371147572,319.20898602246655,1295.7127377363793,-191.44646998464535
46.30905508823938,317.35734558953504,1294.9667051937022,-174.0903452796183
45.532007050010485,315.4757344164245,1294.2919963528225,-156.85783815832622
44.803086886535155,313.6025965276653,1293.7033358478684,-140.0726174382458
44.1311179158205,311.7747541355342,1293.209884316235,-124.02199990513682
43.52167634127012,310.0245051981966,1292.815341325103,-108.93867098877404
47.22762221467206,305.4133817014101,1301.5796320540035,-245.37716564857533
46.50215038973193,304.5548507799036,1300.5223685052856,-229.83107737787282
45.77544445733039,303.631185732959,1299.4669527751698,-213.58623416440633
45.06201272762683,302.6576292488976,1298.4399235163553,-196.9388051884896
44.37532106195121,301.653175861103,1297.4659747603173,-180.2150234701767
43.726827316460216,300.6390668022256,1296.5656911928686,-163.74561271569794
43.12532972172597,299.63692939717095,1295.7540182857501,-147.83959131541877
42.576688510838956,298.66690847671873,1295.0396910569805,-132.76181787852028
46.035101549151264,293.09616860048527,1304.2690654059375,-259.29945771645146
45.39253193846301,292.72835663315675,1303.11706098518,-244.6663744919403
44.74423679063672,292.3236484417427,1301.943827150986,-229.2459854240444
44.10335875962529,291.88787239292105,1300.776274978278,-213.30919128079012
43.4824231916373,291.42927120941135,1299.64092120726,-197.1669071106112
42.892367734376656,290.95791412600204,1298.5613280317423,-181.1463639954871
42.3418312010865,290.4848069222611,1297.556069432957,-165.56473930196466
41.83678860795827,290.02087100237884,1296.637591864775,-150.7046493794701
45.25398492504554,285.31399206746227,1305.8533018092035,-267.9374487702696
44.662996773700364,285.2146872169725,1304.6640081102746,-253.93887236756822
44.063773353980885,285.0970544664077,1303.4385851926586,-239.11064417905752
43.46849454159881,284.9620823370124,1302.2032653114782,-223.70568690123193
42.88897931740668,284.81213962162377,1300.9848588429577,-208.0222926503631
42.335730051729165,284.6508581027929,1299.8081163450354,-192.38216114663757
41.81719537409693,284.4828030062817,1298.6934439326092,-177.10450906769594
41.33935454774144,284.31299890474963,1297.6554157498267,-162.48075387480893
44.790615357902674,280.7888209726446,1306.739916666817,-272.91316292977
44.22912218568097,280.8310866491407,1305.5356057111856,-259.30253019453005
43.65806694774573,280.86583860564394,1304.2865919946387,-244.84275594509603
43.08903761639668,280.89163225704596,1303.018413942273,-229.7757007488372
42.533404505039805,280.9077596498973,1301.7577535808714,-214.3915440417754
42.00137617902198,280.91435619547894,1300.5297821414515,-199.00764164640464
41.50125406129292,280.9123736504021,1299.355765763287,-183.9433285266965
41.03898959007325,280.9034184842952,1298.2513871297992,-169.4942699521692
