29.5696210336934,284.01683443596426,737.2693230859965,66.16515448227052
30.15531901271071,283.07157054243083,749.1659516316553,75.79629185404312
30.573326194621735,282.40879819273414,758.0036873927761,85.79076359199362
30.9759208513338,281.7700818496925,766.2719974464387,94.9820416570126
31.360800699448944,281.1589266994837,773.9279794702555,103.33005443471284
31.727169569555045,280.57647575718704,780.9618677898452,110.83257915324873
32.07555724222359,280.02181164125733,787.3915585178365,117.5180578546738
30.981106090770723,281.6816306547538,754.6374599290727,11.746517120131585
31.26206122949058,281.2470252529889,761.4794646614712,24.31156974660425
31.545268860625043,280.8080403371787,768.1979327183883,36.497527775063304
31.82711646315389,280.3701775773479,774.693246083056,48.116067610696234
32.104663685985535,279.93791777495244,780.8861504774133,59.020179644573275
32.375855698750335,279.5143911724529,786.7215718653538,69.10974546326129
32.63960863191644,279.1012467437751,792.1693571575768,78.33157305968814
32.89576372551758,278.69872620553355,797.2222744364044,86.67488151247325
33.06144043757411,278.3570442208805,782.1989526178037,-33.90378967318259
33.18114975028828,278.179517958261,786.3604343833285,-21.069585615289242
33.30769573612124,277.9907794482352,790.5488988176712,-8.30296609046502
33.43978613980395,277.79259374418103,794.6963361104939,4.168973492689162
33.57620827888455,277.5866335458225,798.7421621223378,16.145653771036166
33.71598029506918,277.3742560226444,802.6375797014534,27.465985929883914
33.85845773827523,277.15634437194007,806.3481802244779,38.015753250680916
34.003374184927644,276.93324783537525,809.8545463516282,47.7290027592737
35.18225050330079,275.0408004659501,807.7112169778234,-74.76805182183386
35.170028147654456,275.0656179074824,809.9004378972763,-62.65720117339387
35.16409367108404,275.08085522787394,812.1589979526993,-50.33681993025115
35.16543475732131,275.08478161361774,814.4510910986271,-38.03380773481294
35.17483619001809,275.07596414952883,816.741453674879,-25.968462232044345
35.192884372400194,275.05327935173256,818.99839252684,-14.337491099447249
35.21999559073957,275.0158873319338,821.1962200151582,-3.3007165735280353
35.25645180627309,274.96319112161126,823.3167097997809,7.026727846741579
36.9632495171438,272.30662333292923,827.3537219445378,-105.40025307543743
36.86576402595799,272.4575543122152,828.365296531422,-94.44015557640392
36.771170347877174,272.60464070988525,829.4333783739619,-83.10541526412285
36.68197722102853,272.74395860223024,830.5431652568353,-71.60069074969638
36.60049836698196,272.87182827833914,831.6785457707333,-60.13923718743348
36.52871279424394,272.98504116127634,832.8235807513717,-48.92588960620202
36.468175979602414,273.0810149935786,833.9639568157891,-38.141275442046606
36.41998608376584,273.1578668860568,835.0881371624674,-27.929939159797925
38.22592953088198,270.39352809723647,840.3917438430769,-125.36653355582575
38.08250457750281,270.6102991437655,840.7906319270504,-115.44534188025014
37.938500924775795,270.82869529531433,841.2232502798906,-105.07850096867799
37.79716567721179,271.04380350604606,841.6852678678619,-94.44756870949433
37.66166820809745,271.2507597028588,842.1711655341629,-83.75120455402288
37.534870134504835,271.4451023918567,842.6747554845134,-73.18960694209122
37.41914435204944,271.62306212769863,843.1898169611939,-62.94850176877614
37.316266554993284,271.7817476285527,843.7107205866839,-53.18556203504042
39.0154868350037,269.20708607529616,848.1973117004567,-137.18943669486688
38.849621757110626,269.455179111918,848.2957507256663,-127.99379404709941
38.680754962464654,269.7085905874566,848.4111148311631,-118.32903055488808
38.51242406014724,269.96205599372354,848.5437240464084,-108.36068122446514
38.34819647388031,270.21019433463584,848.693150147288,-98.27558039959155
38.19139448842264,270.44792132138787,848.8582585192346,-88.26756649226496
38.04486033663246,270.6708140803377,849.0373697360051,-78.52196261999089
37.91079591537922,270.8753724353386,849.2285063523484,-69.20149297444408
39.47065796544297,268.52628147307814,852.5813859655777,-143.78964170066803
39.29409739896262,268.78899332482575,852.5332876414012,-135.03549881352797
39.11309845176224,269.05917339656855,852.4921488435962,-125.80612988201338
38.931302850435486,269.33144988817634,852.460339248187,-116.25779146142074
38.75245167082574,269.60023101717485,852.4398100615376,-106.56983419216635
38.58009055461407,269.86014300967236,852.4319105820433,-96.93149299891402
38.41730655941004,270.1064329898327,852.4373049939828,-87.52679290732593
38.26653783343603,270.335272741022,852.4560019607351,-78.52037479215858
41.930048925564606,405.52144387382515,795.0668183516507,25.32518579110554
41.43660500546347,398.20089567401874,799.6747022464704,37.59516292628433
40.940775435718756,390.96604309304035,804.0827320950639,49.36762415089271
40.45598996454021,383.94733982478016,808.2652928012712,60.503561819141254
39.994036700365946,377.25163342317427,812.2083328442603,70.90027816582165
39.564440891623605,370.9574779226253,815.9087987357905,80.49310233314117
39.174180911653956,365.1140413876856,819.3734301706323,89.25387364967736
38.827699347660804,359.74311645301515,822.6169567425793,97.18673838102973
41.28127403028782,383.3398539830124,808.0145699332728,-10.05459959748967
40.79735450312081,377.9347055723848,811.0372353462069,3.14034255608388
40.32159846897848,372.54466341337786,814.0330548051631,16.017238590020696
39.86363782466489,367.2634721751494,816.9688295274668,28.38591208255241
39.4320038341254,362.1733359691057,819.8183141445066,40.091920317366515
39.033654719691626,357.3398353793114,822.5634279421018,51.02292879943985
38.67371069670544,352.80918211426894,825.1945776433865,61.11047871786545
38.355395500876185,348.6078988811598,827.7100754137421,70.32752289281524
40.295617209705895,357.41086613916013,821.939381328954,-47.94984994659234
39.86888066734341,353.9635450304334,823.6336123360168,-34.7937092168454
39.450049660048336,350.474969278717,825.3787362957228,-21.67552612741963
39.04719086020558,347.00645115366365,827.1524820501835,-8.819107399833626
38.667505301329165,343.61564363904967,828.9340675751281,3.5754342562570116
38.31693744480395,340.352348146457,830.7059339880695,15.344222154962836
37.99993880794029,337.2555036830419,832.4549742492432,26.367292429769236
37.71939341085247,334.3517069408006,834.1730639098066,36.57086692407648
39.1766183272968,332.57400983254894,834.6569765795243,-82.04470505881386
38.82526101648279,330.6556688852222,835.4353790319026,-69.75725468027781
38.47735380546872,328.6828336822956,836.2734007735268,-57.25504399781897
38.139914665910034,326.6901024099901,837.1626807515306,-44.76205481887661
37.8194038605927,324.7123393676531,838.0937453543299,-32.49605472292723
37.52132991504662,322.78189944641434,839.0570920072837,-20.652233860154467
37.24998865910596,320.92628385483494,840.0442354117888,-9.390404413570337
37.00834505189554,319.1665342325635,841.0484949077579,1.1727877778547224
38.18746622175896,312.82677156447056,844.611364422128,-108.17037496353001
37.90008124495775,311.8632261371107,844.8484630358582,-97.04494467528329
37.612242558270744,310.8584393435443,845.1275727773262,-85.54949459192997
37.329937311753916,309.8295350986318,845.44929989547,-73.88855242955484
37.058888586378934,308.79487254401084,845.8128312869817,-62.274479076851605
36.80416835649826,307.77257048724454,846.216231979524,-50.91083474734049
36.56990278953023,306.7790507254195,846.6569060791101,-39.9769344806935
36.359109153329825,305.82788526118566,847.1321046307073,-29.61639090126033
37.46810406800868,299.3409175445902,851.424602932348,-125.68762593162239
37.22349599096432,298.89187068546045,851.3729724673399,-115.57086622502254
36.97606493505785,298.4183979286195,851.3444303102162,-105.01233866618668
36.730952174022185,297.92822335022,851.3438140485104,-94.19564568423445
36.49323042600758,297.43009267727956,851.3749782070241,-83.320681548111
36.26753202745448,296.9330714127562,851.4405941740077,-72.58785036007939
36.05774926284112,296.4458017004911,851.5421483474058,-62.1823739866779
35.866840880421584,295.9758285230358,851.680101629423,-52.26096238519989
37.01249316830598,291.09103535940784,855.6277004217109,-136.3228836759222
36.793004069140714,290.9004563137981,855.4296079637163,-126.90604507628035
36.569416870397625,290.69728946864615,855.2414963637593,-117.02023886109635
36.34630455413402,290.4846493490758,855.0699219449849,-106.83415543337341
36.12827576085974,290.26626602706153,854.9208877398611,-96.5369945842518
35.919625553019664,290.0462004150643,854.7994023093752,-86.32399156252356
35.72403632812064,289.8285035420484,854.7092034639712,-76.38089403401034
35.54437202796431,289.6168810416159,854.6526780602824,-66.87001475316248
36.748779004918546,286.39320701717014,858.044747670252,-142.37036448158347
36.54309441150578,286.3304187615646,857.7731160520225,-133.38069491677822
36.33264507542993,286.26193274364556,857.5037041911949,-123.91286648622867
36.12166509606925,286.18863460439536,857.2437417413973,-114.12658119092009
35.914477721598374,286.11172895045644,857.0001866599297,-104.2041325276364
35.71516066190061,286.0326543782412,856.7791693808621,-94.33677718803821
35.52725108912622,285.9529587102052,856.5855741745667,-84.7095519858139
35.35353476046086,285.8741582933745,856.4228198440776,-75.48713434289701
37.83843494430438,410.8220601109611,789.9371142632351,33.71075398831401
37.37332535622569,403.2738473712392,794.7020825319271,46.32144211956563
36.90590631641203,395.80731917443836,799.2627720800892,58.4167293891511
36.44865571989644,388.5584018375312,803.5937228928573,69.8564063902422
36.01248072038631,381.63837819411634,807.6812743046214,80.53772009230053
35.60614772553719,375.129006323582,811.5229716027748,90.39691954097096
35.23603230979411,369.08142005895496,815.1263446534074,99.40752792188057
34.90614630064569,363.5182898026727,818.5070650197129,107.57587205025229
37.135846466559876,388.0745961269771,803.2283178457194,-2.654682245813916
36.68865757183554,382.4699956910737,806.3662634411061,10.912783323390471
36.24854855577677,376.8810502696492,809.4785867614013,24.14901063805425
35.824349988443764,371.4047035715729,812.5315251725017,36.86103805666238
35.42387449052535,366.1257907365618,815.4984991122665,48.89293970228938
35.0534822646584,361.1118088256862,818.3613524498297,60.13213232864412
34.71783909365381,356.41012333302626,821.1106796751435,70.5109743239153
34.41986597067197,352.0476907131653,823.7452167055656,80.00406120108804
36.10623092796805,361.3890791770551,817.5614136184454,-41.64544856273059
35.72059219977421,357.7930280205645,819.3325795014915,-28.108860435393808
35.341686875702585,354.1559145685963,821.1588145684404,-14.615217263033372
34.97676192299518,350.54123956134424,823.0173309984079,-1.39248785204731
34.632295711090485,347.00850539191225,824.8869239865013,11.35623041881459
34.3136432397881,343.60890898829274,826.7497700614857,23.46536620039376
34.0248199501402,340.3822760397576,828.5926954392227,34.81451733073297
33.76843181722465,337.3555879375532,830.4077119580315,45.33056241631385
34.95922766861692,335.75324092241334,830.710100155377,-76.78741709791564
34.649440847978696,333.73816896390423,831.5341770289126,-64.13576641875451
34.34249006429482,331.6675659441051,832.4227725651631,-51.26570094919731
34.04454615776404,329.57753468316736,833.3674114414923,-38.40594920499569
33.76129860866978,327.50426432718143,834.3584822920952,-25.778117336219537
33.49761259658065,325.48119125147156,835.38638062885,-13.580218607015638
33.25729429841167,323.5365765238234,836.4426028730624,-1.9736518308571362
33.042983763759956,321.691884540049,837.5205603199487,8.92454573188789
33.9552500530211,315.3227720288456,841.0584259692445,-103.77812099849473
33.7079654318647,314.3007972264403,841.3187545411964,-92.3176727524633
33.460261744562125,313.23619294672454,841.6255149465763,-80.47715862505865
33.217300382999724,312.14701676133797,841.9795916852148,-68.4655300885434
32.98402610609482,311.0525212156396,842.38038734482,-56.49926079888681
32.764830439534336,309.97158354208085,842.8261441394377,-44.78514587968499
32.56330036507916,308.92121561246887,843.3144414822486,-33.504796558624236
32.382073454201745,307.91537160196395,843.8427274981366,-22.802978564073896
33.22883498689724,301.3443845456791,848.1809039093162,-121.9222872783499
33.02258561489133,300.8599213422395,848.1382880501251,-111.49992313955673
32.8140267460848,300.3498636644184,848.1223844745107,-100.62205125583961
32.60752418982442,299.82251098059515,848.1385614641863,-89.4761665284426
32.40739251767905,299.2871793381417,848.1911462816529,-78.26596646089553
32.21758115694509,298.75344974903425,848.2832257063944,-67.19518218481858
32.041420449416826,298.2303840906708,848.4166550234436,-56.451574620055396
31.8814562675641,297.725824833937,848.5922313523156,-46.19341366208451
32.770184118237346,292.78163335611305,852.5981427100578,-132.9682407436471
32.58772697160037,292.5680434268008,852.4007803145812,-123.26865862946315
32.40197656804782,292.34100589002696,852.2163492513084,-113.08454990580992
32.216776037284625,292.10401517065986,852.0520696253909,-102.58799630558391
32.03600366663354,291.8611877224797,851.9145691987048,-91.97167317834692
31.86328171115265,291.616943473629,851.8094251270425,-81.4340095604764
31.70172629371817,291.3756353071514,851.7408821650798,-71.16333453229547
31.55377423299701,291.14119272302395,851.7117742635153,-61.32369759719609
32.505485837996275,287.9014338186613,855.1525649666896,-139.26925678900687
32.33598643012337,287.82204825961736,854.8769274644226,-130.01230359214037
32.162688482301895,287.73633338069317,854.6060010080291,-120.26077520600063
31.989127650979537,287.6454560305706,854.3477467758262,-110.17741078513549
31.818918259133074,287.55090994566683,854.1098314127876,-99.94772112049816
31.655476269771466,287.4544055317789,853.8990443306704,-89.76601529127811
31.50177439447295,287.3577219143599,853.7208628436128,-79.8198588797352
31.360166696443148,287.26255166475147,853.5792271943303,-70.27579673542724
34.61257577639461,415.1662743482954,785.226618364743,40.85024039222519
34.1719477262727,407.4259542870499,790.1255771453866,53.74411582866317
33.729008165447034,399.7632546952008,794.8163830806917,66.10713477399943
33.295455143999234,392.31893486808457,799.2736514874603,77.79825174067334
32.881477438896056,385.208187546581,803.4839861282176,88.71485000190597
32.495228169375004,378.51560249288434,807.4453782811918,98.79412780402888
32.1426008557029,372.2940650882527,811.1659746473188,108.01117674106108
31.827266254429556,366.5670321656577,814.6622075388136,116.37430066293336
33.88581893320276,391.96277086164326,798.8120343600428,3.6112308581565458
33.46841191516044,386.1898201331087,802.048089977905,17.490761946708517
33.057200881224,380.43253174777277,805.2594500700468,31.02807239626611
32.66037579179198,374.7906242229989,808.4118259020361,44.02789329172538
32.28517614645893,369.35123494473163,811.4783049846073,56.333093088759014
31.937486342460996,364.1835571938615,814.4406195233291,67.83092585522392
31.62161149755138,359.33599893660244,817.289480698061,78.45448609155919
31.340233059045048,354.835937385077,820.0239495951121,88.17979925558433
32.84368797047406,364.654444840898,813.5040775000239,-36.36490945523238
32.48989444751884,360.93387516746907,815.3398676945051,-22.509888933026986
32.14189251504032,357.1720282115351,817.2341260729572,-8.70106735847122
31.806296522105033,353.43425460277797,819.1636151546631,4.830064782073066
31.489027183777967,349.78164259234273,821.1067560065928,17.877837258665238
31.194984195225437,346.26660795848284,823.0454816552154,30.275165473775957
30.92784530973625,342.9297744295982,824.9665407385819,41.90118228686353
30.68999995111352,339.79849921043876,826.8620405344359,52.68322841937345
31.696305632326553,338.3508764677214,827.0375615149483,-72.4565419243037
31.417674467606105,336.2562060310348,827.89897543704,-59.50371320620641
31.141351905573934,334.10486443900743,828.8288225950971,-46.32780197510115
30.872870865927425,331.9341770390582,829.8185461881952,-33.16140440094131
30.61734369570264,329.7814429555998,830.858435682712,-20.229424990035113
30.37915261138664,327.68101323210954,831.9388148657688,-7.732353194930852
30.16173595308807,325.66181242642705,833.0511751699023,4.16690037447799
29.967488544491644,323.74569547271443,834.1890118303224,15.350764174267823
30.69804323850976,317.3438730161784,837.73878812194,-100.23211970643206
30.480116165017787,316.2749618595417,838.0171193049729,-88.50012932373363
30.261712610273943,315.16211948398853,838.3453034908157,-76.37782966795629
30.047383426283986,314.024141544642,838.7244793509938,-64.07765238333829
29.841498648539012,312.8809922551561,839.1542587748562,-51.819368726128914
29.647950162955876,311.7521745998436,839.6330672892608,-39.812575091640696
29.469928180152667,310.6551939720161,840.1586642860445,-28.24094946161668
29.3097905658332,309.6043386091305,840.7286928785346,-17.25046055551863
29.97778318170325,302.9475549295283,845.1360852067271,-118.94016600995494
29.799189858908033,302.4353941027293,845.0994191764114,-108.27520544724675
29.618574423129456,301.8966228376292,845.092184186964,-97.14153836529758
29.439734125162975,301.3399801430707,845.1202041157596,-85.72953990669228
29.266430118039146,300.7752246850159,845.1882272535257,-74.2458616947537
29.102114866988593,300.2123446621488,845.2997231947534,-62.896955668842
28.949710435564537,299.66074070544266,845.4568956248663,-51.872797628961536
28.811462614147803,299.12850285727404,845.6608623596908,-41.33317168874774
29.523471171986607,294.1187850815817,849.7387760651416,-130.34667970413975
29.367468491933224,293.88767017083126,849.5404427228071,-120.42590902055164
29.20867167532162,293.64240732420643,849.357219203029,-110.00610495219283
29.050391400157654,293.3867753786186,849.1968803531137,-99.2617431314896
28.895975603469054,293.1251835040112,849.0665909318988,-88.38810340844282
28.748559581913614,292.8623271640222,848.9724302975098,-77.58615082754571
28.61085034770187,292.6027945174099,848.9191014090316,-67.04640439445734
28.48497610895753,292.35069319786254,848.909848975929,-56.93453509612718
29.261227983241017,289.0840924595876,852.4051514015027,-136.858012728592
29.117451309764157,288.9924178454914,852.1246985067392,-127.39307596726965
28.97049746725205,288.89394260212737,851.8508201137155,-117.4185071734864
28.82339413693288,288.79004378822594,851.592078655781,-107.09913524349929
28.679242255329292,288.6824323915137,851.3567360344915,-96.62283976523997
28.540979833187684,288.5730236961802,851.1521467124114,-86.1862900605125
28.41117295245272,288.46377429749657,850.984307551525,-75.97927640720442
28.29186353394146,288.3565090950551,850.8576200210855,-66.16990870389569
32.00093510735976,418.80103399039086,780.9279931073478,47.00548723549507
31.581618216925268,410.89603618250607,785.9431517893436,60.13848459145143
31.159978690615542,403.0648523364836,790.7468408768771,72.72688242665359
30.747061260085566,395.45255132051284,795.3136720164044,84.62904517611481
30.3524564985944,388.17780839014614,799.6304084211013,95.74260923849548
29.98380999163181,381.3277326865308,803.695361861759,106.0057193634316
29.64661920394957,374.95676751872367,807.5171548636849,115.3949308478575
29.34427739542353,369.0890716509156,811.1128302725247,123.92034160390692
31.266534024898846,395.22283531068564,794.7719687400747,8.986011650437007
30.873881015213396,389.30567981092537,798.0929268549119,23.130697661924586
30.486723212356136,383.404044262988,801.3900537313011,36.92349511456743
30.112724441174475,377.6200928053397,804.628543768567,50.16718173164739
29.75865358757525,372.0429978453261,807.7811319291969,62.703633725618104
29.430004413424395,366.74345696984574,810.8293907255342,74.42001880054612
29.130785957719787,361.7708082138308,813.7640743094928,85.25012125254112
28.863482722762914,357.15280897614264,816.5844759897304,95.17125674040074
30.227581735532155,367.38761412751194,809.7775021043482,-31.865685456565558
29.89933132044101,363.5609547696141,811.6689489864092,-17.739938213052085
29.576140448027285,359.6927538991741,813.621903683166,-3.663110182403358
29.264116805331224,355.84996405518183,815.6126863432748,10.130257308635578
28.968733137517795,352.0950534918329,817.6193352114374,23.432258049554235
28.694521857730642,348.4815043433452,819.6235116564817,36.0744871298065
28.444886595682924,345.05064404760634,821.6118382852874,47.935666252141885
28.222038977766452,341.83016782700713,823.5764517070766,58.943530699460695
29.091940476413104,340.5118187695839,823.6387955876539,-68.7846433734328
28.83761727134181,338.3499295991829,824.5324424438306,-55.576340014262854
28.58519918106135,336.13035771198207,825.4980556619066,-42.14073071309002
28.339718465909137,333.89146976689017,826.5269504980663,-28.713754681817818
28.105833029915384,331.67151457159184,827.6092667331069,-15.52318665247617
27.887542930022544,329.50562921993793,828.7351998091617,-2.7716866883840225
27.68799320433201,327.42331144657055,829.8961723057889,9.376494465457426
27.509380465524043,325.4467565299436,831.0856932072047,20.803292986023166
28.107204789833098,319.00971973020324,834.6284133103202,-97.220606203474
27.911723601200418,317.90157405490584,834.9228789836712,-85.25804318980553
27.71572587423942,316.74838366970476,835.270395674683,-72.89622695133764
27.523289806307986,315.5695639454806,835.6722480835234,-60.35059561741977
27.33833900226704,314.3856785174543,836.1281472939825,-47.84378414882872
27.16437530938638,313.2167587250072,836.6365930767295,-35.58783094947694
27.004276841750492,312.08072743875704,837.1954193449039,-23.768220672222128
26.860178612673405,310.99215587321953,837.8023649231636,-12.531976096241436
27.397307633255686,304.2560413064152,842.2366602369295,-116.37828087376292
27.23958855069359,303.72099885888747,842.2066076125514,-105.50555377039268
27.080072354090042,303.1584950344528,842.2086986506497,-94.152778231492
26.922120005498865,302.5776331754486,842.2490586641113,-82.5128541513304
26.769066308466346,301.9885394233227,842.3326955772811,-70.79502006134811
26.62397879531768,301.40154017552385,842.4633013876696,-59.20810109626865
26.489460799145423,300.82631711919123,842.643276259494,-47.94398906157497
26.367520896742274,300.2711649902955,842.8739215479901,-37.16375559096571
26.949092414817297,295.20169927751755,846.9681769196509,-128.04877227617825
26.812929706104345,294.9563577002348,846.7715871814189,-117.93570217336787
26.67436244376381,294.6962980815253,846.5924759197146,-107.3112775960229
26.53629491343467,294.4255328234076,846.4389877164841,-96.35214311595902
26.401668318416327,294.14871165820733,846.3186251453949,-85.2559073979831
26.273242205613514,293.87075636237876,846.23776848011,-74.22576653321664
26.153405238074498,293.59644784650783,846.2013872310117,-63.454122982261424
26.044042382420255,293.3300387658552,846.2129648944017,-53.107990609044805
26.68975733162276,290.0385467384582,849.7001966342632,-134.69298090535568
26.565258146778426,289.937331981552,849.4195364978036,-125.04418437693587
26.43807439090997,289.8290075350343,849.1476749211496,-114.87313149440416
26.310848787221087,289.71513963582845,848.8935745210463,-104.34663436101056
26.18629132290836,289.59763844990135,848.6658729817799,-93.65472580946837
26.06697465148856,289.4786155773512,848.4722686297778,-82.99630148107937
25.955151084989122,289.36020151708226,848.3190654225727,-72.56290591207747
25.85262036543048,289.2443653103894,848.2109408042064,-62.52402680626821
29.84187221806726,421.9074919308705,777.017312018046,52.357199294877034
29.441817079679893,413.8652113539467,782.1374333921822,65.68901504476648
29.039423247960553,405.8933839999134,787.0429003688553,78.46387571611402
28.645167182420607,398.1407804435576,791.7082445567959,90.53984814320516
28.268123259293034,390.7290557526555,796.1203075346791,101.81498850636915
27.915502557154102,383.74745984337403,800.2776381192684,112.22844136527671
27.5924682537237,377.25176896489626,804.1892436057467,121.75815067906301
27.302181119573635,371.26671265603903,807.8726900374825,130.4158874275659
29.106198212127413,397.99066482967004,791.0708052769727,13.671868548749188
28.7351219034438,391.95270547144344,794.4713162517802,28.037145045617535
28.368974463354128,385.93043523617916,797.848347386429,42.04143097906976
28.014966166100752,380.02804490225793,801.1665435272837,55.48607115132933
27.679461211075253,374.33637709391684,804.398258130807,68.21233029590857
27.367618111939013,368.9273419208698,807.5248754778329,80.10752917868592
27.08319259380565,363.85100282670754,810.5371612335038,91.10624177262176
26.828501700656528,359.13538491420974,813.4346042516529,101.1870442698953
28.07570320500706,369.68655641656187,806.3199880821569,-27.90448435964558
27.769100816736636,365.7707281421035,808.2677047373263,-13.552521393599307
27.466983527268074,361.81352718678767,810.2792397457265,0.7468711902710936
27.175030256877942,357.8832276983145,812.3303658510405,14.756753486455494
26.89833327811895,354.0434102667144,814.3986584017944,28.267573269324714
26.641111844450077,350.348390109369,816.4654492503722,41.11008677506791
26.406534728442267,346.8400157211848,818.5171944428055,53.162947885245785
26.196660040510622,343.546196774482,820.5460317378916,64.35448216648305
26.955885733691847,342.3126398774079,820.4288016667895,-65.49006751442354
26.721675885405567,340.09396665663127,821.3599676624626,-52.06535755953732
26.489073565576827,337.8170674729669,822.3660736047134,-38.41151250834298
26.26269498511249,335.5211836245624,823.4381055853239,-24.767240637081528
26.046818296883796,333.2453401942582,824.5658806738527,-11.362568647234525
25.84512216261203,331.0252953606157,825.7393271797466,1.5982734622864996
25.6605029095248,328.8909773576397,826.9496953845558,13.950220324794458
25.494986893641922,326.86481151584326,828.1904373786556,25.575123841429672
25.9879448966371,320.3883971172437,831.6334290447,-94.44890174420502
25.81067804444722,319.2469329183953,831.9521926826553,-82.28678839306272
25.63288866625705,318.05966770529034,832.3269342306968,-69.71967244575495
25.458268726671392,316.84654865051766,832.758831851064,-56.96564228750424
25.290374716455794,315.62864002373135,833.2474589415165,-44.24971574644513
25.13238542714637,314.4264005945159,833.7911824541953,-31.785820183633973
24.986918128250604,313.25807677775225,834.387742749739,-19.76068505956033
24.855919090020326,312.13844374796895,835.0348490004676,-8.321877846901259
25.291139248334026,305.3347681398279,839.3996934695404,-113.96156504275348
25.15012662956075,304.7803022535648,839.3858632392875,-102.90510121710966
25.00751549355081,304.197748628527,839.4068294446538,-91.36061503530826
24.866315769209866,303.59653065782936,839.4687592628702,-79.52344832496891
24.72951565407007,302.9870806091514,839.5766604529085,-67.60503215759653
24.59986832149581,302.38000473379884,839.7342094075861,-55.8161483208265
24.479714309781805,301.7852082050157,839.9437985117061,-44.35009352832
24.3708641661546,301.2111402217602,840.2067514208444,-33.36871095523762
24.85136256017081,296.0932174018596,844.2310515514938,-125.84528300116844
24.730943935674958,295.83596730975614,844.0464048599031,-115.5597508802646
24.608443096196424,295.563578363549,843.8816435529923,-104.75386870291692
24.486440183312762,295.2802669851351,843.7450328301511,-93.60640318774952
24.367550052243633,294.99089021698467,843.6441589815855,-82.31708119025626
24.254228810593435,294.7005623092383,843.5854622155728,-71.09097705127567
24.14860605060954,294.4142257739944,843.5739665512704,-60.12192753869968
24.052366706938262,294.13625264732684,843.6132223103989,-49.577804401382764
24.597338556677,290.828193318452,847.021216897311,-132.60611153931504
24.4881608109524,290.7203094602796,846.7511026908226,-122.79189082133834
24.376744877944,290.60563943824985,846.4922886530828,-112.44607355046799
24.265459982889695,290.48625051003927,846.2540493392487,-101.73751225263169
24.156762110540928,290.3648383066021,846.0454215977736,-90.8583829300722
24.053041880075757,290.24486945156,845.8747262278551,-80.00967056774351
23.95652999994501,290.1311012436669,845.7494322880393,-69.38491658335752
23.869344158414098,290.03115049656026,845.6766863018847,-59.15581778923337
28.024687418147362,424.600885104646,773.4527279922725,57.05681127805842
27.64207406106164,416.44353735132086,778.6687016723725,70.55541687213291
27.257085373988495,408.353441674099,783.6668033527443,83.48614466639026
26.879698726501022,400.48254916106043,788.4214553548393,95.70697790545397
26.518539076797182,392.95507750062933,792.9195450990228,107.11649303825419
26.180443217974062,385.8621259247059,797.1598212658648,117.65482578319178
25.87028877354375,379.26061298267734,801.1516373514858,127.30123761013479
25.591042890807945,373.1757841047493,804.9130320794488,136.0690006804659
27.291330163627748,400.3716034571377,787.6761394002269,17.801836761427893
26.939226443450792,394.2315893689355,791.1516416293165,32.35244101935686
26.59156540562645,388.10747390564336,794.6034354536919,46.53382355145271
26.25516456248012,382.10513904911465,797.9956368805903,60.14627800778749
25.93603830992347,376.31680603231655,801.3002410349536,73.03072970280223
25.63905667096597,370.81537543030976,804.49846388735,85.07479731890263
25.367758815653126,365.65149183036243,807.5810947533605,96.2138701969209
25.124320206019302,360.85337957044055,810.5478201373826,106.42771038078446
26.27289656219602,371.64936361104213,803.1218896415271,-24.38918945640978
25.98485844067529,367.6579036897544,805.1253865642907,-9.846212984549851
25.700825130484038,363.6253916117465,807.1942270446257,4.640371398233157
25.42611067489281,359.62119329033385,809.3036204524783,18.83174372415445
25.165483444259465,355.7097933432418,811.4306815511225,32.517140514315685
24.92289610470928,351.94616918269617,813.5564266778586,45.526800314362845
24.70131762743538,348.3725670045672,815.667164113563,57.73950319614076
24.502675735889568,345.0170384139977,817.7550509236221,69.08423508326004
25.172200267805803,343.8412725797604,817.4336213931906,-62.54199946223926
24.954845346178104,341.57432632403646,818.404484965538,-48.932937822942165
24.738851726922277,339.2488273854806,819.4525463287872,-35.09400618851814
24.52848824886639,336.9047490812252,820.5683932514462,-21.266182916503794
24.327715518707834,334.58175510412383,821.7414739111814,-7.681269598950479
24.13994300062417,332.3161035659018,822.9614240515713,5.455344981935582
23.96785827895003,330.1380575404006,824.2193124242438,17.978093102771652
23.813344383385086,328.0702072742536,825.5085360009687,29.7689391646758
24.223863255930386,321.5540210553237,828.8200763455538,-91.95264612232029
24.06155933040453,320.3842459822887,829.1665545466667,-79.61901537652994
23.898722685367954,319.16809867116876,829.5713714295002,-66.87621318204401
23.738728133619855,317.9259760559028,830.0355028433673,-53.94457550274399
23.584830238947895,316.6793597465876,830.5583067483014,-41.051078554230514
23.43994158727798,315.44905878470274,831.1379595587857,-28.411136469314926
23.306463950444574,314.2535784809272,831.7720695964672,-16.212383296835355
23.186187051014745,313.1078502046209,832.458294402118,-4.602681189598314
23.54238794568647,306.2440697927874,836.725757216055,-111.78064374320172
23.414891489840095,305.6731900074565,836.731814828672,-100.56536622096033
23.2859471326167,305.07372618406123,836.7748758085436,-88.85583113093614
23.158279615655378,304.4553687944687,836.8610488606535,-76.84942836859949
23.03459639794106,303.82881026596897,836.9952559688204,-64.75949976781797
22.917394865048312,303.204887307708,837.1810863314888,-52.79840188812355
22.808801389778438,302.5936873720356,837.4208708243466,-41.160518448889206
22.710464537719577,302.0037826596075,837.7159184233502,-30.008216270561434
23.11275226747616,296.8431712899679,841.6504066702128,-123.86176856245609
23.004941055664524,296.57605632623483,841.4811077696513,-113.42688504976715
22.895295539988105,296.29349553983855,841.3337396440077,-102.46433957589105
22.786136381741294,295.9998887260982,841.2166004749141,-91.15475120702533
22.67981738245743,295.7002829412472,841.1372824850673,-79.69965705647112
22.578552274004565,295.39997582600427,841.1022229538823,-68.30569884595985
22.48426434945754,295.1040758152388,841.1164557337261,-57.16787065478809
22.39848036339953,294.8170971443337,841.1835729907564,-46.454690335870936
22.867342706237928,291.51642773386357,844.5100013546129,-130.73932987011975
22.77183282350698,291.4201026702261,844.2608133857589,-120.78387486060387
22.676439844831503,291.34014964868476,844.0352538128516,-110.29213991715756
22.586498977901112,291.3154228221691,843.8588258470738,-99.44024458657313
22.506193404575416,291.372168273185,843.7502950273565,-88.42774329557156
22.433927353486105,291.47247652249087,843.6987118796269,-77.45419177496007
22.368295024566656,291.58251521169046,843.6941497526502,-66.71012948469496
22.30938084647193,291.68870503258114,843.7345216969945,-56.364691898290204
26.471491275953046,426.95727506043414,770.1890609364234,61.22802916566721
26.104462611485015,418.6999580815219,775.4918336823016,74.87072322775623
25.735021647174232,410.5068391434866,780.5737096863777,87.93574013987694
25.37270952530551,402.53271481865175,785.4089890345388,100.28107464136433
25.025759603985644,394.904091458364,789.9845793374644,111.80584353768695
24.70068447974065,387.7137238177531,794.2993933124371,122.45112563647558
24.402116312208783,381.0195583854384,798.3630850639554,132.19739751177735
24.13285773505101,374.84731310531225,802.19411192142,141.0592912166529
25.743821623657063,402.4489250352669,784.561012185136,21.46584285954239
25.408286195636705,396.2199275830672,788.1050692211994,36.177155627916704
25.07678319876507,390.0069834145998,791.6250255406478,50.511819122228474
24.755790512168858,383.9174583684444,795.0845026085341,64.26927136119332
24.451020429720383,378.0447826397614,798.4551596036843,77.29020718512712
24.16709431381848,372.46272480747,801.7180523098419,89.46256872051303
23.907365260176697,367.2224383388857,804.8639866618619,100.72251314582513
23.673887748363242,362.3523218307814,807.8928257078103,111.05088337412792
24.74028910522143,373.3552607637986,800.1781938722922,-21.27012239569376
24.468123302981358,369.29785755366436,802.2333362769762,-6.560950580794582
24.199564319197645,365.1997212469003,804.3550241453543,8.088242781153156
23.93961597437324,361.13116730939294,806.5179324019907,22.437032959869953
23.692770912135437,357.15746378754915,808.698740381883,36.273645804585556
23.462754578684905,353.3341589936407,810.8781659642833,49.427919203676936
23.25236542013043,349.70383864014667,813.0423756888697,61.77879379707136
23.063419677902935,346.2946709589114,815.1835400890036,73.25587715448955
23.660482528939447,345.16320925815626,814.6651168273085,-59.9210497396173
23.45725744415425,342.85421794816875,815.6733307715125,-46.1507699610346
23.255193933544916,340.4864302952351,816.760681623377,-32.150240690486754
23.05827011293446,338.1004568016859,817.9173588773225,-18.162421588424024
22.87018030768796,335.73651426520433,819.1324437823514,-4.420645795517004
22.69410769631356,333.4312908991581,820.395280222469,8.868718364535198
22.532563824777196,331.21533465666033,821.6967520315313,21.539705829831718
22.387310242199966,329.11137215347884,823.0301919535871,33.474423920673814
22.7325287799421,322.55643415257333,826.2048229608308,-89.7208645017069
22.582558456717003,321.36201344225043,826.577906356154,-77.23581333268592
22.432050104263862,320.1207479481108,827.0114651587969,-64.33817133734516
22.284117199610144,318.8534346092704,827.5062462320707,-51.25034653226368
22.141763492000646,317.5819103110557,828.0613661121674,-38.20098341252154
22.00768070210745,316.32728858204615,828.6747867230473,-25.40681419791153
21.884090906790153,315.1082956361449,829.3439606295944,-13.056239286383885
21.7726525136946,313.93999334541496,830.066469808865,-1.2973381831345705
22.066509172153477,307.02205716146983,834.222332541153,-109.81022178282592
21.950014487042097,306.4369056161498,834.2479541793452,-98.45258022889405
21.832198146761577,305.8227549540015,834.3126873568949,-86.59541889545909
21.71555143400949,305.1895296492855,834.4225374479583,-74.43801251330154
21.602551373714967,304.54814888798626,834.58229405363,-62.19544212771888
21.49548470757394,303.90964894607316,834.7954126824538,-50.081476177651126
21.39630067692596,303.28427368712977,835.064117851294,-38.29144789590728
21.306513028902206,302.68069925318247,835.3896619241233,-26.98814893051241
21.646778840204245,297.48313796009126,839.2146308520362,-122.04231593188817
21.549160867985886,297.2076643637606,839.0609558159041,-111.47084454414806
21.449920889249245,296.91656642911585,838.9313130045765,-100.36544941318695
21.35117177991988,296.61444707532974,838.8339946162596,-88.90852712994578
21.25505976487015,296.3065899744589,838.7765649736111,-77.30333300796218
21.163609416121044,295.9985734957465,838.7654423249201,-65.7579824728661
21.078590940020582,295.69586485570875,838.8056931822259,-54.46855623143901
21.001431082676593,295.40349908975907,838.9010526843163,-43.604208901678646
21.454152709525268,292.6488126438248,842.3632744907993,-129.04921560814637
21.386037774235387,292.76480253179943,842.2231874315728,-118.98664407770431
21.317458120890638,292.8910448041317,842.1042847220374,-108.38453247078868
21.24960350261733,293.021105498078,842.0117799471482,-97.4156268927218
21.183843268307747,293.1502317387452,841.9511991315856,-86.27584510207436
21.121527831599952,293.2745669508955,841.9275239391771,-75.16892842097269
21.063855361378508,293.3909452018255,841.9447753043339,-64.28973897337656
21.01178699414864,293.49686951421194,842.0058824590694,-53.80906600473733
57.28442606286363,386.9749454756007,889.2500644758156,-23.31029064831722
56.6074170556367,380.45023807143053,893.2799491944002,-11.099992061046109
55.92649381108299,373.9828370753048,897.1234443802526,0.6968092824950389
55.259965675746166,367.6907752454282,900.7570106822202,11.922173962139823
54.62414759296741,361.673692044684,904.1672605798452,22.45145227760318
54.032433779612084,356.0077888975108,907.3503248565846,32.19713003211467
53.49481985787191,350.74389137861,910.3107458021356,41.109226551167396
53.01783583628968,345.9083513207713,913.0599436715099,49.172589777014096
56.95092423226884,367.14212493957245,901.0732889979708,-55.223862751516336
56.24106693679199,362.38435758799454,903.6173119226403,-42.181850742539325
55.543205096818035,357.61226530520105,906.1369647187306,-29.382463148651
54.87136177963337,352.9124268878054,908.6024912370924,-17.029613379711122
54.23798370654705,348.3632637720414,910.9896584098449,-5.295845540401572
53.65324537859067,344.0298160059636,913.2808504884164,5.6860434154855
53.12465020530898,339.96049478696324,915.465458097396,15.82679272828932
52.6569309744577,336.1860363025499,917.5395442714092,25.07998153625141
56.252103995888525,344.0136964342252,913.6051641192294,-89.47312184064064
55.57496297376131,341.02103610493435,914.9315400215961,-76.4987836665127
54.91004449113396,337.96933862462487,916.3014320370355,-63.5005460917766
54.27006615288701,334.9144726717008,917.6963251632117,-50.711200521506385
53.66630970524514,331.9108970797611,919.0981948592007,-38.34503702993186
53.10801118048475,329.00751992470555,920.4909765792645,-26.583754581983243
52.601999094562466,326.244426159934,921.8617169841249,-15.566821388964343
52.15259615150874,323.6509379195442,923.2012290091573,-5.387273308057104
55.33668863786103,321.83561221121766,924.8355893831076,-120.30953195669383
54.730909830829006,320.20595287174916,925.3503949523973,-108.17313023757723
54.13008843646806,318.5149090223517,925.9112717835205,-95.77378105466485
53.54616183468459,316.79287394459664,926.512730098366,-83.34105386843467
52.99004538805058,315.0718070035948,927.1478022054132,-71.1038195297674
52.47094720328114,313.38262707913555,927.8087731147484,-59.272800829750736
51.995927214273244,311.7528235522055,928.4880109379803,-48.02610110259661
51.56971634341737,310.2046301484539,929.1787117237482,-37.499497085321934
54.46364041842707,304.1574571258995,933.4518281116023,-143.91887506161788
53.92948208807882,303.3753560424399,933.5054856334209,-132.88449455927105
53.39300877417234,302.55083553354115,933.5854976290728,-121.4417768058961
52.865080520021976,301.6980161228727,933.6940423614632,-109.7992745553882
52.356027419583405,300.8328872392008,933.8319579707638,-98.17868357034516
51.874920031303915,299.97203037929773,933.9987327547208,-86.79760213348672
51.42902345696204,299.13123341421897,934.1927022915539,-75.85276749316637
51.02350984944458,298.3242763011618,934.4114123216575,-65.50682767223762
53.79985143524306,292.0560064769826,939.2416255822963,-159.7100746730314
53.31839409598237,291.73035757884725,939.0583793175917,-149.62400555684601
52.8297456491979,291.3813749793482,938.882740503429,-139.06340024684144
52.343693174626964,291.0146149812283,938.7200932142571,-128.21555106399217
51.86986132341415,290.63692743640047,938.5751159221363,-117.28894516168373
51.41697925741997,290.25594467539577,938.4513608880765,-106.49741083049156
50.992282764071454,289.87942944197073,938.3510081008661,-96.04313528422807
50.60114693325267,289.51462501019745,938.2748503000417,-86.1018509169995
53.36649181770955,284.64165361758097,942.7530240853064,-169.2536540787379
52.91796619910005,284.5455684291622,942.4534889054041,-159.82046239230556
52.459457736112256,284.438805566569,942.1492663062284,-149.88813513008094
51.99995973534271,284.32278086315137,941.8468367101693,-139.62925139219502
51.54851760157126,284.1996298074662,941.5524670776358,-129.24154115301067
51.11351262312707,284.0720773153014,941.2716118262072,-118.93339382268121
50.70204869795838,283.94320499504005,941.0084367063678,-108.90740688610842
50.319539039199356,283.81616566141264,940.765561910883,-99.34495636402673
53.10849245343332,280.41678617928943,944.7340837849104,-174.63588367503345
52.67885167960723,280.4343765888984,944.3780223475974,-165.59719809065493
52.237738437035524,280.4484830005777,944.0102768614737,-156.05148578058905
51.793644591779376,280.45853064376735,943.6376513149115,-146.16249906236914
51.355231660433326,280.4642912637673,943.2670328848167,-136.12118913208144
50.93062786130706,280.4659300813609,942.9047143144617,-126.1319684010989
50.52681081836096,280.4639875858188,942.5558052912058,-116.39670590108886
50.1491732360978,280.4593021466097,942.2238468557347,-107.099175589178
49.60856284930958,396.3859329168178,881.6423843345046,-9.117748289014315
48.99091904082805,389.4708455729245,885.9339395333765,3.6904522961717277
48.3697893280316,382.6084856660162,890.0316572155593,16.056155009379353
47.76176019761074,375.9254319354743,893.913103910492,27.818077471888486
47.18152975235451,369.52823571065494,897.5663027098044,38.85020751963944
46.64108967344383,363.4980886377624,900.9890193859195,49.065450488375234
46.14932352704159,357.8888629738188,904.1875982150564,58.41570435056508
45.71197499817558,352.72820293961263,907.1753572230728,66.88876758690701
49.07003278465115,375.5624745826337,894.1802557951607,-42.613960319243375
48.44228714932453,370.4622456587427,896.8961200598809,-28.91923471857463
47.82494909572778,365.34948133344125,899.5924749734461,-15.491100548364187
47.230365874035485,360.31609297252686,902.2391334494121,-2.538997964498577
46.66948666791325,355.44484736544575,904.8117001587127,9.761318859419646
46.15125301226462,350.80390810234206,907.292703590621,21.276061182034994
45.682252019969184,346.44352001620103,909.6719909441489,31.916906305580923
45.266633704041816,342.3950474193694,911.946352229786,41.639879417988624
48.156060432816254,351.13727975192546,907.5071814222235,-78.55971397086415
47.57716673223028,347.8830917961602,908.9280314317398,-64.91454256111157
47.008910826739495,344.5707083548535,910.4032764177367,-51.25847127515334
46.462107854324394,341.25991236417616,911.914106080595,-37.83201891407131
45.94636295499996,338.00844015635477,913.4421602422485,-24.854970275041893
45.46955238782226,334.86761742896505,914.9711119981572,-12.512042278218388
45.03751742263281,331.87900890402176,916.4879088878857,-0.94338249393806
44.65397820879544,329.07251150789773,917.9834640148581,9.75927827029156
47.053418519051284,327.6059969356589,919.524240844315,-110.96966833268439
46.55291896713221,325.79807893680453,920.0742546726856,-98.1769107797275
46.057201498875294,323.9272474634068,920.6823370529568,-85.12149927851797
45.57612256944064,322.0267824967611,921.3435776965084,-72.04215291250927
45.11868440155408,320.13117087653484,922.0512959172197,-59.17491737601867
44.69248919686926,318.27334061066153,922.7978734653451,-46.73541067910867
44.303379937765534,316.4821467141129,923.5756884207349,-34.90412117091958
43.95529445997667,314.78052760876415,924.3779458348286,-23.816894313657684
46.041596265169396,308.7778530062391,928.8210882790147,-135.84910489996028
45.613389311344164,307.8806494526288,928.8693579660337,-124.18909413780821
45.18433500110864,306.9385167699608,928.9546222920301,-112.1104918329639
44.763199509638234,305.967515631652,929.0804720709858,-99.83113514807397
44.35830079425739,304.9854628460331,929.2488040099875,-87.58081430431267
43.97692982717457,304.0104778579819,929.4598200119281,-75.58312454229275
43.62493123846296,303.05950462743556,929.7122979791028,-64.03849747417149
43.30647826709534,302.1470362307657,930.0040316125971,-53.11083435890771
45.28728590476456,295.8502548552589,935.1203818000088,-152.54049554710775
44.91001751049493,295.44905701727527,934.9069623789469,-141.86027649949324
44.52825228699301,295.0220972651082,934.7098899796324,-130.68818448175338
44.149773041532875,294.5762177360971,934.5364884059022,-119.2203772205757
43.78220176377212,294.1195402173906,934.3930576806326,-107.67354127558721
43.43242791494586,293.6608260859799,934.2843920166619,-96.26797719856884
43.106156813472566,293.2087436361219,934.2135523258303,-85.2102900983366
42.80763003646539,292.77115552421895,934.1818975215381,-74.67823844481873
44.80056449053616,287.9122060511628,938.967552804816,-162.6570040861531
44.454312735258114,287.76280895008944,938.6240264457172,-152.65395451967865
44.10152067811321,287.60067780846964,938.2830250405993,-142.1303803755862
43.74927358080386,287.4281326322838,937.9532368261614,-131.26714157923942
43.404660166291436,287.24823307628054,937.6428752657005,-120.26993040596838
43.07422175655651,287.0645586800133,937.358979653206,-109.3537810390873
42.76348911854414,286.8809024630594,937.1069073045934,-98.72599609060129
42.47667464720842,286.7009349092153,936.8900978676868,-88.57038789520828
44.51370616366114,283.3821230170796,941.1510726178706,-168.37834482239458
44.18496080088834,283.35827997780984,940.7437021374064,-158.78600823363118
43.84859389885241,283.32921063297965,940.3308555175452,-148.66298136209272
43.51126169467914,283.2950443280592,939.9216753538072,-138.18098346542266
43.179711311628594,283.2562844407877,939.5251667759983,-127.53868094225447
42.860244697560184,283.21378761120604,939.1494002138015,-116.94706853866003
42.55825554610745,283.1686860785276,938.8008667719188,-106.61289085089652
42.27790651918485,283.12226327201313,938.4840903019542,-96.72252756571046
43.979558124708326,403.77978405118694,874.1615500558411,2.8059133709581516
43.41183144897464,396.56097036051057,878.6826583348295,16.080339516102185
42.840543054307055,389.38978734278925,883.002580442312,28.88793788669247
42.28088681263473,382.39989189653176,887.0995651995552,41.065501509137235
41.74627209544382,375.7035653075663,890.9626036379404,52.48670123155354
41.24759029575041,369.3861427651221,894.5906677954644,63.06550653453665
40.792865574330946,363.50403682172214,897.9915075514483,72.75596706961332
40.3872467269167,358.0860119056293,901.1799871856706,81.54875261407184
43.32414734961422,382.14404794719326,887.197618893031,-31.97368726822782
42.76032779183493,376.77399946298476,890.0779516156203,-17.76885361287745
42.205365642159535,371.3928799933632,892.9410755550919,-3.8507449960064832
41.670315543284666,366.09679450449096,895.75611886445,9.567487869675318
41.164979930274185,360.9719040074665,898.4983118709335,22.308251031589464
40.697361719531116,356.0887875705859,901.1501551935138,34.23765396598273
40.27335382378697,351.49907975423974,903.7018173092827,45.26873855276452
39.89666674388377,347.23458148044875,906.1507170578341,55.359997589137464
42.29672899200958,356.6599284784546,901.0770682804055,-69.29425023671206
41.790550870751275,353.1991708121604,902.6064624667747,-55.12419240788856
41.29345490336798,349.6813762257993,904.1976003585817,-40.95453971720656
40.81485657980877,346.16934510754174,905.8309152193463,-27.031368635048665
40.36313289137274,342.7232895101979,907.4873785671789,-13.578147473968102
39.945169442060646,339.3963254568473,909.1501924625111,-0.7813303403065106
39.566090353463125,336.2310696657225,910.8061025704535,11.219000604306643
39.22917858260281,333.25776757716454,912.4461065994353,22.332669481261888
41.104267577890184,332.0289848489331,913.6498919985163,-102.98613176272548
40.67903447346826,330.08113333603984,914.2642645196499,-89.67971020074111
40.25800651924252,328.0696327394208,914.9455636864378,-76.11177524984691
39.849544773084716,326.0299685663808,915.6886811969865,-62.5277391242372
39.46129402354344,323.99853798324045,916.4866161723023,-49.16878242391323
39.099724282170605,322.0097477951624,917.3314186280975,-36.2537803232853
38.769827117254934,320.09342572256276,918.2152248928809,-23.964535606612657
38.474989520277155,318.2729705197676,919.1311527354907,-12.436442692920593
40.031969518379015,312.26952894752344,923.4417387198023,-128.91152879461114
39.677797157132424,311.2832941297124,923.5224565612166,-116.76266861089371
39.323322313908754,310.25051347658973,923.6485940207322,-104.1878020879816
38.975827544390945,309.1887298536033,923.8241677268763,-91.41169408105438
38.64222148576426,308.11712702870386,924.0512837973516,-78.66997998454391
38.32856568244345,307.0549609612213,924.3302029270981,-66.19050066291439
38.03973191191326,306.0200038449618,924.6596948893065,-54.17606988020728
37.77921733108829,305.0272364990655,925.0375535992753,-42.79111176541471
39.24146832822147,298.6737176540153,930.1240996063964,-146.3559511199772
38.93597265926859,298.2154137170757,929.9224313170942,-135.2129430109464
38.62735735530266,297.729732137674,929.7444898645929,-123.56483767731334
38.321993398140584,297.22448955562214,929.5984646083123,-111.61450259716858
38.026108846665814,296.70874370855165,929.491293288604,-99.5845081574904
37.74533389730511,296.19208323738434,929.4282051755267,-87.69985782833803
37.484337281253126,295.6838222392633,929.4125389850441,-76.17015403293087
37.24660329841825,295.1922518343531,929.4458371692534,-65.17433465483566
38.735077385606765,290.31192946390576,934.2327087204551,-156.96160070085003
38.45867617277295,290.12336235934976,933.8886191723523,-146.51632621199977
38.1776196630124,289.9207134686578,933.5534955466223,-135.53393494305095
37.897651050739384,289.7069738341398,933.2371371796982,-124.20151426388068
37.624503698987986,289.4858754433393,932.9486691611156,-112.73057771502917
37.36346316375806,289.2616103596196,932.6958257451479,-101.34094517628199
37.11900098173951,289.03847255860046,932.4844638140792,-90.24319742433272
36.89453240997503,288.8204883371308,932.3183718506494,-79.62269157036283
38.438592380475384,285.5346448439161,936.5800054335899,-162.97983560135182
38.1783995418125,285.4812016360255,936.1650393132287,-152.95917750947106
37.91274988854097,285.4214243540961,935.7503906279851,-142.38937311275546
37.647008281637895,285.35595384589715,935.3464436841336,-131.4480421136033
37.38659807482635,285.2858158430522,934.9632685486736,-120.33947293519856
37.136578310845024,285.2123553119181,934.6097896456747,-109.2795239273419
36.90127812870798,285.13711223937406,934.2931390605445,-98.47824288992183
36.68404660696984,285.0616728589698,934.0183047101558,-88.1237720907196
39.68042868867195,409.73746177002903,867.1439312567372,12.935743640815303
39.15387676751947,402.2732952597958,871.8654197274808,26.586508023225804
38.62356278264994,394.85140043722816,876.3789458636941,39.74965686149034
38.10355532618416,387.6115109458123,880.6631621068711,52.26083122101592
37.60623270364995,380.6708375552347,884.7077231497792,63.99388096847069
37.14161334483966,374.1182886542911,888.5124948804746,74.86407363274424
36.71704741625942,368.0125069910569,892.0863212515158,84.82757397112769
36.3372183671381,362.3832389230212,895.445323458546,93.87775382883731
38.961848489157475,387.4364395535098,880.5667640162471,-22.93881702179911
38.44796536011451,381.84684988163275,883.5964186480415,-8.320478985604126
37.94163118699053,376.2471018850057,886.6099157601896,5.9942020401979335
37.45289591728908,370.7367595553414,889.5756217070493,19.7893586140832
36.99067345309145,365.40479452200844,892.4683064890529,32.88621422892396
36.562240300663035,360.32379078717975,895.2703454026948,45.15111130210596
36.172951968590084,355.54654147336083,897.9721196153343,56.4984995217543
35.826177428534976,351.10521532384763,900.5715628554398,66.88915049696722
37.8806245328456,361.07777961818203,894.8781967155587,-61.43703561164705
37.42894700748783,357.44941903123004,896.5128166816905,-46.84142748260493
36.98504092706828,353.76497272020254,898.214450486654,-32.25541503197698
36.55727545634317,350.0896628063327,899.9626513674089,-17.929375322869788
36.15311102420429,346.48568517135305,901.7376424385072,-4.089547395998636
35.778693736567064,343.00758711453443,903.522104763824,9.076418697474878
35.43861080573529,339.69882168077686,905.3025492621571,21.428693265154777
35.13581516528545,336.5899033968533,907.0700344887564,32.87854107042733
36.652953232278456,335.53604055329305,907.8899583220722,-96.22810559989924
36.282420016795164,333.47588678339963,908.574208552875,-82.50687154146968
35.91548222396914,331.3515570003523,909.3321200121479,-68.52463038763457
35.559410586989216,329.2002776820701,910.1581074761284,-54.5320099163022
35.22086445547873,327.0599479557021,911.0446515074516,-40.77415845862285
34.905493999997205,324.96613205452206,911.9833457217331,-27.47242374253247
34.617674483638226,322.9494133442352,912.9660194588121,-14.809537515064534
34.360393006902086,321.0335403741081,913.9856820972267,-2.9204213832658468
35.56213447659274,315.0053048356138,918.0763377269651,-123.04841236225928
35.2606304432457,313.9488510249303,918.2009283349311,-110.50724766649773
34.959002623378055,312.8446336552517,918.3775908980953,-97.53344583736396
34.66346782120067,311.7113546076902,918.6103473988693,-84.35719714136215
34.37992641524877,310.5692479861739,918.9011744509692,-71.21858539282297
34.113566437556344,309.4384463444832,919.2501499092348,-58.34873511188741
33.86857046017987,308.3373545597262,919.6558831545128,-45.95226391858898
33.64795748047924,307.28132076046313,920.1160932397352,-34.1939410038629
34.76324353393561,300.856737403595,925.0657001188918,-141.1342107419603
34.50812652800182,300.35440532507323,924.8907528208583,-129.62208848660225
34.25065008290621,299.8235024729963,924.7455593835936,-117.59357728145952
33.99617536869033,299.2725866822249,924.6386614912029,-105.25663186819548
33.74994376903249,298.7114293289697,924.5771996786169,-92.83838956093243
33.516698577441645,298.15024237500603,924.5664951934746,-80.56743865090775
33.3003825339513,297.5988239020065,924.6099252101967,-68.65566805115296
33.10395168663046,297.0657825088009,924.7090735427771,-57.28289163048072
34.25349894373093,292.1449290451915,929.3839336098604,-152.15350173094544
34.02575151487973,291.92694224186533,929.0562467913308,-141.3570876899104
33.794463168535515,291.69390914368296,928.7429415624179,-130.00958587752422
33.56442121143409,291.4493237069828,928.4543740711277,-118.30281983852069
33.34040225629933,291.1974182906393,928.2000845780618,-106.45273861077874
33.126811893725574,290.9428377796096,927.9880948899229,-94.68281218696993
32.92738387281411,290.6902437687064,927.8244591509482,-83.20611828912618
32.7449810072037,290.44392095672873,927.7131186086408,-72.20917620154535
33.95600006862596,287.16385355775117,931.8617600336731,-158.41984240737457
33.743364351033016,287.0887481094265,931.4572959263683,-148.05993764579614
33.52658315629267,287.0065453781173,931.0581351848217,-137.1354747930749
33.310102600456595,286.91826244431616,930.6753281769271,-125.82850881527807
33.09841377824203,286.82530850257285,930.3194831318199,-114.34771103020032
32.89570550377891,286.7293800836392,929.9999295470152,-102.91247780429842
32.705567746314536,286.6323119415906,929.7241001943992,-91.73546399917169
32.53078705712025,286.53590553965734,929.4972141448793,-81.00611716853473
36.288984733838454,414.64828510267625,860.6862724329163,21.637884901475886
35.796737479621584,406.9812834560846,865.5838929179384,35.59905976751874
35.30052046527791,399.35119628023887,870.2674170870234,49.05452556394553
34.813478472313356,391.9030622652751,874.715707965449,61.83924818556649
34.34714896987841,384.7584024121282,878.9188667998891,73.82752544023506
33.91084324218399,378.00926212750767,882.8774228647483,84.93599025476442
33.51136750613142,371.71624135488196,886.6010815725773,95.12284667619615
33.153034328027985,365.90998638599444,890.1069895246117,104.38392368430021
35.53826914918268,391.7941657469533,874.427926101311,-15.190954181040155
35.06429955641671,386.0220894649178,877.5917997121635,-0.2300011006641398
34.596812191846034,380.24035701611035,880.7398883005037,14.412785515719037
34.1450579881806,374.55146663780266,883.83977846893,28.519444446108878
33.71724391111976,369.04677643439965,886.8657406048978,41.91041163173455
33.32006838084572,363.8005785901178,889.7999628876096,54.45242345907313
32.958458632611496,358.866659728534,892.6329556069447,66.06129172950023
32.635510643972914,354.27751569717657,895.3630667575989,76.6998505153315
34.43622336973255,364.70059803462965,889.0972572221663,-54.716320303984446
34.026635587232605,360.9333610157414,890.829672258253,-39.767925044080215
33.62375736688039,357.11078651298834,892.6330496463796,-24.83677465327628
33.2351506961366,353.3000935054196,894.4860390522072,-10.1767035551633
32.86756850387392,349.56511459381517,896.3681050876783,3.98386808181246
32.5265847936322,345.96157849794344,898.2613994282532,17.456416048371608
32.2163693990807,342.5336284786977,900.1521822420201,30.101433672560745
31.93961598606246,339.311999976901,902.031545429887,41.83148642237967
33.202337741857804,338.391099143302,902.4739970484438,-90.46324998024718
32.87290897964905,336.23881052050376,903.2266061166804,-76.39922212022825
32.546538604765736,334.0219249946801,904.0581711309569,-62.07434011764005
32.22967354271979,331.77906992081694,904.9625141049337,-47.74338508645485
31.928231339729212,329.54936449371644,905.9315247432363,-33.654714523334405
31.647244279200482,327.36930889843035,906.956299321419,-20.03164313142463
31.390621801490763,325.27009579545523,908.0283388132941,-7.057606654436796
31.161046552511287,323.27575294647386,909.1405322517942,5.132917645061667
32.114599956857546,317.2107397966451,912.9887162810405,-118.05721295763956
31.85189123714139,316.0975423883456,913.1598450193567,-105.1935056780068
31.589097227310898,314.9356095307051,913.3884185436032,-91.89124999490957
31.331641120944035,313.7445636461764,913.6782525840722,-78.38493623412054
31.084676848497985,312.54548105993916,914.0310375954118,-64.91826483530338
30.852745247061534,311.3591895526877,914.4465582864768,-51.724973191724615
30.63951829249253,310.2045953556786,914.9231959121873,-39.01111358814495
30.447659528763612,309.0973354697601,915.458558512435,-26.941707094322027
31.321375611599834,302.59759947710586,920.2330126500178,-136.69331137899007
31.102884910574126,302.0603721552801,920.0901450153692,-124.87915154341837
30.882492637428562,301.49364070546227,919.9820068580314,-112.53882356892828
30.664815266268878,300.9065450820855,919.9172196486804,-99.8843257638535
30.454369354628014,300.3094155413084,919.9029002141647,-87.14643210770578
30.25524829563291,299.71295079783175,919.944289108855,-74.55658882780793
30.070863342639576,299.12732551429855,920.0446823473155,-62.328505827270874
29.903783346641244,298.56139372068316,920.2056318535456,-50.64268467448875
30.81647081046001,293.59231635090896,924.7243197347894,-148.06423136868332
30.623824752670412,293.3515391671933,924.4200251509234,-136.98143862931968
30.42835020124941,293.09498404642545,924.1346654666231,-125.33561573831685
30.23413276786009,292.82653301381,923.8788468338037,-113.32232585193657
30.045249833184698,292.55080317207285,923.662256572044,-101.16102987218312
29.865465858407447,292.2727863708926,923.4929881320342,-89.07809343842777
29.697977946351006,291.9974247160674,923.3771338551642,-77.28857533981667
29.545247008066593,291.7291987960251,923.3186826402368,-65.97990954308196
30.522312663404364,288.44092725004055,927.3088258600012,-154.5388581469191
30.343847941238025,288.3494460582053,926.9228422947505,-143.90277041025888
30.162092277139397,288.25031207936337,926.5464140301833,-132.68904537800213
29.98081916123987,288.14482864867057,926.1909335857197,-121.08325066643889
29.80383976652053,288.0346938842352,925.8672542317111,-109.29744525686323
29.634711128778594,287.92187001519494,925.5848696237199,-97.55389422041745
29.47648712596502,287.8084120290692,925.3513279198183,-86.06729009084768
29.331546511321445,287.6962810416066,925.1719518816291,-75.02810435155882
33.54278955561906,418.77548922360387,854.7864015951368,29.19304450520154
33.079568656043335,410.93817755822937,859.8404061420873,43.4142072675247
32.61219275315969,403.1325533651056,864.6747396081287,57.113718345603814
32.15303412241226,395.50832815333706,869.2683427059284,70.12618823785874
31.712930900851127,388.19082473723506,873.6116110517348,82.32651809667055
31.300609333044907,381.27486231401633,877.7055730120994,93.63271079649023
30.92242818264288,374.82278167379474,881.5606242805716,104.00488744565064
30.5823971072528,368.86604513538515,885.1947645323014,113.44111685157907
32.777787859199805,395.4523358336821,868.7988999456006,-8.475398136638233
32.336500084532325,389.52620562816156,872.0838400387872,6.773821403077989
31.90082593631185,383.5906567916931,875.3529251120324,21.692214620230374
31.479364658488148,377.7507050174757,878.5729720442266,36.060185184036726
31.07974666797807,372.099759922382,881.7177412034197,49.69765258466748
30.708198793733132,366.7135856201124,884.7692004704645,62.471837539529034
30.36929828958319,361.64682519842563,887.7179339416809,74.29985319272214
30.06591858695625,356.93227421411297,890.5626273086809,85.14638242497544
31.673168613760286,367.73075499667345,883.773577567023,-48.903795368610446
31.297061537367703,363.8465377911118,885.5961350648631,-33.65820469768249
30.926805601075625,359.90759081550914,887.4926670841326,-18.436437152535206
30.569321537741104,355.9828083642003,889.4409349315963,-3.495161625084222
30.230799424117325,352.1373959803436,891.4196630948868,10.93545309303525
29.916356937891777,348.4280727836476,893.4104854283319,24.666239584424403
29.629829455778253,344.8995593695207,895.3994087616768,37.558055362875564
29.37370094774114,341.5827735112277,897.377539008895,49.52464814326058
30.44849618413918,340.76444187521406,897.4625417716602,-85.48833652192033
30.15097687528087,338.5351603281863,898.2800811954523,-71.13600970904628
29.856063743301707,336.2409293467197,899.1808249879346,-56.522830178551146
29.569563819200418,333.9215449947849,900.1579590308538,-41.907056854835986
29.29681662288536,331.6171321492461,901.2027604098654,-27.53966674241633
29.04237251034336,329.36496309579456,902.3058212190649,-13.645567845851872
28.809776214962366,327.1967310964719,903.4583116843272,-0.4087313793716305
28.60147011301004,325.1366902796605,904.6529953184656,12.036790825572353
29.37498739016047,319.02941447690284,908.258196365661,-113.75686336952626
29.14183527332402,317.86937243759587,908.4754344631292,-100.6226919722269
28.90858205682205,316.65979727570885,908.7545365250263,-87.04479282521734
28.680041810803356,315.4210642704501,909.0990022160245,-73.26119775350088
28.460796019827296,314.17493718221573,909.5101571471298,-59.518580709211136
28.254888988532283,312.94280994228484,909.9874416038597,-46.05281890045194
28.065600116380125,311.743995589094,910.5289775631067,-33.07112504243247
27.895318235273656,310.5943635659956,911.1322432613974,-20.738696081963127
28.594568567013546,304.02068074876456,915.7201795942112,-132.87003700260718
28.40362687364867,303.4551034646921,915.6109053734301,-120.80335840173242
28.211080358482587,302.85926761283014,915.5405256635586,-108.20205786061359
28.020979015449644,302.2427823950443,915.517587974932,-95.28144640898859
27.837288925660985,301.6164276592599,915.5490611956127,-82.2752775766674
27.66361014067098,300.99129280369834,915.6400124479572,-69.41733627262579
27.502950047828207,300.37785378720673,915.7935923168386,-56.9228149545861
27.357582274048227,299.7851598039299,916.0112792538063,-44.97275932857852
28.098664273796114,294.76618226764487,920.3586821130107,-144.54386903155444
27.932215784949104,294.5072535981738,920.0804694126754,-133.2221573746642
27.76342394600841,294.2319714106474,919.8250548230019,-121.32715781014156
27.595843507606947,293.9445259429307,919.603116720559,-109.0574837400768
27.43302393202705,293.64983919788693,919.4243371962057,-96.6354634224557
27.278246085490863,293.35317733069076,919.2967602874102,-84.28982623823393
27.134302116184607,293.05970349705296,919.2264271051231,-72.23724302634307
27.0033489031428,292.7740517513628,919.2173128637387,-60.6658798107357
27.810117207067602,289.47087992473826,923.0334697282517,-151.1965412016747
27.657050993673767,289.36668501858094,922.6693750688539,-140.33032140228104
27.501285043924288,289.2544268540269,922.3184835805546,-128.87524400513325
27.346086161251453,289.13563683551024,921.9923419698866,-117.01983159716883
27.194753747728647,289.0122395708748,921.7018802804477,-104.97880806101878
27.050370316798773,288.88640693709755,921.4566194659976,-92.97680934323608
26.915586912853005,288.76036647001496,921.2641180811852,-81.2301852009889
26.79247516954996,288.63620309622877,921.1297277871597,-69.93022894020544
31.2709895006193,422.30053315509673,849.4038854367036,35.81741766532211
30.832667720941163,414.3182907313703,854.5979634238802,50.25929420553885
30.390035204587043,406.36270123241525,859.5672799000386,64.1653332696537
29.954807695723918,398.5876250955216,864.2907621698898,77.37000874228686
29.53723126727515,391.12175974560006,868.7589939486832,89.74891937673128
29.14554070335601,384.0624124788027,872.9733818448931,101.22138427191157
28.78571874739501,377.47346782199804,876.9448876230274,111.74933396638397
28.461523391233282,371.3871360018001,880.6922326634563,121.33287118633939
30.50221803602459,398.57294137886015,863.6512922662005,-2.595655514840928
30.088234077314453,392.51500414399106,867.045964538883,12.899365703259463
29.67915122186357,386.44770964289347,870.424416379501,28.052368437869433
29.283026343447798,380.4782586103553,873.7527206562781,42.64245991931307
28.90700991417862,374.70184322761236,877.0041343628764,56.489233931666206
28.556936118972963,369.19550875805305,880.1603902469644,69.46044365761396
28.237090960843297,364.01464932942235,883.2121090753394,81.47442099800823
27.950161507159358,359.1923169405364,886.1582602244789,92.49754679662101
29.405272592502314,370.30709452597426,878.8918582695837,-43.82388323938969
29.05645856152569,366.32293141213506,880.7973585331525,-28.32443398017972
28.71279665624544,362.2845472463953,882.7791629142323,-12.854601055998216
28.380685715439213,358.26226247456543,884.8141784373934,2.326585468727501
28.065856964820586,354.3224505102597,886.880421641778,16.987534048943076
27.77305512392412,350.52267171064057,888.9590304086976,30.93860371527296
27.505841101451935,346.9081352305421,891.0357638462151,44.041038492479174
27.26652545576964,343.5099101381806,893.1017294282211,56.209666564938345
28.19800507814045,342.77171123212497,892.8533552818969,-81.14806452206889
27.925939680809268,340.47706169162,893.731791734731,-66.54958847254645
27.656105597508443,338.11717119201194,894.6969036913621,-51.69027376309646
27.393798554075392,335.732820402116,895.7412325495974,-36.83130519810001
27.14389572030888,333.36497981864056,896.8554481080697,-22.2258477173759
26.91056113927779,331.051569213932,898.0296488812269,-8.10011924032517
26.697046053143826,328.8246995399156,899.2546821576236,5.361501440147663
26.505598033806823,326.70881076068235,900.5231855516927,18.025372552938308
27.144346061023207,320.5573473076129,903.8942645249465,-110.00983027783315
26.934364840217597,319.35792604147775,904.1558313486773,-96.64510262231914
26.724247385848273,318.1083051472262,904.482958617109,-82.83215049273232
26.518327499165594,316.8294879299983,904.8787748882972,-68.81198532088032
26.32073523820908,315.54381044629264,905.3442056978838,-54.83377528298152
26.13512287155728,314.2731367733495,905.8783268967657,-41.13518216340691
25.964458988715492,313.0371164097247,906.4789899122153,-27.924370797576756
25.810913719675103,311.8518092462979,907.1435346247658,-15.36665390092395
26.38020558043536,305.2077479343317,911.5459982132196,-129.54076390239226
26.2105978270006,304.61865181328284,911.4699967336754,-117.25916456457077
26.039590010247696,303.9986762089279,911.4364279077197,-104.43567547566619
25.87078867538954,303.35781223818714,911.4536763197041,-91.28830582109967
25.707730212506597,302.7072112362463,911.5284959686167,-78.05333346016872
25.553629143955096,302.05828334330187,911.6657317342763,-64.96649764608478
25.41117666303252,301.42175110013596,911.8683550657456,-52.244220131739866
25.282414305203044,300.80682243025313,912.137747489794,-40.067980718221634
25.895295655299545,295.7391499958582,916.3125001252797,-141.47870701273825
25.748981576986008,295.4654285253756,916.0609317807628,-129.95393164147717
25.600671638460852,295.1748905747116,915.8354786212312,-117.84700387638324
25.453508184601596,294.8719779011178,915.646786841916,-105.35909043320964
25.3106308991736,294.56186105915,915.504446122699,-92.71491899840686
25.17494524574361,294.25002957237456,915.4163830399923,-80.14519365424366
25.04892860880698,293.9418263062579,915.3885371410161,-67.8679250508159
24.934500771037936,293.642009632606,915.4248338521356,-56.07187469272375
25.613502949011835,290.3213774907938,919.0659261319148,-148.28596078807607
25.479888459433756,290.2071913792905,918.7248703582786,-137.224315319905
25.344006967437053,290.08467552074643,918.4001986915662,-125.56417166621799
25.20873423071867,289.95556082160294,918.1035051228309,-113.4964494529037
25.076976168562595,289.821977108088,917.8457094263075,-101.23818623979994
24.95145075987333,289.6862915061233,917.6362921890538,-89.01598207384973
24.834500280846697,289.5509027287132,917.482776210818,-77.04757867590601
24.727961484446926,289.4180323074198,917.3905141376788,-65.5249592433477
29.35800458639002,425.3522268288045,844.4869841245924,41.677908973602285
28.941293172497094,417.24515031159916,849.8074591637574,56.309456838264126
28.520144682569576,409.1599236424947,854.8985031004468,70.39242330381593
28.105708802610362,401.25410928320804,859.7389722023688,83.76131063428133
27.707723705411517,393.6594322598626,864.3195612048103,96.2924520771652
27.3340028861441,386.47541900234154,868.6419701782166,107.90645463981429
26.990210163614922,379.7673606042339,872.7176291504499,118.56691117480139
26.679890499853798,373.56814861400994,876.565880150632,128.27578386436858
28.591781770724925,401.27117587275,858.9414192449398,2.5994665271999224
28.200988879027786,395.0991127974388,862.4360126195489,18.30660160607934
27.814507316955016,388.9176367706567,865.9138266624174,33.6617155964737
27.43993475133544,382.83586344161654,869.340223520432,48.44287676312791
27.08401527243617,376.9505493806091,872.6879726344079,62.46948872337143
26.752250562202242,371.3398656623966,875.9385676189074,75.60985854396904
26.44867995345611,366.05986816039,879.0826416613888,87.78346021552585
26.175832613280186,361.1438375739714,882.1194055936252,98.9582206045329
27.50826640258435,372.5280544472705,874.4171421838046,-39.34233603539553
27.18215334829477,368.4574298996541,876.3989917752335,-23.623379958802815
26.860617523695733,364.3330204508868,878.4589706839602,-7.939228017076175
26.549624478891474,360.2263762195151,880.5731742508603,7.449094753882207
26.254523828906283,356.2048765100949,882.7189490710109,22.30882323174123
25.97974937996576,352.3268048632594,884.8769633581992,36.44996832886255
25.728632427823694,348.63778854743833,887.0327383277709,49.734169453788326
25.50333734220648,345.16902059519765,889.1773755105924,62.07725391537829
26.32260562978957,344.4941710011248,888.6201406189808,-77.32452340729182
26.071307277689566,342.1432613706743,889.5553528889664,-62.51314613488469
25.821929767386738,339.72686885373196,890.5801237783272,-47.44100420273452
25.579351278462322,337.28661595982686,891.6863615675165,-32.37178219145176
25.348070900233953,334.86419466202557,892.864147768569,-17.560499947246626
25.131936061088865,332.4980755206838,894.1031065883603,-3.2344672984148986
24.93395657238853,330.2207228073532,895.3937753081266,10.421626205803307
24.75621867853113,328.0567308787382,896.7286681114409,23.274533544729195
25.29140259841645,321.8611083358713,899.8783498826235,-106.7122028318951
25.100026422304534,320.62807052448215,900.1818935397861,-93.14818674869716
24.908474175131705,319.3442683043037,900.5541378361352,-79.13205054680199
24.720692316744508,318.03123768381124,900.9978163500405,-64.90735651547519
24.540446576993496,316.71179914975073,901.513443546582,-50.72540023011862
24.37107233618625,315.4082136867773,902.0997280336475,-36.825355384165334
24.215286228159233,314.14041361007935,902.7542504204357,-23.416178734303116
24.075080145261932,312.9246172851897,903.474209733002,-10.663252867228294
24.545017019992247,306.21465308374655,907.6979741032821,-126.61220243327176
24.39234302024875,305.60570390579534,907.6540463522788,-114.14500520250527
24.238416618288216,304.9653498133843,907.6555961115799,-101.12954916788675
24.086490500619284,304.3039065902082,907.7107987367231,-87.78622026970581
23.93975720888512,303.6328357200572,907.826157509129,-74.35342862486081
23.801122662529373,302.9638157179025,908.0062712414081,-61.0685755189584
23.673024405479197,302.30777481543845,908.2539160313117,-48.149118536208846
23.55731700562185,301.6740525323515,908.570363810775,-35.7768871856772
24.071906718287075,296.5602069329153,912.5775716895391,-138.78273842926228
23.941459278326885,296.27420364656166,912.3521486019353,-127.0826960656787
23.809275460809,295.9710086010468,912.1557252737009,-114.79278897082881
23.67816991217215,295.6552748703968,911.9988547048451,-102.11636650082195
23.550956808232133,295.3323822447102,911.8909853385162,-89.28020513954948
23.43024330334725,295.00800899551507,911.8398896834397,-76.51669114976784
23.31825633620369,294.68765087551066,911.8513792093428,-64.0449700535236
23.216726505325976,294.3761733853124,911.9293099258523,-52.054296802084735
23.797463543353967,291.038620359179,915.4014763823669,-145.72597724749
23.679167974750523,290.91690815892554,915.0836511719381,-134.49582464295474
23.558955633620087,290.78693778732173,914.7851309586355,-122.65884891659456
23.43940677023614,290.65076367194376,914.517565820833,-110.40805790967613
23.323140033016283,290.5109548748289,914.2919391902318,-97.96253682040134
23.212627785627713,290.37051739108125,914.1178787782821,-85.55069435938395
23.11004785447658,290.23288069617325,914.0032709407922,-73.39171588821094
23.017209351017417,290.1021378949745,913.9542999899786,-61.67870206880468
70.11118684969792,370.75173342962614,974.8464996480245,-68.43287490218327
69.2239912435087,365.017781856585,978.2955220701136,-56.30848004650134
68.33196906104861,359.31543679873107,981.5712059158204,-44.51549104732247
67.45752244497872,353.7506218058031,984.6510435502837,-33.226373066251696
66.62075618642496,348.4155466166364,987.5216226439957,-22.583764047954688
65.83826805863698,343.3834963489625,990.1779602640531,-12.69470434287227
65.12248444670921,338.7062174923532,992.6224696632513,-3.628408803483836
64.48151767273191,334.41384061536723,994.863638457012,4.582541955728956
69.98061258860534,352.9042297992622,984.7979996365907,-96.5859477838531
69.03390693250863,348.7725622475493,986.960203565342,-83.76840511872996
68.10054964639589,344.6058396448213,989.08975722755,-71.11998155845184
67.1987577946198,340.4826447111698,991.1594970994452,-58.8534706191716
66.34470540534151,336.47637496044814,993.147019585246,-47.15498478880208
65.55159384372881,332.65007759337163,995.0355881401485,-36.17387764340134
64.82911381302347,329.0528803581712,996.8144726987016,-26.017095708655106
64.18330909485188,325.71835304550103,998.4787302501459,-16.74814801483835
69.465192395602,332.20117523483754,995.1262544807062,-126.80977278803373
68.53601315016073,329.6383066551264,996.257049587065,-114.10048910671883
67.6198469201372,327.0072582217313,997.4121453851612,-101.31397069921661
66.73394662861915,324.35797440020673,998.574374562523,-88.68686526965276
65.8936194038653,321.74079116050564,999.7270422110748,-76.44230863379124
65.11135950215345,319.20248705489865,1000.8551142043749,-64.77469417274298
64.39633524400058,316.7829286934393,1001.9461730242906,-53.83846474167186
63.75425579180552,314.5128193961173,1002.991018353099,-43.74221773131586
68.67434209420438,312.3832945325557,1004.1625205981104,-154.031941040544
67.81542821775759,311.0215109981762,1004.6237244412907,-142.10729359955502
66.95973619332977,309.597288381142,1005.1105099288095,-129.88617027777815
66.12393400940019,308.1368915281097,1005.6164317731499,-117.59993495028006
65.32328583839653,306.66905576668,1006.1340617188259,-105.48371100976343
64.57064277556827,305.22263146070406,1006.6555307326828,-93.75835054828812
63.87579136663386,303.8242635302601,1007.1731627323879,-82.61481864891222
63.24519067754987,302.49646169319016,1007.6800766137632,-72.20302294122591
67.86582377934982,296.57750036477785,1010.9440283681217,-174.88491829620966
67.08567491843763,295.9630226707744,1011.0333309371784,-163.96697950131266
66.2987283706195,295.308181333635,1011.1318898920863,-152.6188224465651
65.52050118388064,294.6243468299156,1011.239138278605,-141.051090063677
64.76578759762216,293.92514753334774,1011.3537699361173,-129.49138741194562
64.04756457544455,293.2254141866737,1011.4737170905939,-118.1667687497772
63.37616915294368,292.53991689641066,1011.5962513455589,-107.28613354728384
62.75886815300986,291.882156134732,1011.718226830312,-97.02575855166856
67.22973911680856,285.7427679568444,1015.4285740815848,-188.84747497235801
66.51072362315121,285.53321663958843,1015.3291187302171,-178.7891241495263
65.77800802475303,285.3031476201529,1015.2240134293172,-168.23862491395062
65.04583685312203,285.05615224945956,1015.1149479820745,-157.38633830808658
64.32825710060258,284.7972639653296,1015.0034245456277,-146.44726139860245
63.638003552647035,284.5326265946307,1014.8904542107773,-135.64501153570762
62.98558526869012,284.26896818733934,1014.7763224023295,-125.19414242435275
62.37872658481342,284.0130007501215,1014.6605147632571,-115.28421476670968
66.80853045603554,279.0954295960268,1018.1264365600172,-197.30548625643024
66.12884316424609,279.0911630040238,1017.9342880536433,-187.83779043424292
65.43141505476676,279.07915803135757,1017.7269083352157,-177.85400034879495
64.72951250285418,279.0592463732981,1017.5066741770756,-167.5305426738097
64.03651958614154,279.03202051184076,1017.2761652408204,-157.0722797302944
63.36483788672497,278.9988542853934,1017.0377539123928,-146.69788597736073
62.72493984066243,278.9617897243091,1016.7932117756882,-136.62274534979946
62.12473246672556,278.9233183679379,1016.54344330012,-127.04245529884851
66.55793124372144,275.30327320415023,1019.6493189223532,-202.0979747963977
65.90109796220625,275.4013924035664,1019.4115698248725,-192.9879474322355
65.22432297730643,275.4989798814881,1019.1531690951573,-183.35349414016554
64.54024384095771,275.5940552280201,1018.8766569022398,-173.3626508075286
63.86179348089285,275.6849747152178,1018.5850044966246,-163.2138934881379
63.20111285008436,275.7706135438271,1018.2811603265701,-153.12227494280233
62.568591332879805,275.8504625591113,1017.9675821970116,-143.30278682652997
61.97219276812092,275.92462478573196,1017.6458727989918,-133.95375811790575
59.09601376856005,383.5370493508009,966.9929131119019,-50.22468295414214
58.30640790995491,377.2541218787392,970.7308154934593,-37.255422659821164
57.513491968972104,370.9984024923261,974.2869616151951,-24.65414887310054
56.737350283573114,364.8867635171627,977.641656021002,-12.600156449650356
55.9958817485499,359.020358517401,980.7844859817994,-1.2401727074217774
55.303759767055105,353.47899889074654,983.7134761703029,9.317293670935541
54.67189108833048,348.31846492899734,986.4339393610603,19.003842307975674
54.10733261466013,343.5706403445498,988.9570564543013,27.7895152046449
58.668360241104445,364.3634779976771,978.1781553575979,-80.59195763055222
57.85000420625196,359.7637096206579,980.4725675999557,-66.84280819147615
57.04452660678348,355.12884983984577,982.7455574772646,-53.29294436572292
56.267661786353095,350.54493106565195,984.9708614245601,-40.1649866518929
55.533339260446645,346.09158690713394,987.1269521843585,-27.651688198580473
54.852902627321164,341.83651282727726,989.1979591133291,-15.905826792005627
54.2346647383667,337.83175197598183,991.1740196296244,-5.03483879710592
53.68380343092808,334.11213165206493,993.0510409018221,4.899694878077753
57.837594278937594,341.94832866872594,989.867177567443,-113.20747372975235
57.05939005311502,339.03371775493537,991.0001882749793,-99.53978829070404
56.29414629349536,336.0486623650808,992.1764325031754,-85.80854250739695
55.55624501848361,333.04865402761425,993.3805295724039,-72.2632009907389
54.85840692117825,330.08886730475643,994.5970237070933,-59.13677821719902
54.21099303986207,327.21985321099106,995.8116494141183,-46.6300913806441
53.6216020444176,324.4840109383849,997.0124042305963,-34.900567805036644
53.0949711878065,321.9133284434661,998.1902495350596,-24.05672706968417
56.770483198270895,320.347327947953,1000.2134330829056,-142.65600866660995
56.072991571172174,318.74676594394725,1000.5858200309476,-129.8010919736755
55.3807504567173,317.07904265612416,1001.0016168335085,-116.64447007851616
54.70732294794858,315.3743851779191,1001.4579006879737,-103.43175328659353
54.06504460611673,313.6651703599496,1001.9499690251257,-90.41002541009385
53.464254748482006,311.98329631801903,1002.4718594874444,-77.80911373331125
52.912800232261525,310.3576466617879,1003.0170467423638,-65.8254778003932
52.415848892129425,308.8120863342201,1003.5791680561058,-54.61112665257687
55.75691331025201,303.02230273031955,1008.0886364615083,-165.3039428065428
55.13975453676262,302.2521219551172,1008.0338677903733,-153.5105711094498
54.520097617939264,301.4364429719111,1008.0016199969136,-141.2669176894056
53.91036926622872,300.58924830314055,1007.9961138278167,-128.79742125080674
53.32231412837247,299.7267330971101,1008.0201389256442,-116.34234755876571
52.766152501271485,298.86599758215254,1008.074819840409,-104.13894353779159
52.24997842302746,298.0236178617019,1008.1596672749054,-92.40328151988007
51.77945020226673,297.21432356884515,1008.2728667210145,-81.31543949090172
54.98682434979611,291.0929349108091,1013.3659297528516,-180.53293529974144
54.428801982760675,290.778633653886,1013.0924185423972,-169.65341659952296
53.8630390110005,290.4393576059937,1012.8220948581076,-158.2524351377148
53.3008361786405,290.0804354280047,1012.562056516118,-146.53307046199023
52.7532197586978,289.7086869697351,1012.3187240041498,-134.7226493563206
52.230088863387174,289.3319102414628,1012.0972094890783,-123.05526717257081
51.73954930853744,288.95821989635414,1011.9009144735049,-111.75340991226017
51.287513272304025,288.5953415942659,1011.731410328636,-101.01141797896346
54.48561908693048,283.75039970168575,1016.5729263917062,-189.79047154745282
53.964561058634736,283.6696108248065,1016.1915011961214,-179.54207710331644
53.432729649379134,283.5774005239074,1015.8005910356562,-168.7433175571451
52.90059113328129,283.47485075599246,1015.408213158794,-157.58227865440398
52.37858053309378,283.3638767232882,1015.0222674260979,-146.2755497397927
51.87626588121025,283.247117599263,1014.6497439627668,-135.05223293062193
51.401652446352095,283.12770720509155,1014.2960762631992,-124.13585377442425
50.96073126232263,283.0089694915064,1013.9647669860279,-113.72724583250383
54.19004803994705,279.5529173827062,1018.3951720012064,-195.0485388379606
53.69012810299724,279.58944599384125,1017.9605947486455,-185.1835835797535
53.1777904420981,279.62230319284157,1017.5092501923777,-174.75731117042756
52.662977084935235,279.6505090172297,1017.0493971412734,-163.9488270256975
52.15573286341525,279.6734927887452,1016.5895102756713,-152.96785981034438
51.66538333628666,279.69117309782314,1016.1374193767045,-142.03967104642595
51.19983105994083,279.7039586638698,1015.6995483536925,-131.38748797518804
50.765075299885346,279.7126673565793,1015.2803975092054,-121.21503831725283
51.29156815790278,393.47196683405684,957.8878804219257,-34.53427468594545
50.582531645226865,386.7605741037962,961.8999673932439,-20.9117253213835
49.870235349468444,380.0711582166381,965.7217816800076,-7.688602059733043
49.17285900790608,373.5298177590456,969.3355163224528,4.951699766295988
48.50652992471417,367.2452166671445,972.7328609265758,16.860623654669936
47.884409587204644,361.3026203514463,975.9140469057913,27.929879341421582
47.316234492418154,355.7611596223792,978.8866284980586,38.092976971332206
46.808270954865826,350.6541808745357,981.6639934928015,47.32308294267651
50.69056362466822,373.24929927346426,969.926741059659,-66.69210376564406
49.97246047467698,368.27662571121226,972.3817973043984,-52.22100471336307
49.265691605861,363.2696026978912,974.8228291118884,-37.975540656180556
48.58406231111741,358.32018039727717,977.2235266325645,-24.184835262911918
47.93979107648362,353.51287647168505,979.5624660456064,-11.045521030035758
47.3428287921281,348.91895527513094,981.8240711309636,1.28827706349972
46.80047268695937,344.592618351773,983.9989848232375,12.709988059093973
46.317277799392826,340.5695194247998,986.0838072353629,23.16063068664222
49.68342085186686,349.456145411108,982.5532013005301,-101.23934021212494
49.01890373423647,346.25841098091917,983.7526330127675,-86.82853625171508
48.366000016840104,342.98987686930224,985.0098109095157,-72.3675373711403
47.73693911727446,339.7103797955765,986.3096187579267,-58.114808371909675
47.14254139928772,336.4787801392512,987.6366149247149,-44.309838020523785
46.5916338197129,333.34841525332394,988.9764285541778,-31.157170828278794
46.09071136692657,330.36345914879394,990.3169534907856,-18.815322999720053
45.64385110703573,327.5566816445431,991.6491238596857,-7.391643661818364
48.46870503536025,326.4070955404734,993.8110140518585,-132.48827993954154
47.889971166702814,324.61428352377567,994.1818714731146,-118.91217238380452
47.316589940476014,322.7518023617185,994.6112153391903,-105.0328674478987
46.75980762294187,320.85300305383436,995.0975394832324,-91.10620435071917
46.22983848059299,318.953062623189,995.6370493561019,-77.3875550548608
45.73524523748892,317.08613887177603,996.2242632263459,-64.11253049687997
45.28254051955965,315.28270028312863,996.8528334434218,-51.480663906297906
44.87603721461741,313.56748562502736,997.5163930663939,-39.64448102744561
47.34979091448988,307.84225311554906,1002.4625453480605,-156.59304673964314
46.85087382460264,306.94799498619795,1002.3625609130327,-144.12144445852763
46.351186723229596,306.0050725965798,1002.2978387737384,-131.1862408182032
45.86084137771618,305.02955278653536,1002.2750085294946,-118.02199573817745
45.38936374489524,304.03961178644045,1002.2987340281182,-104.87788957634376
44.94502939447403,303.0540530417154,1002.3714545065654,-91.99807846948073
44.53439320949551,302.09075077959375,1002.4934910337827,-79.60306920903105
44.162050407732664,301.1652640713458,1002.6634345021087,-67.87480209724993
46.51264162251783,295.01661956852615,1008.3144683952354,-172.85480537081986
46.07047351911638,294.6205310925564,1007.9703132571617,-161.33976212106225
45.623507799304654,294.1966340204371,1007.6394209302565,-149.28243516289027
45.180822663078146,293.75164612249904,1007.3318753159883,-136.8953977289694
44.75123125730209,293.29375918749633,1007.0566256046407,-124.41467648132169
44.34262338929702,292.832012803945,1006.8207548810742,-112.08164657362929
43.96144967015203,292.37552214141186,1006.6290512121615,-100.12389639633906
43.61241846046117,291.9327094863068,1006.4839408391974,-88.73843518171577
45.97197508390195,287.10349770181665,1011.8966526542993,-182.76717895317324
45.56455853044969,286.9645134149331,1011.4307971184599,-171.91527674808427
45.15006269271431,286.81179229832253,1010.9635486588397,-160.4881023657903
44.73682405765694,286.6474046129744,1010.5061793927455,-148.68245438116867
44.333108195335655,286.4742754655076,1010.0694842595626,-136.72334314810175
43.94646317615497,286.29598169169606,1009.6628244775585,-124.84710789258156
43.583188433816396,286.1164402930213,1009.2934068376787,-113.28262032114338
43.24799558133582,285.9395479253379,1008.9659196124669,-102.23378055464204
45.65438284186294,282.5728023640708,1013.9419178780397,-188.4077714096439
45.26659942137146,282.5636654921663,1013.4157063070447,-177.95972865944054
44.87051463333064,282.5489327858592,1012.8795861358842,-166.92333792115392
44.47400842212116,282.52840418188845,1012.3451912612816,-155.48592343992837
44.084993386704305,282.50231798736985,1011.8240743513282,-143.86530123365057
43.710782707398536,282.47135833991405,1011.326657824553,-132.29395929166918
43.35755274526468,282.4365835466538,1010.8613617368776,-121.00044754681196
43.02998675167706,282.399301143446,1010.4340754592334,-110.1917684798174
45.52364987741631,401.37351752682093,948.7700086771476,-21.091693313221626
44.879641979313845,394.3231439354133,953.0350937201533,-6.954268241466977
44.2319647931651,387.28888590430955,957.1014081382122,6.756805795340725
43.59726502863165,380.404703392248,960.9523605202381,19.855700080461204
42.990264900595236,373.78565372786784,964.5810880432584,32.19329331344588
42.42294104637053,367.52164067162767,967.9894331149603,43.66235577676531
41.90412559724076,361.67467266984283,971.186680027454,54.19870292723256
41.43947752523035,356.27934431166403,974.188016650919,63.77872148421298
44.824574277326036,380.3005944373762,961.4337433973964,-54.737448889601964
44.18394472190618,375.02840363936656,964.0564089210811,-39.69562814321263
43.55300402191444,369.7226110740945,966.6694192593977,-24.90202395377875
42.94407462267003,364.47993698359574,969.2459073422503,-10.590196793905108
42.36807154181262,359.3888127877351,971.7641376908816,3.04092972679814
41.833891585311136,354.52333263872583,974.2085144778932,15.836959913425943
41.34806731444926,349.93937491668765,976.5699717000098,27.6927626163982
40.91468704350602,345.67318548775484,978.8456841818842,38.552091752828986
43.72514363866275,355.37764201885585,974.7435126736034,-90.88605979068305
43.14556106141477,351.9514526722332,976.0398636573472,-75.88749075570894
42.57606093122554,348.45484944254684,977.4045042444573,-60.850656113363414
42.02727302206551,344.9510933230611,978.8217870828803,-46.0405553377515
41.50861941280199,341.50190423058274,980.2756867500983,-31.701116177769705
41.02780728033068,338.16273619797465,981.7513307927359,-18.039114111274586
40.590531540379786,334.97906118830974,983.2362991320036,-5.213230000107075
40.20039459344556,331.98415424336724,984.721449360824,6.670745253392056
42.44062626702976,331.1369787550075,986.6706689697206,-123.62513669460748
41.94841222263265,329.18974653275336,987.0863788335357,-109.47912141556972
41.46105137266403,327.1714392836473,987.5723474554679,-95.02976047694565
40.988095917780825,325.1178663434275,988.1273115143576,-80.5405033004073
40.538229076660166,323.06636755208035,988.7474330059418,-66.27268521910437
40.11874582956388,321.05280737648224,989.4270202845422,-52.465844381698844
39.73521695703577,319.1088111521948,990.1594775122794,-39.32129751583258
39.39135982203222,317.2597075697896,990.9382501343393,-26.99137655232056
41.27699463987688,311.55160268753747,995.9007835978057,-148.9352746045713
40.862735925958106,310.55899437637254,995.810756701166,-135.9285820940794
40.44836529467021,309.5156326577859,995.7666575842004,-122.44850538420826
40.04231394938467,308.4392274197482,995.7761142761215,-108.73727885878111
39.65251810679366,307.3494742992705,995.8444244398095,-95.05055367068323
39.285880886538905,306.26646400786257,995.9743611004736,-81.63738956325145
38.94788463364377,305.2090236155076,996.1663668219571,-68.72119876894814
38.64239504470115,304.1932918783708,996.4190422598671,-56.48481951679082
40.413858536551956,297.98857685925566,1002.1876159103276,-166.05219516200287
40.0537253935499,297.52903212562666,1001.8321214193529,-154.0366657578006
39.69032015110056,297.0397633785342,1001.4989694551462,-141.46299649514404
39.33110687555902,296.5285644028083,1001.199718769618,-128.550865462421
38.98332134429497,296.00467593298515,1000.9444593204867,-115.54277974920905
38.65344036866472,295.47806530947105,1000.7410715101796,-102.68531928776653
38.34676746897722,294.9585791248187,1000.5948431494448,-90.20954494437547
38.06718994118719,294.45513138700437,1000.508478189442,-78.31402761434808
39.85882338925493,289.606172651805,1006.0571922860591,-176.50746557197388
39.53134842107667,289.423218299782,1005.5679653850794,-165.18104611009042
39.19885643197257,289.2249817565215,1005.0851622660302,-153.26013397907857
38.86813911145644,289.0142880749636,1004.6217823783334,-140.94809897587402
38.54591583299672,288.7948197835691,1004.1900578937984,-128.47618458579987
38.238317201104266,288.57084458651985,1003.80044822901,-116.0859518529401
37.950463147213824,288.34684517985204,1003.4609288341773,-104.00996459620637
37.686194784265446,288.12712070481655,1003.1766782671959,-92.45401899064657
39.53351383062621,284.80148456467157,1008.2746704092752,-182.46556391538465
39.2243230110003,284.7587306958918,1007.7186081609996,-171.55958663941072
38.90919614775822,284.70913027859245,1007.1596443003803,-160.044297056843
38.59451712730275,284.65306801117737,1006.6112626801655,-148.11317935508632
38.286680399532436,284.59138042447546,1006.086613039092,-135.9901550522236
37.99158662659938,284.5253041288703,1005.5973850991795,-123.91277659768804
37.714220708109764,284.4563614708823,1005.152929846112,-112.11338528725906
37.45837117576975,284.3862005490491,1004.7597623996048,-100.80103378253679
41.10024465563142,407.80270889103934,940.1244634331626,-9.523945865381222
40.50898798363799,400.4792097189257,944.6199128109686,5.028063503518183
39.91355858612497,393.1656123431097,948.9083746280951,19.13046769956071
39.32936151461925,386.0026616409789,952.9740160524134,32.59602423502095
38.769991434310555,379.110937471149,956.8109700542667,45.27575122275219
38.24648215764855,372.5843627439585,960.4222680160105,57.06386072994745
37.76694973453936,366.4874432573174,963.818547780623,67.89859287521082
37.336578275554864,360.85590134116654,967.0164762086762,77.75939355490385
40.347489956507594,386.0261468117328,953.2725247305516,-44.43428240892217
39.767541900049814,380.5096402888735,956.0586211734774,-28.931195982464686
39.19581743563807,374.96004318540633,958.8373858755042,-13.69572322773908
38.64348337709109,369.4780101835443,961.5811494685624,1.035417974302078
38.12044143198962,364.15518683862814,964.2676588376862,15.061944866293999
37.63477057046586,359.0679798081503,966.8811321971466,28.229746982942913
37.19240990597502,354.27362098973293,969.4126647980788,40.43534428585929
36.79708641692185,349.8088294323195,971.8599106321974,51.625103317618425
39.20445357891357,360.1603057591387,967.1113497006631,-81.94074552297783
38.68941033394165,356.5473548796524,968.515670517259,-66.46660386496185
38.183068848685316,352.8646115163751,969.9959008242806,-50.96462642009254
37.69484811915782,349.1780873295593,971.5354879278939,-35.70474589026364
37.2331157130566,345.55177651711375,973.1175605422955,-20.934072054706007
36.80473582309421,342.04279317688514,974.7265845770921,-6.8607560442970055
36.41480074596594,338.69760002955593,976.3497503509625,6.356805805467133
36.0665538078214,335.5498198845513,977.9778297864884,18.614464904488386
37.894422856554534,334.92397676331086,979.560525663009,-115.94031820710518
37.46635301519839,332.85125823318174,980.0425528428182,-101.33343730451165
37.04251915395277,330.70662228683994,980.6039149109918,-86.42360618003534
36.63121295964621,328.5278299594112,981.2429844306773,-71.480084944737
36.23998736867707,326.35393012904603,981.955419964109,-56.768709744859365
35.87520470029182,324.22211250952665,982.7350085463665,-42.531824528262774
35.54174435985111,322.1648786515131,983.5747327875433,-28.971818554436084
35.2428865663673,320.2079763479342,984.4677938619648,-16.24052095931671
36.7202058627339,314.4874346931154,989.2471605643495,-142.26815731654708
36.36757511178487,313.4159485410571,989.1946111170125,-128.8294136623912
36.01505746895166,312.29223121539457,989.196622450706,-114.90965077802218
35.669847461223846,311.13529045394046,989.2610451316966,-100.75701860971006
35.33872309988425,309.96601702450147,989.3931704730842,-86.63215682078663
35.02759155801667,308.80549457441003,989.5956192714902,-72.78774566160163
34.74116068465667,307.67327226120034,989.8686363676422,-59.44921232745091
34.482771066771946,306.5859119493124,990.2106667241388,-46.79980163724508
35.85410247488748,300.3107519451728,995.8809743544491,-160.1063727136987
35.55296161609148,299.801308028475,995.5447548517338,-147.68739449051205
35.24940009533817,299.260760788656,995.2385581267972,-134.6976350770142
34.94970172579179,298.6977413202078,994.9745609423644,-121.3622207431201
34.6599602139969,298.1223032855253,994.7632402899744,-107.92865762756423
34.385635921687424,297.5451230322214,994.6126652478881,-94.64743399902034
34.13121181549303,296.97659762169275,994.5281846295619,-81.75210807789401
33.89999066613927,296.4260019208305,994.5125120692184,-69.44221284705904
35.29875590140944,291.5384672028603,999.9817731313002,-171.01944629765862
35.02834149987315,291.3217700875136,999.5012588013914,-159.31110199784908
34.75414639359188,291.08869080172065,999.0340237298469,-146.99277661981526
34.4818379282857,290.84263427053986,998.5939116114342,-134.27294722258452
34.2170201277882,290.5878587747016,998.1937823202638,-121.38764306614502
33.96480864647726,290.3291515802193,997.8445142235944,-108.58236243957123
33.72948409541273,290.0714154968248,997.5543372092864,-96.09235844631132
33.51427157846244,289.819243094339,997.328581493686,-84.12467174405546
34.97375318611581,286.50643219709264,1002.3386213706024,-177.24534931280485
34.720422493453114,286.4385081677966,1001.7854768326504,-165.97118481313527
34.46260934771958,286.36287011537365,1001.2357406874542,-154.07073958733582
34.20561168911813,286.2803457058583,1000.7038574338959,-141.74239814955268
33.95473019479502,286.1922155392114,1000.2037359447864,-129.21459915424168
33.71485748673188,286.10012631319944,999.7476198274655,-116.72881964882959
33.490132860741284,286.0059394972128,999.3452339722295,-104.52015344111803
33.28371373516572,285.91154875655087,999.0033388715023,-92.79902922666406
37.601919804504675,413.1406383149874,932.1094435366897,0.5097788813542934
37.054025598003456,405.59302050976754,936.8136804377866,15.40234535319226
36.50148588027361,398.04896317225416,941.3031626335105,29.82499547371947
35.95868502438681,390.6551393203637,945.5625079212723,43.58971232495939
35.43829616975969,383.53695666297085,949.5865343659402,56.548055221693005
34.95058875363908,376.79188206045177,953.3791626375141,68.59581283397932
34.50309877452271,370.48661601572695,956.952107965027,79.67362471690552
34.100629129912576,364.6579093719627,960.3232674134408,89.76377935757185
36.821782196519855,390.7714594010106,945.6509720579966,-35.49438587362732
36.290308603445446,385.05230245668326,948.5914709732428,-19.610817180397504
35.765824466340185,379.30030905409126,951.5256497678365,-4.011700104416917
35.25857587443314,373.61943930858104,954.424932503521,11.06393362228394
34.77765788833388,368.104036056769,957.266454892287,25.415008080180996
34.330498417952334,362.83244326009384,960.0341632056518,38.88798393997425
33.9225637698383,357.86302548011446,962.7192324339603,51.38105725113401
33.55729054498989,353.2328833830604,965.3197195361236,62.843054038719615
35.66316894909634,364.10617788135306,959.9205208407375,-74.17301508322785
35.19832901952007,360.3381271580219,961.4339624366776,-58.30596387020452
34.74102617680892,356.5009398308694,963.028887969253,-42.42020677883116
34.2997399851221,352.6628827780407,964.6876845513132,-26.78952896091849
33.88202031760277,348.88980276952293,966.3925395328548,-11.663410648302715
33.494076983781305,345.2401533556217,968.1272078670096,2.749132031829106
33.1405328010022,341.76118128993863,969.8784721768756,16.290202862680843
32.82434856569061,338.48675989564833,971.6370202671862,28.857261399181255
34.35237253846378,338.0256208735361,972.7978351939641,-109.25803199142774
33.973066959697924,335.84931839100557,973.3543271071653,-94.27046151862717
33.59741456149494,333.6005449089363,973.9972221219026,-78.98049802699072
33.23274867714953,331.3186573403309,974.7242362398207,-63.66207632082714
32.88576263513078,329.04408029735606,975.5303145359665,-48.58452687659303
32.562110205340076,326.81506077419357,976.4085948851289,-33.992287210815135
32.266144598752994,324.6647864287468,977.3515775573467,-20.088408129589055
32.00081137359431,322.61931635919507,978.3522092042332,-7.024092128418715
33.186178544950295,316.86927750460325,982.8622676486907,-136.46016359306333
32.87957007427718,315.7334509866967,982.8595552508593,-122.66490240407063
32.57312307862882,314.5442826499536,982.9183956940211,-108.38240714815635
32.27310178003842,313.3218275240801,983.0464520172981,-93.865568391517
31.98541580423853,312.087932913698,983.2486836527862,-79.37897007738025
31.715226990117305,310.8644695500958,983.5273269551026,-65.1780897060475
31.46666362993451,309.67155094225427,983.8822857998407,-51.48982203977073
31.242672337065546,308.5260600320566,984.3117824387225,-38.49755902164631
32.32946286976245,302.17513957061095,989.7854229405582,-154.91697654098655
32.07183712143182,301.62569524739865,989.4831267105369,-142.16555914732143
31.812300668670503,301.04409546685747,989.2172655588395,-128.8328692574191
31.556257617979075,300.4396414538296,989.0001657709917,-115.14846397286487
31.30895244493686,299.8230282553567,988.8422883661403,-101.36379687328076
31.075092104605698,299.2054880631352,988.7515793201698,-87.73240862112817
30.85855212164816,298.5978448556546,988.7332325954592,-74.48974013722028
30.66220222035541,298.0096481167058,988.7898455824194,-61.835944771626345
31.781290679309464,293.0748376924481,994.0801158822142,-166.2223301677273
31.552645360503387,292.83166956744924,993.6241256756991,-154.19964400082446
31.32101192631669,292.57129369772167,993.187274784522,-141.55412621801898
31.091222710246928,292.29756879415066,992.7837526120172,-128.49834249951888
30.868057142373498,292.01520074661744,992.426604437785,-115.27212182518423
30.65588293332193,291.729377966124,992.1267681741919,-102.12404743937427
30.45836333857341,291.44532486763336,991.8924644484575,-89.29142274262796
30.278270445100887,291.16785564959486,991.729006765501,-76.98215036184328
31.460858890666074,287.8519068120849,996.5543488158289,-172.67768059681336
31.248239631106916,287.76468301035686,996.0205153146106,-161.10074989977747
31.032089303967357,287.66911196392107,995.4955713601868,-148.88346696284304
30.816901177229333,287.5663609601005,994.9944114393268,-136.2280578267669
30.607170278863425,287.4580512031764,994.5312433599065,-123.36661886856206
30.407048684019134,287.3461405630252,994.1184789824399,-110.5436800349714
30.220055963976446,287.2327462469602,993.7659258375802,-97.9964422961433
30.04888730046322,287.11994510836365,993.4803955261209,-85.93630949216572
34.764258828540925,417.6500544645652,924.7456385715075,9.289519780336178
34.25254206702618,409.9154217863513,929.6390892421233,24.46680280420952
33.735773629227296,402.1780453484648,934.3105368548925,39.15621939058863
33.227484872879316,394.58982507710834,938.744844996675,53.16940366572099
32.73958302282375,387.28044582640086,942.9372995134202,66.35866734402934
32.28170321898823,380.3505083030582,946.8924965503048,78.62143879871782
31.860904313708783,373.8686903448177,950.6230216675992,89.90062329416966
31.481675861728146,367.8726832021849,954.1478088154961,100.18113147972659
33.972537601210206,394.7743112983389,938.6185053967386,-27.673993715716648
33.480564877298,388.88439563757953,941.7027355020401,-11.470963703847474
32.99455909713877,382.96167805528535,944.7808290317969,4.432835114486721
32.52401705563282,377.11294192364284,947.8232739310874,19.796631886839464
32.07737729795166,371.43483507014236,950.8065609472476,34.418912806941506
31.661537023927544,366.00735322347884,953.7143228143267,48.14686023895652
31.28157769401319,360.889840832807,956.5377611689457,60.88027531645119
30.940696638894806,356.119713527946,959.2752752459855,72.57027345384607
32.81455038130246,367.4218231429448,953.2523300568574,-67.37900369773249
32.389683529116816,363.52296983138706,954.8713412573447,-51.18142509328786
31.971390399765074,359.55559540822446,956.5759863078895,-34.97319234352818
31.567403849617158,355.58985078530105,958.3475487122448,-19.031184480903164
31.184623240432,351.69312368552824,960.1672601867413,-3.6067048956683436
30.828736593686337,347.924974471598,962.0181669684741,11.090682886915431
30.503990647110783,344.33328868132395,963.8866509097029,24.90367990340897
30.21311783656998,340.952132102569,965.7633196560687,37.73125456244631
31.51666965404741,340.61587815361605,966.494284546709,-103.41228609289976
31.17538741314328,338.3527025002943,967.1266132269925,-88.10439213721605
30.837251382302217,336.0166691482527,967.8509494615529,-72.49474436508063
30.508846407453394,333.64845730782775,968.6642199078547,-56.86110067677282
30.196194587311062,331.28962457757024,969.5605749048079,-41.475599819990606
29.904395710270414,328.97928164937184,970.5324641210459,-26.584298149179602
29.637390143702607,326.7511686449796,971.5718956181181,-12.39065975421991
29.397858785381693,324.63158454983835,972.6715686289873,0.9547757873741602
30.368371217647887,318.8428272794834,976.8826381570407,-131.37635694523942
30.09704821232503,317.65360184934906,976.9341991384908,-117.28130351958518
29.825864798306775,316.41016547618744,977.0530460369547,-102.69387044625762
29.560366407326896,315.1334266410453,977.2464393956479,-87.87077586376347
29.30579408813065,313.84601675196865,977.518849676977,-73.07983637623948
29.066735430753244,312.57044520446095,977.8720246109153,-58.57876364143641
28.846871352533984,311.32727853290396,978.3054689920833,-44.595565555762334
28.64884280196354,310.1336513651447,978.8171592961985,-31.31364061482006
29.52740653828282,303.7066943223586,984.0550980100363,-150.37123128047838
29.30274905171223,303.1245494699479,983.7929124651148,-137.3405848616882
29.076506961617316,302.5094149015355,983.5725419914224,-123.71980098655806
28.853411552829098,301.87113583613024,983.4062035860109,-109.74208049705265
28.638058989970208,301.22092536687245,983.3041309692032,-95.66209942828218
28.43458145843758,300.57046205752516,983.2739902111339,-81.7358594548696
28.24639067762217,299.93090998459985,983.3207166714321,-68.20027626556796
28.07602463794056,299.31203417916413,983.4467334392584,-55.25591916781039
28.990198932593117,294.326904525985,988.5174494255527,-162.01741391740725
28.792962274550316,294.0625047980343,988.0931107274607,-149.73095649621897
28.593275269849233,293.7802522634271,987.6929093577935,-136.81078069781805
28.395335037256665,293.48436837005266,987.3310995247293,-123.47280964445864
28.20329510519511,293.1799152699212,987.0206709056083,-109.959974535968
28.020956090647662,292.8723991455514,986.7724314722982,-96.5233526920396
27.851513048269698,292.5672975923795,986.5944576662329,-83.4018696699697
27.697393698468595,292.2695974568771,986.4919618714581,-70.80405358104841
28.67648824258534,288.94177122915465,991.093557871533,-168.67207773808977
28.49435111829678,288.8394004158685,990.5866601758023,-156.84124488120867
28.30933972890987,288.7282050382367,990.0933802207026,-144.358195260806
28.125336805661586,288.60961869758665,989.6287706447733,-131.42820688017983
27.94622811323706,288.4855306667006,989.2070828288831,-118.28639325969564
27.775606299728082,288.35814212682084,988.84068949765,-105.17975434718446
27.616522783183207,288.2297690257687,988.5393275707368,-92.34716462768532
27.471322884919655,288.10262907848363,988.3097587497879,-80.00075224012951
32.4138671622844,421.51622677858404,917.9986026781439,17.037909002771926
31.932765465204678,413.62322347833367,923.0638824415145,32.456844213198735
31.44627569955858,405.7212892279632,927.9004523184003,47.37191806326349
30.96720590464399,397.96699321447113,932.493272685683,61.59467246942394
30.506815890309383,390.49384207571086,936.8379430638115,74.97828902789958
30.074206441880403,383.4052465920478,940.9395780162378,87.42181432739017
29.676035620868383,376.771668947363,944.8114773431964,98.87028698661454
29.316530957941183,370.63167038249685,948.4734595762798,109.3110199989121
31.62018397155249,398.2020143691522,932.1580447461024,-20.77655534056447
31.16098965754543,392.16616637155266,935.3752067330265,-4.3011911553052755
30.706916327036854,386.0973780211922,938.5858966893264,11.86183779730078
30.26683943062905,380.10487969916556,941.7596760505401,27.470423663431916
29.848652705334143,374.2873189858819,944.8723885496764,42.32284392219469
29.458812740234656,368.7261294947354,947.907335966839,56.26705807416991
29.10207962154165,363.4814986919089,950.8557130658189,69.20441725340393
28.781451569741055,358.59112952495116,953.7162111754242,81.08811048916496
30.472190618679814,370.251722591887,947.1086710632878,-61.3907641799976
30.07983122575891,366.2409964375573,948.8276595428964,-44.91081264578955
29.693251019922112,362.16230500455873,950.6354294213363,-28.42738265708263
29.319575776571916,358.0873947810706,952.5121715206096,-12.219882101130054
28.965175694745565,354.08495829441347,954.4381866375975,3.458945822555421
28.635313186218678,350.21548875135903,956.3958380812219,18.399194552079933
28.333926780549398,346.5274045335165,958.3711245558663,32.444197670440815
28.063559977030877,343.0549235095487,960.3545780447487,45.494325406604446
29.19462313390112,342.8151294566336,960.6697490557945,-98.26228661809
28.883684445843244,340.4780238719802,961.3759617437282,-82.68061647486127
28.575462749322924,338.0677736944305,962.1787107308692,-66.7978612348247
28.27594477640508,335.626172130876,963.0740866262256,-50.894973649951254
27.99061584666088,333.19572698851874,964.0554287050322,-35.24640540405352
27.724131832656802,330.81626886391564,965.1145024827897,-20.09950177652317
27.48010094452981,328.5219931599559,966.2428370751161,-5.657984712917312
27.260989383579957,326.33938938194694,967.4328977541015,7.928263352618956
28.0691996566015,320.50742463198173,971.3429464742123,-126.89832649416266
27.825597990030797,319.27317364385124,971.4491691387191,-112.54718167236581
27.582086616614237,317.9839995263038,971.6274456744349,-97.69923806724876
27.34364454865571,316.6615302324431,971.8845330354641,-82.61448447370731
27.11498466764517,315.32904796036394,972.2243427586261,-67.56341059941533
26.900240745337516,314.0095909527512,972.6480956054872,-52.8055608671518
26.702739178413328,312.7240977116253,973.1548813138879,-38.56981629645256
26.524877269957454,311.48990551429654,973.7424279583554,-25.03950529241203
27.247018816330648,304.98924184987635,978.7352833273214,-146.36679976113157
27.047970246970472,304.3798799023355,978.5149906003662,-133.09780552835608
26.847557296947134,303.73684585840175,978.341072327036,-119.2310571347125
26.649984479923955,303.07043467340833,978.2254964573704,-105.00281498103485
26.45934071140702,302.39228619192926,978.1781618476227,-90.67044614575124
26.279308299839812,301.71444512331834,978.2063801032189,-76.49198785181241
26.112935286405683,301.0483527989645,978.3147821358348,-62.70554737370509
25.962498434700905,300.4039478782925,978.5055925810634,-49.51198266391512
26.722518746467713,295.3684845557987,983.3458185975769,-158.31262333591468
26.549504128297276,295.08671014126395,982.9556950703623,-145.80119242578346
26.374421430997,294.78656385657393,982.5939970562039,-132.64667116093383
26.200973159512706,294.47256323045883,982.274885733044,-119.06779823902542
26.032825960459924,294.1500603923575,982.011165374447,-105.31009578265451
25.873339328109324,293.8248193415772,981.8134163342115,-91.62670898336998
25.72534366434814,293.5025221612775,981.6895040148929,-78.2578858053655
25.590997462671307,293.1882933109155,981.6444983057747,-65.41260499349013
26.4165173513169,289.84408809211175,986.0123235213359,-165.14249649794414
26.257793806115743,289.72960335782983,985.5353703372004,-153.09527739157687
26.096669917573266,289.60593232809987,985.0761291570482,-140.3855716238951
25.936555235928864,289.4747274616986,984.6496475471235,-127.2212941066071
25.78086342749796,289.33809649065756,984.2700801546844,-113.84005205226774
25.632753914716186,289.1984391797657,983.949651578397,-100.49089659493362
25.494915258856224,289.0582335238507,983.6979502437134,-87.41407333029508
25.369420833848622,288.91981158017023,983.5216372447516,-74.8222727524631
86.19128052032802,351.13874371052816,1051.7657872569434,-115.0214614695465
85.02361944384633,346.34197109908183,1054.661176903398,-103.3335425339432
83.84785609388663,341.55382070754126,1057.3983166892424,-91.88566913812026
82.69100770225499,336.8660757651105,1059.953067283951,-80.85779826743541
81.57752718449633,332.3613765087443,1062.3097229996447,-70.40482389483901
80.52773431476025,328.108110736563,1064.4604831311672,-60.64915566803367
79.55689936121982,324.15732179525276,1066.4045531168429,-51.67671175938901
78.67499065301197,320.54175586951993,1068.1470073208093,-43.536471629550014
86.25951129593444,335.8070055266117,1059.0807064366531,-138.74181163511307
85.01679189153026,332.39930031724975,1060.993130028844,-126.54420477817305
83.78347288398882,328.9427884896297,1062.8561017626937,-114.4333006627781
82.58295899696265,325.5057833581467,1064.6425322483037,-102.62286147626608
81.43620496495589,322.154304977629,1066.3300722091824,-91.30607193088414
80.3604280747275,318.9472183294603,1067.9018900069573,-80.64409547492961
79.36833523154098,315.9325258383375,1069.3469202748884,-70.75864952217353
78.4678994050143,313.1452343100664,1070.6596473474012,-61.7291181600008
85.93409045106706,318.054290075454,1066.5176873772798,-164.36169332830661
84.70197600611579,315.9850185047699,1067.6502222956688,-152.32836568179584
83.47679976618399,313.8456008467984,1068.7792897441984,-140.1612601560873
82.28133338401256,311.6784174475308,1069.885150580565,-128.09198045333525
81.13608517421166,309.5278743618484,1070.9494744017838,-116.34488688899415
80.05799765495607,307.43682646719645,1071.9563705747705,-105.12110446550045
79.05965582188486,305.4433369932143,1072.8931436497141,-94.58606828596811
78.14902680796125,303.5782235258984,1073.7507079556203,-84.86188366605856
85.27489847187988,301.03864076421024,1072.8527571495902,-187.54384831345752
84.11795891428667,299.9879134150158,1073.4846131294148,-176.23961080695878
82.95513972648357,298.8793534643099,1074.1180968499477,-164.60886305939258
81.80857989263507,297.7341628788851,1074.7408373710873,-152.87570551800547
80.69891645491464,296.57668624631884,1075.3406868409672,-141.27309112976647
79.64381521969288,295.43248149884187,1075.9064046551216,-130.02510600502947
78.65693406248278,294.32619114604347,1076.4282252442067,-119.33049839111881
77.74746203767711,293.27962892232836,1076.8982981637223,-109.3502636163907
84.53147014431275,287.4302991971261,1077.478609908233,-205.35221649631887
83.46466962039023,287.0141514314248,1077.8331300441098,-194.95195914035702
82.37930881309468,286.5639095675116,1078.1815287634097,-184.10867231829724
81.29603013993105,286.0876886487783,1078.5152467535859,-173.02632883572613
80.23490206205884,285.59605615101873,1078.8259248495897,-161.9299154291728
79.21383605175944,285.101291726816,1079.105800232134,-151.0484657608804
78.24733538612494,284.6163520277098,1079.3480049496368,-140.59723553969764
77.34578350116561,284.1537561133991,1079.5468008369555,-130.76229898979537
83.9179229835938,278.07678091293536,1080.4689621686905,-217.2931363443173
82.92341376764573,278.00628667706223,1080.6810648559235,-207.65640739589875
81.90168553681875,277.92133741407775,1080.87953569966,-197.5229546065327
80.8717196008922,277.8232802086119,1081.0572342940445,-187.0779310093953
79.85261520779557,277.714895700138,1081.2073903006603,-176.53446304801085
78.86199809424885,277.60030382259146,1081.3238898511922,-166.11831208483994
77.91465531996977,277.4846374452395,1081.4014309814543,-156.05019830957826
77.02164619922436,277.37356132950964,1081.4356036413392,-146.52918114443605
83.50124243561388,272.3269516392211,1082.2395806049597,-224.53101724339746
82.55409468262354,272.43278750091406,1082.3802243637813,-215.41639698978352
81.5746878769905,272.53649165308485,1082.5024758638713,-205.78431516161203
80.58073198811212,272.63614560214984,1082.5996418195025,-195.80720688022004
79.59046429616413,272.7305029613414,1082.665505433004,-185.68891730231897
78.62108910552028,272.81919964327903,1082.6945849751019,-175.65077365880705
77.68737592547205,272.9028149085065,1082.6822398686033,-165.91457645372262
76.80066608885677,272.9827755173071,1082.6246687896937,-156.6855384297407
83.24997886650664,269.04280331427503,1083.2292687523698,-228.6332834348422
82.33063150856127,269.2370545229239,1083.333977532126,-219.83405114739747
81.37629246437601,269.4360618336488,1083.4176492438005,-210.51013486965178
80.4038564663364,269.6363297953942,1083.47371648217,-200.82635514391293
79.43097556584866,269.8345764043725,1083.4961433039732,-190.98077292073776
78.47452183283359,270.0280798581755,1083.4796752539846,-181.19151535737961
77.54917277436782,270.21493428099046,1083.4199276199101,-171.6802630124663
76.66636800966506,270.3941677871773,1083.3133483371553,-162.6551394904498
70.86491987315263,367.4280540056509,1048.0337679573584,-94.76284749384605
69.83609989966423,361.9372132823387,1051.1324758390956,-81.93788792337152
68.8044654925819,356.45039982113855,1054.0647375771935,-69.39287517706416
67.79422867869593,351.072069457561,1056.81169018064,-57.32016974786429
66.82705617071561,345.89543967513174,1059.3628405959237,-45.883654705619506
65.92075175928996,340.9968144000041,1061.715183889694,-35.211145022675254
65.08853758962827,336.4323117878272,1063.872083288648,-25.39057531808588
64.33890777182519,332.23708594799,1065.8420052265606,-16.47001799880441
70.57467617225556,350.36394459507744,1057.1458204593293,-121.29067257832887
69.50281934475274,346.38943252020147,1059.039596679924,-107.84359392227122
68.44471573788913,342.3612145661514,1060.8998450016968,-94.51402344662758
67.42054172467245,338.3569339238701,1062.7033100612302,-81.53204067157445
66.4481708121789,334.4507395712383,1064.4309314947454,-69.10323868172891
65.54214027994556,330.7078683107384,1066.0684972938268,-57.39688380808445
64.71305851749513,327.18065702029804,1067.6068540517585,-46.53857739458509
63.967465741608805,323.9064152575585,1069.0416996746744,-36.60785772914058
69.86430815203185,330.46181067713707,1066.5052317859288,-149.89838580106897
68.82657978264085,327.97878049543596,1067.445826268496,-136.587740430135
67.80134517041553,325.4172671836621,1068.4049611593514,-123.15141392104857
66.80773985615204,322.826534304994,1069.368766928608,-109.84093968714292
65.86274480485487,320.25729672216386,1070.3236286574474,-96.89710332866619
64.98020483501357,317.7576720828908,1071.257080855547,-84.53313684462306
64.17024948300606,315.3695939957036,1072.1585656719924,-72.92183040656687
63.43914687053634,313.12625187122734,1073.0199651261091,-62.188144896095864
68.8672588762484,311.2634148162115,1074.6091190792208,-175.80984912984468
67.91484904130218,309.93531524083386,1074.9404858593211,-163.27461298205648
66.96467235171507,308.53950017629865,1075.2897557812798,-150.39623269712496
66.03512254779372,307.1018109727958,1075.6528114547712,-137.41957337596574
65.14304387694162,305.65116236939156,1076.0246414905496,-124.59634093340796
64.30259831142793,304.217169208254,1076.3996029674904,-112.16567627026105
63.52453628290287,302.82771581414687,1076.771826388452,-100.33693323689947
62.81590741919094,301.5068520239408,1077.1356815668373,-89.27695030515261
67.87474840490839,295.8237862674632,1080.6422428011122,-195.77761393094076
67.01298405828695,295.22603960502016,1080.640006199378,-184.22525952210947
66.14320886851482,294.5851859753764,1080.6390671583356,-172.1947586341637
65.28252051622616,293.91227855775213,1080.6403754870719,-159.90955629332535
64.44720390143458,293.2209682112382,1080.6444012552718,-147.61345897616343
63.65149925547013,292.5264452046126,1080.6508741140556,-135.5517113494564
62.906703423406576,291.84414995759164,1080.6586750150268,-123.95203549377847
62.220695567274646,291.18846531275403,1080.665906201566,-113.00846314029396
67.10006647350986,285.1629787209901,1084.6127201486102,-209.21914296737657
66.3075453797956,284.9681167889191,1084.442780961846,-198.50485743267467
65.50000871021012,284.75139438673517,1084.25942261437,-187.24779898140667
64.69317948595706,284.5160675312595,1084.0653402752503,-175.65068474599678
63.902528666725104,284.2670211057003,1083.8633702105058,-163.94449880235362
63.14202387051131,284.01045417546163,1083.655997080548,-152.3711259737525
62.42313262258474,283.75335845431124,1083.4449312169506,-141.16439561045848
61.75421075212726,283.50287191412394,1083.230854002254,-130.53239187520757
66.58805485806354,278.58741952823107,1086.9957088310384,-217.3946732449959
65.83980115590661,278.6001396417701,1086.7438099536007,-207.2566828176861
65.07244611946557,278.6046333118613,1086.4691068778213,-196.54956599402504
64.30066947760922,278.60034572986785,1086.1746943477076,-185.46170583987617
63.53923615048438,278.5875826189455,1085.8642241452744,-174.2137299076917
62.80176616368268,278.5675630863449,1085.5413451632744,-163.0427005115891
62.09969144221586,278.542320804856,1085.2091288303272,-152.1835566812428
61.44156614870242,278.5144742808159,1084.8696290430917,-141.85095134564597
66.28353737521385,274.8233233725884,1088.3395119131546,-222.03967460700002
65.56093507738812,274.9408629717133,1088.0473665864642,-212.25106304058875
64.81700611945209,275.05789283923036,1087.7271141920578,-201.8832430056711
64.06576767889806,275.1720086133815,1087.3818637770894,-191.11606349662634
63.321509467857204,275.28119133548375,1087.0155155722614,-180.16360166306714
62.59758110377639,275.38402939304734,1086.6321805139237,-169.25927679917032
61.90533508640319,275.4798418505576,1086.2355447879556,-158.6378613827863
61.253392771720165,275.5686781693332,1085.8283297395355,-148.51702440614383
60.145476747105725,380.26661986239014,1039.6528641174298,-76.07578250769077
59.24108702306019,374.21239206876623,1043.001868300674,-62.36754812184299
58.33507947966899,368.1577489900228,1046.1766413092087,-48.97724357042368
57.449109017978984,362.2181491062161,1049.1622058205303,-36.10499456409414
56.60242955565243,356.495861181434,1051.951951308463,-23.919430512545816
55.810768219685166,351.0738318497734,1054.5465240308267,-12.550212675387755
55.08573740524898,346.0123110483792,1056.9525776239304,-2.084581176218478
54.4347471558824,341.3482707170727,1059.1814270288512,7.432104244234537
59.61898903503745,361.82764004157565,1050.0619181362545,-104.90567342643465
58.69504860418863,357.3782917996464,1052.0332823432673,-90.48022910588517
57.78494870145376,352.8739404139379,1053.9855033107497,-76.20430130253938
56.906063050186454,348.3999339624563,1055.89711571841,-62.31882183526383
56.073724882253764,344.03693577139325,1057.7505683162642,-49.036754776510946
55.30036678159969,339.8550946922053,1059.5328767842946,-36.53120040147934
54.59503663231793,335.9098854234763,1061.2358630469255,-24.92836174152562
53.963294768145566,332.24004307913094,1062.8559677539163,-14.305718912676781
58.66078474610652,340.17164993164994,1060.808985434697,-135.97223954178463
57.78753561412185,337.3338866848851,1061.690095706612,-121.65535211229336
56.927643435418226,334.41405455434045,1062.6120793484458,-107.22751922968446
56.09709686660424,331.467153933457,1063.5639573276608,-92.95424952123217
55.31000859183186,328.54896756179465,1064.534141987912,-79.08711095729194
54.57783212690085,325.7116197138007,1065.5113874687677,-65.84634274775624
53.90891597270615,322.99978717137265,1066.4856885918355,-53.40797911651167
53.308403470561714,320.4481141038424,1067.4489658695966,-41.896881095079465
57.451262402128414,319.15780624392244,1070.2086289086592,-164.14867430982684
56.66968900532184,317.58894137034434,1070.3900619388442,-150.639045634509
55.89327101698969,315.9467160847477,1070.6097141767136,-136.7811912585241
55.13709651088045,314.261030551191,1070.8682912549025,-122.83535162122426
54.41485490182526,312.5645778228385,1071.1645203956214,-109.06614559419754
53.73797390478996,310.89017324180566,1071.4953387504588,-95.72238341284091
53.11506912778175,309.26808622483617,1071.8563569063099,-83.01930603306462
52.55174709938625,307.723845922174,1072.242488227149,-71.12595953519272
56.305011858604544,302.17456012275625,1077.2987144035424,-185.92898938337524
55.61335499013126,301.419189645726,1077.0949977524822,-173.4618232562985
54.91872564542186,300.6150062635996,1076.907352977629,-160.49603534737298
54.234980334402124,299.775731152209,1076.7428731694777,-147.2698895667332
53.57516991522804,298.9176600147841,1076.60726278248,-134.04070185898883
52.95059443345911,298.0583552937682,1076.5042915142762,-121.06467303811499
52.37013619673838,297.2151583807442,1076.4355907026359,-108.57712703651717
51.83992827877267,296.40376495233096,1076.400789454167,-96.77607722386378
55.432009641104756,290.40128475950297,1082.0246714261764,-200.64448416205062
54.80647079347701,290.0997454025419,1081.6268129852895,-189.0734009789206
54.17247435386993,289.77152083039647,1081.2252095497295,-176.92951709552713
53.54267231881013,289.42165111517835,1080.829307029185,-164.42926316201059
52.929350127384666,289.0568614890842,1080.4480399488361,-151.81664327254367
52.343476359979235,288.6850813439839,1080.0889364914885,-139.34479955389165
51.79395910820789,288.31475862050866,1079.7574540053783,-127.25592974442657
51.28721491485869,287.9541061421906,1079.4566801550036,-115.76311061255294
54.86215217721225,283.1184494641381,1084.8894585271923,-209.62329291678105
54.2779990370629,283.0527720505149,1084.3968167308099,-198.67143563223243
53.68222021245081,282.9749240847426,1083.887560409004,-187.11530107909536
53.086574006358404,282.88564168409164,1083.3717355459662,-175.1558408274743
52.50272440766131,282.78660512389706,1082.8595117754662,-163.0261678094474
51.94129839135784,282.68035847762405,1082.3601388398306,-150.97443130830635
51.41111190163228,282.5700856419349,1081.881050122812,-139.244170820853
50.91868049231229,282.45928768375484,1081.4272952538645,-128.05550315188827
54.52540088884563,278.94154774071933,1086.515721951348,-214.73614070057153
53.96494465326109,278.99568355659994,1085.9766791933994,-204.16083840292632
53.391145624289024,279.0459653724471,1085.4136434230168,-192.9685487758095
52.81520309381391,279.09102658983034,1084.8367275359572,-181.35096632741482
52.24836989706081,279.129969597351,1084.2565342643763,-169.53414653157742
51.701025009955664,279.16248197512033,1083.6830638167053,-157.76248107470047
51.18188526790443,279.18885088937685,1083.124702006126,-146.27928661734913
50.69748709247926,279.20988613858964,1082.5875104665893,-135.307924707529
52.413959469179034,390.4617823505368,1029.5966047576917,-59.53062040092209
51.61082624023373,383.95738422436784,1033.2142937469744,-45.13566782084635
50.805700817182334,377.4474834564928,1036.648993347268,-31.092195622329086
50.0181467022174,371.0570089158618,1039.8883600312993,-17.60500782838288
49.26549691410563,364.895962733621,1042.9285087435787,-4.844890684567588
48.56186417935499,359.0529178304788,1045.772761014156,7.058625100476675
47.91763915580127,353.5915798820309,1048.430320362259,18.020321910394102
47.33943917365111,348.5504196060767,1050.9148718958147,27.99821662922598
51.74507086456,370.9194946550294,1040.9436848140663,-90.26427855668429
50.93814047108614,366.081904824251,1043.0522984264603,-75.07384456518237
50.143632388865825,361.1894690496565,1045.1519424763094,-60.061986533068534
49.37673282097695,356.3337750805611,1047.2215159676168,-45.47679046373547
48.65084245153178,351.60066913086433,1049.2438194506074,-31.535471491436084
47.97683043261304,347.0641103327091,1051.2062550377482,-18.412566167600332
47.362616610926004,342.78190044424855,1053.1011088428863,-6.233265109777463
46.81308341183077,338.7936929341358,1054.9253695519474,4.927874860534686
50.64478613103173,347.8276446942719,1052.6891856812442,-123.36421297385073
49.898711683437405,344.6961460212419,1053.603063176848,-108.25845847932224
49.1650312992015,341.48149399333613,1054.5759202263348,-93.05712394840647
48.45732868018925,338.2432995864669,1055.597584462863,-78.03556136296278
47.78758388440553,335.04128723613877,1056.656783671651,-63.45237087787247
47.165524331417615,331.9305860506568,1057.7422454506732,-49.53177403349952
46.59825545010263,328.95781134596996,1058.8437578588064,-36.4508743936843
46.09017702146138,326.1584927741267,1059.952978936893,-24.33312846426429
49.3207205534477,325.311106675671,1063.0295795304326,-153.41868613097088
48.669056257758456,323.5424675974366,1063.1726869137758,-139.14441835908116
48.02308883360779,321.69738429216534,1063.3722139120177,-124.52144127543419
47.39536820494339,319.80905700386256,1063.6310290945994,-109.82111740526477
46.797248031782985,317.9131589530353,1063.9492627625714,-95.31702411511947
46.23819317682673,316.0449270258907,1064.3245723995906,-81.26415341205166
45.72534210467561,314.2363430884199,1064.752760065081,-67.8809439587418
45.263353559493645,312.5138957541429,1065.2285726304044,-55.33684723135144
48.096582542989125,307.04239547934577,1070.9021894246775,-176.7091910199054
47.53284191641935,306.1573975632172,1070.6170040348547,-163.52431747490908
46.96826962545103,305.2200200384277,1070.3630021733668,-149.82775475527575
46.41421382775633,304.24619188994063,1070.150547717632,-135.86879716815957
45.88130802829515,303.2543077536097,1069.9878577006853,-121.91429275131046
45.37873235619081,302.26375103500544,1069.880415468219,-108.22783365639023
44.91369026292736,301.2932556595471,1069.8308222399014,-95.04938837568099
44.491156999171324,300.3594125198418,1069.8390705185134,-82.57881028586806
47.176207030102766,294.33917718194516,1076.1995090735622,-192.49200618749595
46.67535089169766,293.95155605386844,1075.6961634571758,-180.24943420587184
46.169358676184714,293.5341397571092,1075.2009340881086,-167.41310831041633
45.66847558065794,293.09343939508943,1074.7271423412535,-154.20964965106123
45.18259043301997,292.63764810440716,1074.2869748044448,-140.8924938750714
44.72049171352306,292.17602300753293,1073.8904282165233,-127.72251113741237
44.28929444698161,291.7180855551155,1073.5446136480068,-114.94725098020928
43.894115386790745,291.27279746303924,1073.2535311794918,-102.78248737654494
46.57938698319093,286.46358783907715,1079.4349544779086,-202.1470291778574
46.117249078347434,286.3361867088804,1078.8241796326656,-190.55813803218524
45.647532403450086,286.19409362874785,1078.2063000948779,-178.33967211024643
45.179690083879336,286.03910254443986,1077.595514574394,-165.7020093945138
44.72303545817194,285.873978479218,1077.0056424671147,-152.88731242503914
44.28600775725252,285.7022747457173,1076.448859367073,-140.15143707885366
43.87557917661572,285.5280189411908,1075.9347047776826,-127.74353496316789
43.49688817194005,285.3553289979783,1075.4695366112333,-115.88684527137102
46.22790339258099,281.94014458380144,1081.2810436456982,-207.65509248117752
45.78772006982401,281.9455286657831,1080.6173727069474,-196.46467442891944
45.33864880525442,281.9449683007636,1079.9377761741453,-184.629723921696
44.88965405238509,281.9379374117675,1079.2566365334646,-172.35079853088243
44.44967841914093,281.9244149295808,1078.5884076401187,-159.86277502342205
44.0269192963488,281.9049140868932,1077.9462624785847,-147.41754977146238
43.628230114387954,281.8804269688808,1077.3409553886659,-135.2641555704129
43.25873170834961,281.85229208823563,1076.780097369397,-123.62927009342772
46.63510115364507,398.692911889596,1019.2982589530595,-45.072140708396816
45.912670433460164,391.8273063868432,1023.18228955055,-30.134068056725553
45.187408522087615,384.95035811283856,1026.8738991008029,-15.576558589905389
44.47720572285077,378.1951939149237,1030.362485792186,-1.607191597372406
43.7978803958493,371.678495069748,1033.646065930213,11.602562038685036
43.16228775139056,365.49368154046664,1036.7299316750755,23.92431069150227
42.57988110384593,359.70745718445863,1039.625281937683,35.275369745429856
42.056674836006195,354.3595788323853,1042.34777876087,45.61730287635754
45.88480994993047,378.24953738507736,1031.352066689242,-77.41062741552435
45.168783742688625,373.09481518257894,1033.6251325135727,-61.612067828421445
44.463455994014126,367.88572807706237,1035.8956081448594,-46.01739014066254
43.78233491030473,362.71896624967604,1038.141968208839,-30.87953951289053
43.13735514689483,357.6845686009939,1040.3467455566015,-16.41816981251175
42.53821239878319,352.85953299235103,1042.497293534748,-2.8080014363967223
41.99198884956717,348.3034646024596,1044.586106815514,9.827491671022813
41.503074291600115,344.0566756970881,1046.6106334626713,21.416845642937346
44.710581946403074,353.967489199208,1043.8469754829791,-112.22280203138293
44.06102190397139,350.5943792293984,1044.8444095324394,-96.48885558186086
43.422425735199525,347.13814679065086,1045.9143959042606,-80.6733836320332
42.80657376909775,343.6620908771458,1047.0464132007785,-65.05885572258646
42.22387036857891,340.2290282385289,1048.2286316105428,-49.90863078486939
41.68278498599483,336.8963858429185,1049.4491784846405,-35.44922191466887
41.189530533621095,333.7121963144494,1050.697344117264,-21.857737662057133
40.74798544459906,330.71255246294186,1051.964479195051,-9.255756959359957
43.33470547679584,330.1978313142557,1054.8994214886275,-143.85881126307498
42.7797466810973,328.26534873912635,1055.0697509800739,-128.97583056230127
42.23015532700019,326.2547026299608,1055.3111351390462,-113.74521999055682
41.69659251866437,324.2017286582539,1055.627027899208,-98.44655163384593
41.188707207214,322.1444391274017,1056.0176825043927,-83.35983019213631
40.71455461636476,320.1199186088373,1056.480548515075,-68.74417662255095
40.28023101998053,318.16140429895916,1057.0110563205744,-54.81978691689153
39.88974313327104,316.29602797648954,1057.6035599661002,-41.75570877111366
42.08123698805045,310.85532241517717,1063.3742616174604,-168.4226431556422
41.61136339820468,309.8652959883732,1063.0804463720435,-154.66728898786107
41.14150768915245,308.8205536520968,1062.830832647116,-140.39093378822338
40.681155083615934,307.7387905194189,1062.6372392731012,-125.85112695248355
40.23918268584388,306.6400510072148,1062.5088121885804,-111.321732307058
39.82325558867443,305.5451093764083,1062.451490290372,-97.07150005499778
39.43940031846123,304.473730215374,1062.4679744251848,-83.34336676670631
39.09179985321995,303.4431300866019,1062.558137941603,-70.33795928590115
41.146209990981376,297.37504762607927,1069.1189675614844,-185.10710562000673
40.73596976017617,296.9190852116701,1068.5858569071281,-172.3318052697065
40.322319071677526,296.4312283404709,1068.0718586763455,-158.9469451359208
39.913715057805454,295.9191532221022,1067.5922769838844,-145.1867654268763
39.518304735538734,295.3921955850152,1067.1608081251852,-131.31168406132474
39.14332149097229,294.86062127677667,1066.7884546526288,-117.58807755074864
38.79462562939544,294.33474530410984,1066.4828876737984,-104.26707643984031
38.476445163578965,293.82406040378197,1066.2483260994018,-91.5659442350117
40.54235388939952,289.00412011748887,1072.6485809004303,-195.33450094647978
40.1683693992283,288.82893908780585,1071.9963281963428,-183.24115648582995
39.78907139310674,288.6373775293228,1071.346415007065,-170.4987597402163
39.41220059340891,288.4320574652532,1070.7152996790085,-157.32481285376448
39.04536106232705,288.21657464878865,1070.1186457809097,-143.9681681395715
38.695431832029456,287.9952389057819,1069.5699860018997,-130.69021006525801
38.368095345147225,287.77269526863404,1069.0797414909828,-117.74391237607696
38.06754814383984,287.55349838886343,1068.6547496653545,-105.3543676481051
40.187474177506225,284.1910798949209,1074.6707158199797,-201.17762425622792
39.83388954849744,284.15964043299414,1073.9593146049244,-189.50076218509838
39.47398738171685,284.12088904677205,1073.2404546404873,-177.15797857200428
39.11507200327392,284.0749487953241,1072.5309109383468,-164.35664328518664
38.76440412221479,284.0224566923988,1071.847157133699,-151.33798931563732
38.42862635866858,283.964537190749,1071.2039226547613,-138.35940816306956
38.11328834084529,283.9026914094517,1070.6130356748301,-125.67383314068033
37.8225422757667,283.83862931690084,1070.082751170085,-113.50996551108594
42.17073878388618,405.46168102940857,1009.3807008208063,-32.44537233723628
41.51299185916059,398.3026701018115,1013.5181787619018,-17.068806647674805
40.85152581722472,391.125907526664,1017.4536642034714,-2.0980696310589764
40.20288260401111,384.0716878966062,1021.177693447502,12.257656286738523
39.58166966607268,377.2625299945239,1024.6896183557076,25.827051828287267
38.999746735933186,370.79612027208844,1027.9962059539243,38.4833095762005
38.46582514820225,364.7417832197103,1031.1102388701195,50.14647849520129
37.985449299289535,359.1404559042954,1034.0490406500749,60.781526208287715
41.37655965262688,384.26950412055294,1021.9928186816978,-66.16176402904907
40.73175711492838,378.8532725851548,1024.4379446086216,-49.86971520055852
40.09603949441672,373.38305259960646,1026.8841310381908,-33.80346189810527
39.48161008815229,367.9597734059991,1029.3090281576503,-18.21935417380749
38.899269185758385,362.6769406523354,1031.6945926133524,-3.33842488238966
38.35780798718402,357.6140475091257,1034.0279116168865,10.665065190340272
37.86366527177664,352.83216260067564,1036.3015547604127,23.669603787736378
37.42085212682074,348.3720972327054,1038.513369298601,35.60676412395914
40.16944974224283,358.98675846754713,1035.0799041599803,-102.4423838833558
39.59382934576817,355.41358121545073,1036.1846797791209,-86.1977899672606
39.02776857881028,351.75774622706706,1037.3719851357314,-69.88405821429328
38.481678134750155,348.085541393446,1038.630372767881,-53.78899780915128
37.96477365191331,344.462258542492,1039.94705419935,-38.17932563507608
37.48458049085445,340.9471325177343,1041.3093229389847,-23.282888705994537
37.04664455966945,337.58927524146554,1042.7058818613002,-9.27629162261394
36.65445620157349,334.42515689508616,1044.1277999966421,3.7208788984475802
38.77879370434403,334.15996371645195,1046.7004004159567,-135.4335290662306
38.29646751031822,332.09246142198,1046.9319971251502,-120.0559577756124
37.818928970380625,329.9457751193174,1047.2460800128752,-104.33220695844719
37.35542573011225,327.7578756019768,1047.6458465481414,-88.54820680379441
36.91433962313787,325.5686327396541,1048.1310280018079,-72.98873861487934
36.50268640117253,323.41657340650744,1048.6984405687265,-57.91581835982825
36.125798926759785,321.33588601494534,1049.342922280625,-43.55061662253999
35.787209999564745,319.3541541070843,1050.058388051324,-30.061435091373
37.52419760013086,313.9120424559846,1055.6626577107463,-161.0879054529992
37.12373709104715,312.83653264985435,1055.3996171476895,-146.86972271781016
36.72359614000881,311.70467777066466,1055.1914431329076,-132.12335368488326
36.33187236277424,310.53558484207673,1055.0503764455839,-117.11268064752807
35.95615005069716,309.350606461445,1054.9856413672303,-102.11691817230277
35.60298845390897,308.1715995854106,1055.0030014571437,-87.4085990285678
35.27756202184182,307.0191127559094,1055.1048581028394,-73.23266024517122
34.983485350886546,305.9108175353593,1055.2907812935036,-59.789970571298824
36.59334506430119,299.777510419493,1061.7743572601244,-178.54462140788937
36.249395526354,299.26698610259405,1061.2532864728641,-165.33801939507305
35.902984622653854,298.7230582686541,1060.7607254046081,-151.50913690310676
35.56124651459723,298.154331150822,1060.312856360126,-137.29819208824347
35.231051563664465,297.5710337461875,1059.9239106759892,-122.97091528944455
34.91850467295431,296.98420990923955,1059.6051239832495,-108.7977816459346
34.62856369686148,296.40477547787737,1059.3641869341234,-95.03244903142263
34.36482355656895,295.8426131944004,1059.2052284248784,-81.89302730842101
35.993869955619445,290.99003786607705,1065.547686362487,-189.26244193521075
35.68393985762597,290.77759905103267,1064.8967298172133,-176.76139171907346
35.370045457413575,290.547579607059,1064.2564776633076,-163.5955336823171
35.05866223622928,290.3032475814654,1063.6445142967484,-149.98789360796948
34.756145638969684,290.04883841689735,1063.077316771335,-136.19243633483708
34.468246272125974,289.78923687491516,1062.5689227193513,-122.47468119776806
34.19972232759425,289.52955007422617,1062.1300064638524,-109.09034236445706
33.954101769874406,289.2746515309228,1061.7674911868417,-96.26564733106295
35.64208182545423,285.9336899667218,1067.7166415431097,-195.39280246566744
35.351175918687154,285.8742023571392,1067.0006660603422,-183.3232965402596
35.0555274301526,285.80645421625314,1066.2849270776667,-170.5705370878414
34.76121519525853,285.7310651805947,1065.5874518497892,-157.3470922606734
34.47427406282106,285.64917163277596,1064.9256800631483,-143.89912009970317
34.20022403009458,285.56235495548316,1064.3150039379184,-130.48810349220574
33.9436822933148,285.47249208836007,1063.7676481197143,-117.3697891019448
33.70811515254185,285.3815623504131,1063.2920688280453,-104.77418113212116
38.62252456243806,411.1252822553401,1000.0826116130936,-21.368601641852152
38.01735793019272,403.7244373957676,1004.4564847134484,-5.631005595250912
37.40767262889993,396.2991033558909,1008.6190297692625,9.67860499230531
36.80890651911806,388.9958970583549,1012.5615166955646,24.35019597283835
36.23468148201684,381.94250687501795,1016.2842419184303,38.21305825627158
35.696048627306126,375.24039550864626,1019.7950926249057,51.142197500473756
35.201121314643686,368.96124782546696,1023.1081292248139,63.060346426667905
34.75506503187719,363.1470883559313,1026.2420822330141,73.93567366812542
37.807248883265046,389.30108636249537,1013.1543539151153,-56.28623668190187
37.219208230699444,383.6664079391677,1015.7689438708871,-39.58580639552852
36.6388573031058,377.97789258951576,1018.3864245200742,-23.13026033298729
36.07736332506388,372.340051872394,1020.9834355541452,-7.178405668129784
35.544627481136615,366.84931720049417,1023.5412136548555,8.047982639042488
35.048724000651745,361.5872786358881,1026.0464735855974,22.375437964323453
34.595582702079014,356.6162420007522,1028.491784829618,35.68442810686534
34.18891196339625,351.9774172118753,1030.8753444826677,47.90940548443349
36.59145718957436,363.16542579806406,1026.7308933375487,-93.84584181470652
36.073556615409224,359.42463774777315,1027.951620712238,-77.17783725850691
35.56398124969599,355.60179193355833,1029.2622444450394,-60.45156367151816
35.072077677166156,351.76563639808626,1030.6501257354905,-43.95895952955206
34.6061408899255,347.98348729905865,1032.1013563582262,-27.969203507075974
34.172965643703535,344.31604111582357,1033.6023214199067,-12.71091495346488
33.7775810438471,340.8132622121431,1035.1411273841723,1.64004073247051
33.42317555391553,337.5118916003152,1036.7085988874433,14.966013314816166
35.20710074320592,337.4358277756764,1038.8257347117128,-128.01584676412557
34.78040177048216,335.2557948504869,1039.134342358424,-112.22824940303704
34.357890929307075,332.99593319837084,1039.5343855580695,-96.09596123757899
33.94773448843077,330.6959625399907,1040.0283716050283,-79.90995830496846
33.557348702672584,328.39725877335474,1040.6152060591562,-63.95871839883512
33.19295915458475,326.1395028631602,1041.2908939874937,-48.50637835065726
32.85931881571486,323.9576275874824,1042.049610983728,-33.77464203698091
32.55959988950329,321.87954826031296,1042.8848461208067,-19.930938229153156
33.96693269024497,316.4158326994108,1048.199919687696,-154.61778294345788
33.61881647899396,315.26990222350923,1047.9872781772692,-140.01642407622296
33.27108947955136,314.06641355854504,1047.8381697195546,-124.88096300273983
32.93079950594859,312.8256276861743,1047.7646984736907,-109.48039528676657
32.604555806473165,311.56994920270813,1047.7757243728531,-94.09812566885788
32.29808711724811,310.32209715733785,1047.87653059355,-79.00957929007384
32.015929440732414,309.1032338758044,1048.0690450365596,-64.46110894661152
31.761271814738414,307.93137475556904,1048.3524728216348,-50.65355585301086
33.05040723147707,301.7246282768354,1054.624841023058,-172.7449186625042
32.75589873368514,301.1699224506759,1054.1373174594155,-159.18183279803316
32.45948657398707,300.58067007224963,1053.6861739302417,-144.9858782164887
32.16730899584587,299.9662208873018,1053.2878426323473,-130.4020497903965
31.885280777242286,299.33751506820596,1052.9565621213865,-115.70027309887655
31.618665878364407,298.70620982916785,1052.7034021347333,-101.15419753555761
31.371751818152745,298.08368860349646,1052.5358105535481,-87.01935264024692
31.14766423029471,297.4801308290753,1052.4576910524993,-73.51433852311331
32.46139089822417,292.5833908706458,1058.607601238039,-183.88831691461223
32.19890085137692,292.3414153231009,1057.9803106918189,-171.050803570891
31.933303309597207,292.0809599151816,1057.3708907397581,-157.5353168423935
31.670125175792297,291.8058030489085,1056.7973975567484,-143.56928659160232
31.414791413647503,291.52068145764326,1056.2765492542321,-129.410714720308
31.172215739392502,291.2309266909216,1055.8224341294622,-115.32833439881
30.94647340895678,290.9420012954945,1055.445660089271,-101.57991819670016
30.740599878085764,290.65902059307126,1055.1530494330532,-88.39244960053423
32.11612836807322,287.3207137121464,1060.9033092509162,-190.26792145268604
31.871454683726693,287.23946919949566,1060.2055229890445,-177.87471190556238
31.62306383223005,287.1492712323406,1059.5146697511113,-164.7838141979554
31.376117580238443,287.0511236540599,1058.8493637599813,-151.21183108261351
31.13573981120467,286.9465484444721,1058.2274176657058,-137.40883846687538
30.90662024619401,286.83747671065623,1057.6644026481215,-123.63950127872928
30.69268916351509,286.72607057184814,1057.1725874553365,-110.16168998635479
30.49690908498906,286.61451120212166,1056.7604108642217,-97.20629195409896
35.73436441651402,415.9379025310585,991.4677789078456,-11.589281236153084
35.172624444129085,408.334858630007,996.0601131968433,4.450735291165358
34.605686723249335,400.70043439746587,1000.4322383000888,20.043164802866627
34.04807009774753,393.1868917739162,1004.5758723616852,34.97758241148982
33.512578686388046,385.926538957743,1008.4919805159117,49.084150778946224
33.00959458352171,379.02422752305347,1012.1893126778077,62.23975007385134
32.546737282756105,372.5537787348279,1015.6829742709349,74.3696922144252
32.12885991723396,366.5582331684607,1018.9928980875736,85.44510955253676
34.91187181533823,393.57295585117356,1004.9303227479215,-47.567232721815856
34.369917363770405,387.7533539082059,1007.7069684599294,-30.5229735540492
33.83447849967435,381.87983802126877,1010.4871527629737,-13.740378162149653
33.31588248482121,376.05999554200656,1013.2464334133315,2.519926200365518
32.82330149683982,370.3927706415765,1015.9652697464356,18.03581661873565
32.36422817582494,364.9615574513367,1018.6299557361473,32.63476936238064
31.94417701451741,359.82971506225886,1021.2330155042067,46.199207487343244
31.56660953358435,355.03880518925666,1023.7729537318561,58.66622373544217
33.701531723699595,366.7012858780976,1018.9257161756835,-86.25491804760753
33.22963062034606,362.8182825275446,1020.2630159025316,-69.22968488875566
32.765007814635574,358.8538211588115,1021.695717670364,-52.155737943562684
32.3161654837517,354.8787162041951,1023.2098954027845,-35.328324669752305
31.890667518195283,350.9619724952675,1024.7904790630391,-19.018488013775283
31.494727674265167,347.1654962474375,1026.4229439048643,-3.45527819642345
31.1329622606919,343.53994293862416,1028.0948222374873,11.186285869525733
30.808317549571463,340.12226469963343,1029.7967277330872,24.790354313969146
32.33516047191419,340.19165703172126,1031.4305781834407,-121.4634223967542
31.952008642503518,337.9166096538834,1031.8219465300165,-105.32981841022743
31.572499991562275,335.56129797420385,1032.311850301328,-88.85293760040494
31.203954402531373,333.166897416875,1032.9018977921921,-72.32786922898097
30.853033389954074,330.776028334225,1033.5900408976363,-56.04604245959405
30.525344815101516,328.42931623537436,1034.3714160547402,-40.273206316879936
30.225187316045332,326.1622928137665,1035.2395320208684,-25.231339724275387
29.95544884095244,324.00312648348034,1036.1874826023266,-11.086971770267269
31.117596999935877,318.50583363925597,1041.1642263493209,-148.89883862490748
30.8098528186726,317.30105965961167,1041.0106355593916,-133.97444277617032
30.502472352887178,316.0377813478932,1040.9276787715726,-118.510949349459
30.201690309067235,314.73721313465535,1040.9270228906344,-102.78154527418897
29.913362442876675,313.4226228221933,1041.0169434569798,-87.0730286771961
29.642576307142114,312.11743097364763,1041.2021049561502,-71.66311434710363
29.393374659181642,310.8432930750266,1041.4838952194712,-56.79919970494831
29.16861663356122,309.61849303445405,1041.8611437363702,-42.68196116763923
30.22051377030294,303.33574910450716,1047.8643417574694,-167.61492160737237
29.963728899837573,302.7446793183412,1047.4205302643436,-153.75171746621945
29.705388864513644,302.11815948164946,1047.0196973188517,-139.24661731333168
29.450866118743715,301.4661479186417,1046.6781735999841,-124.34853053605457
29.205342735130074,300.8001618505361,1046.4099231775149,-109.33079150849659
28.973438932042786,300.13235278421456,1046.2256485154967,-94.46959039862384
28.758929213764958,299.47447744410954,1046.1324317642338,-80.02189979308324
28.564579405452942,298.83694799866134,1046.1338959141615,-66.20660470072994
29.644936891963646,293.8908172480196,1052.0319197505594,-179.1318746306059
29.41839398305579,293.6249841413811,1051.4392164178084,-166.01145988233216
29.189319434307937,293.33996856802156,1050.8704897212478,-152.201826707262
28.962514197562847,293.03995919671524,1050.3438933559207,-137.93400610927011
28.742693347430578,292.7300936509845,1049.8760712572366,-123.46927909507443
28.53413339602285,292.41605878617577,1049.480922458181,-109.07895868268056
28.340389850010613,292.1035970358781,1049.168827112166,-95.0224009704578
28.164123563303114,291.79801450727365,1048.946419915374,-81.52717659063597
29.307864345195217,288.45136228983887,1054.4398557900422,-185.7301868782082
29.09808159809336,288.35289719833037,1053.77156033072,-173.0650887528112
28.88528499647807,288.24495036030015,1053.1159636746695,-159.6899134952153
28.673936964725904,288.1288311876731,1052.4918853961524,-145.82463464912186
28.468468324442696,288.006365256232,1051.9171784451366,-131.72248050072002
28.272938640021838,287.8797579995721,1051.4073318955009,-117.65067137828538
28.090757356315148,287.7513938218621,1050.9744756128994,-103.8687433766861
27.92450478756653,287.62360964165117,1050.626922243194,-90.60821052989198
104.83239431501819,330.4181208934725,1113.837562280425,-157.4005647706132
103.38061033801506,326.5617714430958,1116.4488156456484,-146.46785176176877
101.91051244955193,322.6986954392919,1118.9167185432525,-135.69465193469782
100.45325197916321,318.9065863431977,1121.2125760082065,-125.25976093511552
99.03749465620714,315.2577479045297,1123.3159328035629,-115.32217607422105
97.68742692956823,311.8143405374087,1125.2144165410052,-106.01264025876017
96.42150732991321,308.62509839522846,1126.903076212833,-97.42827998676994
95.25202849988223,305.72375505298425,1128.3833930903202,-89.63069521585582
104.96174193826675,317.78954841194616,1118.3611099181032,-176.60518096246514
103.44119099949296,315.0768587032636,1120.3046519800714,-165.33651482461158
101.91661891920292,312.31352249701183,1122.1851756961612,-154.0881292744408
100.41617239351248,309.5571670418127,1123.9714377460311,-143.06590198811384
98.96558729923507,306.86526046276873,1125.6375111370276,-132.46124288411832
97.5864665433982,304.29081179547336,1127.163725750354,-122.43916732422028
96.29515068278666,301.87878793088476,1128.5369595244315,-113.12967080143154
95.10229583461292,299.6637251856986,1129.750394577084,-104.62329266196818
104.69305297142058,303.10599739075286,1122.8590118153818,-197.6085126678291
103.19117673583898,301.4938375084078,1124.2615999505779,-186.53414421332755
101.68057965457814,299.8193852158915,1125.64271333484,-175.29098220164178
100.1886572298767,298.1176904478866,1126.9751086088897,-164.09759175242084
98.74077985079647,296.42673962564436,1128.2341212672509,-153.17078417373918
97.35850202152437,294.78443972024303,1129.3990114947846,-142.70995944448447
96.05836162454571,293.22567732919237,1130.4538167215044,-132.88412035431145
94.85135635606086,291.7798784033618,1131.3876900372466,-123.82303728764145
104.05716268592116,288.9466934333421,1126.5708818835433,-216.81022223876795
102.64236749023708,288.17708835437884,1127.6139948594557,-206.37899835733393
101.20442214537306,287.3604303725403,1128.6501245366273,-195.6155651547675
99.76958667313664,286.5134988288563,1129.6564766373988,-184.73040423201684
98.36307334132837,285.6563988837583,1130.6113632216416,-173.94672618523555
97.00710657341533,284.81107067254123,1131.495550835859,-163.48374401456425
95.71943426021342,283.999485901323,1132.2932393904453,-153.54038824538898
94.51253740025955,283.2418790136694,1132.9926276363265,-144.28226581104113
103.30263433896634,277.55380642602364,1129.1881702175417,-231.66630811685738
101.99101255577858,277.3147881549713,1130.0208192636615,-222.0125350969779
100.64255904108417,277.05159230666703,1130.85021238451,-211.92753204102382
99.28146207196833,276.76975426943136,1131.6562300873406,-201.60381420190706
97.93194118448856,276.477155406846,1132.4191676068365,-191.25745687375465
96.61622793647146,276.18357617973396,1133.1210305113664,-181.11226146559878
95.35288302211025,275.8999389082211,1133.7465466917613,-171.38269084425866
94.15569268616181,275.63735205828544,1134.2837953201804,-162.2581056180486
102.66379516088466,269.6858197735113,1130.8291239553519,-241.67050104664554
101.43508861507563,269.73934645653134,1131.5458226501994,-232.66953017717807
100.1603857197899,269.7868361552898,1132.2601678737924,-223.19122649098875
98.86176174950943,269.827978304536,1132.9534001018606,-213.41172743785222
97.56208868920676,269.8637038820305,1133.606781543605,-203.53693695482244
96.28306316204002,269.89629745457756,1134.202873970251,-193.78839231858015
95.04340514797792,269.92927768165015,1134.7265708476975,-184.38630922736337
93.8575820833397,269.96707506689586,1135.1657792368198,-175.53300041467082
102.22398660917915,264.8339985515044,1131.7794628485947,-247.74897571443782
101.04974282216477,265.03841900967535,1132.4339303675592,-239.19360526520438
99.82423592855537,265.2480701555198,1133.0863392770232,-230.1427274314368
98.56798069797263,265.4597917316879,1133.71862245558,-220.76150752987718
97.30272972168183,265.6708827245887,1134.3124919806962,-211.24798480274174
96.0495646194236,265.87946832003394,1134.8507060612155,-201.8202840882667
94.82707675194821,266.0847306153975,1135.3181267104005,-192.70034487383592
93.64998142312244,266.2869576430928,1135.7024363321293,-184.0969933515687
101.9569339845183,262.05758749696724,1132.303333804658,-251.19879217423957
100.81470776380442,262.3383115938816,1132.9248624630316,-242.91242545685827
99.61838889960174,262.6305566806136,1133.5444710567847,-234.12401029236426
98.38750715599863,262.92977281236244,1134.1444513126246,-224.99214316964213
97.14307637549963,263.23140473539576,1134.706732680394,-215.70998400246077
95.9057251576248,263.53137113382417,1135.2141403975272,-206.4931703011532
94.69387621724096,263.82647048230876,1135.651467787884,-197.56403323294887
93.52231055368097,264.11463466314973,1136.0062170058454,-189.13465409922514
84.98881151503296,349.26380127814366,1119.7408417279896,-138.63772632972766
83.67495502277083,344.65458138955313,1122.363421866267,-126.28855865870071
82.35551181811576,340.0302748699853,1124.8306281048706,-114.12802997647961
81.05923186425056,335.48167064628825,1127.1211983072747,-102.35397791250243
79.81206495483154,331.092451996378,1129.2219797271698,-91.14100703378534
78.6354869201782,326.9337284755639,1131.127189605213,-80.63133748408326
77.54553146796542,323.0604066557831,1132.8373684693029,-70.92921069528323
76.55253304061415,319.509647893895,1134.358198949502,-62.099185731491296
84.79122311171737,334.60885927164884,1126.2856760902368,-160.9198425094885
83.43253147178291,331.3087469819381,1128.0077331453665,-148.1290368984569
82.08272867210596,327.94521842884103,1129.6751996596895,-135.37341331614857
80.76713307079065,324.58581704834216,1131.263985494613,-122.8821206745793
79.5084168370378,321.2971792912935,1132.754638127065,-110.8662770843469
78.3252013925842,318.13999593185554,1134.1328531673228,-99.50589757775609
77.23121401545579,315.1649726953705,1135.3895219641183,-88.94081324126569
76.23504630842456,312.4102892446255,1136.5204170295865,-79.26636613682865
84.16442650299803,317.5058507820922,1132.887798343761,-185.15514155803444
82.84274090731672,315.480074525671,1133.8994146491507,-172.5529607468455
81.52634158328546,313.3762954234503,1134.8989661499666,-159.76899746133316
80.23968307870864,311.2364698328896,1135.8688568616976,-147.0480582677336
79.00484177207484,309.1053960736006,1136.7930924399498,-134.63055772707287
77.84010856572867,307.02711240718185,1137.6580597934067,-122.73527324124822
76.75910134268047,305.04146180622735,1138.4530383187303,-111.54521823305079
75.7704711289883,303.18138972339045,1139.170455790419,-101.1985268029863
83.21077169703496,300.9538631404601,1138.4615438659225,-207.2564643952971
81.98416765734208,299.9132900815352,1139.0205619455546,-195.37328552081163
80.75009699952051,298.81059822695863,1139.5721830654193,-183.11750676531153
79.53207366885385,297.66682709318695,1140.1051689742526,-170.72520014608205
78.35206828236464,296.5066410837644,1140.6088878467472,-158.44447612127465
77.22890481576925,295.3563677105156,1141.0737817761928,-146.51639562588048
76.1771573147796,294.24180426955564,1141.4917262075385,-135.157172105852
75.2066378897066,293.18614956428553,1141.8562780930076,-124.54416302666732
82.2210160465963,287.58704892940716,1142.499552381666,-224.36523439834855
81.09793108203878,287.1723329512555,1142.8095809194901,-213.36462965780473
79.95511418732961,286.72102155708063,1143.10505089418,-201.87370721476736
78.81438983981437,286.2411248862987,1143.3778152789937,-190.10787229501454
77.69697779458926,285.74337451467363,1143.6203594654703,-178.30682849404377
76.6218058686928,285.24049229470955,1143.8260660514175,-166.71655851275432
75.60417874321017,284.746116540647,1143.9893320571732,-155.5700667643485
74.65502465513013,284.273609610623,1144.1056232621331,-145.07044743943018
81.42981205832356,278.3242008558184,1145.095860524889,-235.91209704710243
80.38721432235262,278.25726321120527,1145.2784534258979,-225.65702802113248
79.31658292432962,278.17446496502566,1145.4395713787499,-214.85541474107748
78.23798169363707,278.0769817035961,1145.572056917151,-203.70341650723344
77.1715749052702,277.9675781462334,1145.6695614494254,-192.42872216615285
76.13592199537759,277.85052377559344,1145.7267415638958,-181.27401647340486
75.14655064278278,277.7312669599706,1145.7392819907645,-170.4781529383753
74.21501857431339,277.6159118550138,1145.70380351114,-160.257861756662
80.89977683448429,272.596540215568,1146.6285737695634,-242.94497239576845
79.90922185587245,272.71012476221284,1146.747213771705,-233.2006205753766
78.88581915220567,272.8209020056443,1146.8400009438913,-222.88677705941603
77.848312814455,272.9267046799348,1146.8999876320113,-212.186492961382
76.81596084440285,273.0261216647762,1146.9211301190178,-201.31794155574022
75.8068719391206,273.118731621385,1146.898495962604,-190.51945170484174
74.83652877709505,273.20517302051877,1146.828253556331,-180.0311741519214
73.91675234953495,273.2870363541849,1146.7075160393695,-170.07644577062726
80.58225831681388,269.3127551433397,1147.4841522918546,-246.9439246477485
79.62206065443306,269.5180376214295,1147.5705725810271,-237.5086542954502
78.62640368107745,269.7278548229092,1147.6287047005824,-227.49507896189053
77.61319839831789,269.9384116351657,1147.6516034070378,-217.07848956033627
76.60109799572913,270.14616701601653,1147.6332695186331,-206.47109958257133
75.60786522088867,270.3482113494879,1147.568871139394,-195.90801852424028
74.64888075250889,270.54254041283207,1147.4547293683286,-185.6293779173802
73.73605952542755,270.7281775857245,1147.2881378843485,-175.86174768707593
70.77936367330987,364.80938394850534,1116.1360230748185,-119.02068520839867
69.62602382714617,359.53166938704555,1118.8620465092783,-105.51145251114772
68.47224274392562,354.233053954705,1121.4267827583049,-92.22924751733717
67.3437241486836,349.0165203687209,1123.8156652196378,-79.38542274406555
66.26339836952066,343.97607073414747,1126.0219158346777,-67.16448531647401
65.25002713485208,339.19065050630576,1128.0453731859461,-55.71473028246736
64.31744389344915,334.72029292122875,1129.891200019209,-45.14281620340514
63.4744079163123,330.60470429195993,1131.568597101707,-35.5125470221936
70.32115016825078,348.4580996226192,1124.3722145008098,-144.02311324065658
69.14427518759977,344.61679848038807,1125.9819881100893,-129.9639138481768
67.98143356139265,340.7051853804217,1127.5548837661183,-115.96908781738689
66.85447796884264,336.7999296650658,1129.072213380205,-102.28514191200128
65.7827387467,332.97574616041123,1130.5190804794995,-89.13651894615302
64.78190013918943,329.2997694832117,1131.8846956361047,-76.71203377035437
63.863360336320916,325.82719624158165,1133.1623683460843,-65.155838158295
63.03408990372884,322.59871297182696,1134.3492329285293,-54.56361435846571
69.4148605870705,329.26750298749954,1132.740832592935,-171.13196721265527
68.29007845694372,326.8481270115289,1133.4780835964489,-157.23953620926625
67.17710916478086,324.34098288212203,1134.2260309063604,-143.17179043257732
66.09664950263672,321.79468514271446,1134.9745909950916,-129.194235024337
65.06708908213564,319.2602755101311,1135.7138868281834,-115.56460427167903
64.10341887966756,316.7870762764426,1136.4347695329016,-102.51444904732551
63.21659437993525,314.418901880154,1137.1293018914107,-90.23460538399183
62.41337578629752,312.19121747897185,1137.7911487017068,-78.86630160823688
68.21806840726133,310.60169012692285,1139.9015787449168,-195.84098100642822
67.19354808437124,309.2969901337068,1140.0903096300729,-182.7193850792753
66.17032625712822,307.9196000270012,1140.287784589896,-169.20717770387452
65.1681755666898,306.495024599381,1140.492601269769,-155.56188799199631
64.20520383867864,305.05237627797027,1140.7026697193082,-142.05092136825687
63.296633412272634,303.6220139106453,1140.9151635830474,-128.9310326236524
62.45399849004904,302.232998797131,1141.126626474341,-116.42944538127463
61.68483420294402,300.9108319884391,1141.3332439927035,-104.72959816572084
67.05115103798687,295.4598174477319,1145.1795017603913,-215.0051003645526
66.12845293202395,294.871527390882,1145.0732185046372,-202.84848048789163
65.19683815746427,294.2373853364385,1144.9591945449738,-190.16555771819048
64.27462392506517,293.5682140646948,1144.840229342854,-177.19164955086336
63.37924207700539,292.8777427907158,1144.7189942465977,-164.18576768961054
62.525907112499794,292.18155976699865,1144.5975072559586,-151.41054841418435
61.726648809820915,291.49578009528335,1144.476755845927,-139.11180157439523
60.989808741863655,290.8356514941379,1144.3565519611666,-127.50077210953042
66.14638735876476,284.92643084820844,1148.6301389838395,-227.97893581337024
65.30038228418113,284.7401346149261,1148.3778008570425,-216.64413579833172
64.43853678181749,284.5305178290148,1148.1033970979483,-204.7162337132494
63.57769863975394,284.3005943937119,1147.810938328667,-192.4094055021799
62.73440444649981,284.0551724306075,1147.5049706309667,-179.96944836766323
61.92354282793183,283.80057340363027,1147.1898870605498,-167.6556311345583
61.157281433375914,283.54409398272077,1146.869256637628,-155.72017199015562
60.44442328419481,283.2933194002185,1146.545355444541,-144.38897955937415
65.54949122104712,278.39400573438974,1150.6938392072009,-235.90402549159884
64.75225330379133,278.4179493801699,1150.3708663681575,-225.13493461894876
63.935156655084675,278.4330129944102,1150.0167384042052,-213.7443708347226
63.11394566421253,278.4383500039047,1149.6355576390595,-201.9317367365204
62.304410409445026,278.43406800068783,1149.2324037891906,-189.9323131859809
61.52106118209394,278.42131018744846,1148.8125992564133,-178.00049362570002
60.776013583888215,278.402164199395,1148.3809144994889,-166.3898160065172
60.07826291226807,278.37941788998177,1147.9409165484997,-155.33319095069513
65.19468244571725,274.64146488102074,1151.8558138653232,-240.41995699846217
64.4256349081263,274.77275720731177,1151.4983642548125,-229.99425474382753
63.63454440826186,274.90337454512525,1151.1046260501791,-218.93558114181894
62.836461729947445,275.0305838815807,1150.6785522688879,-207.4345563293329
62.04667766431157,275.152086258178,1150.225312597457,-195.71971543322735
61.279418594162244,275.2662727048354,1149.7505618417144,-184.04186279800993
60.5467116887756,275.37236157331034,1149.259590703405,-172.65439692714142
59.8576184539817,275.47040324551267,1148.7565851215131,-161.79353155625998
60.57105144672062,377.4067616784078,1107.6019104409222,-100.39349662765363
59.561294493208294,371.5674977936191,1110.5199948016425,-85.97482959854733
58.55207458470425,365.7026248385655,1113.2709231918525,-71.82186015257093
57.5663479335819,359.9259657279769,1115.8450240925765,-58.1545506206619
56.624470153217125,354.34051342041374,1118.2401822133352,-45.16276297790408
55.74300310155742,349.031867125539,1120.4603961801677,-32.99698191491264
54.93409128316485,344.0642395259758,1122.514353918686,-21.763258271300145
54.205378256618054,339.47923095120865,1124.4140985004497,-11.522594617492771
59.93549178319531,359.6707970226029,1117.1336825670012,-127.7071577306152
58.91866244431875,355.3610794727216,1118.7561237242132,-112.64064343392931
57.91649666597608,350.9783821610987,1120.35917316238,-97.6713485121886
56.94781440170145,346.6071529960151,1121.9269252866102,-83.05753060030574
56.029182105794064,342.3287607836572,1123.4466895686342,-69.03166030193817
55.17398294829968,338.2154250046095,1124.9092888885962,-55.78676314659958
54.391899705079815,334.3256575669478,1126.3091017057184,-43.46770059793201
53.688815581935266,330.7017330661999,1127.6438563616603,-32.16798355078093
58.845480663450395,338.7314202672592,1126.849895114704,-157.26310219298503
57.89162488567252,335.96384729015193,1127.4630944515125,-142.33731150563116
56.951231122862325,333.10366079503916,1128.1120927103318,-127.25124891403445
56.04168678208277,330.20526315489695,1128.7908755630963,-112.28536078325938
55.17832305981626,327.3248655505399,1129.4924456293575,-97.70887667594373
54.37355387300979,324.51594107134844,1130.2093764743954,-83.76083227262669
53.63639006365516,321.82520363108097,1130.934452969,-70.63551944701322
52.972337578186924,319.2897217588,1131.6612682189432,-58.47404333289987
57.495287128806254,318.2633949588608,1135.2326671241947,-184.20767835175715
56.64442367936844,316.7223785156881,1135.2123401511974,-170.08882560552775
55.798454921121724,315.10227076199067,1135.2229241782156,-155.5742175158731
54.973752707622744,313.43261491134905,1135.269104215683,-140.937507371114
54.185152403341554,311.7463477642182,1135.353535971543,-126.45976097684262
53.44500639405172,310.0770992651357,1135.4766443126389,-112.40789001701745
52.76258530483622,308.45640624221863,1135.6367859285137,-99.01528426705548
52.14387117033442,306.91134151443276,1135.8307198323778,-86.46764974984517
56.22106292387185,301.59014104007133,1141.4848709408575,-205.15068172642947
55.469402363415874,300.8466656308172,1141.12445562088,-192.06048471371395
54.71431699764925,300.0512338108272,1140.7721403917449,-178.4232653318377
53.97083827998618,299.2173226359316,1140.438120776229,-164.48988658039417
53.253085236812474,298.36131168041413,1140.1313528736673,-150.53340606146224
52.57324281425592,297.5011977517791,1139.858674408662,-136.82790528084516
51.94083489641913,296.6550444392817,1139.624287493772,-123.62707954928227
51.36237599690038,295.8394632668888,1139.4296947900127,-111.14624760196149
55.24973653957702,289.95171529517063,1145.6222986259174,-219.37151277239525
54.570788203737806,289.6599616270827,1145.094395968427,-207.16400390881475
53.882838005400195,289.33985337580833,1144.5546944250436,-194.3331620327569
53.199625942602424,288.9961750386522,1144.0151422485008,-181.10736391548366
52.53445106188724,288.6355864943072,1143.487442486898,-167.74602612893483
51.89913417140725,288.266160234901,1142.981854431558,-154.52007235879154
51.30321454808519,287.896678731009,1142.5062350778057,-141.69035640094734
50.75349495116914,287.535833309896,1142.0655204657753,-129.48787688002062
54.61448643932699,282.71552616307474,1148.1209383780044,-228.08235529728717
53.981062264296426,282.66168616411437,1147.5127299596581,-216.4851953256283
53.33542629708762,282.5948989029073,1146.8798882578362,-204.23120425309892
52.69037021061361,282.5156071426951,1146.2346103453626,-191.53285480089653
52.05853400250736,282.425303028395,1145.5895356591782,-178.63839369527204
51.45137618889348,282.3264733454773,1144.9564296225062,-165.81369296363988
50.878337577831374,282.2223788935712,1144.3450063681992,-153.32114486082824
50.34632394039379,282.1167130916816,1143.7621350222469,-141.39922123437364
54.23855036226494,278.5516451340965,1149.5371090882504,-233.05599568411458
53.631210153780884,278.6198643901959,1148.8900604068751,-221.83035378728187
53.0099222665312,278.6839829232936,1148.2110329724508,-209.93376922352502
52.38688681324676,278.7423084430709,1147.5120963546567,-197.56914565431327
51.77431161079554,278.7936769865318,1146.8061569584463,-184.9775765328547
51.18339381723803,278.8375940123892,1146.1056040473827,-172.42103032645355
50.6234721195037,278.8742679288956,1145.421033870655,-160.16181470930943
50.10147607389952,278.90452848160174,1144.760307684309,-148.44190447011604
53.06368929088697,387.62813299944685,1097.0354249673037,-83.49521557128125
52.171398665469525,381.32851760540734,1100.1975744514589,-68.36570083709036
51.278924548433565,374.998402117324,1103.1847806375918,-53.536985925884196
50.406986033266016,368.76110387640546,1105.990713651318,-39.234287903098945
49.57390218892835,362.7274044128206,1108.616524964631,-25.649965925720693
48.794541010944265,356.9885860187681,1111.0692379578977,-12.934471693653606
48.07978884615647,351.6123789008832,1113.3602564102634,-1.1917689194778518
47.43649139243068,346.6418822284113,1115.5039942492494,9.520798679828886
52.31905423739429,368.76059636564867,1107.5496797186593,-112.76812829402428
51.43115360141194,364.05777495154155,1109.2725013438421,-96.90645572141719
50.55670464942938,359.2813772163195,1110.9891993407903,-81.17303155186133
49.71213826499958,354.5222852868369,1112.6847497871922,-65.83390011305995
48.9119098141451,349.86725281393706,1114.347112491384,-51.126154928868715
48.167696968887775,345.3924924168774,1115.967586037528,-37.24436777422103
47.48795613499956,341.1589891147648,1117.5409244709597,-24.33227337939121
46.87783848378991,337.2100380945655,1119.0651802220627,-12.480180476586668
51.12308819235811,346.36243590163394,1118.281231635198,-144.39876120150265
50.30484735812445,343.29871523320196,1118.885042429571,-128.65321900863216
49.49953407219815,340.1404680438132,1119.5461603989006,-112.76420649281525
48.721950185786405,336.9468637244653,1120.2600448871117,-97.02274714721749
47.98511955853415,333.77822969941553,1121.020405057912,-81.70559993422982
47.299578715005744,330.69121129702904,1121.8199147407477,-67.05601804136384
46.6729791883346,327.7346026794458,1122.6510561635037,-53.26935491636928
46.11000669395093,324.9464644679839,1123.506898638369,-40.48511141715403
49.692090611400516,324.37373874864085,1127.5913222732397,-173.24421613904764
48.97723890578605,322.6311946859814,1127.4911796697816,-158.33265503112779
48.26824506219997,320.8059126756895,1127.4429076124902,-143.0256543316645
47.578800596177814,318.9308152115517,1127.4541721341084,-127.60864644600822
46.92126267071795,317.0419309569394,1127.5295946699703,-112.37222169096152
46.30588957291879,315.1754222538397,1127.6706039670885,-97.58979799164565
45.740368474690364,313.36463668158035,1127.87578014808,-83.49806017756478
45.22965890858625,311.63768313776546,1128.1415479011696,-70.28302070667766
48.367186884885705,306.40039389480125,1134.5964750023536,-195.7072608817673
47.74817936242436,305.5256720069839,1134.1162308207474,-181.8749494926499
47.12822186241426,304.59508914706424,1133.6612089620521,-167.48288753701013
46.51972425126791,303.62437746516537,1133.2457520792923,-152.79354279108503
45.93427375825054,302.63208853054385,1132.8819993841444,-138.09008844237547
45.38182430292166,301.6381088552881,1132.578913983314,-123.65432127684966
44.870129884069335,300.66195839238145,1132.3418314504445,-109.74472914316354
44.404482246020684,299.7211939199421,1132.1725677758218,-96.57843523988217
47.36759581904083,293.82047836258573,1139.2758638723956,-210.99940890608286
46.817335495174135,293.4411273635274,1138.6071126221354,-198.09889685246227
46.26165051163537,293.03010705343854,1137.9399100215076,-184.55424389307143
45.71177498884577,292.593707860234,1137.2909535806482,-170.6044971247036
45.17850845879015,292.14010722344517,1136.67590891802,-156.51901000746548
44.67139383713658,291.6787556030422,1136.1079909854222,-142.5767702227385
44.19809632208326,291.21955416773466,1135.5969625053062,-129.04414754065513
43.764061404230965,290.77197820413636,1135.148710459251,-116.15483317086867
46.71735253648309,285.9833189315902,1142.1236238884544,-220.38839818535493
46.20957691884691,285.8663604445706,1141.3639785475793,-208.13462904814295
45.69383947368326,285.7337940956539,1140.5903819238551,-195.1987093161429
45.18053504522841,285.58715377167795,1139.82004638019,-181.80304848544216
44.679855079412256,285.4290558724652,1139.0699836395509,-168.2053882267702
44.20097806574596,285.26303674578725,1138.3554091108185,-154.67963052063246
43.75142477637243,285.09323674568776,1137.6884457905237,-141.4939480966797
43.33667015449956,284.9239936567202,1137.0773644522578,-128.88994572174136
46.33359195614234,281.46767348242156,1143.7462003298133,-225.75834594334017
45.849970797705055,281.4858421382169,1142.9424360048697,-213.89913840110628
45.35703054723135,281.49771496160537,1142.1157608242042,-201.3413316215082
44.86464807183924,281.50247266216587,1141.283365955522,-188.29730070940002
44.38262305311755,281.4998602006591,1140.4627305022086,-175.01719549611647
43.91988249756426,281.4902458313835,1139.669961841712,-161.77092778717852
43.4838269147868,281.474573508822,1138.9183542417904,-148.82666014104436
43.079918094130086,281.4542253171191,1138.2174428242138,-136.42970186551858
47.37647158312461,396.01308994150594,1085.96770046499,-68.44385885777703
46.578063167504595,389.3375673687804,1089.3940896306501,-52.750521587696724
45.77824337919141,382.62598371609266,1092.6361364972254,-37.38881042499692
44.99594727774579,376.0099898246651,1095.6897625017314,-22.58708472532153
44.24789517821155,369.60717327498213,1098.5584195275603,-8.538542765223568
43.54764527702757,363.5137639215666,1101.251374372265,4.607537113348016
42.90512435513828,357.8005316984791,1103.7821772710913,16.749941341989768
42.326586759983165,352.51188061912757,1106.1672697978308,27.83515077046927
46.569640152715586,376.210620336943,1097.2475437942373,-99.39626581081876
45.78316353506207,371.18060161259234,1099.1191861476573,-82.89869794402681
45.00841459161863,366.0771253030512,1100.9935650951484,-66.55696073803001
44.25998316366976,360.99640637352906,1102.8554438830324,-50.64236722715259
43.55072192748543,356.0295992008078,1104.6925868392832,-35.3946158982572
42.891033472652545,351.2561207404876,1106.496195432711,-21.008405735910628
42.28847333155099,346.73887204319357,1108.2610917319914,-7.625521239687117
41.747673886157145,342.52186616781717,1109.9855874747213,4.667169549900834
45.320317254730945,352.5872639776963,1108.7673704197282,-132.8044152026589
44.60697575640804,349.27499464842134,1109.4318296291344,-116.40107937020427
43.905304693354,345.8677548687925,1110.170313358836,-99.87012564324684
43.2281417503599,342.4285932591155,1110.978228399984,-83.5102270610853
42.58679118600674,339.0211109610081,1111.84882275085,-67.60320000882427
41.990416373038656,335.7044029677069,1112.7740958291747,-52.39465270387066
41.445696315421934,332.52879126188947,1113.745831738422,-38.07980504011914
40.95675096021899,329.5329638136142,1114.756512890677,-24.79598635836959
43.85692013270635,329.31214946381846,1118.803680876507,-163.27996523323378
43.245664471836896,327.400790284986,1118.7061703509355,-147.73200886145526
42.640139396150104,325.404607142584,1118.6779420736614,-131.79072922424362
42.05201004183481,323.3592941883473,1118.7277005157086,-115.75039269575288
41.49179655816358,321.3033421918509,1118.8604265910526,-99.90837803594223
40.968237863875345,319.274871400694,1119.0773822997835,-84.5424026145302
40.48789886989765,317.3085683722613,1119.376657891075,-69.89087976457563
40.055039308334216,315.43323792226056,1119.7540565458169,-56.13922910714163
42.51871072961828,310.2363846582342,1126.409009494701,-187.04919828205226
41.9994959969645,309.25294811694675,1125.8965741946354,-172.62175449755304
41.480366176176275,308.2110817074109,1125.4245790661535,-157.62583490550085
40.97174219017773,307.12836066128193,1125.0093484284198,-142.33261962689912
40.483336853880076,306.0250739851666,1124.664300091878,-127.03271267078466
40.02348745354443,304.9225758117084,1124.3990096808038,-112.01328659893102
39.59869512538202,303.84147662100617,1124.2189001029496,-97.53583506132233
39.21341267578085,302.7999976335849,1124.1255265669552,-83.81813572563428
41.516001383645346,296.85767253379265,1131.5284962524554,-203.26422276181566
41.06170496493209,296.40715921342183,1130.8079275909945,-189.8090509522656
40.60386733237652,295.9227174400631,1130.1016457720816,-175.6941052956638
40.15182212254079,295.41186682270785,1129.4288944247637,-161.16660616807604
39.71451501863141,294.8839880082909,1128.8072526438598,-146.50323675852204
39.29983725101789,294.34959668649435,1128.2511724874287,-131.98872010723795
38.91412609638794,293.8194324733549,1127.771042433303,-117.89307573722024
38.56189262341016,293.30353143605254,1127.3728983301853,-104.4514053055355
40.86607986059545,288.5105559437386,1134.6638881761357,-213.2387070262681
40.45147677273314,288.3435386323,1133.8418467661966,-200.46035846468652
40.031319441356615,288.1591134636665,1133.0167637024724,-186.98043739467954
39.614180380029424,287.9596899097328,1132.2086740470777,-173.02891296102345
39.208433954924566,287.74876422920386,1131.4368648777624,-158.87057017375827
38.82160411489797,287.5306743570755,1130.7181807896259,-144.78506767505556
38.459849700009556,287.3102143101342,1130.065739369371,-131.04448257781607
38.127657920083244,287.09218243194124,1129.488266609149,-117.89219379474059
40.483217048883766,283.6964050579495,1136.4581510529908,-218.9513908792833
40.09103554200938,283.6757902098415,1135.5864343181802,-206.58672065426296
39.6922383296827,283.6474263647123,1134.7015821452792,-193.50205985819036
39.29493346394286,283.6111828686237,1133.823737327758,-179.91691209252392
38.90713345201386,283.5675063812413,1132.9728436624043,-166.08821632607416
38.53611675196104,283.5174146827805,1132.1668576406291,-152.29157319967592
38.18790809957834,283.462392116651,1131.4202866430971,-138.79913397080887
37.86695482430259,283.40421366504484,1130.7433131633625,-125.85818539078682
42.941762576693066,402.9902566087516,1075.1303094251336,-55.1032554920703
42.218590321210336,396.0058551539017,1078.8217006272114,-38.95394341150755
41.49274577782911,388.97915912941266,1082.318517844009,-23.163204695057104
40.781730609355,382.0491908276904,1085.6182001086754,-7.961223900205653
40.100991161827665,375.3395495510446,1088.7258439282623,6.4589167518897455
39.46305234302935,368.9508563772637,1091.6524201985992,19.94964755546303
38.87708662268554,362.95656905473425,1094.413213311498,32.41273736949756
38.3488902869933,357.40228440547014,1097.0264155376244,43.79838477101896
42.10270558779264,382.4049618512334,1087.0290860127902,-87.51482275934946
41.39627230325591,377.1015754591712,1089.071293806593,-70.49917543487135
40.69985842452493,371.7249466401549,1091.121678386447,-53.66350590778123
40.02661980879829,366.37575923261454,1093.1642109236877,-37.28278103089259
39.38817031667335,361.14883100291706,1095.1860340957383,-21.59811579444016
38.79393307203966,356.1262169609153,1097.1779783176012,-6.803591877541351
38.250778752037554,351.37238169125294,1099.1348016501863,6.961227936159503
37.76294620034015,346.93186179031585,1101.0550581548296,19.612909659982847
40.832850572767704,357.74170106088417,1099.1868007340418,-122.46642889573711
40.200890735031145,354.22060950498684,1099.9495107947068,-105.52562568485097
39.579234348352315,350.6047687062015,1100.7988258696619,-88.47141060200539
38.97921523757755,346.96040163064316,1101.7292890941612,-71.60815720827603
38.41083477027111,343.35375107147087,1102.7331225339994,-55.22120373215543
37.88222508747919,339.84584851641483,1103.8013257078853,-39.557453763198396
37.39934167495932,336.4881786606816,1104.9248699571642,-24.811419377241094
36.965890216139364,333.31984790941266,1106.0957077695293,-11.118129211965595
39.36645249606249,333.36960298404404,1109.8173408767743,-154.35744993184272
38.83426509120987,331.31694962173026,1109.769309108365,-138.28944398881086
38.30730656764045,329.17824122979044,1109.8044273953124,-121.83067198127537
37.79570515831084,326.99143968004825,1109.931336229622,-105.28218949028602
37.308603905913145,324.7970146015131,1110.15453440722,-88.94640806950247
36.853614825323795,322.63462604798724,1110.4745626161155,-73.10400952607179
36.43647960939256,320.5399781907442,1110.8887411247108,-57.994282365002675
36.060952630978136,318.54236145462585,1111.3922072862752,-43.801671562423365
38.03709055790619,313.3535015858246,1117.9220264506876,-179.26146671813555
37.59301807119803,312.2801370853382,1117.4284030302258,-164.34836103158844
37.14941776363092,311.14655441485075,1116.9878969082515,-148.86011020013137
36.71521105708292,309.971837297495,1116.6175365037675,-133.07471174216818
36.298713008725656,308.7776659220704,1116.3309531453424,-117.28838230496314
35.90706982701582,307.58654816891084,1116.1375523377799,-101.79220321314878
35.545870308892326,306.4199291388294,1116.0423589875106,-86.84963858444539
35.21896535118095,305.2965130247391,1116.0464587376375,-72.67854753927358
37.04591404166611,299.2941590277355,1123.4133974437273,-196.27887273683265
36.66317288589743,298.78585887119914,1122.6934249998953,-182.37192032955963
36.27792731887125,298.24200978133194,1121.9988008135722,-167.79269906784566
35.898080351689394,297.67112336632323,1121.349962432295,-152.7947890019091
35.53120053095719,297.0835354739633,1120.765217558749,-137.66046566194444
35.183966790521,296.4905929638706,1120.2593212527063,-122.6786975470412
34.8617532586297,295.90367570320376,1119.842645556787,-108.12203758295243
34.56840280528631,295.333233104168,1119.5210239850567,-94.2263146918435
36.405150481985736,290.51297838156273,1126.7945936005258,-206.76282237685123
36.059585733634414,290.3062217590001,1125.9628882952652,-193.55796449845883
35.70990335845982,290.08077452569836,1125.137945820555,-179.63581837973115
35.36330655442527,289.8397413802139,1124.341257132879,-165.23222729310544
35.0268226617726,289.58730653355474,1123.5931453882524,-150.61735658736012
34.70676396090293,289.3284250568412,1122.9110675821885,-136.07515165305313
34.408303499308516,289.0683845157933,1122.3083971761855,-121.88042982089786
34.1352243831839,288.812324852183,1121.793872652534,-108.27769984701695
36.028194991766014,285.44494490265345,1128.7366459148006,-212.77394511359492
35.70351692808788,285.3942214882931,1127.8497060490297,-199.99882289384462
35.373885787805335,285.33473630684716,1126.9586383790424,-186.48638654081864
35.04608132101806,285.2668948971727,1126.0851703151359,-172.46156633987297
34.72679306064929,285.19168445779627,1125.2504494249802,-158.18651760488845
34.42209376730033,285.11061560684993,1124.4732227876516,-143.9410844026981
34.13701389017395,285.02557633329207,1123.7684202150072,-130.00026260943753
33.87527744321453,284.9386288601659,1123.14637080936,-116.612558332102
39.3937052771672,408.88039243758027,1064.8412290641372,-43.263193117351264
38.73156557325797,401.63952898479914,1068.7883260178708,-26.738013647627454
38.06562105924159,394.3496428043772,1072.530412448828,-10.595114858920994
37.4122027616702,387.1563241394869,1076.0659511785702,4.934343124514157
36.78572260862869,380.18854727941005,1079.4012311008712,19.657925771393394
36.19786795495366,373.55085724874704,1082.5485397806026,33.43004895906462
35.657204527559244,367.31915322426437,1085.524588592404,46.1554363476813
35.16916009776857,361.54014266992294,1088.3490887481798,57.78780302891255
38.54108577195414,387.6310027886537,1077.2576729985426,-76.95810985215745
37.898672821100966,382.0971821454467,1079.4766527763204,-59.51248451508681
37.26475590122751,376.4901933225022,1081.7068497028015,-42.267992374560436
36.651352746794146,370.91452135650087,1083.9311570323543,-25.502204075537463
36.06909697620033,365.4680914880223,1086.1358933321994,-9.456937542544523
35.52663866628918,360.23518989647397,1088.3113930798006,5.674706728928584
35.03030697908221,355.28158235623283,1090.452288012846,19.75547866653494
34.584031664456866,350.652237471838,1092.5573689242376,32.705166393169094
37.270454529515945,362.0751607439878,1089.9515946179852,-113.26663584339957
36.70252907505603,358.3773023701194,1090.8302828488154,-95.87855504339419
36.14364391466146,354.58517485798944,1091.804996217737,-78.38959334273292
35.60396157201701,350.7676400568466,1092.8690198045686,-61.10853485456127
35.092472389824735,346.99311218935657,1094.0133038928345,-44.32325822469247
34.61651079615485,343.32419205517897,1095.2277376220031,-28.28134454138288
34.18147339601519,339.8132778058148,1096.5024767387647,-13.176325399101614
33.79074762537174,336.49977636856886,1097.8290218144605,0.8589982305094281
35.81802133084729,336.75846230139905,1101.0879110171306,-146.40165415799584
35.347050558370455,334.5867171705201,1101.1138111467867,-129.9007431327848
34.880723406154694,332.32815551749974,1101.233832492308,-113.0115797657007
34.42798336261765,330.02261351104084,1101.4559581215753,-96.04059567200125
33.996918194314276,327.71217614637254,1101.783787873671,-79.29407053381843
33.59428038426628,325.43774084891714,1102.2169004928912,-63.05481554756395
33.22518603719765,323.23580827818057,1102.7517601303684,-47.56251795699177
32.89300684937403,321.136021687354,1103.382874112459,-33.00050941712135
34.50976047847679,315.933273736428,1109.6239151434063,-172.30265628475524
34.123074629371445,314.7849486286313,1109.1767314969443,-156.98572626174598
33.73696502512866,313.57509180179824,1108.7930609030357,-141.0882365754562
33.35920573909852,312.3240271614795,1108.4899062115007,-124.89362757161146
32.99704959656256,311.0545650723818,1108.2805423052016,-108.70251333931307
32.656742703279974,309.79013785867636,1108.1738163557766,-92.80893490386688
32.343187650737654,308.55284614159615,1108.174144008336,-77.47770506282774
32.05978470920173,307.3617578774226,1108.2820829754426,-62.92647890968345
33.53795424147415,301.2893784985339,1115.4403768249865,-190.02487707676147
33.20931487920328,300.7337102444513,1114.749873663079,-175.7428978891842
32.87877467348421,300.14127041959705,1114.0940563126692,-160.7782349507142
32.55314759507982,299.5213767909057,1113.4937639235359,-145.38954960922624
32.23896146300774,298.8851331059235,1112.9673710522186,-129.86352269190763
31.941984624554753,298.2445466115326,1112.5294427988088,-114.49238862519962
31.666871567516438,297.6114981074279,1112.1900214947773,-99.55054168605179
31.416968467408484,296.9967517721844,1111.9545920400576,-85.27416454398193
32.91097617460418,292.1360132612804,1119.0381994091426,-200.95634343109313
32.617271952604575,291.89734455220787,1118.226122768731,-187.39799064680213
32.320359493339154,291.6390241896513,1117.4292699545656,-173.109173369935
32.02640316330351,291.36471288955863,1116.6697740149043,-158.33041857979524
31.741416001653576,291.07913973524194,1115.9682870936806,-143.33613131972723
31.470803660369647,290.7877436891214,1115.3423253866567,-128.41357027591746
31.219005836989677,290.49619509581856,1114.8051409000386,-113.83959819278039
30.98928392346258,290.20989192268064,1114.365275319648,-99.85936830064051
32.54252321353266,286.8505657798013,1121.1111747505256,-207.2296533795264
32.26835843198391,286.7761625884915,1120.2384318811821,-194.114765725456
31.990321951541404,286.6922538375514,1119.3694505967042,-180.24795567943195
31.714188528542792,286.5996682092905,1118.526726004543,-165.85854713672944
31.445653478963713,286.4998141201705,1117.7318806376054,-151.21277597654574
31.18988945960574,286.3945831807562,1117.0038672437654,-136.59376949752948
30.951188818257364,286.2861722455733,1116.3576232501946,-122.2786437767601
30.73274156739973,286.17686010035277,1115.8033812574608,-108.51668650114885
124.14217538147676,311.0675645707694,1159.031588627284,-191.73469628413596
122.48470744767913,308.0006085967083,1161.6227008752862,-181.69399517022413
120.79226970889128,304.9206091703545,1164.0912274857192,-171.76102240397046
119.09844904623786,301.893378853218,1166.4031931914637,-162.10817891842402
117.43484065600828,298.9819166783654,1168.5326674889118,-152.89242924052087
115.82870079202287,296.2421508860265,1170.4621126602394,-144.24657836677216
114.30134355595534,293.71969713845334,1172.1820582144492,-136.2731473332242
112.86745548311067,291.4479528121913,1173.6902742071231,-129.04143554116803
124.19771392449492,300.90883518985754,1161.380864436946,-207.11311966939087
122.49076759062653,298.7589217516144,1163.537518279388,-196.85108173996622
120.76010468706593,296.56460463734555,1165.6341853921476,-186.57481638947135
119.0365112785293,294.3745888825411,1167.6339518516281,-176.4782901388186
117.3489407982219,292.23870814495774,1169.5055386523204,-166.74578112094525
115.72236979463914,290.20417359988966,1171.224644525566,-157.5399980997344
114.1763149247549,288.31229266925317,1172.7744959144886,-148.99306852235674
112.72413555624074,286.5960416391072,1174.1456873715022,-141.20114309675407
123.86028636908351,288.97533241671,1163.6337260794362,-224.2236704300979
122.18593798013545,287.72067499724346,1165.4172346807102,-214.145035623579
120.48265846036104,286.4159821626332,1167.182408155386,-203.89215345361515
118.78001461132116,285.0907166344741,1168.8938936587126,-193.66879534288174
117.10622108575164,283.7775837024723,1170.519346820191,-183.68051009638535
115.48601802088356,282.5100523976399,1172.0313701390203,-174.12000438327092
113.93906304494637,281.31974742510073,1173.4087600456987,-165.15421587147915
112.47911418475262,280.2341668222286,1174.637014410728,-156.91505501935913
123.15526291249377,277.3440251024986,1165.3910609724899,-240.09580566096193
121.5785835418357,276.7876230618626,1166.9056692570905,-230.55503418058845
119.95922256489932,276.1964302140276,1168.4254561143173,-220.70080368442984
118.32499249664383,275.58424488413806,1169.9179522624338,-210.72992969220275
116.70339858634591,274.9680747172906,1171.35171447847,-200.85396654046065
115.11939907669498,274.36698197520565,1172.6984841946332,-191.28369488518186
113.59359424250724,273.80059737123537,1173.9348425576657,-182.21371624869636
112.14109011045059,273.2875261882978,1175.0431889852825,-173.80930677914836
122.3334951534861,267.899383392938,1166.5476757226895,-252.50368205912739
120.86839238469994,267.7915810122985,1167.888716349745,-243.60997131456682
119.34777476914438,267.6696698148669,1169.2478000453993,-234.31646020278288
117.79691726228263,267.5376760755192,1170.5949336826138,-224.80495786492435
116.24185336377056,267.40174423556255,1171.8998221265733,-215.28175001781833
114.70713644066036,267.2698976940548,1173.1340725638056,-205.96307086117864
113.21385702734581,267.1514926415005,1174.2730659921122,-197.05897479442388
111.77822706316182,267.05643143696324,1175.2972447260058,-188.75794134845975
121.63928837875585,261.3340285307551,1167.2258952379395,-260.9130908259019
120.26316205453311,261.4782438196316,1168.4620085172983,-252.5643175431059
118.82300792993703,261.6245719635083,1169.7232478092956,-243.7740075031722
117.3417047101248,261.7718597737591,1170.9813689547627,-234.71023874704542
115.84362590054029,261.9199658917951,1172.2069845362755,-225.57130726652
114.35248514516593,262.0699986021151,1173.3717444727108,-216.572674379438
112.8892909457834,262.22435450533106,1174.4503149685702,-207.9311808975342
111.47075512082624,262.3865253620395,1175.4218581520922,-199.8487365093806
121.16110907677447,257.26875618162546,1167.5984073648692,-266.0412337776283
119.84330146185913,257.5449912784986,1168.7741160222897,-258.06546242104946
118.45661822662431,257.83345391968174,1169.9787916553278,-249.63076556244147
117.02221480787965,258.13041626817625,1171.1853030499842,-240.89589160014785
115.56316730868276,258.432394813858,1172.3648773867253,-232.0528999587505
114.10239651751755,258.73660396373356,1173.4892426308948,-223.3151613347577
112.66061663940775,259.0413066215377,1174.5326532450788,-214.902143508081
111.25466577546302,259.34597889199244,1175.4734788069366,-207.0229681205765
120.8705776699834,254.93688468378778,1167.7965471189134,-268.9574810298456
119.58702795703479,255.2806375790101,1168.9388181869217,-261.20727785596944
118.23201312574155,255.64229772105926,1170.1120951458583,-252.99131587767465
116.82562613808476,256.01686573892056,1171.2899013580536,-244.4628560392014
115.3900989894966,256.39912730715656,1172.4438405788142,-235.809936071276
113.9477997348247,256.78420661219246,1173.5457064342168,-227.24429165141217
112.51918205025628,257.16807291978523,1174.5695284077194,-218.98644814740456
111.12107520320008,257.547899336515,1175.4932188683938,-211.24929123103328
100.72508803344844,330.86217035841156,1177.6943736266899,-177.61415814012264
99.13978304620227,327.089126275229,1180.1480218159554,-166.01602851187351
97.53939051020278,323.2902971592734,1182.4562067991508,-154.5299360470697
95.95677010715468,319.5434854351938,1184.5920704336934,-143.35115350261614
94.42207485361472,315.9226000528646,1186.537037661573,-132.65715589166433
92.96066747964879,312.4926107411521,1188.2804777785107,-122.59759890539634
91.59182145814445,309.30583455200406,1189.818869622366,-113.2874251672875
90.32827015240215,306.3998936700417,1191.1546975552367,-104.80367237141982
100.52711419632719,318.6515084315167,1181.7666544680008,-195.83540959916644
98.909747981811,315.9677549952145,1183.6019837614876,-183.94747120571242
97.28829971940658,313.2215245923651,1185.367567314324,-172.0321203445339
95.69269019418073,310.47051347901333,1187.033885011172,-160.309735277527
94.15029518835863,307.7732967191469,1188.5769372425252,-148.9887674575831
92.68411071210546,305.1848718331958,1189.9789786841795,-138.25234576714303
91.31154657128579,302.75279993851825,1191.2286094370638,-128.24808488647525
90.04397041210211,300.5144846572003,1192.3203824201116,-119.08225107300922
99.89845070637739,304.31915883525363,1185.78632487843,-215.92460712990163
98.33014177849195,302.69903236632,1187.1212322619367,-204.24569970911466
96.75214620608314,301.00950139722653,1188.4261233874013,-192.35196690320876
95.19329528379812,299.28583483761804,1189.6747942697016,-180.4747955517844
93.68035440129408,297.5668839580087,1190.8439992453254,-168.84666691870427
92.2361202186269,295.89199488776785,1191.9146146344156,-157.68420227293177
90.87813551580676,294.29790581343576,1192.8722886083733,-147.17367459918037
89.61811858055692,292.8160907876545,1193.7076015178602,-137.46072345189108
98.92437661215575,290.34968536245526,1189.0688198759442,-234.45153374388346
97.46412604056233,289.5593418929118,1190.0724051572336,-223.4078633926432
95.98027301995265,288.7173115967573,1191.0602799182257,-211.98576179858946
94.50019073012997,287.8406370962405,1192.0099515118966,-200.40758416631837
93.05018510844481,286.9500834010059,1192.9005003320017,-188.9114498463955
91.6534626975393,286.06861413414936,1193.7138089962898,-177.7333918063648
90.32857023660438,285.21949403855285,1194.4353672174113,-167.089633030874
89.08856315408178,284.42438491697845,1195.0546561720257,-157.1620739973927
97.89688858595956,278.99304081921827,1191.356510940118,-248.90519959259467
96.55267381349162,278.73644605381617,1192.1669165433298,-238.62538283311673
95.1719562102311,278.4525138930483,1192.965659341858,-227.86566593444707
93.77987608860735,278.1469217668441,1193.73235678427,-216.82981271284353
92.40157108249204,277.8279389742176,1194.4475243616976,-205.7483770401955
91.06008808767069,277.5059754745459,1195.0938191086666,-194.86195394002863
89.77461979592137,277.19276169760326,1195.6569145593965,-184.4025513619604
88.55939092998973,276.90032391757376,1196.1259695159224,-174.57649761847887
97.0660774944639,271.08342521529096,1192.7762925552577,-258.7058031166029
95.81214748944188,271.1273060198836,1193.4804694221632,-249.06864396759786
94.51311853212461,271.16305838529394,1194.1742255336835,-238.90249930956884
93.19196234193672,271.19035400550314,1194.8381677470788,-228.39421441290335
91.87240448952487,271.2102557419279,1195.4533940889132,-217.76384289733784
90.57687722454378,271.22533515533627,1196.0027646563647,-207.24960884008732
89.32466293460378,271.2395318759338,1196.4718422384328,-197.08960055337118
88.13059242052731,271.257787957072,1196.8494273496863,-187.50365998630443
96.5055687432691,266.17650154131894,1193.592566796141,-264.6904182534434
95.31015457900334,266.378120743879,1194.2396961928957,-255.493136959544
94.06470586154477,266.58363023918787,1194.8769393266684,-245.74636071329164
92.7906175703436,266.7897323885079,1195.4853744534967,-235.62553195721605
91.51047631326425,266.99367525128446,1196.0463082168553,-225.34254304670594
90.24607627362292,267.193634772405,1196.542566263984,-215.1321132370233
89.01654518485296,267.38894350299034,1196.9594872650969,-205.23420585598245
87.83693406117634,267.58012053631455,1197.2855092363884,-195.875550638671
96.16846350236504,263.3578394179392,1194.0405133737072,-268.0979774481731
95.00723895371065,263.64025850514344,1194.6574001453375,-259.16680394817774
93.79332723431574,263.9333318865513,1195.2646842510433,-249.67810814685924
92.54713426536607,264.23229955943134,1195.8436790215655,-239.80046367599402
91.29050343251184,264.53244475049564,1196.3757689115719,-229.7406734077664
90.04477049626816,264.82959359736617,1196.8437089175927,-219.730884407112
88.82888771150846,265.1205299857618,1197.2326501100558,-210.01151680017938
87.65796352922058,265.40324465917297,1197.530761449363,-200.81276421798515
83.05431366788224,348.203130189621,1183.1343578827593,-159.95611379209117
81.62494555712804,343.7370664311492,1185.4777411271616,-146.9446282360541
80.19251714836093,339.23479425390315,1187.6655384192295,-134.0702621039784
78.78714347193933,334.78633502311425,1189.6800634955664,-121.54812090177703
77.43593509668422,330.47640725056226,1191.51158917621,-109.57206800362073
76.16125608464135,326.3786421564776,1193.157308148165,-98.30390964943385
74.97971759197134,322.5514799766265,1194.6200472702421,-87.86620401466996
73.9019183281443,319.03610081336944,1195.9069587568283,-78.33925875685695
82.62306815826986,334.10502951112846,1188.972104764914,-181.00341401922816
81.17654521250198,330.8804616208156,1190.488891223407,-167.6103178058728
79.73866215226329,327.57923077171705,1191.9440693457375,-154.20092981553597
78.33624911173582,324.2683197291934,1193.317132200537,-141.01936191778842
76.99333813069921,321.0150357840825,1194.5922537921529,-128.29432636272202
75.7296648358161,317.8818169916508,1195.7584622877685,-116.22447797569106
74.55976858845675,314.92189462937466,1196.8094075106874,-104.96768876951874
73.49273607402998,312.1763829049017,1197.7428744286185,-94.63530999565418
81.73570351224352,317.51707427947537,1194.8019648341333,-204.05832984355783
80.34962961792442,315.5145818184895,1195.670814258514,-190.87671682312728
78.96769508894138,313.42653230506454,1196.5178548136666,-177.4649156447387
77.61563412355498,311.2946370860113,1197.3282117164663,-164.08064814393373
76.31672942546109,309.1642049875022,1198.088913942686,-150.98020783956846
75.09030663930376,307.0804814431642,1198.7893511446287,-138.39983931783638
73.95077995309305,305.08504665630096,1199.4214822456836,-126.54003337618418
72.90733015600912,303.2128796774216,1199.9798708601763,-115.554922740862
80.53043626947516,301.3072424807552,1199.661671467829,-225.24717862224514
79.2566001574695,300.26457515854855,1200.1222566120944,-212.7789255616759
77.97440165258415,299.15530500264043,1200.5654821443234,-199.89114453679727
76.70835934810916,298.00045039127116,1200.9818645590149,-186.83167457284904
75.48140803938944,296.8250971070724,1201.3629792156148,-173.86351531264066
74.31321002245126,295.6564184157154,1201.7016672482196,-161.24455299893552
73.21899113319809,294.5213926732956,1201.9921149531865,-149.20828530946147
72.2090001368193,293.4445951643079,1202.2298633099215,-137.94830888287004
79.3309925010132,288.09046593078335,1203.1386807995636,-241.77378739315986
78.17204114098136,287.66892699214213,1203.377604340019,-230.1734176805409
76.99299928208305,287.20797280916815,1203.592550702005,-218.0345644951392
75.81652658845988,286.71561077696936,1203.7764162437452,-205.58373943114978
74.6646450847789,286.20283778730413,1203.9232373740228,-193.07511340917054
73.55696179186452,285.6828937997805,1204.0282524004174,-180.77125609950423
72.50930241829788,285.1701577049599,1204.0877908653692,-168.92266423992223
71.53292639481342,284.6788667437514,1204.099088440571,-157.7492097889566
78.38822567338545,278.8577736001749,1205.3526286539388,-252.99919898725165
77.3167360613903,278.7877996517333,1205.4793669997684,-242.13228557747874
76.21728487681442,278.70023799372274,1205.5757210956979,-230.6683339830085
75.11069425978775,278.5961847612455,1205.6351359489838,-218.81413676560476
74.01784270510612,278.4784792424841,1205.6523746297894,-206.81146508787975
72.95789196994438,278.3516300793358,1205.6235765098336,-194.91958603255284
71.94681288565216,278.2214720488319,1205.5460758095635,-183.39507434079948
70.99642769494584,278.09460033930753,1205.4180889610304,-172.47197687402348
77.76104677323745,273.1156813720565,1206.6514084390856,-259.8685073676254
76.74562164922884,273.2310669607298,1206.722239218559,-249.50501757340805
75.69768823468858,273.3426593201973,1206.7586291696625,-238.51950802090636
74.63671475136907,273.4481331592679,1206.7539782193853,-227.10527708900628
73.58263699293241,273.54600688957095,1206.703093412994,-215.49431484141184
72.55412940157397,273.6358940677158,1206.6022918285053,-203.94146482323515
71.56708249682187,273.7185731946034,1206.4492104270844,-192.70475776800663
70.63354926080807,273.79586141998305,1206.2424408776233,-182.02522072747615
77.38647089887174,269.81145785756274,1207.3738126100752,-263.7865081512215
76.40361974695924,270.02207787380945,1207.4165728522753,-253.72820322322994
75.38579833224878,270.23671068582314,1207.422634851467,-243.03770556363963
74.35162648254737,270.45135068868433,1207.385260255371,-231.9002879541586
73.32041940373486,270.66229483110317,1207.2991534693479,-220.54179320062698
72.31048921980671,270.8665413593162,1207.1605968726067,-209.2137501659895
71.33761140675408,271.0620753434957,1206.9672752423426,-198.1743367627829
70.41391643089216,271.2479830478577,1206.7178879631515,-187.66794493866811
70.06033647768736,362.86001567289304,1179.6369692517837,-141.18741818026496
68.8039234025177,357.76114447712706,1181.9861951402104,-127.00780743541246
67.54943413005954,352.61894125777087,1184.1766219935898,-113.00203817479095
66.32375418684883,347.53505868668543,1186.1985426195647,-99.39956130014657
65.15080440471267,342.6041927497122,1188.0496281446115,-86.40483434917924
64.05008643024719,337.90766544411883,1189.733391143723,-74.1862191037488
63.03589256347926,333.50905269163144,1191.2576362838513,-62.8689391797127
62.117161491960644,329.45219306969796,1192.6330732116471,-52.53257932936574
69.44410083117027,347.1338836583896,1187.016151391767,-164.8123152642363
68.18380203480952,343.3996387383983,1188.3360501321613,-150.15080689348517
66.93771487215184,339.58024856594295,1189.613483897086,-135.50038580704907
65.72906240420289,335.7514929146815,1190.8348091127327,-121.123232446648
64.57836956464796,331.9885832750411,1191.9899392471225,-107.26201550884312
63.50226348506088,328.3603629587292,1193.0722516427,-94.12465618027764
62.51279384546549,324.92462058401964,1194.0782813339342,-81.87361125173263
61.61728922355597,321.7251149617574,1195.0073056488422,-70.62064274973534
68.35844186391597,328.5515169541698,1194.419586321624,-190.57688132532968
67.16743736811937,326.1786728437544,1194.9444316781157,-176.1118319788523
65.98756213112875,323.7095605045753,1195.4706412115665,-161.4216494947324
64.84075575669506,321.1922693748442,1195.9923053022144,-146.78521899911937
63.74653350180587,318.67818072174754,1196.503804238754,-132.4766130572726
62.72081008216018,316.2177551699804,1196.9999110867846,-118.74521234447855
61.77521253264909,313.85655930079815,1197.475934370701,-105.79954645507343
60.916907747983586,311.63216734236926,1197.927904126298,-93.79690370326644
66.98257059456377,310.3227539313459,1200.659465442141,-214.21450557048894
65.90541620101192,309.03087409966923,1200.6939204380176,-200.51890074293252
64.8288224095065,307.66151381750757,1200.7270534628483,-186.38512131929184
63.77360486000614,306.2399423543334,1200.7605280316902,-172.08270236024882
62.75883690097768,304.79553862421034,1200.7956294784617,-157.89419154797918
61.80054846203791,303.3594150609419,1200.8328495547366,-144.0933761800892
60.91087134867202,301.9617789400188,1200.8716528859027,-130.9248743575243
60.09771038715293,300.62951864912174,1200.9105060878082,-118.58836304011307
65.66083504650852,295.4061042252785,1205.194335563257,-232.66756277579378
64.69536178811994,294.8200923770908,1204.9713273765087,-219.92398503487857
63.72043705724103,294.1854222003567,1204.7309280486948,-206.60605270321182
62.755272298812365,293.51278031087935,1204.478141393875,-192.96032567037093
61.81813446542866,292.81604816684165,1204.2182592381664,-179.260350652996
60.92493939441659,292.1112597361223,1203.956036371124,-165.78549577260242
60.08823475012971,291.41522457284736,1203.6950038246628,-152.79905571534363
59.316677568613045,290.7440491501779,1203.437071053923,-140.52897930471931
64.64077721091539,284.95211780422807,1208.1285812422502,-245.2309353269173
63.758506372556646,284.7686344904778,1207.7811677093323,-233.29742097293382
62.86006223277145,284.56023087800787,1207.4025632578,-220.72091400935435
61.96309940124636,284.3297625709257,1206.9984412689262,-207.72630898429358
61.0849103233092,284.0820441198987,1206.5754634062437,-194.5735571002203
60.24101848285642,283.82358343408276,1206.1403482341127,-181.53854176891315
59.444057000176485,283.5620278420556,1205.6989210781576,-168.89116182893315
58.70310586624524,283.30543418341574,1205.255396216639,-156.87452385164238
63.96846788949521,278.4337973637462,1209.8723434176618,-252.93798970275355
63.13889970017363,278.46375784986503,1209.4659508158315,-241.56274243292512
62.289278206904676,278.4840159812965,1209.0196336271915,-229.51436012666096
61.436106854541634,278.4935190726998,1208.5388462173512,-217.0025713771734
60.595888866696704,278.49226072744614,1208.0304852364275,-204.27653683870614
59.7837336246564,278.48138326363346,1207.501946692573,-191.60717818689903
59.012194016152435,278.46308799501094,1206.9600751734874,-179.26585402214118
58.29052135359156,278.4403728120053,1206.4102695558422,-167.50302872576665
63.568813138460726,274.6763154613582,1210.8508136520031,-257.34210258419154
62.769664961203766,274.81636460202964,1210.4160278380054,-246.30614994517765
61.94836117037769,274.955392795152,1209.9363849958781,-234.58433241167555
61.12068574279902,275.0904237116359,1209.4170196669816,-222.37730283618026
60.30262203327538,275.2189671116649,1208.8647542083745,-209.92738026832757
59.50897557617541,275.3392948227043,1208.2871717256864,-197.50173698210264
58.75219729278288,275.45059342791615,1207.6915323548005,-185.3716963669723
58.041594416756006,275.55296328747903,1207.0837907997725,-173.7912385177549
60.49145446627096,375.02394853360596,1171.1714892334282,-122.97071352373457
59.39039668814501,369.37769331231016,1173.6456809652009,-107.86633087767956
58.29211720665199,363.68289801288836,1175.95790226499,-92.97461610146394
57.220621730767704,358.05175051889927,1178.1042474137803,-78.53435881122675
56.19714173295474,352.58776936801127,1180.08770978782,-64.75589345142691
55.238888969614855,347.3788727792183,1181.916341443261,-51.8100528673883
54.3584056984064,342.4928369420629,1183.6015779436188,-39.821504508525976
53.56348422163173,337.9754654922418,1185.1568442625992,-28.866906045950614
59.748084763469635,357.93348835871217,1179.7938724839998,-148.854649390673
58.653671425728916,353.74624674612494,1181.0605515226061,-133.17229039594054
57.57455507717973,349.4698955718687,1182.3050284718324,-117.53399827033229
56.530781782254344,345.18791627525184,1183.5174410650707,-102.21441361603132
55.539964841791296,340.9821930308058,1184.6906092081745,-87.46476974937805
54.616292965257564,336.926737637727,1185.819901828142,-73.49750248770978
53.76998521015608,333.08277575708286,1186.9030030616052,-60.47585278365405
53.00719527480496,329.49578917429335,1187.939617276574,-48.50928854821876
58.53277320526811,337.6410416537001,1188.4559664340059,-176.99500627963647
57.51384118830446,334.9325411831337,1188.7967894826807,-161.48679215017506
56.50827331819821,332.121895453383,1189.1661926089278,-145.76843803638715
55.53462356020046,329.262907027169,1189.5634575544507,-130.13441753863248
54.60924611162027,326.4121280419221,1189.9866705075706,-114.87081693023006
53.745365748777225,323.6242281691141,1190.4328190792278,-100.2348299239609
52.952556343204996,320.94776687451974,1190.8981043741703,-86.43856385564027
52.236636654553024,318.42203121391145,1191.3783847680027,-73.63912302937595
57.05262401954378,317.6546466835885,1195.8043777422738,-202.7894328392635
56.147404489031146,316.1347639348458,1195.5782776859764,-188.09075489382204
55.246759275204745,314.53046998260896,1195.374354571466,-172.94873879310933
54.36809373320026,312.8709876903315,1195.2014849306092,-157.64954018133977
53.52716999605789,311.18948550184336,1195.0665912162704,-142.48979229742628
52.73709020297018,309.5203538233575,1194.9740105249311,-127.75372975649243
52.00765682193927,307.8963119456457,1194.9253056819864,-113.69226354363204
51.34515729038127,306.3458738001141,1194.9195263921952,-100.50730850158456
55.66174636067212,301.2436200751538,1201.2024636057388,-222.9517554521418
54.86418402132921,300.5074365730965,1200.68165380254,-209.2716957827597
54.06284606582441,299.71627858600925,1200.1600997965588,-194.99672505360894
53.27368107550371,298.88342341956076,1199.6512527788018,-180.38932048975778
52.51164449061533,298.0253658316328,1199.1675701815923,-165.73739689960382
51.789607590471476,297.16053570304274,1198.7192624248398,-151.33199455301724
51.11758693357946,296.30769741721565,1198.3134341927941,-137.44438992771717
50.50238314444976,295.48434023167266,1197.9537827073027,-124.3065720680476
54.60105961010966,289.7090687065291,1204.7364274753368,-236.71154669432738
53.88213130877046,289.42322211120756,1204.0753423716715,-223.90409521858578
53.15387471324394,289.1073529904046,1203.3938648884155,-210.42375682116995
52.43086666039157,288.7660475560364,1202.7065792208944,-196.5099239377049
51.72717913941707,288.40594580705147,1202.0281520531398,-182.43642923530948
51.0552740055756,288.0352935863785,1201.3718105304558,-168.4909903699122
50.42515457370027,287.6632217570977,1200.7480629774363,-154.9522099965959
49.84389468876899,287.29889862694745,1200.1639331733193,-142.06823908400503
53.906280969000676,282.5010447109911,1206.8572006793395,-245.17254788917296
53.23658606073453,282.4553454350016,1206.1308508810112,-232.96886727752502
52.554383296170805,282.3958679842411,1205.371497453395,-220.05713601703943
51.873251698968176,282.3228239966136,1204.5936094394074,-206.66041514520953
51.206565188104705,282.23757423977565,1203.8124638137554,-193.04106150237484
50.56639563083158,282.14259478871327,1203.042539391539,-179.48163054057403
49.96263065167818,282.04125659884505,1202.2960365200006,-166.26238836311023
49.40243836453209,281.93746414759653,1201.5818348757246,-153.63930829647248
53.49455759585428,278.3397489990123,1208.0552773631357,-250.01609349039938
52.85309013078884,278.41837942695156,1207.298067261802,-238.18026979877317
52.19740082349459,278.49258008035736,1206.5006434606487,-225.62107557872685
51.54045016553674,278.5604000892861,1205.677149193224,-212.55181910107098
50.895156287537795,278.62046945944564,1204.8429422261115,-199.2274066791189
50.273314474893446,278.6721687536862,1204.0129800503,-185.9264404437593
49.68470074189615,278.7156708862349,1203.2002483147103,-172.9291696892153
49.13650244997369,278.751855180556,1202.4145717365088,-160.49528103633503
53.31535101486742,385.09390123807174,1160.4259098366492,-106.09821610346312
52.34291509953676,378.9876426165407,1163.1060569019323,-90.26628725250195
51.37230805963201,372.8280131321697,1165.6183992794881,-74.68320369746664
50.42519351883251,366.7365639112506,1167.9630086411084,-59.593555788661135
49.520683029474,360.82454173245145,1170.1465860336361,-45.21050497679569
48.67423734718012,355.18553611689515,1172.1804374744838,-31.704957814644928
47.89711174009568,349.8908547142535,1174.0787472959892,-19.199410038701316
47.196298187372186,344.987823656328,1175.8571798829867,-7.766630320366005
52.49373846267281,366.86650867361476,1170.0350436709539,-133.9442601807732
51.53541041147158,362.2899342658452,1171.357963848918,-117.44779604543027
50.59141420021425,357.6228089924888,1172.6750451338182,-101.02770215456056
49.67926786284134,352.9551270572966,1173.9778918194422,-84.96699460955892
48.814343659613435,348.3742668334719,1175.2603053631603,-69.52187776016066
48.00901715501206,343.9583556031128,1176.5182210004261,-54.90644801904145
47.2722017333701,339.7712059120047,1177.7495836370103,-41.28272032270419
46.60927301366637,335.8594311146748,1178.9541573294755,-28.756749799855513
51.20543495399783,345.1208510987638,1179.688342357056,-164.14739228400327
50.326100768532605,342.1201025088993,1179.9751904303846,-147.8015556447486
49.46000398109473,339.0144883738803,1180.3150983368375,-131.26334176928884
48.62300283593303,335.8626357788169,1180.7095413324948,-114.83839772345668
47.82902926586577,332.7253070976859,1181.1577492835142,-98.82074664169497
47.089324796909715,329.6604539308536,1181.6569685935972,-83.47198886798462
46.41201720795272,326.7188238303315,1182.203016750092,-69.0052760908052
45.80204219271012,323.94079048963,1182.790967283207,-55.57592731895943
49.674671126892314,323.6245590248628,1187.9142796583283,-191.8190125182765
48.90741690678194,321.90567331118706,1187.5675908678747,-176.31269320461917
48.14604848139952,320.09824262687533,1187.2663158550827,-160.3639714541547
47.40522401790116,318.234885849072,1187.0231244095805,-144.2713142628059
46.698149657030655,316.35190820602594,1186.8474656712297,-128.341281929419
46.035755860003306,314.4862930251787,1186.7449683018804,-112.86484110147912
45.426193863298565,312.67263423916586,1186.7174544880688,-98.09624123125242
44.874676387713066,310.94054015368096,1186.7634740275216,-84.2375904702455
48.257049050930966,305.9227381232443,1194.0074506677936,-213.47561479164085
47.592981780226864,305.0565564156743,1193.3309723168709,-199.0414161254693
46.92783950018313,304.1312467567101,1192.6725046091758,-184.00002625201972
46.27490933898779,303.16234552806446,1192.0504633998316,-168.62597448318581
45.64656506587564,302.1685403253672,1191.4811062626932,-153.21764632175655
45.053395434339265,301.170181672176,1190.9771461757848,-138.0740147580742
44.50360144118394,300.1875241534449,1190.5469597331762,-123.47121239880616
44.002725897322996,299.2390333223301,1190.1944917527583,-109.64295605160379
47.18474038458202,293.4521248957491,1198.0344022785307,-228.28646338683944
46.594784672449734,293.0792003921863,1197.200601420798,-214.77605152797997
45.99920254032566,292.672810632495,1196.3609741587231,-200.57233003289355
45.41003574326458,292.2390519976013,1195.5356391527573,-185.92574075539756
44.838820781669206,291.78609579051556,1194.7438536748277,-171.1203668160465
44.295705070272476,291.32358503697384,1194.0022211062583,-156.4521888300377
43.78878657449614,290.86178961602474,1193.3233566369056,-142.2053909125587
43.32375953772649,290.410679665116,1192.7152384677786,-128.63075536963987
46.485354134735566,285.6456011656988,1200.470493323569,-237.4125464069735
45.941321901023834,285.5369679022017,1199.5634069882224,-224.54355950450906
45.389092200684516,285.41182374741715,1198.6349850623308,-210.94155769535877
44.83982134756386,285.2714776384083,1197.7054671582832,-196.83988214356512
44.304404148564956,285.11842643796246,1196.7951265052477,-182.51066993787137
43.792602746504905,284.9562105494697,1195.9223311956616,-168.2446920834314
43.31236078699318,284.7890951587529,1195.1019254238677,-154.32805966272076
42.869399956281825,284.6216406781579,1194.3442340226338,-141.01980390052498
46.071802681535495,281.1335180367096,1201.854418955792,-242.64486003778188
45.553936832042815,281.16213968778396,1200.9126771311019,-230.1674834342623
45.02650229453517,281.1840912728552,1199.9406528904997,-216.93945112352046
44.500109760932915,281.19830095472605,1198.9583434781232,-203.18377199109256
43.98524188763444,281.2043201594289,1197.9863004450872,-189.1647710524892
43.491396577286885,281.2024046184191,1197.0436460599526,-175.16914087494422
43.02639111728405,281.19347489781325,1196.146316698378,-161.48304956582294
42.595933320014574,281.17897223624436,1195.3058780044614,-148.36946937339644
47.79966024938056,393.4865491580334,1148.936790242482,-90.80418683402252
46.9310413112577,386.997508112488,1151.865534969685,-74.39316429734934
46.06272481399013,380.4498409358885,1154.618066626564,-58.26319285206084
45.21450784084611,373.97341460640666,1157.1971692308266,-42.66238212783401
44.40384121503468,367.68628773460034,1159.6121643541442,-27.80490067071645
43.64484094486291,361.68702999887546,1161.8767763179444,-13.860496108597019
42.94778833232207,356.04998883464157,1164.0073685235334,-0.9487186089737065
42.31909508402021,350.82379899646673,1166.021560885361,10.861749983653723
46.9347049170416,374.3067254314566,1159.3423825598488,-120.36238788602205
46.0850709661424,369.3998872117928,1160.7891413940301,-103.21039640174673
45.24811490152007,364.40215509319995,1162.241656767546,-86.1641390438216
44.43938901821508,359.4089922474988,1163.691599710065,-69.51229674972748
43.672556319081515,354.51231691315354,1165.1326774936138,-53.51385889076465
42.95863618467533,349.7935835828391,1166.5606718624945,-38.383021952599634
42.305589302772006,345.31861856039177,1167.97341746432,-24.279663702684473
41.718246363993046,341.1348070474387,1169.370675170236,-11.3060676598365
45.612921585897446,351.32329829948577,1169.7928121297741,-152.3646054085675
44.84366411525808,348.0724674307804,1170.1115494044584,-135.34085152377773
44.086602017605976,344.71579814150556,1170.5030856038943,-118.14203010670788
43.35551414246666,341.3159111224393,1170.9692213009746,-101.08188961448234
42.66250663706628,337.9369683879991,1171.5088812217596,-84.45977756170538
42.0173596649934,334.6394872285105,1172.1185933609283,-68.53970846916006
41.42716425907698,331.4758369970898,1172.7932787739105,-53.534578778929614
40.896251581887576,328.48708544976085,1173.527124224282,-39.597281836481784
44.06804516209249,328.5312643699998,1178.7307837733042,-181.67540153540108
43.40817890588916,326.6423333718204,1178.358842138589,-165.51461034600788
42.75427993125086,324.66241768916456,1178.0522537210024,-148.9144923942168
42.11889108734814,322.6269781029927,1177.8252278505015,-132.1828121330933
41.513294234431584,320.5748617417944,1177.687854528422,-115.6332267371009
40.94682465163343,318.54508658353467,1177.6456645909361,-99.56113130635973
40.426453637204816,316.5736495504043,1177.69988228212,-84.22246204339399
39.95665727889563,314.6909010145258,1177.8482014065462,-69.81855626281211
42.65189603206597,309.7190247447867,1185.398606944606,-204.63992745817004
42.09058018929102,308.742941509847,1184.6647633772047,-189.59507911844432
41.52938031523179,307.7049600126007,1183.9660934602605,-173.93493974572655
40.97952343175177,306.6225028578941,1183.3235423938706,-157.94316300161918
40.45143805728347,305.51604485053906,1182.7550099095956,-141.92586646866408
39.95403398587786,304.40745260925803,1182.2739881720652,-126.18755268561145
39.49421178365074,303.31811182240193,1181.8889304210113,-111.00736317109735
39.0766453581844,302.26718126108375,1181.6033725543755,-96.6195433663261
41.58697593080947,296.4427866244918,1189.841356475799,-220.3732071313148
41.09546895995122,295.9976048544155,1188.9330870001577,-206.2946537559245
40.600327094492805,295.51658099996234,1188.033257978768,-191.5075913772531
40.111629555231524,295.00707162424305,1187.1650851317954,-176.27100210249222
39.638997188348995,294.4784861989467,1186.350137816491,-160.87657772705708
39.1908716825911,293.9415667152586,1185.6064802991932,-145.6261906507855
38.77398244770038,293.4074494881058,1184.947409325676,-130.80769787593707
38.39306474563544,292.88668486236116,1184.3809695071077,-116.67319537922793
40.89458492981599,288.12117570901773,1192.547576292654,-230.08432628282617
40.44595041222919,287.96150461420837,1191.5571570514423,-216.67860592202254
39.9916028439572,287.78344684451633,1190.5575937075591,-202.5207789116848
39.540817979588894,287.58921205667394,1189.5724897005161,-187.8520800132214
39.10261592520809,287.3822045517547,1188.624804727358,-172.95195080273714
38.685054285469995,287.16679256904655,1187.734789035689,-158.11707267459215
38.294677432757894,286.94791586035706,1186.9183747412208,-143.637469839313
37.93619891124651,286.7306128156702,1186.186303702876,-129.77395809083853
40.48582863941473,283.3072187378733,1194.092358501397,-235.65918932404819
40.06148866834793,283.2961699334699,1193.0627383508179,-222.66494396228194
39.63034290866503,283.27694431569614,1192.0137590953107,-208.89899286738003
39.20117571879877,283.24917923006444,1190.9688989197273,-194.5916867961543
38.7826270800229,283.2131520125871,1189.9515902130497,-180.0144230268136
38.382498170616856,283.1697902261796,1188.9830718646333,-165.45973393414198
38.00719511368293,283.12057303801583,1188.0806084974038,-151.21781303540905
37.66139111117599,283.0673469947432,1187.2563945962115,-137.55353829946762
43.45280216174124,400.55633601309415,1137.501819949996,-77.0536729166422
42.66791738194974,393.7484175912912,1140.695426970563,-60.173497350746146
41.88175923567332,386.87598182743557,1143.7027370860794,-43.60273262827019
41.11262647765964,380.0763177216765,1146.5284056849323,-27.59154729777559
40.376650772526894,373.47356101431575,1149.1836539226163,-12.35407435403907
39.68688762585226,367.17070559468726,1151.6840597645478,1.9417607349450776
39.0528612289881,361.2448202339328,1154.0477818193808,15.179577435738935
38.48053875203258,355.7457225516254,1156.2941778764398,27.294703162187716
42.567519196813755,380.57117466077733,1148.568050164452,-108.11904385599557
41.80460513610525,375.38443762354285,1150.1748168270533,-90.43056024467681
41.05262620953482,370.1067948418476,1151.794924706488,-72.87384493820115
40.32559660478255,364.83833709735137,1153.4193422920166,-55.74149153432744
39.635855460902285,359.6747893708859,1155.041129098504,-39.2939676665126
38.99338155365686,354.7003573109499,1156.6555762961657,-23.744737095190047
38.40541510353637,349.9825058336669,1158.2602726114133,-9.251208061049653
37.87638114583612,345.56918089384226,1159.8550032683113,4.088104061468414
41.237548115878354,356.5259685986519,1159.6807228134796,-141.70437877195292
40.55493722424715,353.06185017941095,1160.0819357136572,-124.12347061245171
39.88323838378699,349.49179223751725,1160.571194250939,-106.38326037524467
39.23462470664705,345.88173087076774,1161.1495852512774,-88.80355769099903
38.61980914229341,342.29859846027927,1161.8149907070751,-71.68738688613848
38.047470193285065,338.80495465786595,1162.5627911573572,-55.300027834749386
37.523927904865104,335.4544040777921,1163.3868587042962,-39.853477027663985
37.05307658010213,332.2884832962858,1164.2805716662688,-25.498070875509285
39.701097568388086,332.61649282136347,1169.217716610149,-172.45842368940055
39.12459317580378,330.58298772331216,1168.8786964942885,-155.7592910954833
38.5536571599942,328.4570370324693,1168.6212652717147,-138.62444551654602
37.99920640172524,326.27646064966115,1168.4598296418362,-121.36881313889972
37.47106438678032,324.08217351015793,1168.4040871267239,-104.3113019641375
36.97737360082509,321.9148089717396,1168.4587861668338,-87.75032317785963
36.52423605462869,319.81143669264344,1168.6242075033756,-71.94258958532998
36.115597181563516,317.80292495982906,1168.897137217425,-57.08825157119125
38.30323038016184,312.8460256437783,1176.3782039886084,-196.57579128631147
37.820716743663155,311.7775413902502,1175.6478380174121,-181.0291830984014
37.33879323272628,310.64522761693866,1174.9672221677572,-164.86127310482038
36.86710972289234,309.4680754128961,1174.3583305135587,-148.36288202092487
36.414624765957704,308.268010330558,1173.8394494673535,-131.8459721769638
35.988997550012584,307.0681043809747,1173.4239281680243,-115.6190473384579
35.596174105016054,305.8906162067662,1173.1197292799168,-99.9631753712959
35.24020302527285,304.75521022272875,1172.929744442732,-85.1125270271539
37.25671003734598,298.87523527388424,1181.1837442701783,-213.12311504670868
36.84002223171337,298.37037282609066,1180.2621693435954,-198.57855452763
36.420805397619716,297.8279566802606,1179.361637394048,-183.31340507206156
36.007637030170265,297.2563778211907,1178.506903423598,-167.5933250692842
35.608694120880564,296.66604337262794,1177.7204824402434,-151.71582361989175
35.231150635088056,296.06856378732965,1177.0208255481155,-135.9871256139465
34.88073336948754,295.4757437815163,1176.4211799809443,-120.69760589358737
34.561487589860256,294.8985640595596,1175.9292681870625,-106.09996567346974
36.57791696595125,290.11001359414564,1184.1286614577214,-223.3511121693045
36.20135013533856,289.90909301296955,1183.1156997976263,-209.5059005497095
35.82056447825913,289.68844094877244,1182.104722194847,-194.8931711261937
35.443398039425496,289.4509943298133,1181.1211339976248,-179.76029623737455
35.07745997936996,289.2008782854238,1180.1891681529758,-164.3923123232249
34.72954287044753,288.9431073043026,1179.3298023984144,-149.09029853394821
34.405167437942474,288.68313764100543,1178.5592283919666,-134.14704059824356
34.10832127563854,288.42636114288007,1177.888113631903,-119.8243140850627
36.17768815760899,285.0362725864012,1185.816723667771,-229.2288243267317
35.82375059239838,284.99383797365573,1184.759619941417,-215.81197083541133
35.46471929603464,284.9421654077459,1183.693360633837,-201.6062260633137
35.10798504868988,284.8814574703078,1182.6433585672416,-186.8477379539915
34.76080202662241,284.8125591534543,1181.6344953722923,-171.8132942611199
34.42971330368062,284.7369154039149,1180.6889320182665,-156.7997823880465
34.12009316102635,284.65642801184424,1179.8243785145582,-142.10024643800148
33.835870722162355,284.5732427823737,1179.0531119133286,-127.98069215722458
142.3311330515444,294.4095981730427,1190.2529629405556,-217.7491215625966
140.57195884556978,291.94071909315136,1192.940311488549,-208.54285924359783
138.75995387063082,289.4574670308671,1195.5312038712914,-199.42058911678942
136.9291944957175,287.0164845554807,1197.987924237123,-190.54773629919447
135.1125242030767,284.6733127560233,1200.2804466029688,-182.0775056757773
133.33891035156802,282.47854768924947,1202.3872352045182,-174.1420709553475
131.63157074243077,280.4747683185112,1204.2952466375568,-166.84617513228707
130.00703620144324,278.694490409733,1205.9992594143541,-160.26354992234025
142.27308890312563,286.2378223145374,1191.227773972642,-230.26479127639203
140.48188582531344,284.5069516499008,1193.6248679528055,-220.89652577985038
138.64763640662912,282.7395944071934,1195.978007497224,-211.5056131052799
136.80161629564702,280.9777720493521,1198.2461781054196,-202.275467116877
134.97400255099208,279.26533010555784,1200.3938914538705,-193.3828297706401
133.19152461476338,277.6447146944923,1202.3929425537483,-184.98645461484105
131.47566036425627,276.15396184029635,1204.2232656598446,-177.21794369042436
129.84170380425553,274.824353943028,1205.8729193038712,-170.1759307667104
141.8351709870238,276.5135916864094,1192.0619552408602,-244.43863933617016
140.08581584224555,275.51947602993255,1194.1896605093443,-235.22043437069397
138.28933226471997,274.48665189983785,1196.315519850572,-225.84147840490726
136.47530583050886,273.4406461815814,1198.3986974065247,-216.4936757114651
134.67271812564567,272.41029279097637,1200.401218229541,-207.37274809419992
132.90763076038255,271.42563439604703,1202.2904201567658,-198.6644729699691
131.20136164237067,270.51564576436095,1204.0406216347737,-190.5323371338838
129.56938795714282,269.70610166408676,1205.6338774549888,-183.1080759373119
141.04712728642275,266.9155911344115,1192.5910585521951,-257.78805699986196
139.39915273616424,266.51043471364244,1194.5051680939202,-249.00707250130756
137.69233436215157,266.0807865813298,1196.446594816095,-239.94275714667026
135.95409810818794,265.63855235794597,1198.3766212662285,-230.78172935120665
134.21222366107241,265.19866947734914,1200.2570123691746,-221.72617843474538
132.4925038731834,264.77819194372256,1202.0527943685279,-212.97945630133893
130.81674899897212,264.3950318452203,1203.7344932037113,-204.73145365167642
129.2014317816072,264.06653539933313,1205.27955130703,-197.14576535191657
140.159177836969,259.04181486767106,1192.8373218485604,-268.3389787053922
138.6244194434927,259.0242723163002,1194.5997792460034,-260.0909979577384
137.0196866181564,259.00070228812257,1196.4079720674408,-251.4808226661299
135.369665407942,258.9743253693593,1198.2256884702408,-242.68275271049433
133.70035778778856,258.9502775455829,1200.0154475714337,-233.89569938786764
132.0367985459162,258.9355018938488,1201.7413442642921,-225.3297071752983
130.4009257500137,258.93834341864874,1203.3716075634597,-217.1906111167806
128.81000950644315,258.9679007200327,1204.8804762918626,-209.66529589610116
139.41660611721662,253.52928879042835,1192.920200492914,-275.5393053871917
137.971808764104,253.73420093557303,1194.5839161726205,-267.74471303696055
136.44962153806148,253.94763109191118,1196.3041510062267,-259.5477597086849
134.8722596995699,254.16808828331978,1198.0467636467174,-251.11118782394885
133.26391363571082,254.3949151050252,1199.775217551585,-242.62784068769258
131.64857438520872,254.62859851419276,1201.453375678392,-234.30851774942377
130.04788686488905,254.87090333130183,1203.0481966492819,-226.36701119449077
128.47939984717635,255.124775199547,1204.531898920569,-219.00434603179778
138.906855411443,250.10084058885917,1192.9374520582262,-279.9474794781059
137.52100892942235,250.4242887886931,1194.5415573350012,-272.4651257034981
136.05355495685188,250.76542178615964,1196.2081288752763,-264.56244467392804
134.52496272086356,251.12036022733693,1197.9044361293975,-256.3942083101189
132.95805691810816,251.48531104627412,1199.594693631835,-248.1483277106361
131.37593310624263,251.85706782505355,1201.242788504277,-240.03466948824163
129.7998210795365,252.2334305473808,1202.8150283676187,-232.2706091431145
128.24727255711122,252.6134469965712,1204.2824541770103,-225.06512983657154
138.59755005994964,248.12928324630317,1192.936043498122,-282.45967842945475
137.24634065689892,248.51409277878716,1194.5062436770604,-275.16678884194454
135.8112776181008,248.9217828856769,1196.142073690308,-267.44586412577746
134.31176182317887,249.3472783903866,1197.8116559889875,-259.4469467734795
132.76974223907868,249.78514242178355,1199.4796970961477,-251.354692519414
131.2077109716277,250.23016429261764,1201.1101568207798,-243.37804411858343
129.64657458705688,250.6779229263558,1202.669016098817,-235.73605450677962
128.10380894261849,251.1252125176963,1204.1266676599566,-228.64198538945413
116.76593319208023,313.9012405047627,1221.0709407680838,-209.37420340173153
114.98096368430723,310.8199056303553,1223.597064371538,-198.64225346420977
113.16577321588878,307.7101201969167,1225.9946026902405,-187.97398555460381
111.35588872138615,304.63889222906494,1228.2301533897437,-177.5574086763252
109.58460285476701,301.6714859758703,1230.278615280812,-167.5671431861495
107.88053936720038,298.86689618171107,1232.1234265343305,-158.15426162409557
106.2660001145414,296.27424159234835,1233.756095088865,-149.43870050776718
104.75625981353105,293.9304789459466,1235.1752502451293,-141.5050479845891
116.49494513770011,303.8735483959531,1223.2508403929614,-224.2115553302636
114.69661726928115,301.68558693359466,1225.362369783382,-213.28536069237092
112.87626400337095,299.44255022627664,1227.40607160116,-202.29977311006888
111.06660306406735,297.1940722131095,1229.345412589435,-191.4629770645304
109.2983773623043,294.9917112398352,1231.1498409475157,-180.97592886232044
107.59810148300463,292.88502847440435,1232.7960092764943,-171.01911052998358
105.98650012838007,290.9180495727869,1234.2681789858207,-161.74203460337108
104.47776856549619,289.1265472401744,1235.5579253104183,-153.25648247926398
115.79951603223535,291.9861131752896,1225.3154697895407,-240.84104320668783
114.0639128101548,290.68353623749687,1227.072331008233,-230.1084014177686
112.30015281962253,289.3234539528058,1228.8020816430912,-219.15559229483063
110.5394061346081,287.93609198144895,1230.4692815960734,-208.19932108667913
108.81144848478296,286.55547564007287,1232.0419356124687,-197.46088893926859
107.14239821290133,285.2168281968806,1233.493341861806,-187.150206025673
105.55305441965643,283.95381679732776,1234.8032061032147,-177.45154444829078
104.05801229228939,282.79605270991084,1235.9580007568702,-168.5127889040803
114.7615641427025,280.28130417052233,1226.8924992502484,-256.39146284122376
113.14432920354054,279.6822243106903,1228.3957238091834,-246.19511306516333
111.48558267206283,279.0429029867459,1229.8950957562295,-235.63717142978973
109.81445823774419,278.3776705673492,1231.3574968146704,-224.92644736146502
108.15974332546283,277.7044373934462,1232.751318220144,-214.28949895116432
106.54755775051841,277.0434928628607,1234.0485899487198,-203.9540975276721
104.99944162582354,276.41589649660244,1235.2265308307574,-194.13226326454108
103.53120208163986,275.8417611449798,1236.2683851465044,-185.00579454932446
113.67422714108474,270.6839905166259,1227.900964929211,-268.6426614835924
112.18115940154308,270.54620785129435,1229.2417465206092,-259.0894894301592
110.63439655354941,270.39036803056075,1230.59167173429,-249.08502374608423
109.06039892335991,270.22074718048844,1231.9196026326958,-238.82224682732624
107.48633989493351,270.0439860950563,1233.1945801570303,-228.5218963552616
105.93778020010501,269.86882862822443,1234.388059133743,-218.41695747099834
104.43661968788594,269.7055159728649,1235.475722590851,-208.73517316106353
102.99964671906011,269.56491318640934,1236.4386459252457,-199.68213162675278
112.79489756404925,263.9589357947562,1228.4739146499937,-277.0001132739331
111.39801261135092,264.08547752721074,1229.7169080853892,-267.9899213695682
109.93938803088857,264.211356660742,1230.9763940701778,-258.48354945826964
108.44303975563163,264.33543761068006,1232.2226313211513,-248.65952670968537
106.93442595657187,264.45774986780765,1233.42518487773,-238.73006010110367
105.43821744417683,264.57972853372144,1234.555184979585,-228.92721325053628
103.97616533905742,264.70421901058165,1235.587292434408,-219.48558087845555
102.56550189381747,264.8352434216361,1236.5010803583136,-210.62465947602666
112.2009201434053,259.77098006937473,1228.7799629521107,-282.1207401439778
110.86634179246172,260.038297404923,1229.9667055855361,-273.483260981628
109.46544071482957,260.3158865367327,1231.1740219608196,-264.3299362614535
108.02050065649732,260.59988901526725,1232.3730669495972,-254.82951396822637
106.5556629926892,260.8867789669856,1233.5337712954893,-245.18748713053103
105.09478490029983,261.17383324279,1234.627090779402,-235.63358316880962
103.65931284673802,261.4594736319404,1235.6270489959534,-226.40512230890954
102.26658462688209,261.74340984185466,1236.5122508993295,-217.72905933389987
111.84334138154199,257.3600391101823,1228.939472450977,-285.0416125807038
110.54517415354239,257.70021891487966,1230.0950562898188,-276.6299948316148
109.17823751836892,258.05686013106447,1231.273416915144,-267.6943570955289
107.76374077392377,258.42474557443865,1232.4462430485976,-258.39751720461004
106.32498386917962,258.7984963896071,1233.5836950894284,-248.94075658492144
104.88526629112052,259.17314331034675,1234.6566414479446,-239.5519834398432
103.46577112434298,259.54463928589405,1235.6387389139024,-230.46956835871455
102.08382398703797,259.9102111276868,1236.508019396811,-221.9243689236153
96.33637297168936,331.8396788762295,1237.6934595986297,-195.90828489156695
94.65326029122002,328.11646487042987,1239.9647299142375,-183.63199251346254
92.95827183691713,324.35010090923976,1242.0854395497317,-171.4196309725853
91.28554749737745,320.61863900892786,1244.031402950727,-159.48265742563927
89.6663305620524,316.9975825763153,1245.7869116220722,-148.01686601113508
88.12682939417483,313.55457069806295,1247.3441180780499,-137.19082914227167
86.68688577997017,310.3452746018699,1248.7019364236553,-127.13745731810113
85.35951796535655,307.4109293104529,1249.8647432430853,-117.94948746873062
95.87475532188942,319.93880284730824,1241.3567528944604,-213.31997702352953
94.18964323351258,317.2618851680084,1243.051820725153,-200.7931756343421
92.50101083899152,314.5111579760952,1244.6684496681282,-188.19066029066985
90.8401057029019,311.74454500119145,1246.1796135054628,-175.74722762909545
89.23551573598729,309.0217941763471,1247.5641275089695,-163.68834747455026
87.711252907129,306.3998732924119,1248.8070995653516,-152.2153145673501
86.28549337716254,303.9288525498835,1249.8997404885972,-141.49348751580288
84.97010010003186,301.64887333836737,1250.8387511361232,-131.6450385821189
94.9567131427005,305.84472916078664,1244.927860891736,-232.65873857364838
93.34533658753827,304.20365760548685,1246.1587817523673,-220.3556066604713
91.7242132235926,302.4858831002936,1247.3495370416108,-207.79047587523635
90.12322239247564,300.727009551432,1248.475760259231,-195.20761316207413
88.57012886708168,298.9668330446589,1249.5165161035573,-182.85525657495467
87.08860115372642,297.24617827609023,1250.455208856244,-170.96736210201666
85.6968699634133,295.6036354042993,1251.2799535787276,-159.74760434947623
84.40712929306427,294.07269475199297,1251.983492610217,-149.35762943547752
93.71020746130519,291.9680391347773,1247.7912348542136,-250.63749990511053
92.22385040064329,291.1492478828964,1248.7178816196497,-238.9666102552055
90.7144014034377,290.27375407598055,1249.6184368628924,-226.86956508080013
89.21001991980289,289.3589335447201,1250.471524965732,-214.58060668777875
87.73776263852832,288.42628316521876,1251.257909139289,-202.35287593708185
86.32146632320205,287.4998375222793,1251.961515539868,-190.43925110718
84.98016870245961,286.60419163854425,1252.5699953748147,-179.07334177604523
83.72724655705345,285.76245021087084,1253.0748555021955,-168.45340482495584
92.46128701074839,280.57623913724814,1249.744653590984,-264.7725290761383
91.10144339863204,280.2966334775745,1250.496087819507,-253.85812476014004
89.7063761225379,279.9861617738279,1251.2256495593338,-242.41367161633042
88.30189175319425,279.65069956712904,1251.9134900837998,-230.65411068933696
86.91372732179275,279.2989670585557,1252.5412521891685,-218.82444871208344
85.56541085586768,278.94206063896576,1253.0931816835227,-207.18199287957196
84.27646762418561,278.59257497976176,1253.556788720166,-195.97631606248177
83.06129997510826,278.26349221419537,1253.9230771653938,-185.43064749561955
91.4732741254526,272.5779136521674,1250.9330978050077,-274.4196511731226
90.20983168769925,272.60751661793665,1251.5891388166517,-264.1428824479832
88.90312627658753,272.6265743348205,1252.2247685296143,-253.2842068613276
87.57675704428421,272.63479730323655,1252.8207217870643,-242.0409901961532
86.25500150984082,272.6334501099273,1253.358820091173,-230.64736743981942
84.96069945137434,272.625458688972,1253.823153962911,-219.3580429393183
83.71338990230251,272.6152502758441,1254.2008537565048,-208.428864123773
82.52799998424821,272.6083333019654,1254.4823974839228,-198.09704803961884
90.81306787800833,267.5872235614047,1251.6060777291912,-280.3386430575313
89.61157571624402,267.7816666873565,1252.2111605881407,-270.4994218784748
88.36221654152709,267.97836501814027,1252.7965331295413,-260.05571725197285
87.08700273544761,268.173944193531,1253.3431502396484,-249.1929365332189
85.80905451872913,268.36567573913146,1253.832778378983,-238.1366486218683
84.5505570000713,268.55186477938315,1254.2492352274369,-227.13796273545543
83.33086227264961,268.7320697332418,1254.5792354882497,-216.4546543603978
82.16508192494251,268.9071060375834,1254.812767234454,-206.33112958698854
90.41772131657997,264.70988335123263,1251.9717392419643,-283.7192569281982
89.25229324505759,264.9897058154682,1252.5498620738333,-274.14531277054476
88.03652031449522,265.2790359241562,1253.108661668031,-263.9574532703302
86.79143159112972,265.57297006687224,1253.62918529245,-253.33397949481702
85.53939998927424,265.8667084849538,1254.093122381073,-242.49509106760817
84.30214515162697,266.1560683852264,1254.4840740413604,-231.68916893199463
83.09883506859688,266.4379012108191,1254.7884485248096,-221.17452508580504
81.94462368337493,266.7103279056058,1254.995881058309,-211.19916545225988
80.66988224582349,347.7718630266688,1242.456593206262,-179.24842917002505
79.15400166790545,343.4120414825987,1244.5148581945773,-165.57569341266557
77.6374434433378,338.99706725877803,1246.4144269757903,-151.9890230790412
76.15132699151962,334.61640584265047,1248.1418369145292,-138.72017413089503
74.72360544746647,330.35581592749315,1249.6915882958633,-125.98177484032972
73.37727603684544,326.29128898796915,1251.0647282480786,-113.9548892079328
72.12934802452332,322.4845225957003,1252.2672430680395,-102.78023657738852
70.99058358801194,318.9803772813237,1253.3085459618642,-92.55386972972298
80.0421271974218,334.1228640766033,1247.6448271473732,-199.2416887460929
78.53301976635619,330.94795177677355,1248.941577513133,-185.23938118500982
77.03255040446126,327.6842103629311,1250.1681154382989,-171.16995396481184
75.56867457705823,324.3982546343019,1251.3080537199667,-157.29208916372835
74.16643366361171,321.15812452713885,1252.3498533437291,-143.85172252076205
72.846386457342,318.02795150383855,1253.2865972155496,-131.06584687529147
71.62366796942862,315.0633496785109,1254.1154079927073,-119.11016740165138
70.50772310038815,312.30816879716826,1254.8367250547838,-108.11193507767649
78.93782263693939,317.93363171156466,1252.7528787629494,-221.29039119002604
77.50898754089529,315.9384486586852,1253.4577482332293,-207.52062834050128
76.08363911400075,313.8503786302247,1254.1301777483357,-193.47250703367283
74.68842461284775,311.71105162057586,1254.7585720378083,-179.41646719020468
73.34748454994582,309.5663828409949,1255.333618843389,-165.62444820715075
72.08087591987574,307.4628515089121,1255.8483702879234,-152.3499247085288
70.90357067733214,305.4437401950364,1256.2980918533701,-139.81065020575417
69.8251152688088,303.54598008764845,1256.6800262992313,-128.1765823106063
77.52425707417655,301.96430968221915,1256.9301145672805,-241.70438469092352
76.22186489715898,300.90995297308416,1257.2679476387,-228.64566953754263
74.91083328616942,299.78435125988483,1257.57777237738,-215.12034516090318
73.61636105783086,298.60862568983816,1257.852473964517,-201.38792736747158
72.36201108352357,297.4083682530065,1258.0864895807108,-187.7260508231083
71.16798450754187,296.21165800987103,1258.275718435055,-174.409211327276
70.04990955143921,295.0466758572791,1258.4172585915983,-161.68793863152342
69.01828862346233,293.93936171121305,1258.5091353679502,-149.7718203635847
76.15102876815423,288.82283264805807,1259.8582042250177,-257.7410719716464
74.97286063194248,288.3879862176161,1260.0010747631006,-245.5406912488361
73.77492309086657,287.9106567927104,1260.1098541662564,-232.75347246484128
72.58041275763871,287.39893835604903,1260.1791115571782,-219.61686390663556
71.41183634354358,286.8641707778073,1260.2051060617928,-206.3992004265375
70.28918826970495,286.3201840855626,1260.1856005324635,-193.3794022470643
69.22855773401018,285.78214300146436,1260.119454656351,-180.82510899331177
68.24133842240335,285.26518288921613,1260.0061625204103,-168.97262690404523
75.08195017615753,279.57154627236054,1261.690343978065,-268.7002869550713
73.9970129184086,279.4933362167551,1261.736705168069,-257.225774384549
72.88489422299268,279.39555895126625,1261.7430274238527,-245.10364856639256
71.76689867962466,279.2793117380336,1261.7039844593037,-232.55116795059658
70.66431302043563,279.14758504834435,1261.6161208286212,-219.82380133969724
69.59660849488833,279.00520146261647,1261.47772555205,-207.1970592488009
68.57993784251093,278.85844257504453,1261.2883813815488,-194.94482870904181
67.62618002200848,278.7144367253676,1261.048386799655,-183.3180427644918
74.37329590496785,273.78569912761634,1262.751990440504,-275.4370009055424
73.34778996292034,273.89819447693895,1262.7510715305277,-264.4616956154819
72.29084216331039,274.0056688898603,1262.706344251771,-252.81194388531253
71.22237523981028,274.1057142555299,1262.612166136727,-240.69100718693593
70.16270768391526,274.19685936598086,1262.4648606466335,-228.34433969524542
69.13078589551277,274.2788312735257,1262.2626559788678,-216.04288361674958
68.14264264401406,274.35261719520713,1262.0052553331416,-204.0620842342912
67.21034720374617,274.4203138154698,1261.6932147999073,-192.6601676315052
73.95061441544081,270.4443780425315,1263.338040365182,-279.2907330541428
72.95955814707601,270.6558542424569,1263.313637476219,-268.61856602310706
71.93475810212625,270.87058677300183,1263.2433267953409,-257.2605353149976
70.89527927146577,271.08443469257804,1263.1211767275631,-245.41158865098603
69.86080620120092,271.2936148959295,1262.943252993923,-233.310786959811
68.8499094717613,271.4951167867102,1262.7076122246426,-221.2257533109816
67.87848642741375,271.68698606043336,1262.4138950946792,-209.4320344555183
66.9586651029946,271.8684321615654,1262.0626945715385,-198.19143219643962
68.88888240460304,361.49488982609023,1238.997477478572,-161.39637963216177
67.55154027190673,356.54200834434556,1240.9742876849346,-146.5604157778369
66.21827435023133,351.5256556783944,1242.7919358172423,-131.8456293564092
64.91686275037556,346.54633476578454,1244.4460448684963,-117.49869891139818
63.671966661439434,341.6993982297195,1245.9393735365327,-103.74331136558601
62.50363223182051,337.0683383466857,1247.2798473875926,-90.76737588926545
61.42647853385547,332.7199566170181,1248.4786764751002,-78.7143763148471
60.449556478808084,328.70185569664875,1249.5487954040568,-67.67957518068226
68.1327870205144,346.3031269605729,1245.5605562255994,-183.79916149863485
66.80972699800871,342.65167308826034,1246.5891468211535,-168.54295132197504
65.50098458485114,338.9017578792277,1247.5678474610645,-153.24532297057138
64.23084736618836,335.12840144678216,1248.4884057232962,-138.1834321783801
63.02077045372952,331.4072978698532,1249.3460444650805,-123.61752838285553
61.88811601143563,327.8088664906519,1250.1389036891837,-109.7741091297438
60.8454419825274,324.39327188308994,1250.867369755091,-96.8335547245384
59.90035685392676,321.20708362587106,1251.5334542666608,-84.92348007002221
66.89127972653071,328.2273847728405,1252.0396103207315,-208.37318685699594
65.6528653768695,325.88552584329636,1252.3452255880195,-193.34104176337684
64.42499111510713,323.43954551903323,1252.6419002587497,-178.03463019596282
63.230528684866826,320.937141115652,1252.9282008085208,-162.74568919891738
62.089842278251105,318.4300791414099,1253.20317353771,-147.764076431403
61.019545822414116,315.96992391645085,1253.4659885115796,-133.35648235737335
60.03177632637974,313.6038955470766,1253.7156918115052,-119.74868827407653
59.13401130835309,311.3715364103702,1253.9511380938816,-107.1137060833384
65.36185968162158,310.34534675896,1257.3881166713068,-231.06364303725033
64.24898686535006,309.0568101190367,1257.2580269850246,-216.8015496423394
63.13618888563822,307.6861373081925,1257.1160916466615,-202.0542900981859
62.04502284766597,306.25847550409765,1256.96736151445,-187.10296273551268
60.99524648942164,304.8035404938459,1256.8168785488785,-172.24474583708712
60.00345822856395,303.3532221858134,1256.668861856841,-157.76992467809205
59.08220544531164,301.9388544931692,1256.526097467222,-143.94000075968023
58.23964421446077,300.5886593391289,1256.389689937029,-130.97044146572506
63.907930073917115,295.5873794719674,1261.193952066394,-248.8899858602147
62.915056246657365,294.997301266341,1260.8426043777495,-235.57072258772803
61.91256304198136,294.3556920162217,1260.4639901474902,-221.62966368854075
60.920274845878616,293.67319902361373,1260.0656702663205,-207.32424693521705
59.95701109341455,292.9639246326145,1259.6559307278335,-192.94196220208525
59.039142874899134,292.2443994007736,1259.2426464987825,-178.77835281217193
58.17953752443651,291.532148996207,1258.8322433711103,-165.11360798643466
57.387029075495754,290.84413417410417,1258.4290228061732,-152.1918244202662
62.78920431968474,285.16966143135096,1263.6148957191467,-261.09355726789596
61.88501320978728,284.9839990410151,1263.1606559870525,-248.57607727171583
60.96475697229356,284.77168804892773,1262.665975918636,-235.36651409283684
60.046625838235556,284.5355063739854,1262.1385485253309,-221.70003333193296
59.14839478872385,284.28034950319284,1261.5875295356614,-207.85018712862433
58.285970836410904,284.0129728939355,1261.0223305048605,-194.10884619322465
57.47224378372546,283.7414170798437,1260.4513585912453,-180.76293134282398
56.71641764290921,283.4742323946314,1259.8810264174476,-168.07210520878408
62.05207475289623,278.639690408458,1265.037339980671,-268.61086745445857
61.20391760130151,278.6712308319328,1264.5360249202754,-256.64666078590255
60.33599557576235,278.6920970839454,1263.9859369600943,-243.95861744810318
59.4653099245071,278.70110673670695,1263.394240168618,-230.7663299690156
58.60880779573353,278.698215039451,1262.7700230326452,-217.33226218797688
57.7819446962227,278.68463106147124,1262.1231137919708,-203.9432020794558
56.997495691631194,278.66272343192793,1261.4627424406149,-190.88762389330878
56.26480590823151,278.63573607136163,1260.7963811907655,-178.43284742755088
61.61371636178232,274.8627106037206,1265.830186929269,-272.91831266314045
60.79787815466919,275.0073155108591,1265.3068204452766,-261.29079798448026
59.96027799043259,275.1503961264566,1264.7299726440842,-248.9255979918016
59.11717829646546,275.28880804472396,1264.1063161606603,-236.03295716409644
58.28498673631658,275.41994516349706,1263.4446951842797,-222.86829759733828
57.47883595060563,275.54203255898506,1262.7549762184403,-209.71456656301976
56.711381350731266,275.65428417478205,1262.0466912996785,-196.8602501454407
55.992008231732,275.7568938187582,1261.3277952410199,-184.57636350493112
60.01828296057159,373.1136790143022,1230.7111915073513,-143.79362411449623
58.84193127513553,367.6354547035568,1232.7455015218711,-128.02714734075366
57.67044496338368,362.08791025499625,1234.6204728430698,-112.42043369708152
56.528647557328426,356.5816987925453,1236.3383168820035,-97.23009324008916
55.438445589308586,351.2207618119283,1237.9076555188794,-82.68611052111002
54.41754313975447,346.0950848468906,1239.341223165785,-68.97907887927732
53.47877251642989,341.275666703625,1240.6538707395853,-56.25193839850668
52.63001759839594,336.81213993561494,1241.8610436084805,-44.59687897673754
59.1752950058621,356.5992100910937,1238.4326636011428,-168.36350320536275
58.019122184376194,352.5153881774292,1239.3472159832024,-152.0855739454209
56.878677737971586,348.32800996479625,1240.2344670116067,-135.79882658994194
55.77500890689129,344.1196225936597,1241.090885178196,-119.79341673583934
54.72658414026839,339.9725186878282,1241.9152540252621,-104.33856038807787
53.7482507611521,335.9622946105579,1242.7080525660872,-89.66548912332195
52.85066655245007,332.15262001200415,1243.4708778444224,-75.9554019696074
52.04020757483288,328.59189244250786,1244.2059966508023,-63.33350077768094
57.847319614521254,336.87397919883813,1246.0534791683617,-195.20553144974994
56.7783620197318,334.2122280724126,1246.1235105203295,-179.1340001505081
55.72254640561457,331.43970490399585,1246.213358381763,-162.80292881246612
54.69935658165787,328.6096689218006,1246.3277749516471,-146.52003749918373
53.72596770586686,325.7789818135349,1246.470247442654,-130.5875115978435
52.81625888718647,323.0034057118706,1246.6425963112833,-115.28003575625864
51.980261263376484,320.333190779355,1246.844905701863,-100.82700193741111
51.22405107173303,317.80966115180706,1247.0757604367336,-87.40114072171838
56.252599154639086,317.2982748870287,1252.3772800031488,-219.94550293762657
55.3069158474802,315.79207186643504,1251.9449309944114,-204.68748743998395
54.36550289664444,314.1964967256629,1251.5251998070444,-188.93928028492388
53.44655343545386,312.5405130571301,1251.131271596191,-172.99876710455112
52.56654266327576,310.8575441979883,1250.774557814025,-157.17741829651277
51.73914826636747,309.1827152522017,1250.4635973333816,-141.77606359257248
50.97457970754338,307.5498646201377,1250.2034835975967,-127.06248757171974
50.27935644333776,305.9888586513937,1249.9958794396512,-113.25428762600508
54.759652652919286,301.09796188794024,1256.923149035346,-239.39168972894652
53.92896999922811,300.36410625883286,1256.2404517643624,-225.14493527628667
53.0943003888643,299.572351246238,1255.5478078520525,-210.2563508940545
52.27227261391085,298.7358409894037,1254.8620423586567,-194.99935066230506
51.47845772515299,297.8712279363874,1254.1992867765396,-179.67594518693346
50.726225595537244,296.9973907226134,1253.5733346279494,-164.5933472879915
50.02594267662714,296.13378457733654,1252.9944184926358,-150.03966466420093
49.384603190874394,295.2987454364892,1252.4686468220182,-136.26289635943812
53.620735029547504,289.6345117580423,1259.8497828850807,-252.7284577651238
52.87379690036695,289.3506241846125,1259.0538613915683,-239.34672263414438
52.117431248841996,289.03503415018633,1258.2288679072499,-225.24385222230774
51.36682004853435,288.69218941047166,1257.3921371733195,-210.66950528347616
50.63658830031934,288.3287638799166,1256.561452594863,-195.9111831396673
49.93964392975738,287.95321346376346,1255.7531764832513,-181.2725664903453
49.286299450873194,287.57503615830535,1254.9806351516354,-167.04918275901971
48.68379297623453,287.20387849182464,1254.253090327901,-153.50557807316736
52.87366528732113,282.43536683080276,1261.587415887599,-260.9603497011716
52.17917090135657,282.39424310308726,1260.741445621385,-248.1776325128842
51.472148638607536,282.3384491990251,1259.8541572235158,-234.63710750718246
50.766743243590696,282.26802834887167,1258.942413680981,-220.5717641041765
50.07684317973155,282.184267776644,1258.0242691720412,-206.25728400058586
49.41493535127488,282.08968056909765,1257.1170598221408,-191.9920472602118
48.79119236336528,281.987781815456,1256.2356060556415,-178.07332404596684
48.212928427599,281.8827052168761,1255.3909091091632,-164.77375069424073
52.430396864402596,278.2658501255031,1262.5631375447954,-265.68466623925934
51.76599173732417,278.3514727285022,1261.6944891050673,-253.26724585785743
51.087395418216175,278.43225411040424,1260.7775273355892,-240.07565677561269
50.40811045958574,278.50604603359443,1259.8285887904333,-226.33286258716362
49.74154867440585,278.57133451758943,1258.8656182610391,-212.30688435575405
49.09990322935034,278.62742828165676,1257.9062718315602,-198.29205283060472
48.49322180382546,278.6745067185207,1256.966040510818,-184.58566360895315
47.928828530800835,278.71352672778687,1256.0568033730433,-171.46426402014578
53.2399325157264,382.9072999150302,1220.012240662219,-127.21020696414917
52.19861488507143,376.9776253270832,1222.2070050005982,-110.7057766854959
51.16109665864032,370.97367613141193,1224.2391592326112,-94.39792776723121
50.149794718465955,365.0152391441102,1226.1154473897109,-78.54956904870792
49.18444456895027,359.2138509149361,1227.8485468160081,-63.39382029230761
48.280964385146135,353.6651122189884,1229.4545759773532,-49.1214536112539
47.45088200001169,348.4435509297233,1230.9510684428662,-35.873165450331214
46.70127903575063,343.6003509864472,1232.3554840961087,-23.737043621192527
52.345062288979165,365.26960246791657,1228.6925486991147,-153.70486775022476
51.3279984362842,360.80642229755074,1229.6171947159737,-136.60332482663878
50.325949817541726,356.237392555885,1230.53376274977,-119.52594241434795
49.357354329892765,351.6515472382762,1231.4407932086817,-102.77174492741604
48.43835956566296,347.13670417551043,1232.3383978036013,-86.61523305042427
47.58192978985317,342.7726432659071,1233.227716930322,-71.28941337381448
46.79736253764855,338.62570781153534,1234.110488511709,-56.97419284883304
46.0902185629989,334.74551807061283,1234.9887599062606,-43.791160448141014
50.97204033461631,344.1184465030982,1237.2501616414,-182.55893830679128
50.04306614344056,341.17266728042904,1237.2234035490035,-165.64270235583012
49.127452695673725,338.11267691507555,1237.2433779005814,-148.48523237720434
48.24194036604802,334.9965332104785,1237.3177410295161,-131.40585876989417
47.40122439665546,331.8853328195117,1237.451570021125,-114.71501708059667
46.61714110123113,328.83817622281634,1237.6471189471265,-98.69194052239924
45.89822168651162,325.90757436950673,1237.9040259187584,-83.56704129038991
45.24961515749326,323.13601285171166,1238.2198475057583,-69.51109869409952
49.35195441442254,323.0644124143173,1244.3773273928982,-209.12008115046956
48.543014702796754,321.3646145924993,1243.7874937311656,-193.05022907686867
47.739904064920516,319.570925629193,1243.2352883507547,-176.49154915962265
46.95806615005648,317.7156753235625,1242.7384420033552,-159.7546559771602
46.21139865932287,315.8354143647353,1242.311408697445,-143.16118972382077
45.51137970955643,313.9678779267544,1241.964285830622,-127.01884474765005
44.866537872394844,312.1488108568868,1241.702458687373,-111.59874019709872
44.282290653562434,310.40921236715445,1241.5269342470915,-97.11854690641317
47.85204316564241,305.5994818773781,1249.5430337685113,-230.01096219414225
47.15281097501061,304.738819780776,1248.6736898140948,-215.00803624725063
46.452405620577686,303.81595353871205,1247.814433484578,-199.3515657555061
45.764807190315615,302.84624830060517,1246.987754060901,-183.32721344560298
45.10301185099568,301.84853615846134,1246.2141152028507,-167.2476861012849
44.47810592835352,300.84361486239237,1245.5101285414137,-151.42822996895248
43.89863557507094,299.852437732322,1244.887400578134,-136.16179903867538
43.37033106250031,298.89433018691136,1244.3522077465936,-121.69801285706126
46.71516588311924,293.217280643006,1252.90235901433,-244.3626635428556
46.09477869621863,292.8482381305691,1251.907159544249,-230.27733001031066
45.46866646037257,292.44399398120606,1250.8984320106726,-215.45096527910962
44.84950175658165,292.01048903997093,1249.899705239336,-200.14457437515415
44.2493909175164,291.5559146462975,1248.9338653688142,-184.65604227942958
43.6789413737952,291.0901183667396,1248.0209819830648,-169.29738801286533
43.14657152707302,290.62373679668383,1247.1766272284046,-154.36970074906884
42.658149000405906,290.1672209973862,1246.4109857355784,-140.1400530225581
45.97199725747222,285.4295859745631,1254.9146559459364,-253.23689460018443
45.40057133443705,285.32681796240456,1253.8641488737205,-239.7889070404209
44.82086360852651,285.2066352771597,1252.7848230347963,-225.5587939864617
44.244618823857024,285.0701642815592,1251.699924124449,-210.7899868049261
43.683268389243835,284.91981909839313,1250.6329992833694,-195.7680859211188
43.147010209480726,284.75917170282355,1249.6056078139397,-180.79974883168396
42.64409203228742,284.59262806342895,1248.6353698113235,-166.188042470711
42.1804008793632,284.4249793437042,1247.7347308985468,-152.20864815877317
45.53181342501627,280.91460576953307,1256.0517508974958,-258.33685175893015
44.988337966957566,280.9512100601485,1254.976350549613,-245.2782871521511
44.43522168830583,280.98073902067705,1253.863320955073,-231.41897311852466
43.88363928025145,281.0019123975283,1252.7354405145384,-216.99164962241355
43.34459077920993,281.01413099368665,1251.6163336799052,-202.2739172499268
42.827995550403,281.0175737566845,1250.5281549897572,-187.5682527465902
42.34196596599165,281.01316437041277,1249.48951183286,-173.1778438834524
41.8923687906441,281.00241933577547,1248.5140338157769,-159.38242214459953
47.95274726803374,391.1932767277912,1208.372697040783,-111.94371669978219
47.02180167117257,384.88088390656645,1210.7902147279701,-94.84903217093327
46.092938145242506,378.48916242950895,1213.0384727213118,-77.98416644832537
45.18665202162969,372.14609295579675,1215.127330290007,-61.61592397065198
44.32097813152474,365.9699573127287,1217.0723289217358,-45.97862497027806
43.5104669655653,360.06130817648847,1218.8920878470483,-31.26189778939147
42.76566615669433,354.497707168711,1220.6062564769225,-17.603354209769066
42.093086370664935,349.3316508680327,1222.2340788599427,-5.086757323214869
47.03150025947701,372.60085008327763,1217.8541729453277,-140.1477593022639
46.127280462197376,367.8100667367512,1218.8717984246698,-122.37784372588368
45.23654315046694,362.91254745926693,1219.8957057365535,-104.6627083979723
44.37567662550302,358.00285138658114,1220.9248367274126,-87.30742447446033
43.559045011677284,353.1734153424671,1221.9593407040584,-70.58947125002224
42.79819740601037,348.50742848234887,1223.0001529683718,-54.741952327732776
42.101440885791675,344.07333651007184,1224.0487108352982,-39.942518069255726
41.47376850381701,339.9215864788868,1225.106763660843,-26.308699227528976
45.642669578163165,350.21818755458304,1227.191954356225,-170.78723204442514
44.82607384241256,347.02503401368557,1227.1657068526686,-153.18103858080468
44.02201944605296,343.7161464652475,1227.2086405743437,-135.35194055643018
43.24510122413177,340.3536317825904,1227.3291777427162,-117.62778488241864
42.5081212920962,337.0020602554479,1227.532294518358,-100.32456755764997
41.821395481941266,333.7231787403792,1227.8195173554277,-83.72399625831481
41.19237252239986,330.5711954006945,1228.189408910315,-68.05613186668697
40.62556688884068,327.5893550341402,1228.6383453653302,-53.48912494190397
44.02441997058266,327.87816393006307,1234.9946629344604,-198.96623810337277
43.32400571844391,326.00998301250803,1234.3511298033554,-182.23199756178388
42.629690189869386,324.04514824554184,1233.7673282568492,-165.01277461725454
41.95476017388555,322.01885273265526,1233.2630445423829,-147.62884113329176
41.311143844776545,319.97022719127943,1232.8536760787356,-130.4091724567347
40.70868189364168,317.93908677956904,1232.5493128142703,-113.66598489995286
40.154688667362656,315.962623544379,1232.3546515812532,-97.67203863385447
39.6538211218921,314.07261638645764,1232.2696208282741,-82.64407703546289
42.53864471518833,309.3107820889295,1240.6923080705271,-221.14355398502212
41.94265349358794,308.3409716881371,1239.7410523123142,-205.52220240952832
41.34679172714194,307.30602470696954,1238.818672226544,-189.23977354609053
40.76295735251345,306.223207925841,1237.9507198735475,-172.59142586287774
40.20217252125158,305.1131574437045,1237.1596516664235,-155.89778680005332
39.67381858688693,303.99821026620356,1236.463022430983,-139.47972820050833
39.18512081775954,302.9004734270753,1235.8725066995833,-123.63319050292566
38.74092751766932,301.8399842448687,1235.3938282887616,-108.60819968103743
41.41806880788653,296.1275403254554,1244.431232305319,-236.40137480653556
40.89627369648848,295.6865029005476,1243.3401902627204,-221.74160947017666
40.37079665288902,295.2078098339075,1242.2511616969477,-206.3261489369956
39.85233023731463,294.6986691279683,1241.191280161108,-190.42479586771944
39.351046413660626,294.1685221984932,1240.1861100130577,-174.3432304186354
38.87583062485185,293.6283293920966,1239.2573834976433,-158.39945298596794
38.43372163173841,293.08960653879456,1238.4213972319617,-142.8982118677435
38.0296232840243,292.56339466578373,1237.6883142898685,-128.10778924006726
40.687535048914754,287.82686263624555,1246.6886712962928,-245.85032723313088
40.21146925414642,287.6731116413543,1245.5355226124793,-231.8602359402191
39.72961800200992,287.5000290905365,1244.3668195294597,-217.06942101968852
39.25183073431799,287.3096485938093,1243.2096580286031,-201.72943698121762
38.78764941257793,287.1053009917579,1242.0906378298241,-186.13335882250848
38.345555923551196,286.89139601474386,1241.0334192804874,-170.59383879562114
37.93239303010243,286.67302343846137,1240.0567824387501,-155.41786986481148
37.55303857273286,286.45545650854166,1239.1735323629134,-140.8827569846066
40.25543896460149,283.0108604610281,1247.9714287534994,-251.28695134640049
39.805357549573635,283.0077698851007,1246.7900405164635,-237.70670158587117
39.34838709041565,282.9960717086421,1245.5829088587268,-223.305056253755
38.89386289114308,282.97520266590107,1244.3767678165564,-208.32240847072183
38.45092884264876,282.9452970218331,1243.1984853463478,-193.04355980949688
38.02779829948243,282.90721361777776,1242.0725592563867,-177.7769081655309
37.63116888423937,282.8624413864688,1241.0190111353727,-162.82965967815565
37.26587524294428,282.81290643109685,1240.0520629910413,-148.48336421980582
158.52668660658384,280.55622081573927,1211.7926875599765,-237.10017127332276
156.74638472459955,278.52822678141735,1214.5937044496854,-228.58294690576597
154.8977460327867,276.48600167293114,1217.3244146582692,-220.14271328624892
153.01409570956594,274.479227165447,1219.945174317369,-211.93964148365248
151.1282674535918,272.5575971558127,1222.4236563171821,-204.12384487557568
149.26985452853165,270.76739232828487,1224.735989424185,-196.8267940856981
147.46307845090396,269.1485500056015,1226.8670226792315,-190.15466789159086
145.7256570634031,267.73259646425475,1228.8097715011943,-184.18442006180553
158.3816267044088,273.8866258772691,1211.9773826061687,-247.57430592302433
156.57932727227848,272.46383755497516,1214.5742054203006,-238.92262149006666
154.71829427263563,271.01115674438734,1217.1470055477155,-230.2528852964681
152.82899442501576,269.565577255702,1219.6526419119546,-221.740907921115
150.94151146161633,268.1663480324652,1222.0532506948298,-213.55785291041033
149.08307993926488,266.8521418693022,1224.3183120027152,-205.85934200287855
147.27609072672539,265.6583102997584,1226.4257601973445,-198.7763901539104
145.53695740139224,264.61463912195364,1228.3620958510796,-192.40933122915482
157.8739758950404,265.8479574848244,1211.9882740046112,-259.62310930608464
156.11571010130325,265.0438019124214,1214.380297365314,-251.08447458995965
154.29649415650522,264.20965559879284,1216.7901362136572,-242.40483981755858
152.44480757538693,263.3681541608753,1219.1740341419752,-233.76792902121937
150.5891554381695,262.5452289178518,1221.4908025617942,-225.3625126852848
148.7556969081147,261.7683039480613,1223.7046317479258,-217.3693801727015
146.96628616668755,261.06426663792644,1225.7870760497772,-209.94942167945374
145.23720257888166,260.4574932919185,1227.7180198963053,-203.23422274752014
157.0368705608147,257.8156264509682,1211.801213030594,-271.1274079997055
155.3773640625687,257.5186409737984,1214.0161839685459,-262.94224049233355
153.64756394240794,257.20484919075506,1216.281099969851,-254.50425132045456
151.8736162658666,256.8848335936462,1218.553834553862,-245.99332995247283
150.08250889655557,256.5720532824726,1220.792202085338,-237.6053411896402
148.29973866023286,256.2821013210403,1222.9571439993565,-229.53854998168208
146.54722536914448,256.03161182210505,1225.0153869917267,-221.97957161552998
144.84186258195575,255.8369856224185,1226.9411831273846,-215.09097581271226
156.11482811899404,251.16073953994282,1211.516357319284,-280.3115729876033
154.56521487879294,251.2056748934278,1213.5957915665333,-272.5681974295668
152.93597633914382,251.25049632124163,1215.7467462467348,-264.497198158203
151.2505176630726,251.29793255620157,1217.929553758653,-256.26820197589507
149.53391247152922,251.35247396666443,1220.1024724616968,-248.0753964068215
147.81066446495166,251.42035198392261,1222.2249391549822,-240.12481464218712
146.10254527455785,251.50923714367934,1224.26060269158,-232.61966039347266
144.4269373249291,251.6276871379116,1226.1796331044238,-225.74599451171332
155.34893545499955,246.46954638776776,1211.2524131967007,-286.61926513088065
153.88691345817395,246.71485026961923,1213.2389343392333,-279.25693037268513
152.33895708372071,246.9733032003787,1215.3099448397763,-271.52689440815504
150.72604771710098,247.24328154201297,1217.4279912634156,-263.5887884522813
149.0714175382165,247.52387095191034,1219.5522304527549,-255.6321813657131
147.39842530327175,247.81522140589428,1221.6416149163833,-247.86508437521837
145.72839960758688,248.1187428866128,1223.6580812902125,-240.49960853770912
144.07882371844647,248.43707542089328,1225.5692148990715,-233.73665969430388
154.82427466183955,243.5395502639054,1211.0630822612434,-290.4951679099778
153.41982517371426,243.89338062256587,1212.991796411102,-283.39731223615763
151.9258315593822,244.2688185424397,1215.0122295499787,-275.91266211842117
150.3615806278124,244.66199783796603,1217.088483208282,-268.19383832393333
148.74894462392894,245.069034599621,1219.180499984717,-260.4264316241564
147.11034934263836,245.48655221454035,1221.2471621805128,-252.81840218840648
145.46663692241793,245.91214295572135,1223.2495351643547,-245.5862084447851
143.83520104194596,246.34465958659044,1225.153708491183,-238.9393456597122
154.50614838397752,241.85055137968774,1210.945797219777,-292.70847036158943
153.13558925285324,242.2612070668776,1212.8410952205409,-285.7717732419103
151.6735631437494,242.6983109757927,1214.8319746532427,-278.43951792521614
150.13832310581387,243.1568618313758,1216.883489147226,-270.8601215136741
148.55087578281072,243.63140363430404,1218.95611460075,-263.21647044719657
146.93303051660325,244.1166290914459,1221.0087721421614,-255.71613185777994
145.30527353360293,244.60797510071012,1223.0020917715533,-248.57772449173615
143.68487603724415,245.1020901312203,1224.9013457431784,-242.01544282819057
131.97710372816468,299.1935046676432,1252.3282304491768,-234.01906928113294
130.07851669247586,296.6434752809857,1255.0227599145974,-224.1083314965607
128.1332381821397,294.0662354568546,1257.6126535433125,-214.23922312403732
126.17778857313006,291.52042641454875,1260.059363746945,-204.59191653229317
124.24716507419038,289.064376745081,1262.3323653936295,-195.33643208084862
122.37210037599725,286.75199477871536,1264.4099369258213,-186.6224930882901
120.5771329686829,284.62936666376197,1266.279086975532,-178.57174085445976
118.8796437619511,282.7323813748375,1267.9348037833822,-171.27290521529994
131.61820064942927,290.94098935491354,1253.2695719766866,-246.28042344741266
129.72183813443064,289.1285719615661,1255.6789994468515,-236.22450708273283
127.78556504107914,287.26966604416833,1258.0359989261506,-226.10166226811958
125.84305905621392,285.4078408874726,1260.2985036482612,-216.10904322905913
123.9267394066378,283.5891487629533,1262.4303463424735,-206.43957942495757
122.06525649677921,281.8586842553859,1264.4029999219656,-197.26927695651653
120.28163640990293,280.25734775684964,1266.1963673335272,-188.7467594458543
118.59227771905005,278.81921805322827,1267.798687246889,-180.98606598657648
130.8463989886732,281.04393890619446,1254.051606014963,-260.24891626478126
129.02184711890789,279.9777036570062,1256.1991227962062,-250.35236932558496
127.15203138877817,278.8650110447231,1258.3361095942141,-240.2485523510075
125.268637771764,277.7325085940931,1260.4203205565752,-230.1420627218036
123.40267448337642,276.61064372113674,1262.4127751176866,-220.24401949031898
121.58204148016728,275.5314556446425,1264.2802268608546,-210.75720125645506
119.8295702897134,274.5260989126482,1265.9967926612105,-201.86217317111516
118.16189436939182,273.6225270222454,1267.5446243470258,-193.7065543340627
129.74584416806266,271.18860026018615,1254.5134387182773,-273.4952409651554
128.04427280984115,270.72879691837613,1256.455979673122,-264.0399338587072
126.2856765310001,270.23857355691655,1258.4172230976985,-254.25156988016187
124.49929143486061,269.73051176670845,1260.356586454464,-244.32846776118842
122.7146796218616,269.22058459082467,1262.2343782607875,-234.48753029670607
120.95926563921277,268.7271747188254,1264.0146510714562,-224.94878855514952
119.25624138173875,268.2697014404305,1265.6674359749554,-215.9194140125839
117.62314662814312,267.86705411451254,1267.1700929145773,-207.57942779729746
128.60806914607195,263.03362738943173,1254.6911062355703,-284.03670951076083
127.03344206356256,262.9803403115962,1256.4896169967433,-275.11741413024646
125.39098257288173,262.9166688707739,1258.3256106319793,-265.78259381439966
123.70701682721959,262.8461146119239,1260.160590264577,-256.2173115649316
122.00917123954274,262.77433701505595,1261.9551618783612,-246.634516620752
120.32396974864729,262.70901705543866,1263.6720117339476,-237.26062101672656
118.67462344204922,262.6593935523974,1265.2785071555127,-228.31891495295326
117.07937168401293,262.6355174844091,1266.7485417960884,-220.01317845105893
127.69125314566942,257.2829438527642,1254.7180123119203,-291.2730429316358
126.21473063096536,257.46716141326954,1256.4231702524658,-282.81052097498133
124.66323634274485,257.656793187559,1258.1770512015953,-273.8892903362276
123.06054040520289,257.8503477778789,1259.942930345082,-264.68205632533534
121.43237679695648,258.0473163943167,1261.6820044401404,-255.39506874249236
119.80416737131587,258.24848488772955,1263.3563583457992,-246.25525735884196
118.19875523790527,258.4560336212269,1264.931759501308,-237.49378493274452
116.63462307935384,258.67339967648866,1266.3798092742663,-229.32898692563268
127.07247853297301,253.68775907944294,1254.6969038811294,-295.7225102864544
125.6595278272757,254.0004286691065,1256.3457331268107,-287.5753057279703
124.16755116932202,254.3285432996111,1258.049609751637,-278.94934893464364
122.61853633674573,254.66805397963566,1259.7730378101319,-270.00888286117504
121.03680971823759,255.01508096360158,1261.477738543183,-260.9546987679677
119.44686197359056,255.3664306922525,1263.1255720151485,-252.01248673214755
117.87110552082568,255.72000846816314,1264.681410332792,-243.41701580406087
116.32800662932988,256.0750396441283,1266.1154703684006,-235.39474824808903
126.70002819232467,251.61345435250826,1254.6721435560344,-298.26538445729307
125.32424945081038,251.99333229395972,1256.2889067115188,-290.30985603608514
123.86729038255079,252.39438139351287,1257.9641293772634,-281.8666758993904
122.35004020856445,252.81126035946133,1259.6630726375079,-273.09490190950527
120.7959382981209,253.23831309969043,1261.3478148913223,-264.1918532387146
119.22885600249244,253.67017547171181,1262.980138986623,-255.38207943382392
117.6708736556173,254.1023465216477,1264.5244394414858,-246.90197851421354
116.14037699381666,254.5316091778405,1265.950150286141,-238.9823833077964
109.73974064029538,316.84375913224665,1279.644689433655,-225.50124036049135
107.86471820090928,313.73245799703403,1282.061472805217,-214.05877356346608
105.96413765531125,310.57795131240744,1284.3407739204295,-202.63387593830095
104.07496569837743,307.44840673157705,1286.4507289767412,-191.43012779324715
102.2317163768858,304.4112566623826,1288.368186249307,-180.63992356939406
100.46396791558813,301.52841803847997,1290.078726273207,-170.43288302967312
98.79468125801357,298.85234423714064,1291.5759518699265,-160.94676417836777
97.23948715309034,296.4233800988046,1292.860333492833,-152.28192405253486
109.21202564922024,306.88493483668344,1281.6521411015165,-239.90154239929953
107.35221746653016,304.6493169300848,1283.6722722426096,-228.28914273884354
105.47267502790297,302.3479262726635,1285.6142178552539,-216.57011435637753
103.60756347933987,300.0313387665574,1287.442765953021,-204.96697493540194
101.78891473603248,297.75279601712606,1289.1291590347469,-193.69750504590127
100.04433309826321,295.5641547615127,1290.6521189490927,-182.96027124850107
98.39536658711664,293.5120843331809,1291.9980094806922,-172.92254522555635
96.8567483037502,291.63507318908455,1293.1603248211925,-163.71214963635722
108.23386028409351,294.9797020332253,1283.512931844767,-256.1463377859462
106.46059679822464,293.6237351033335,1285.1966628212167,-244.7393223126855
104.6608522381722,292.2024725124242,1286.842059556878,-233.0639364856838
102.86698612546655,290.7469057314413,1288.4145217014202,-221.34994677972674
101.10988417619444,289.29236664445887,1289.8834620714688,-209.83458185702648
99.4166197291792,287.8758267040484,1291.2239826486773,-198.7452892500176
97.80873915387193,286.5329744507027,1292.4177609682097,-188.28400201476074
96.3013506744717,285.2955121545595,1293.453179202512,-178.61492635356825
106.93072508797415,283.14612681574187,1284.8828929511965,-271.44807591784456
105.29225605182275,282.5007667106401,1286.3294853370228,-260.58053250815686
103.61440462859979,281.8093616342638,1287.7606257472403,-249.3009442915555
101.92727992203612,281.0867777905726,1289.1434463256267,-237.83016319357094
100.26056759238874,280.35183919364823,1290.4472213971417,-226.4099093963423
98.64114325295165,279.6260707189455,1291.6453820893653,-215.28511794286013
97.09111886054498,278.9319791459398,1292.7168664591638,-204.68552061012514
95.62667291183784,278.29119532984714,1293.6467250898886,-194.8096716255098
105.62924386641954,273.3540173113922,1285.7132023049764,-283.5902465061595
104.12507291424802,273.18310490500085,1287.0102198749937,-273.36726411294984
102.56997757312281,272.9898817372087,1288.3047584239523,-262.6393815608937
100.99129953253275,272.77889418423825,1289.5653866835037,-251.61070319694244
99.41699685757273,272.5573087607176,1290.761502674792,-240.5164344579268
97.87326981487544,272.3346307052715,1291.865518066384,-229.60646680451353
96.38245346014196,272.12202254193613,1292.8545162848814,-219.12630523790853
94.96158594651537,271.9313505277323,1293.711199972445,-209.29879154761952
104.59866692509333,266.4400340529575,1286.1555119732054,-291.9242655984603
103.19661055562207,266.54570813970923,1287.3633935715106,-282.24649922096853
101.73604638003053,266.64768049547166,1288.5762915690664,-272.0160654570842
100.24184416388715,266.7448707730379,1289.7637695050303,-261.42179608338483
98.74021982883866,266.83753293285577,1290.8953321644758,-250.68984394858572
97.25642147786988,266.92748287224157,1291.9426867695283,-240.06873980002575
95.81258664877124,267.0180786787783,1292.8815947071116,-229.8109447173527
94.42613042481655,267.1139294377647,1293.6930587040315,-220.1535434589986
103.90904490072495,262.1107548123734,1286.3774422127544,-297.0536807264056
102.57265011041187,262.36584029022816,1287.5342661471864,-287.75108672811166
101.17343705060385,262.6290039530696,1288.700351853838,-277.87419067239017
99.73453534363323,262.89630469091156,1289.8459061126487,-267.601391305625
98.28083192213431,263.16424072965106,1290.9405219869095,-257.15161480870825
96.83675543744617,263.4302238936078,1291.9554654114063,-246.7708484847521
95.4241170656611,263.6929102571311,1292.865636849003,-236.7142210545425
94.0604124792574,263.952314115509,1293.650909416223,-227.22647309496818
103.49566607116967,259.6097069623255,1286.4874924624382,-299.98819046853305
102.19752774495564,259.94291169822833,1287.616063024006,-290.9134357380312
100.83426510988761,260.2909052368064,1288.7562204558317,-281.2549162054803
99.42793968995205,260.64831125690705,1289.8785589598654,-271.18480790737317
98.00259502478292,261.0096590325521,1290.9527366901793,-260.9174847459523
96.58210032102845,261.3699675321835,1291.949768474733,-250.69691979497645
95.18799741955758,261.72525716527156,1292.8440450695975,-240.77921598295936
93.83776379470694,262.072888239215,1293.61475819719,-231.41317072906307
91.90516579419551,333.16786515062256,1294.1707864965047,-212.5468701298689
90.15467688747809,329.4698165698069,1296.2337308102753,-199.5842679228103
88.39542483161702,325.7125456768779,1298.1384657410797,-186.63731561553152
86.6624269717832,321.9744671573772,1299.8643010538929,-173.9333578408773
84.98764702262133,318.33266522118214,1301.3993442102937,-161.68629768727445
83.39782537315165,314.85733180284996,1302.7395233191132,-150.0835214786271
81.91313187817133,311.6073041205259,1303.8871370111788,-139.27590979602527
80.54671099092236,308.6272031795492,1304.8492854860028,-129.3719868464396
91.23442489467284,321.49324371654996,1297.4501753380232,-229.28573160029487
89.50611811863958,318.80716140002613,1298.9734368966742,-216.10646418620846
87.77531135811775,316.03632981753213,1300.4078933412152,-202.803057086387
86.07416095386677,313.2390056526083,1301.7297763313727,-189.62457500104168
84.43207473656742,310.4761584392765,1302.9215879326691,-176.81343703900598
82.87372772578698,307.80670413099756,1303.9721857465283,-164.58905113966026
81.41777442130318,305.2831460422265,1304.8762374506232,-153.13450545223793
80.07636306227407,302.94825132938576,1305.6333212744114,-142.58789895887534
90.08698459270009,307.5513468470971,1300.5840352572634,-248.00054936607856
88.45210700066735,305.8800889131006,1301.6763797042986,-235.05959650625263
86.80810254124826,304.12470480769673,1302.7170756924897,-221.80890193371735
85.18555160979493,302.32122640346813,1303.684396883736,-208.50569093975008
83.6128466419874,300.51044164671157,1304.5605892913402,-195.41392496766073
82.11418823129343,298.7346796559468,1305.3324666919314,-182.78491843696628
80.70820000113784,297.0343737584977,1305.9914226473313,-170.83974255649454
79.40732203817048,295.4449954447572,1306.5330440723415,-159.75603434810034
88.62368135120475,293.694285387172,1303.0218567394752,-265.52643568634767
87.12729038098573,292.84155778731287,1303.8364847673404,-253.21866955620933
85.60902923174308,291.9268472909851,1304.6133323186205,-240.43623014049874
84.09754606372948,290.9679193155662,1305.332961445387,-227.42528494853426
82.62031930436699,289.9870461907809,1305.978710987646,-214.45395908485048
81.20150710996477,289.0093770260586,1306.537447758623,-201.7920130178268
79.8603525970508,288.06085741460487,1306.999800847941,-189.6903812753376
78.61032392396076,287.16604006861934,1307.3599811694887,-178.36359761122625
87.19696342174207,282.2138133987885,1304.62310910894,-279.40384981745603
85.83546553798722,281.9072344203652,1305.2813930598077,-267.85013332263446
84.44070674930165,281.5660038489643,1305.9062163000317,-255.7154821452517
83.03889080863826,281.19624065428053,1306.4790736547218,-243.22594992564612
81.65606476845733,280.80717062940147,1306.9836349989885,-230.64100192615572
80.31593301474294,280.4106210106785,1307.4066361715288,-218.23450978998164
79.038080596891,280.0200925061438,1307.7382552999288,-206.27350477687793
77.8368581562655,279.6495512001667,1307.9720317072602,-194.99794619210695
86.08131266624503,274.09140658920995,1305.5607484590369,-288.93287013725535
84.8212010783153,274.10325996022954,1306.1356402286026,-278.01580686500466
83.52032427079345,274.10192463878843,1306.678685965558,-266.46336263664347
82.20265997110718,274.0872012388045,1307.1715367409383,-254.48334261105379
80.89274808926582,274.0606113343621,1307.597621181093,-242.3237701280548
79.61354993410013,274.02549709533287,1307.943165757638,-230.2557408490589
78.3845853700598,273.98682674248226,1308.1977066327943,-218.55263315923938
77.22064507602165,273.95071874940544,1308.3541023143894,-207.46878613568555
85.33935721274604,268.9952551092994,1306.0753035053776,-294.80576787745736
84.1440560835415,269.1791889633033,1306.6062356077634,-284.32664915572246
82.90370425096071,269.36353645608335,1307.1061464082923,-273.1876169314486
81.6406936625947,269.54490394732636,1307.5566348887526,-261.5839889996968
80.37839774705797,269.7206504493268,1307.9407989369583,-249.75481198083583
79.1391020695071,269.8892777976533,1308.2443478754483,-237.9673764783313
77.9421072030386,270.0506339928144,1308.456214908455,-226.49701157357862
76.80234781223415,270.205884607747,1308.5686498546213,-215.60549077279816
84.89591602549908,266.04670417847706,1306.3488773972026,-298.16993945458387
83.7382634313185,266.32063324503594,1306.8567108509264,-287.95684519969217
82.53325745430112,266.6027300792638,1307.333990563321,-277.073176115398
81.30231105520335,266.8880068888759,1307.7622493981817,-265.70679492798763
80.06804922680296,267.1716496547286,1308.1243434121936,-254.0910715354238
78.85228858231217,267.4495406444112,1308.4056167262172,-242.49050144595537
77.67413021997982,267.7186666572816,1308.5945768145702,-231.18085118271523
76.5485341213144,267.9773392328016,1308.6830425891287,-220.4276551402558
78.04037983418976,347.81278114690423,1298.1307932029172,-196.7745279580116
76.46329344224984,343.529418743338,1299.8975154075806,-182.44356642472357
74.88770180212272,339.17373674979336,1301.4999910131019,-168.1484649781013
73.34540469423192,334.8348330820368,1302.929564202977,-154.13705099687175
71.86491079164168,330.59952310563295,1304.1856751260789,-140.6402040172373
70.4696186787775,326.5460335612759,1305.2739989889483,-127.85784313573244
69.17677064295914,322.73909392494744,1306.2044442671997,-115.9485769072376
67.99719715705469,319.22696304723826,1306.9893720129453,-105.02405929143002
77.25236640728718,334.5222303075145,1302.7177008312392,-215.8683659558813
75.70202031480723,331.3765723340548,1303.7799560244057,-201.25269956524951
74.16051303361736,328.13075877778874,1304.762175360936,-186.52007549565045
72.65657859034515,324.85120698906036,1305.652585535084,-171.94338345961876
71.21594930386651,321.60675230769743,1306.4445249080525,-157.78539773917365
69.85973906706849,318.4631844045101,1307.1357635409784,-144.2810883476351
68.60347543803728,315.47838764471186,1307.7275123225827,-131.62369024451047
67.4568290690769,312.6987838909645,1308.223409879344,-119.95612645769174
75.97243754170154,318.6359195289539,1307.1423108334445,-237.05681571359509
74.51859896979703,316.6357362860339,1307.6632394253734,-222.69312403661726
73.06801464020243,314.53550977890853,1308.1405027858664,-208.0035429168147
71.64791824537423,312.376914897513,1308.5663071877593,-193.27099855121878
70.28300225524488,310.20655773775457,1308.9355821105623,-178.78284934650478
68.99378321242939,308.0721749339254,1309.2456267652237,-164.80951620515782
67.79557379960521,306.0187226835753,1309.495553351543,-151.58572419233533
66.6981335038982,304.0850150417819,1309.6857385594667,-139.29698567528797
74.39065613008114,302.824940818583,1310.6562695801388,-256.8084647155569
73.07469889603458,301.7516233918671,1310.8490066899853,-243.15631170429134
71.75031617437304,300.60230563737724,1311.002679987149,-228.99076346383606
70.44309978061713,299.39829899991526,1311.113120203117,-214.58283592356287
69.17696323484356,298.1657816156879,1311.178240753341,-200.22465182010527
67.97238425378782,296.933781218596,1311.197584616669,-186.20703200358756
66.84517666777484,295.731695444193,1311.1716797534302,-172.79722794335908
65.80593623273873,294.5868144718832,1311.1014498159934,-160.22049339240394
72.87647083525287,289.69919393337113,1313.0371278321616,-272.42857181073316
71.69223026685947,289.24614704418065,1313.0613648025994,-259.6294641927653
70.48904381935404,288.74736800511874,1313.0410053699984,-246.19537660027487
69.29039734899413,288.21111273041413,1312.9728995409305,-232.37461044519577
68.1190137457998,287.6491251308103,1312.856151389181,-218.44936918283275
66.99502689020595,287.07587980190937,1312.691645796937,-204.71463868279073
65.93457497604476,286.50736217550565,1312.481287627146,-191.45483346792264
64.94902174008068,285.9596203450582,1312.2272286253265,-178.9222930398125
71.70409190110719,280.3907533626483,1314.4805386092344,-283.16437671824184
70.61776048125174,280.3003684404359,1314.4245415826103,-271.08723713613756
69.50553487667727,280.18825727568753,1314.3184475599444,-258.312282365218
68.38896113771077,280.0555784974583,1314.1587572042718,-245.066974446318
67.2894871136177,279.9055413596465,1313.9444285460063,-231.62028037851906
66.2266478327758,279.74334028824427,1313.6764965804027,-218.26357194460763
65.21656352801892,279.5757507238129,1313.3573066311524,-205.28762021959938
64.27100173260122,279.4104652815787,1312.9896329535613,-192.9597732850578
70.9282599032448,274.5379965992958,1315.2970864830236,-289.7920262819515
69.9041311976079,274.6440338103608,1315.2030904675782,-278.21239475136986
68.85013304166348,274.7436500076765,1315.0555024524274,-265.9063680858884
67.78641536852322,274.83441618087846,1314.850231136493,-253.08695406704982
66.73343334565081,274.91493753698023,1314.5857401417747,-240.01276523831874
65.71016333621422,274.98511808881483,1314.2627640201454,-226.97044739950422
64.7325647274205,275.04620826028923,1313.8835846947716,-214.25238916443843
63.812551280581175,275.1006250036944,1313.4511138373905,-202.13349608477077
70.46567146013076,271.14640474416314,1315.7408333529709,-293.59405609715805
69.47755545464673,271.3553219360678,1315.6284060161329,-282.3170302504057
68.45742895668424,271.5665727721721,1315.4604394021428,-270.3010413573882
67.42457878887049,271.7759426876193,1315.2323943484448,-257.7504466510119
66.39881860457778,271.9796375336048,1314.9423194915214,-244.91732559029163
65.39873177220532,272.17470197630035,1314.5906343899883,-232.08479235603
64.4401235433439,272.35930258658277,1314.1794491339026,-219.54538679062733
63.534944293615354,272.5328177145036,1313.7116394568284,-207.57774258820155
67.41244582976297,360.6147901883708,1294.6352892430496,-179.83393642253242
66.01465170460902,355.77849008326695,1296.2470118331657,-164.35537480702536
64.62279513212592,350.8605797913669,1297.6966319132462,-148.94635122961373
63.26528745294366,345.96060386788105,1298.9854880760931,-133.8699531016818
61.967307594607846,341.1745697688103,1300.121959823196,-119.3683678650207
60.74927377138508,336.58798318608547,1301.119010032736,-105.64847127781985
59.62601597742512,332.2706052345123,1301.9919034927234,-92.87159308186781
58.60664303139661,328.27349168860957,1302.7564190054286,-81.14846465682324
66.53795318766343,345.8733418874552,1300.4311249702084,-201.1632702934035
65.17036299528768,342.2835379278689,1301.1683434801807,-185.31903450193195
63.817153635054396,338.5831975475108,1301.8468807067566,-169.38217131358226
62.50339222894632,334.8467254126607,1302.4641347791137,-153.6441641982265
61.25121750734462,331.15031932695484,1303.0210257708302,-138.38221176356757
60.0785308598398,327.5658866423727,1303.5209252980908,-123.84081979003571
58.998261480384556,324.1557991858569,1303.9685682372804,-110.21783131668471
58.018219704238355,320.96921848757273,1304.3691725354197,-97.65637390449317
65.16638295988336,328.21269049836303,1306.030912523061,-224.69026803702408
63.89651496951419,325.8885932180782,1306.111260831453,-209.09528637532054
62.63672714090687,323.45301968253784,1306.1718177584842,-193.1779854803741
61.41054601548456,320.95340770366664,1306.2158824314818,-177.24251288997704
60.238933701293895,318.4419670047675,1306.2474975236296,-161.594003424502
59.13899624964042,315.9713519106056,1306.270604112302,-146.5159381401743
58.12322839480771,313.5903628618792,1306.2883665398156,-132.25086939659653
57.19932418320355,311.3403957476137,1306.3028149466077,-118.98712828109282
63.509915198384604,310.5977503088478,1310.5183597825103,-246.54682266150718
62.37526097778686,309.30466296607295,1310.2142417766172,-231.72409330466377
61.24043742934331,307.92487595430026,1309.887630007613,-216.37007544029314
60.127484585171196,306.48351742094167,1309.547263145256,-200.77708226713733
59.05660042795618,305.0107070990304,1309.202271101606,-185.2564777220184
58.04474173515675,303.5391388870022,1308.8609362635525,-170.11454311176723
57.10470935236309,302.10126091340334,1308.5296792451097,-155.62915061490366
56.244802986196575,300.7265842847902,1308.21250925937,-142.03107961524682
61.94657687484627,295.94079347984496,1313.6081495764915,-263.82167856130303
60.93871813907349,295.34145524055776,1313.1177651145167,-249.9358222086568
59.921381311445444,294.68765703712785,1312.590293821184,-235.38160573343214
58.914760622223234,293.9900811512065,1312.0361832856934,-220.42694671901194
57.9379977384783,293.2631204528096,1311.4670626201905,-205.37290014696498
57.00770821940879,292.5238435369887,1310.89424897908,-190.53063829604451
56.13691080002194,291.79051093481183,1310.3273421620067,-176.19668000832644
55.33449859170738,291.08093294459604,1309.7732529156733,-162.63071202396327
60.74571750704,285.52240476596677,1315.5174508315088,-275.70977121079306
59.83103623092524,285.33052642414,1314.9456471611902,-262.6203960612522
58.90074512188535,285.110169996849,1314.3242864682966,-248.79086387127828
57.97334182439945,284.86410041170365,1313.6634247509724,-234.46618538792347
57.06685864575567,284.5973583144022,1312.9750621435437,-219.9330789159942
56.19737811116158,284.3169980964717,1312.2716206331904,-205.49884469432448
55.377874509882425,284.0314885500162,1311.564350349354,-191.46681030507324
54.61755061510831,283.7498903483583,1310.8620518074786,-178.11256997143607
59.95426957590994,278.95887128866207,1316.6160553566401,-283.06176131933654
59.09838301571271,278.9884337506067,1316.009381958937,-270.52280565309104
58.223384735603894,279.00623285344915,1315.3452538372303,-257.2103913245488
57.346558465071546,279.01102026096083,1314.632896410908,-243.353619245615
56.485073911983896,279.00277601126965,1313.8839381001842,-229.22777697102612
55.654525670386974,278.9828320506235,1313.1109517174386,-215.134935477978
54.86773626659498,278.9537682254124,1312.3258032426447,-201.3800342182834
54.134014524042115,278.9191030716417,1311.5382122426497,-188.24657931644094
59.48330807438127,275.150041680639,1317.2204510501856,-287.2855604214396
58.66132688079495,275.29585052150287,1316.5983504716983,-275.0819826238218
57.81835247456665,275.4395092116765,1315.9143302208863,-262.0900310286549
56.97091737802297,275.5777687196785,1315.1769547424403,-248.52927652884821
56.13563339183518,275.7079693570226,1314.3974337144407,-234.66765572913502
55.3277543550103,275.8283486651332,1313.5882265724272,-220.80332461791724
54.55996390634617,275.93819658124966,1312.7613816695684,-207.24126056848507
53.841592317013856,276.03783520273197,1311.9270193605903,-194.26881859931402
59.25029287058128,371.6349560752885,1286.5700707900255,-162.94765622976652
58.01451686501324,366.2996326569169,1288.1769664258509,-146.54135634484211
56.7854199346701,360.8761846955804,1289.6245250888041,-130.24265091384018
55.58843624869984,355.47388094157805,1290.921333770806,-114.32500529411423
54.44597157756904,350.1970437407986,1292.0820630798864,-99.03721628519239
53.37608723318125,345.13753187000833,1293.1246598268585,-84.58897715894022
52.391820669715294,340.3692901884922,1294.0679770283748,-71.14108617179645
51.50110364707227,335.9454379778628,1294.9300470112591,-58.8009983501518
58.319941811181074,355.62565461244884,1293.422986474951,-186.3302170234202
57.116822141692246,351.62655265830335,1293.9936322053618,-169.4735562080252
55.92968336640963,347.5109074552252,1294.5300447012091,-152.55617235323874
54.78035554808211,343.3604125207141,1295.0351730253547,-135.88291772316506
53.68797816215797,339.25772276996634,1295.5140683198483,-119.74021952325047
52.66791643594641,335.27987087682476,1295.9727340272773,-104.37744653830705
51.7311731471173,331.4927507262991,1296.4171489367648,-89.99324196953546
50.884302767910896,327.9474320555387,1296.852617526931,-76.72823144467921
56.89524477604401,336.3886267856361,1300.0361889434123,-211.9986900090133
55.789745824669374,333.7617350610027,1299.8392184494796,-195.37842695402077
54.697101964680215,331.01619262684136,1299.6523050497055,-178.45022369432414
53.6375047684726,328.20480181444617,1299.485758622833,-161.5343809321523
52.62875852342669,325.38473906412213,1299.3486685183614,-144.9484889511473
51.68524629735902,322.61279293225823,1299.247975886231,-128.98406778579627
50.817353261150515,319.9407847598186,1299.1879839655298,-113.88723025865812
50.03135654653633,317.41192226721626,1299.1703458130178,-99.84588583746608
55.20350581733952,317.15451784738303,1305.3606324511738,-235.78407538773618
54.229437200965904,315.65492410675176,1304.72261578824,-219.98216773411707
53.25938266064756,314.06126927031085,1304.0872785737497,-203.6441864649957
52.312109900553224,312.40234583902287,1303.4722080912197,-187.07923813638297
51.40461046161528,310.71186499244794,1302.8934529234198,-170.61296311412957
50.55097770770617,309.02567842427976,1302.36395258915,-154.5621200022444
49.761712232733764,307.37869787925945,1301.8925556283166,-139.2107386714685
49.043496066011244,305.8020691412242,1301.4837628591906,-124.79155609559572
53.62433161479873,301.1153465278153,1309.0664874319016,-254.5807827106475
52.77141408360632,300.37922552467046,1308.2209550988057,-239.7850270454356
51.91443973086784,299.5823483982488,1307.356272118351,-224.301700611973
51.07050722139727,298.7377877212132,1306.4927368296237,-208.4145532575734
50.25561045258322,297.86240140964503,1305.65029149482,-192.43907939989506
49.48345232497925,296.9755378134656,1304.8464630737712,-176.6979715569808
48.76462295832258,296.0973391475123,1304.0947643943175,-161.49547526281296
48.10622824627925,295.2469629833642,1303.4038557032945,-147.09496035907796
52.419031183232846,289.6917527495442,1311.3882221564331,-267.5336252992687
51.65414432587241,289.4062883983487,1310.4561329226997,-253.59760524376716
50.87992433723917,289.08741864652615,1309.4864830767233,-238.89344715473385
50.11196467383307,288.739516314361,1308.499484609729,-223.680639957133
49.36525198508007,288.3693379280438,1307.516164342875,-208.25968672981668
48.65297237566725,287.98558489134393,1306.5561444349755,-192.94951114317237
47.985614706975156,287.59814080753665,1305.6356795680197,-178.06182026797012
47.37049043707823,287.2171321284711,1304.7663578361646,-163.87684346922669
51.62733101612477,282.4832225574138,1312.7410748566085,-275.557776311297
50.91759507363744,282.44355897793486,1311.7742090939596,-262.2175911169667
50.19554044486399,282.38827801197505,1310.7580171712943,-248.07131231286482
49.47568711006168,282.3173103813473,1309.7118813438906,-233.36131716736037
48.772250902330114,282.23192201837253,1308.6567579612145,-218.37596660980648
48.097965153517166,282.13470605190014,1307.6129508607319,-203.42872628244305
47.46315036456021,282.02935142330705,1306.5979861423402,-188.833068848156
46.87517205453553,281.92023961434495,1305.625049125458,-174.8776250675944
51.15700977401089,278.2952890537392,1313.492216804941,-280.1741047871309
50.478945382396105,278.38496450674495,1312.511001268127,-267.1976864719395
49.78696613064711,278.46931547939454,1311.4737359671403,-253.39784134722515
49.09493190177453,278.5460515283538,1310.3990813112866,-239.00667718945496
48.416563180630355,278.61356826300266,1309.3076916034809,-224.3046804801554
47.764282232727915,278.6711495744395,1308.220023893341,-209.60116049737888
47.14826970913298,278.71901786599665,1307.15414819189,-195.20966158087163
46.575886706314854,278.7582314608635,1306.1240395743866,-181.42280736408867
52.903295071294345,381.0719896301252,1276.0591355107506,-146.8228753484554
51.80504419900625,375.29951821009973,1277.7789017821738,-129.67399009653982
50.712372513326706,369.4337017540753,1279.3388567105985,-112.6697655506396
49.64828059385132,363.5926529356149,1280.752595720019,-96.09039944204865
48.63298295083432,357.8881091250821,1282.0391143221552,-80.18809899363202
47.68274327320216,352.41746173059084,1283.2198024107483,-65.17284409757119
46.80928722937817,347.258159416691,1284.3160608435137,-51.20310312104769
46.0197488690245,342.46491653072104,1285.3476642579176,-38.38207353018282
51.942385373161315,363.96741952691815,1283.820628844644,-172.06523956967044
50.87818013380287,359.6029567426939,1284.3571576862057,-154.38349468223683
49.82946750578255,355.11886107485265,1284.881146342253,-136.6741686055399
48.81543994467091,350.6032116503011,1285.398206782052,-119.25138489396326
47.852882457060424,346.1441552885546,1285.9150598839724,-102.40712064027281
46.95524383113274,341.8229279526156,1286.4384668506118,-86.39262415185931
46.13213806771496,337.7081558024507,1286.974434416239,-71.40520966062526
45.38927905504827,333.852200519234,1287.527773610814,-57.58170432362043
50.49513256086336,343.3468774177363,1291.297137007299,-199.66944723377117
49.52736600076079,340.4468433035801,1290.9650218202614,-182.20623074802873
48.572934744679344,337.42412080770424,1290.6717605415802,-164.45356465112113
47.6492931447137,334.3362281426268,1290.431229164044,-146.74366991362888
46.77175714810792,331.24454572497183,1290.254528588041,-129.40260300322387
45.95264924283215,328.2092107219541,1290.1492062963168,-112.72652330460188
45.200832430745116,325.2843442803202,1290.119071567187,-96.96252966930074
44.521634008723844,322.51437366369146,1290.164533846384,-82.29645434415612
48.79814530117741,322.67989431415464,1297.337389004263,-225.19971682384818
47.957373446033905,320.99386354911167,1296.5105574027252,-208.5902760010345
47.1223241261468,319.20898695927747,1295.712738257398,-191.44647816165602
46.309055490608294,317.3573465478526,1294.9667056850788,-174.09035352138363
45.53200743304078,315.47573537752316,1294.2919968034341,-156.8578463040542
44.8030872445458,313.602597472895,1293.7033362494162,-140.07262533597273
44.13111824472652,311.7747550478066,1293.2098846636031,-124.0220074228061
43.52167663862461,310.0245060631912,1292.8153416162554,-108.9386780221656
47.22762143473904,305.41338182485885,1301.579629841174,-245.3771622405109
46.50215074471845,304.5548512682002,1300.5223690784644,-229.83108505573534
45.775444812515005,303.6311862493881,1299.4669533503834,-213.58624214977323
45.06201307590115,302.6576297843463,1298.4399240799726,-196.9388133307741
44.37532139674425,301.6531764050209,1297.4659752994226,-180.21503160698575
43.72682763221102,300.63906734347324,1296.5656916964103,-163.7456206858139
43.12533001419888,299.63692992496067,1295.7540187453694,-147.83959897152945
42.57668877725367,298.6669089814777,1295.0396914673863,-132.76182509758826
46.03510083917384,293.09616894226747,1304.269063317364,-259.29945807403
45.39253224964477,292.7283568811589,1303.1170615657293,-244.66638214623566
44.74423710459284,292.32364870702736,1301.9438277457932,-229.24599344434475
44.103359069991505,291.88787267105215,1300.7762755743781,-213.30919951903095
43.48242349233777,291.42927149491715,1299.6409217915084,-197.16691540121167
42.892368020095674,290.95791441279533,1298.5613285920347,-181.14637216843124
42.341831467618846,290.48480720416666,1297.5560699592838,-165.56474719667725
41.83678885239242,290.0208712736662,1296.6375923498963,-150.7046568570038
45.253985255597456,285.3139930216058,1305.8533027444132,-267.9374780852518
44.662997058245885,285.2146873340197,1304.6640086895457,-253.9388804798894
44.06377364264925,285.0970545931632,1303.4385857932798,-239.1106527087283
43.46849482854148,284.9620824714836,1302.2032659212623,-223.70569569193532
42.88897959692124,284.81213976115407,1300.9848594490184,-208.02230152377177
42.33573031872122,284.6508582442552,1299.8081169349973,-192.38216991630176
41.81719524968686,284.48280248270834,1298.6934433451133,-177.1044933202725
41.339354429249454,284.3129983998091,1297.655415191607,-162.48073863703766
44.790614620242614,280.7888204943338,1306.739914602147,-272.9131249188969
44.22912207250056,280.8310862100312,1305.5356052012953,-259.30250547630357
43.658066829084305,280.86583813539886,1304.28659145553,-244.84272945272232
43.089037914957586,280.89163262549425,1303.018414796237,-229.77572682710132
42.53340479949469,280.9077600300715,1301.7577544411402,-214.39157074316867
42.0013764639102,280.9143565794335,1300.529782990527,-199.0076684223031
41.50125433188512,280.9123740298176,1299.355766584933,-183.94335481860873
41.03898984265594,280.9034188511741,1298.251387910333,-169.49429523662806
