30.596619253223796,0.1833522562758011,3.588131732257746,1.0349538951910824
35.243443777327876,0.1321242501286262,2.217453131390076,0.9359963773055054
35.80586368725905,0.3353630906694205,3.465013385363329,1.1153132128959486
34.37902070985423,0.2219341895537088,2.613483810452187,1.0039434411080401
30.178161373235245,0.14426369148686607,2.050701826636882,0.9311800662300873
31.286948474726266,0.32605412540411544,2.962974777000466,0.9518905431578091
28.51435592422013,0.3879269896541789,2.424967943934388,1.1425305127820773
33.625003158366695,0.28213805043562046,2.1068739359571174,1.119946127568748
28.8139221467501,0.3317799343162609,2.694626956758367,0.8701089281599876
33.325780147297024,0.23100437342301078,3.3740146266168054,0.8414684051501338
32.12788939305994,0.22277422823504886,2.8851611572073046,0.879548123551761
28.53739188798547,0.12132664705899149,3.3217279220142015,0.9440497367411746
33.107285373866084,0.27200868158204056,3.378705990174337,0.9567484528337458
32.34077480338959,0.3613545505008777,2.278079833289309,0.8544097558783882
33.095826428592574,0.2342991486963255,2.122279732705205,0.9659784314872182
27.268377250333415,0.311143954921519,2.3421877318305326,1.0209732880652491
33.52322356451609,0.17030520622436693,3.3426658580008377,0.8117677837366271
28.55190719272701,0.24988311042748995,2.545410721952322,0.8462480389119509
33.6013284432372,0.15124767978518602,3.332445628381064,0.9809201361364099
25.164656921539944,0.16083462265938006,2.3519529869836173,1.1340799945527416
25.63492219361748,0.1593640667878785,3.2599172186825425,0.9680936370450274
25.118300671975557,0.25345006300499473,2.3672404225235537,0.8850429666274289
33.530413180374445,0.14503430175979257,3.169584585956379,0.8543708342709182
35.95645530568914,0.16694331872119728,2.1273616938371958,0.8486840624708339
29.69711747586209,0.18469534951576771,3.5537663204735854,0.8278088251564136
32.20606810731722,0.11885064462411557,1.9713980106365252,0.9867316226894508
32.26559080581939,0.3045082590791338,2.2427829487261723,0.8081398056463797
30.04208484748177,0.20148541655429303,2.6538531763744673,0.8399104412317409
25.651728307081815,0.37294312702274274,2.1768512985328563,1.084047077219214
28.22646630937004,0.12450898211918393,1.9619788998058008,0.8052451843220227
24.10235768841022,0.1570358110046608,1.9698765093630752,1.0814488494040795
31.661564734690657,0.3417071880846249,3.530795364608296,1.0896050516752827
25.064179326557714,0.17724025485933995,3.3497892042926534,0.8817769794335051
32.62017168540188,0.2931125974299641,2.381244422043112,0.9728205364444119
24.519573043575,0.13817514299970812,3.206490772325892,1.0544052888293465
25.43440923554819,0.3490268607381277,3.142999662259314,0.9065532432590725
34.40207471637525,0.17402349279180823,2.184340180718435,0.9664209449315313
32.47367837756502,0.21596264480298735,3.1749642965496694,1.1183933117690752
24.861091891704987,0.18079572728289464,3.5590293401248347,1.1447782398665731
25.48260750663837,0.19818974037913387,2.896600667795918,0.8533708625794496
33.594865009056996,0.23797134182424165,3.2162787060277376,0.945844697522735
35.7865924693352,0.36101932591542224,3.2777475582645383,0.8977278274079555
27.81957714732021,0.18843715690864932,3.397365425736224,1.194050074290466
32.167785711635275,0.2808457167045753,3.142720550303686,1.1759246517209134
29.279084120341043,0.3395081731654291,2.9992350862881154,1.1736135050471852
29.19426830781161,0.3050538139186523,2.8088452434672972,0.9143125107498442
33.93528201507013,0.2454146890735104,3.2881257419277814,0.9988581070879747
26.667705635546316,0.16932377071881832,3.1282799738849603,0.8448634827941527
34.0748477552853,0.1883723652763625,2.760952765825574,0.9832173780229307
32.00105439628792,0.312960045724038,2.705667972174047,1.1559344676691974
34.48366413514721,0.30974328086561964,2.867304802737731,1.1221288563397895
34.07556578266813,0.11631823126684676,1.9981168427037153,1.0190524154003662
30.910904934909475,0.12785940123460213,2.6620420376036686,0.8104132455989115
30.244794528100467,0.1771579724615639,2.752089023459165,1.0764400729971226
29.044325993544422,0.12775842391407724,2.1839960052623586,1.1912588704844709
34.71428271391372,0.2729218904880163,2.5110125517049235,0.8111925786993842
28.800212276955875,0.30726311748553325,2.7385064012403535,1.090506066414048
27.720589531128486,0.18012166701065477,3.4112994363409306,1.1058299541695433
25.734965413550107,0.1893404198610713,3.2294780498892086,1.114518865074949
26.259882528509042,0.22119184739846928,3.061485699259547,0.9459204050991573
24.228563478082243,0.3923599578777852,3.055013766569414,0.8291365875596555
31.54644374551123,0.3929246730574043,2.5228977410301567,1.0495517420073233
33.55309263839313,0.21464023892250111,3.2522529103315807,1.1632888572598705
27.502090438011315,0.12839558603676302,3.0509538647595273,0.8962501067307821
35.152970473969056,0.284456798402594,3.282624324992153,1.0113906140806377
27.716282904103256,0.34749371949911995,3.3396076634212495,1.088453669986193
28.339330464674173,0.14953532434434794,3.5279465892215196,1.1832159303576755
27.351140042385826,0.3461370027680084,3.60798890991285,1.0508718879077084
25.12086559916014,0.32866126577175375,3.0003094075380092,0.9626365575920646
35.05305236409126,0.2490852632883459,2.001859483097071,1.0602429532894968
31.41390644341897,0.1427723210095035,2.8252878559603265,1.1702118663954721
25.361060702368942,0.19327285438406722,3.3093103553826593,1.0857562253976445
30.65189377483824,0.15324664347562378,2.2953000533702426,1.1988417482706517
35.40357789987106,0.2308807807785508,2.2781200102997228,1.0865460970334213
27.42370018373302,0.2691541975904697,2.973925285523991,0.892391503399362
26.188240612994353,0.36734953822947636,3.502140255494057,0.8997123585606178
29.77641178114978,0.2582403894811644,2.385888695423909,1.0056907021577128
29.0133215850293,0.13365412102262036,3.496144019362022,1.010880023211595
25.35082418854032,0.10179021506878994,2.890928515236048,1.0527156656345507
27.31807848976069,0.10784511846375065,2.771225953002793,1.0658158194893332
24.702308563175176,0.16984921349608148,2.587704952556123,1.1121547960787264
26.13787333180696,0.10489515984090017,2.323695345762212,1.1773805118702487
24.969644378449253,0.13937118781070842,2.0511287030517016,0.9148349286319923
28.9451340243039,0.36111566735827116,2.2516424628964673,1.1352937261659197
30.767700568553973,0.19316158583456858,3.6058538384023273,0.9511227168596819
34.26770526792899,0.2603306701375387,3.198733780896192,1.0596451700101703
33.114397642789214,0.27649015398554794,2.4578272765972584,0.8084653730398427
31.600767929780925,0.34714387521499174,2.651047511295237,0.8003936365385118
30.797784303659533,0.14316636605641733,2.0600465358837816,1.0220242108402158
25.36183301760648,0.2825259044852212,3.0335852568756483,1.104033849661764
29.21216528255562,0.2612402002946516,2.3087296075132997,1.1748135538559046
32.3042308840165,0.1191796958085267,2.55666548883904,1.1684830647663285
32.00345072989925,0.29938727556631667,3.3176328510528146,1.1742706948330537
31.062995872162155,0.22491303300870336,2.4075537174625636,0.8957576289979234
28.918834947176574,0.3971478165569111,3.356659121821579,1.087494119835528
27.046417710964292,0.11199057041805688,2.9788185489341745,1.1159156025946573
24.731128712250424,0.3000805656299371,2.192439298194518,1.090674305749551
28.96290886868392,0.16706775951995867,3.2785081458334293,1.0242914783841843
24.13197370293469,0.35960145511891295,2.972785794277074,1.0722751399812698
34.04102632622227,0.14646896755558825,2.001198571222428,1.193571396149209
28.31853610205529,0.1686624491849793,3.164895677222488,0.8807381487197545
26.131003850192055,0.198711835885801,1.972298961720575,1.1283894316597365
29.272552785716634,0.22267961220094012,1.9951341458182361,1.1219590974146159
35.385812060053134,0.26739047248584913,3.595053777166708,0.9061328269739625
25.850142450784585,0.2995881566994058,3.21201639017722,1.1583503626416947
31.993325143076706,0.11732599352271673,3.0661749932505136,0.8473637496237796
32.48319802541675,0.11398782748799073,3.539302692825017,1.1351948115182726
31.173389397327195,0.11899410195370932,2.1601836640562837,0.8155998260338021
30.42050016444483,0.28485777200443213,2.2584642671376605,0.9227093269845335
33.12442140839579,0.2540899967008755,2.3239611683465307,1.1050466617727353
34.97656832648799,0.128265419809189,3.105801624762482,1.1543298374962365
31.767645917563396,0.331869056899043,3.3254972319125344,0.8872105353018543
28.7349648678276,0.3422103921811117,2.1041705410740343,0.9801430981358051
27.230353559701253,0.1108981641595209,2.4764369719559647,1.1987768144026834
34.27317771257092,0.11540820740155128,3.433595058666159,0.8393776793660026
34.35664034665333,0.26590853805089826,3.336987672888722,1.1576142466600712
27.079479716406627,0.12729867659729419,3.266257661909749,1.086552138337945
26.050956738952998,0.11783721049822189,3.0201061819516863,0.8507081626486345
33.695826175908714,0.176537466687528,2.5889261373982446,1.101761033855385
26.056595764194466,0.3760527019041739,3.0249862158332927,1.1965239947925503
29.22348440137962,0.14154332792371402,2.702515100376603,0.9049115667162201
25.444283921925635,0.11313530605739817,2.3480667590824575,1.197733895975067
25.084572094456494,0.22453006198619835,3.594963159783603,0.8222296896364634
25.309566056663297,0.35227335749504407,2.7925267506075495,0.8858469519670439
28.938913477610228,0.17180563341540744,1.9551076584065081,0.8504906772771106
25.409619111417417,0.1759303571017239,2.58419393472885,1.1121389476234675
25.4569139134287,0.1809396853301117,3.004516974366151,1.0648666109050033
26.228869053783765,0.25382493490663466,3.1841713018946063,0.8270921625724144
33.242298387312836,0.10762370167696221,3.0802577297627463,1.1363340231325882
35.099487092403265,0.1769068882063972,2.3796544324299296,0.9856998695235062
31.25503922010235,0.13842463422206266,3.2475027695507284,1.1943426095860996
35.141636742612725,0.260572823078569,3.140246316132251,0.8637677323572506
29.158622019649798,0.14833958573751427,2.059954405363795,1.156143229916236
33.24136508510142,0.23424999528024265,3.4196748346264387,0.9578884329141888
35.64331226844171,0.11832813152625868,2.646091738463417,1.0701468256791409
29.952396346576283,0.2998075476039091,3.27018713845881,1.0187049280924088
35.54188818769087,0.20839707461221546,2.646179832015766,0.9865451172911954
34.03435112265331,0.10550185060655813,3.1187034020370716,1.1084713959471193
35.93149328748133,0.31019750790984246,3.5756587504113986,0.8863810531904076
31.734854663474685,0.36990800241949784,2.424948385504093,1.1525412675788234
34.75842200947326,0.1742258705933606,2.5252544567378568,1.1146681677198784
28.728666782868572,0.15640118532417238,3.255943176598317,0.9300006294404424
26.553575810390104,0.2920125081005889,2.1814337763632343,1.111636250987502
32.08382428684662,0.2592768719455748,2.090395830446941,0.9565221518975426
26.212025369371485,0.13946956487135573,3.5698778224117627,1.0640972819894536
26.55323166061948,0.1390523589441834,3.2658140010234145,0.8515095579586216
29.904884647520113,0.1930677359489571,2.7359080237553077,1.0949642129239006
31.973622643461376,0.2236364618583686,2.8044686380278208,0.8471554198160911
25.642897142046202,0.13230581342877976,2.753020758226247,1.1990014495214574
30.336045569568185,0.15483024918515625,2.4979184833790122,1.142842352636957
32.008437665700306,0.10465234346668327,3.433254616587115,1.1281757277412985
26.63281352687354,0.16450695626554798,3.3120462571231637,0.8042092209372746
33.31971873640096,0.1272942697302592,3.243671456378315,0.9705699144798243
27.509816581319754,0.10400773395258907,2.9343265342815137,1.0999739521621543
32.212045019196445,0.12206961160461571,3.2763949782305084,1.026785794416515
32.839837768601285,0.10093527456211426,1.944804548615139,0.9218551238982107
30.569772782437727,0.18803278102684137,2.420716742389781,0.987699133401449
24.864655013990756,0.3908488695584808,2.524671534503321,1.0637072775648584
24.976822403799037,0.2857789462402157,3.316153956089392,0.9009069232134225
32.408559776212925,0.18791559316022297,2.0701948190467396,0.8347092841567645
28.274774681816663,0.3918834127315496,2.0428036161882854,1.0792167227695701
33.390094636045895,0.1452238754007456,3.421183658499562,0.9145417218676617
27.804044479176383,0.184296313283411,2.0151077331964644,0.8907072955049247
34.354984867043406,0.3790032687006237,1.9758114225823389,0.9201381934900803
24.56106133034958,0.2393984996775742,2.3753325682401836,1.0463503712976123
25.11469600873052,0.24748814892561788,3.3895468317724835,0.8760830266436652
31.6670518760505,0.11811568701166891,2.4032120093321625,1.1912446756330506
32.39935447066976,0.2368673077188301,2.4502548711200554,0.8243176177316496
29.978923796221018,0.21426055967877497,3.3575294329545926,1.1991985272849377
35.70811380969128,0.2431785117189076,2.3721627740184017,1.093343301926167
26.398709080760607,0.13597838720606417,2.007908237076761,0.874511317144039
24.636068907469994,0.18580084215784148,2.4667444458061776,1.016359873629541
26.867753775104624,0.2321612991989803,3.4322209151966496,1.0285387683862224
32.03518963750446,0.12311868508384737,3.360921306356008,0.800513317082358
25.879557615641158,0.3071177059895278,2.0721658169350956,0.9040424442508173
32.069756032954906,0.11834542783186285,2.3826575862335506,1.0824923991055249
34.4131800776133,0.28679435694283184,2.712431061950456,1.1229213961516016
35.60202678995694,0.3025224190997235,2.2497774895464766,1.1525002243618767
25.697242545348463,0.10438321076631894,3.325446222921876,1.1782695129415452
29.171026925911285,0.1131316864583287,2.485263977278824,0.8505347175158938
29.307830805077433,0.20725409602948808,3.0010315030717774,1.0759516650071745
28.506136888055398,0.17679361296749185,2.4960508425063814,1.1472632931404192
33.687715749432655,0.2430631665491208,2.1909733605392323,1.010858357021867
32.20807789551465,0.16885291670664615,2.989428651664866,0.8995431018501888
34.70481538985395,0.1479486114154321,2.9535343325372585,1.074394112573453
30.44843450837657,0.10136965913783824,3.1969969442908877,0.9249652579059053
25.134715820631317,0.3988096651094311,2.5648695451982646,0.9143123984012951
27.025880589075033,0.2635121621804783,3.11503271148919,0.940588614426016
24.556564229239093,0.3660368122904829,2.565857225869402,1.0022384728061107
32.52519093900572,0.37855840143243946,2.247022743983986,0.926341063968664
26.47805177488087,0.11944783229157013,3.3994617243628036,1.063365194059144
32.11516345600866,0.3710035394922888,2.0509587821254196,1.1328524116729335
31.880875675125726,0.20902315779769048,2.0306311265436086,1.078759931260564
34.6474762010599,0.15912953440461866,3.3444421066705,0.9500554256011257
35.482637533037476,0.10808585354544956,3.0103034532417787,0.8546879516730223
27.30974875831863,0.10471191375315714,2.864435035626436,1.1825798040202167
24.02911096447386,0.18529368015500444,2.550435243643541,1.1870982878767975
27.902884894950507,0.11927649525049058,3.163748043073854,1.0723857447570075
27.10444818404196,0.2898359522286555,2.0993512518583612,0.9456104106174326
30.91654380176899,0.16401083156163226,2.199428489452368,1.1914396425650065
33.06218175656255,0.15578383581242716,3.2049549396406594,0.9533179900236248
33.437919641555816,0.37497264379344275,2.0139775912072984,1.0479084270240038
29.452639432041515,0.10198489423194293,3.3326662724524834,1.0000652054852948
31.838731294178313,0.18522750077688355,2.341824030202059,1.1961114914692779
29.76642936225011,0.29419791887751207,3.6085300059617866,0.9243312977102903
27.70967059563311,0.12642963207412325,2.8100761220038564,0.8986846841774235
33.48270001350159,0.17502018599764646,2.808884072650521,1.1770417410381917
33.46195649792745,0.2089415544943711,2.1888719393275755,0.9873187036100799
28.655852118573318,0.1724205894677275,2.9644282088903084,0.8977978198318775
26.639568574143034,0.14347216429917647,3.362205346433583,0.8798720396370172
26.461238289407376,0.10586354035207884,2.4153682369331,0.8318441812751244
27.523858149633075,0.21221017058964634,3.0338112222030786,1.1429484684869313
33.03645659407107,0.19068631435069858,2.060451997051327,0.8739120927438492
26.564280258407358,0.185769836021555,1.9703408940959692,0.9659287999798125
24.10552068886493,0.1340250178486139,3.2223683933170233,0.9142569218349464
30.330799588232317,0.15331669492471367,1.9674124136392874,1.0859828540190828
30.87767734437906,0.30810549228150275,3.0435389278181426,1.197169894491617
32.77589155510248,0.17069263987262392,2.098211361092548,1.0352350511945536
35.900543910253326,0.14926255265748975,3.03427213255317,1.124646358700889
32.28020448447694,0.22990755719749567,2.2113454467569387,0.9029167469985717
31.335538234484023,0.12555128888441966,3.415928060880408,1.1591508840699398
29.52447235483479,0.1355922256327742,2.6153419332039483,0.9517998936280343
32.1039268947766,0.2767574328793557,2.43738043853809,1.0901079964678047
27.761979944569468,0.1299533884078085,3.2244209469370007,1.030159065191877
34.19800257458682,0.21695169782325363,3.1262114441752087,0.9269424571950027
33.07481350254517,0.15154436828569431,2.743540577902628,1.199447291993683
28.819242771885932,0.10708345438918232,3.3447209671203635,0.810083329158104
29.88592333342457,0.13058133147906192,2.9212689505492846,1.036591008747461
29.470883742580398,0.17867465257209864,3.365924564859677,1.1619299495145614
30.040305835235177,0.3987765769347744,2.3719484485370494,0.8227220464249164
31.195932507156257,0.3054631101452279,3.0879241514495614,0.9634261962279876
25.161990979721438,0.10641752578701508,2.3547929194760377,0.9553523365255192
24.836410688032664,0.19701861410367139,3.387953892781064,1.1031864908907418
29.361295179115565,0.3720353421039998,2.426949597828465,0.9441095234545593
26.52083021935996,0.3264297811303172,2.03714124745943,1.0869021021796095
26.09353689312067,0.31633969504522125,2.8332952358968972,1.1832638912998505
28.88139628070394,0.39102051022386397,2.859613164441458,0.824381805635652
30.924814782967516,0.11779598145216241,3.099351652081855,0.9352764386811313
33.185205401187744,0.3805109493953234,2.532769315743915,1.0393332467564937
34.246909130682354,0.18969843184017568,3.197795784621446,0.9708608618050917
24.463305217993742,0.16952415491492243,2.7587255161960433,1.0395354706035997
29.536205793510753,0.11716996699940606,2.3950416924534297,1.1031599447290437
34.22032195001979,0.19132184621881804,2.1255356404362686,1.1078887988031867
26.067149456683616,0.1003154667536462,2.973112994557876,1.0823168162438908
32.07106726176756,0.24472162144534684,3.201914813235556,1.0741441095603315
32.327632058798834,0.14631095238613712,2.636646906434819,1.0036157491788291
32.809904836913816,0.31180605573058945,1.9738888225497406,1.0818018576858008
24.138348050452908,0.2921947972103881,3.0301906168786923,0.8041474230734666
35.996142691015436,0.23798572612817465,3.4529076006757506,0.9492761534226798
30.034086437365165,0.11201902078371775,2.727618278683496,0.8813270113163084
29.52564749488527,0.2893633051138753,2.1080521978162845,1.194667063221196
24.84940204483869,0.38956008277525056,3.594077173082022,0.9050468591304878
34.59570286665129,0.22551501258884016,3.193751195097375,1.0468165190934196
30.99557403411289,0.1279696510922392,3.4071210122778126,0.86775183532641
30.49183073003784,0.21849206959742815,2.585240367918443,0.9829547146021295
27.53007048080494,0.1535032722722646,2.024265357552022,1.0285287805616978
31.369425493974965,0.11990602139810434,2.0797728393483825,0.8591780427771438
25.34393637365733,0.25227625326791653,1.971419640072938,0.928240620723051
28.46548290690891,0.1782791172363487,2.8824511970060294,0.964542817106874
35.79014005217299,0.10096227591993928,3.0279055507901242,1.1373546960482628
28.027790528445,0.19698456068638875,3.3372131864259518,1.1424349440330461
28.07049268620632,0.27860750391432637,3.58248946664905,1.0358492285082823
24.60768895408263,0.10544230738146293,2.791922119707807,1.1233602706302073
25.746413127770012,0.3435472556730157,2.8273157874607624,0.9987030271185848
27.293359810826267,0.1165896265220095,2.65797983908508,0.9903089756088349
33.09342094967856,0.18337682442144723,3.2430989619221076,1.0052791271736472
34.396529174952725,0.31312821729596513,2.93102953312721,1.1017835415766795
28.93378683693853,0.32940084574659684,2.883495432099328,1.0405643377819083
28.44306479848658,0.11443846316117974,2.917943146903989,1.0975530732630492
28.5873628612527,0.23493657410731605,2.3569386587436005,1.1341037863735581
34.44648638289856,0.2782499228251298,2.3351133500572625,1.0242035557264881
35.143577385410026,0.16459465778264254,3.04025155953196,1.0100238085821576
32.972309677935456,0.2878314948326514,2.41955018499063,0.9785448280979618
29.486197701035366,0.27086460562374076,3.552526892804416,0.8892806258736504
24.42978928506423,0.11744747159907426,2.695933104639905,1.008595226915003
24.58006698712432,0.16802799091469778,2.788710317555448,1.1658714380500619
31.739687811671704,0.20906196855179995,2.4151795645194816,1.0442229651344763
35.527744253439394,0.3642480165403067,2.190323684496611,1.0005726296983948
33.07598913419977,0.13263215566717637,2.221981356527966,0.8461672505068836
34.74583723830079,0.10749220582315232,2.6840307440540845,0.8310833695513451
27.64970116536775,0.11233361134177947,2.5550924414010536,0.964137865430287
24.024862061409006,0.15524137488125433,3.5762499675142676,0.8583627058486665
32.51542898321476,0.2464302880259901,2.7582739072752833,0.8341615385833157
25.772123919086177,0.1409539155755821,2.1383778990998845,1.0143875506110422
26.29348444193671,0.2551639002245547,2.1526297516398154,0.8562367929983183
31.78768782048408,0.15610215321905016,3.324996631403703,1.0522457213834366
29.139049390501075,0.2132199667788838,3.1415040199738167,1.1279606867712852
26.268452588514084,0.16518700127227484,2.457866887365967,0.8700555178840466
34.53641518734529,0.11719216547469716,2.8896318636561946,0.8677933753981719
28.511141353915345,0.13564551324506993,3.3631904248032396,1.1435948975937107
31.524788419360025,0.3374570690907922,3.599353842654467,1.1782821134214758
34.312393529526894,0.36637083935710674,2.5208416632051187,1.0964617635939429
24.92344427906317,0.34322263538299924,2.5594012977869256,0.9378624406760797
32.45606283395503,0.24847524174697688,2.224769011181138,1.1403000644318055
35.19965303277406,0.11501211373999423,2.1386220739476887,0.8091432305659405
32.2203043839391,0.13389080429348885,2.135496625287541,0.8651789103262217
35.04493351008477,0.17897163783061548,2.338442619046164,0.8218071950936834
26.284567698824727,0.23844173373830335,2.1128814704178023,0.9733659633133561
29.06377263904485,0.2932417175922771,2.3871589561237854,1.0181333790249776
31.80172347743767,0.2595251654447908,2.02949024862812,0.9913305208458033
30.77897226519344,0.13556241271722708,2.664942074446721,1.0756443318152
33.367577358302306,0.1772998511224831,2.989572561173518,0.9495556154666549
35.780912425599595,0.32152687499350974,2.363269642552835,0.9197961759465745
26.778891693841313,0.20698119087561417,3.311229907477474,0.8510695352235419
29.15194986200999,0.10753208352164029,3.4758339900806234,0.9998067637317632
25.567424009251937,0.290329217014545,2.805202630052159,0.9730854422241355
34.91632618036748,0.13326750571401624,2.3790513605138917,0.8716592118697855
30.35589769756442,0.12585877687123756,2.6815547267843898,1.147927282897658
26.78895729422268,0.19944414544056815,3.1275852697434026,0.8761564548450752
28.216002828980496,0.26162229283180904,2.8910798821316614,0.9347271702903377
32.3303896911177,0.14432517887340388,1.9512013303845255,0.9816475362739383
33.03694703916932,0.1171665994828556,2.6782496481486637,0.9715851166094627
35.604513315452905,0.2734893896146923,3.5537604528259297,0.8881751838391649
32.123177357014335,0.3111745742930647,3.29193286165902,0.9899663295019357
29.293618058534573,0.30938765616908337,3.2614162488670027,0.9289093192085941
26.464112536723807,0.1834727667267052,3.4960085376584606,0.8796015066351752
26.3987464284036,0.13064821721615483,2.233705981514267,1.0239415692024882
35.22900114240896,0.2997976100517174,2.9180246510001693,1.1963487493430547
30.77397796211355,0.12748527948130053,2.387681651978689,1.0367243615763146
29.877204847908224,0.14175118999415123,2.0691341445408193,0.898552241771427
33.9660101344696,0.1348555186220879,3.143857042361326,1.1802011444614116
29.770470873440615,0.3725985422833716,2.2856658375286005,0.8605712710691844
28.217206064266975,0.2429896424699971,1.9863455496823614,0.9478593287230892
25.94205483411576,0.1943365605066705,2.570408005446901,0.9359603326991646
28.696267907301735,0.23421257938724152,3.6110495171101737,1.0846880084410033
32.08254285296058,0.38254601221012174,2.2454480733430997,0.8884385093383875
28.230569827187338,0.38280828271125916,3.198517142333797,0.9415868169982231
33.152316940409186,0.24047207735807655,2.1289217841268617,1.06454311160131
27.099778785318048,0.32794277396146626,2.7349334287216727,0.982174262642208
34.940213161769535,0.1622132899624537,2.0168476131376747,1.132296990077639
30.21925071511113,0.3601765158294767,3.0474037906301725,1.031064632340312
24.083423678972046,0.30473760176819376,2.288739904947304,0.8342140898191327
29.198451085929513,0.23544856783447604,2.6023720210807575,1.162473954886637
30.943488614875072,0.24951482158055482,2.255768578972249,0.843548861076271
31.375572844777032,0.32150233145719476,2.7691865548048287,0.8382621214407393
32.80432106879128,0.11039386553083258,2.542413597173563,0.8073905446176115
30.22423404987218,0.39688941378881193,2.9573271800478476,1.171033484069036
31.43888812007238,0.1310600599791588,2.3843820072375297,1.1551987282030272
30.23339398041798,0.26660080721779317,3.468310622811921,0.9841945357599189
26.8316711592587,0.1592228192145928,3.5236920669519303,1.147814300813971
30.9983676835075,0.19096171072652324,2.365696581644045,1.1853431869959636
34.30390776096451,0.3891128514869862,2.6597506340811674,0.9700241046028862
24.699612348218512,0.3040728151543347,2.1912391506902273,1.1704866006510732
35.50904333292859,0.2747085464592242,2.45586182121395,0.8259810315623881
32.62868934178116,0.15077149457449973,3.2068298844746046,1.0195115976915918
31.834215698189755,0.25368996934457844,3.6079470702610417,1.1984844590662236
24.719755183275595,0.29442637202140887,2.2792240973561393,0.8213638631838109
33.86094227138782,0.16129182603739153,3.1938474384680258,0.8987555213425361
29.13468466249058,0.22937048428379342,2.413158549932116,1.0635099900271554
31.747980529734136,0.3739771720666119,3.514277810568512,1.1074288184223755
28.23586757991667,0.1790632052735896,2.5749618600695436,0.865740180787596
29.259383330378785,0.19675936183654474,2.7403896888961454,1.1403836877752231
24.220468472846864,0.1074466153321321,2.5167577185196333,1.1814894983402915
25.34380711464538,0.2859103216669644,3.210373899493487,0.9818744220234894
27.0828431750034,0.18925424082575037,3.4041303022466782,1.1006763936243145
31.680693806843554,0.2813580172580101,2.7083444235026946,0.8343212213649943
35.06105244278077,0.35563928584498367,2.4799973423175765,1.0512426533398285
30.050314730785363,0.12906601681702298,2.9708426856087913,0.925325096104341
33.88305332717986,0.29238894119886755,2.269390330384117,1.1710117693206088
24.627875464911238,0.10373848840035074,2.0153848342276133,0.9905748016482407
35.95218515276718,0.1304816694681956,2.360100140195793,1.1458604440989377
34.34655514606096,0.13039919588492851,2.409058654010485,1.1354027557558544
30.93379720847879,0.22970676711240326,3.0562535948786578,0.8538397340058164
33.565089085875,0.2264584408656153,2.0640468594391943,0.8178020973211457
27.544512239286995,0.39156700179180115,2.506101660848796,0.8732779891376672
26.7311679883859,0.10736264136366598,2.273884648915853,1.097872050709833
29.015218702970298,0.38095122998552156,3.3389190685399233,0.8490086792201187
31.595661699216627,0.13998928588483778,3.456810488946754,0.8852662733656868
32.51518228340455,0.14282822359035596,2.4423631769697027,1.0630897818390757
30.4457385820754,0.103317671941428,3.320075100705948,1.087034163193798
34.81638327867197,0.10972175962607754,2.5332238588769385,0.9171833242359226
35.19263477825868,0.19722441352205236,3.4602941796436437,0.9321690511257168
34.64164217803474,0.2814361380145604,2.4208433776823757,1.1018669517371444
31.60999939539707,0.13614466402800693,3.0966794293110214,1.1870362173589395
33.35340994709113,0.1370251877842492,3.2504602999702312,0.8418787078913591
26.4462987677847,0.16624799921804026,2.035779227323807,0.949216479519499
35.02733485723917,0.1303627049016583,2.4140326968647075,1.0461715644426093
24.889256333210433,0.21735942697192506,3.5233991911478597,0.9231206875056176
25.729012469230042,0.373298602569191,3.4722459581483593,1.13185348731509
33.748849816769756,0.1871624289387369,2.0200411735812613,1.0923392966339953
34.708590024630304,0.13225968487414108,3.5236814385504496,1.0355324276407105
35.50355530387245,0.10340387869556776,2.578479412205147,0.9784791135722383
32.59415762085085,0.14280657424707727,2.2354945519697416,0.8376126990584196
26.36581945727677,0.18166064935919518,2.409384701312791,0.8962525061947757
30.901041773056726,0.1595831469704227,2.3703476753705655,0.8962649731814426
33.99137850123367,0.17683052999431104,2.543140657627797,1.0681930126328398
25.07787381882637,0.24101154901815716,3.467198669649762,1.1798654029470894
27.213277356852867,0.21755600104485634,3.090402453908046,1.1783466131803033
29.100793193164083,0.2875332569273069,2.7950100310452757,0.8706929683002571
24.064841159194998,0.18511558210846085,2.9346108563606665,1.0934912657127032
34.09270532150105,0.13618404611911505,2.223783631531901,1.1799625559798672
35.70298727288745,0.23828004747310932,3.0790626655937117,1.1741031336061447
31.7374920611632,0.1559687167959623,3.3621686945544873,1.1094167168004612
30.269706584512566,0.36282642739828735,2.3162337398978936,0.8428601508008818
32.59068706202788,0.124002621670519,2.333417266841366,1.0160192774286403
28.10680557798725,0.20293916307469761,2.3046886107080846,0.9793458264627608
28.123120972865976,0.25565799646707926,3.4129846486976088,0.9226002286300576
31.51374572037045,0.2881712810864446,3.1646953876509674,0.9290502990389243
30.520470238803043,0.14631086853496636,2.7159317452940113,1.11288846501661
31.207398691289214,0.10472960635805613,2.657284791271292,1.0691290811717458
32.57439369937124,0.2625122071460641,2.964369595800126,0.8777264841662131
24.680252930559966,0.26308114225840695,3.3656867425593853,1.0422377092213273
30.550334026936152,0.24326402761389365,2.4426454793408667,0.9028433867315641
35.68925298724721,0.20309549935768098,2.542289284841494,1.1097287448883695
34.6933543439646,0.13625271344608358,3.0494745677885873,0.8354012382493764
34.99828037996549,0.1422167753606185,3.3906807927418114,0.9299495931583667
29.14000956357349,0.24217159097580654,2.7809760804353143,0.836997447357868
25.619499275091965,0.1901038280624498,2.392322919800524,1.0931488297290979
35.68929420942741,0.2914087619940756,3.333933528734658,0.8989377875383159
31.734071610589183,0.11970512224082895,2.621122339463036,1.006969290221249
31.33897322169257,0.10729754438839323,3.528786364956416,0.9946839276643804
25.027365248941305,0.11478274260303958,3.0374556371915564,0.8672436200479506
27.28127904492246,0.37438180846789254,3.4072845957290485,0.9316366582797513
33.0329736721763,0.24026974283525915,3.3410670834662373,0.9760293844745075
29.533067455946448,0.15060606425205375,3.4042175823914747,1.1347640105178962
24.959928058372633,0.1411298292929373,3.556155443310341,1.0394736302840402
29.453164133353525,0.11534418904360598,2.765869739353122,1.093956998753953
34.24167566233588,0.255326849191832,3.0033237837263638,1.1723204677660881
26.80207081388549,0.1336965462548421,2.212106934919776,0.8676283314299033
25.372596726772333,0.1667664119759567,1.9709505360195645,1.1894890281950117
32.976855266511386,0.1417251649874719,3.573064765013806,0.9927276544815236
28.29355814756391,0.31363183423573054,1.9619060070783076,1.1921644501421504
34.000010662022525,0.11790231447468805,3.2324197873119878,1.060294681641713
35.47362044627711,0.3333212555967735,2.9495641838200934,0.939323146207936
33.722321641838825,0.20924235641485933,2.8032895600288144,1.1567810427590242
28.510337805371318,0.1712395064174682,3.2518093379062316,0.8722885404278197
33.28341518165557,0.39655293735255814,2.323804948592678,0.933147228211084
27.876056879566313,0.36475224882913454,3.33128746224655,0.8181350090224864
31.719916133830996,0.265995267479389,2.9477889645037534,1.128970940623856
29.096630866402023,0.18683082366362522,2.3908602030220423,1.0514019388151274
29.168551456704463,0.129916997324256,2.835109674457618,0.9199092017642234
31.51235770109127,0.14854391212724902,2.0790224683821794,1.0378312846883584
33.82805542866578,0.19581170271354734,2.0666432069130627,1.179831530772443
33.88346141873874,0.119377879942913,2.7912572789458308,1.135161066497212
33.60422068061878,0.32742815623768906,3.5592033240618597,0.9688014617776114
26.167991138979932,0.23929772309852876,3.4981942007634315,0.8167228642781486
29.12417870269762,0.21696867821623572,2.413660222468157,0.9642485521809426
25.88103514412251,0.10982759436230122,3.179129995010947,1.1586760759218073
28.51099991458606,0.2573030681144761,2.332705902898362,0.9220965533309594
24.541261197993563,0.39010216830074884,3.1971042196618598,1.091124539120906
34.927599983413224,0.31962616602630944,3.6078544315623846,1.118735360145767
24.18629518320126,0.21503722677837211,2.252705909960376,0.9736227543809086
30.977359049236366,0.2876482877951802,3.316206670555586,1.1916705793886733
30.02210193057032,0.13155299144064267,3.2977145448293648,0.9804424486966251
35.50015353211417,0.10357090608694947,3.0621090164845124,0.843874164482155
25.790019264331548,0.31399840438973997,2.426363967775465,1.1276019936487545
33.74770893237503,0.19507489557503455,3.259814153794003,1.1872543823012895
28.88556540602342,0.1650469447848224,2.34609002775203,1.0125050183184086
28.665116533071604,0.1434426269678404,2.4927142301342906,1.141484238054528
35.197047966597516,0.1903938134026132,2.3380171438077415,0.926623161720503
30.892411399767344,0.17135458167510015,2.5831518910652402,1.096232418070318
29.651701710216397,0.20099640566259716,3.3481257286254262,1.0185316106199096
25.77362510560502,0.21672877562252105,3.3003803680563046,1.1655908277471072
26.593345246417343,0.12944898993099113,3.0737904620887204,1.0350928414335419
35.08759060993763,0.3068431834590444,3.286757990918371,1.071697851600935
30.910589749399836,0.16184265397643693,2.564577488092272,0.8510394147500333
28.984899120258053,0.11111220043646353,2.8714921889093135,1.0226724280142148
24.596953659418592,0.24171667157308546,3.1641518391562267,0.8708432661970816
33.30592194816042,0.3086393452640058,3.1721792139410363,0.9474750398734479
27.84356150920047,0.11566088714290841,3.160450920633289,1.090722210010477
27.949864028992963,0.1894891052457648,2.3747351937681875,1.1632854191564421
33.64603730904327,0.11218703644573264,2.9860833497694004,0.899965699597358
24.71292085685111,0.2104696938299144,2.7330021286440074,0.9317579997822781
29.62754717345885,0.15527653940058683,3.3795737126439307,0.8881954604617217
30.33794693221791,0.1266006697714464,3.385008429114848,0.8912413760508787
31.261464666850802,0.21930638800082625,3.0777360844362884,1.080930386070459
30.6688718594229,0.2780236646332162,2.5094260330012452,1.1317688287124887
26.122356313823133,0.1280557116846007,3.146954637538191,0.9019938973244198
27.330318574009645,0.16086865986643914,3.0167144829290184,1.1257385272551903
27.17769733335682,0.31330124997988695,2.7396151634394568,1.15094127368137
30.470803868518843,0.16367901624551148,2.7465415384710634,0.8326463792739082
25.030597618116783,0.127810884049212,2.9282824382221593,1.0736034439202795
32.95771508997831,0.20252234388024581,3.4525153355953893,0.9284774643753047
28.01709460055605,0.332198004909773,3.349460760791863,0.9676328767366729
26.72755424242214,0.20435924246768045,3.032901161297964,1.073174846036372
31.461490309783503,0.17002956650478315,2.540803673969646,1.1972337956426873
29.86058823338021,0.14533974371684874,2.7488772361423655,1.1195178726191282
29.945333948049807,0.31927043907739727,2.5643131084977298,1.0366051627083088
28.871053187485842,0.2861296527345497,3.3225433428187827,0.9780025533284786
25.464216354721316,0.34787373193548554,3.379155787058929,1.1844267947432043
29.414004477094014,0.3430592668179801,2.242373496398568,1.100595706308007
29.484725397302338,0.36830360101621107,2.7400536779971385,0.9594891577069585
24.223239128266815,0.15874719266962722,3.557232953906229,1.030662204575288
24.566129109639544,0.3317883776693499,2.9793824571061114,1.0205081402137135
27.72620461107905,0.10979002923866416,2.7165930061876757,1.0217371952055985
31.895248783521446,0.2172128379937706,3.1996731273169168,1.1475894317294495
24.116331434906513,0.37643874744886585,2.9515695131441877,1.0860316308739169
33.49001844664344,0.24076297949833148,2.086713672583463,1.128533558330411
25.302289039057662,0.3776164623768456,2.637023762475453,1.0422398225293237
25.273032002515233,0.19538130509512291,2.9355320707270964,1.1347539305685483
35.69679076047404,0.37216870179753325,3.3049913158332016,0.8048883780166576
27.23319865222363,0.27086050451223936,2.7845064744804757,0.812981021466135
32.928434510871604,0.1786692014400454,3.5350595949214036,1.1131540455345759
29.070025042579537,0.16250380251846042,2.0476708963606742,1.0804928562742093
28.922089523701686,0.2785141083292644,3.4672128795348796,0.895892738689871
30.923474751646463,0.15681712126336722,2.628793325719721,1.181128000147209
35.676972659207614,0.1284942247884187,2.798629137888874,0.9988169961142792
25.04704930648852,0.2098874668165467,3.174635949507222,0.9148889754964785
35.48112852155127,0.131888771529676,2.732372675115045,0.8073889892609556
31.990431718334843,0.15331293400455748,2.9170227945862903,0.8272735194573946
31.884506906504733,0.3232291095131311,2.096632237111408,0.8245718766087066
31.063356567772374,0.1524661105109578,2.848257725948924,0.8520467301634985
24.954356060206127,0.138639872537204,3.0517858245494156,0.9274386952373749
25.262022028598043,0.26603036365752647,2.148324909220369,0.9411922784249581
30.00813295654264,0.13416360262955665,3.0291483352605684,1.1777930380098312
28.92233298615811,0.2963809080550384,3.2697067930679897,1.1951166734800904
29.735282493181053,0.262189409270623,2.392929883643749,1.1040232793175704
24.12983842547001,0.16156099100905838,3.1564329926991004,0.967951941213585
28.421178826443725,0.10507453264413154,2.4277632660254715,1.0753845205924613
32.61537059400977,0.15692635255083306,2.9867739134558993,1.1109375056478188
25.274997525785718,0.2813402427767681,2.0559254812233827,0.8834977510234404
30.902530738567723,0.29374192179775366,2.9730825625554536,0.848196386529989
30.035415367400006,0.1771941249414352,2.9797597609550754,1.1347316451521208
28.07102006909599,0.13699895213061536,2.630271646432445,1.100118411707245
26.731084880961628,0.1760319010585468,3.598527445799091,1.1079288909978304
28.895212414992113,0.3832104073796083,3.161853148667187,0.9293930818107744
30.82487366162194,0.29430223107904663,2.3628599128674037,1.1244025080871831
26.33052438692023,0.11905863002814386,3.3838074404353833,1.1075608956646426
35.23998327130986,0.10863574747992417,2.7986956095500752,0.9075352078743548
33.15053683557759,0.19656926037554867,3.081214549912384,1.0361396002562901
24.12078239665838,0.1222506883232633,2.640252861021761,1.084920056318844
35.69082129533655,0.1798040953790862,2.366810862525099,1.0226096051588032
35.37261936772154,0.28245929577519496,3.4410424106211144,0.9176932850404722
31.088223714645537,0.29064908218834073,2.5546882407376486,0.925360256850869
30.608981149108676,0.2772125502563608,2.386432422651554,0.9208932341698429
33.14256395110495,0.22577639066185104,2.628011863481878,1.1445551759872328
33.1157052283641,0.12437396821466982,2.5927410607646824,0.8048576341230985
34.7031698280225,0.252384027226166,2.7312816473662993,0.9248677682364318
35.78731427336887,0.17833044625799466,2.2471536351770065,0.9471391586742379
25.219277467503012,0.11763405093255806,2.1802952785493694,0.851336960054107
33.66286891408486,0.2029516487037733,3.18648582657736,1.1341907163345595
26.995092286975638,0.22672809618425036,1.9637988435485625,0.9256483856209663
29.95811175379053,0.368418513630925,2.1020847129329776,0.8824412725019767
29.757815210361333,0.10417638573265933,3.4130116183761485,1.0389951481319104
25.08108010184464,0.12940166327047928,3.0064476254594195,1.0984964281212546
28.045548975572803,0.31300492582854217,3.2066813967880314,0.8501974303025125
31.27580742523861,0.10468089890791553,3.4034047436341246,1.1726726049944354
24.785455110077695,0.2326012293304161,3.4223271839726235,0.8527761669688826
26.7107375637026,0.18764040936272175,3.337635293955745,0.926703060090252
26.138266523311724,0.38212007501875,2.457267483648339,1.1910607848037276
27.047686359960228,0.20374814874512304,2.91557896606971,0.8332891211842666
32.35854604581117,0.3093146521692741,2.694058216843083,1.0894993341459718
26.31542560548808,0.18317267906623314,2.4852757341077325,0.9833184897054502
26.579430878473914,0.31942420917171205,3.1064092294291497,1.1432250215703883
29.462858267911116,0.13215491018877026,2.8205690706440345,1.1116506118624516
34.181179303348436,0.3562600222838704,2.815645753948351,1.0412664960688458
33.98967615848925,0.1822346243534876,2.1390830773480327,0.874107887288131
29.83638855903533,0.3970793862150668,2.757396171543305,1.1692532021519155
28.772223822184866,0.3745431241712381,2.1774462589983266,1.154332262959116
33.724215772972975,0.11568167880885785,2.6319288778801173,0.9547559272056332
29.240017292598747,0.15477551632416628,2.9180269041679683,0.9745075408376487
32.56813986235875,0.11870036810207828,2.752576846866323,1.1041181777351627
25.60503076531753,0.10381089228568158,2.1711125080406393,1.0323294463268617
28.419918554364394,0.13678698772666628,2.1480717926559123,1.1096173133751839
33.36222178970209,0.146873409181186,2.783943621590895,1.0354509122943645
25.731254603006313,0.14139081625233277,2.8677565852269162,1.1237847951482476
30.3919210244837,0.1263857006865569,2.8028106800887307,0.9822400606654771
32.073516989342465,0.20357007878333017,2.013357332593811,1.1762638763089164
25.464510638055955,0.14062106586716158,3.2537862807911964,0.8185216903672652
30.941876627675708,0.20154531511104548,3.1003502535978886,1.136403753556399
29.98689372605343,0.18368515663818832,3.346994570240872,0.8849001360652219
34.91564521311239,0.17810969610883967,1.9696101387943665,0.9906474060833916
27.385233539076268,0.10907781293529384,2.45054139218529,0.8149320839475213
25.334525978393792,0.17965786531941147,1.9718445408443157,1.020616496424974
25.63155509967279,0.23202678501861748,3.2631441308481937,0.9894561999081282
31.122916735689092,0.12677469470457903,2.8133721284203044,1.0972866257933305
28.1441722618152,0.1361038998038864,3.3877557987758062,0.8380223202921067
31.91332185067216,0.11190414351390698,2.0561458969059405,0.8754149308973885
32.00231021871675,0.3286521489060755,2.840192720253159,1.136231245658951
28.98842353370806,0.222472600839445,3.5129631269360573,0.972907620149489
34.221801651217426,0.16687300777389835,2.887098184165252,1.021968105445233
30.78554272871572,0.2176665235383738,3.116012993583685,0.9501056187400881
27.762975122318064,0.13610316480646242,2.56934379220297,1.1433888796281388
34.416248852137265,0.31066169468956945,2.9594335408337886,1.0228669639898447
32.48292177705406,0.1254425117203653,3.027739259421338,1.1242461955996585
30.581575058756354,0.19822854579935634,2.1843624128175665,1.0200137418611888
25.66757715926709,0.270789999239557,3.203524901086271,1.1256922707390946
25.23374972094219,0.22472396789029037,3.268066876685328,0.8058344515572583
32.15616581037329,0.19178868766942056,2.028495342251113,0.8159694112365452
26.243274904931138,0.22536196333820224,3.3823738224090647,0.8458570556823485
24.694479059697375,0.1084492648377047,3.5302665519877237,1.0421106326046448
25.201248764178263,0.2628220054913297,3.5600850204427883,1.0767606732730763
24.462132177670984,0.2646571055654195,2.6472648381483204,1.0263373231796147
31.91714966520213,0.11007166233125609,2.2084472716016808,0.9753184751016017
26.813967255775555,0.138412737148053,3.202607917096628,0.9972408706341911
33.83775286927353,0.3424306250108004,3.1790371867987592,1.0489291525268802
32.87886437403096,0.235670778505839,1.9847122496932794,0.9790423475488056
28.124844321766176,0.23193558163477826,3.4323215828937492,1.15248701272481
31.27893783679366,0.3952517230409925,2.8850296322870568,1.1229424897489255
25.31041430633103,0.1443274645628694,2.11656360191686,1.0261953204996197
24.790481431883094,0.11098538429755828,3.074633288282782,0.8319102362610493
30.53385182256219,0.18894417784392376,3.386134375504184,1.1927598751867436
26.207768150284146,0.39092307703127116,2.2802267139873753,1.0417566183370852
25.60737666677479,0.16434271027207162,2.824683513084731,1.118877109585604
29.32627786176218,0.39247700136579544,2.192353587337363,1.123853641850632
24.779328885191507,0.3731309496857521,2.105396284311767,0.91545658349455
32.054541276129875,0.3724768818177853,2.708219089576708,1.1200684298561507
31.182636698237964,0.2653751650930276,2.0788607754277906,0.9146908355746325
29.550557745980885,0.24898185945317408,3.203387593165635,1.0842459128435653
33.23824074334561,0.11291480137737558,2.5867564875636764,1.1219468624943354
35.430539013939395,0.11325931814432338,2.4133719645537224,0.9865750108845213
29.278301248893374,0.32894268574775065,3.2938931764524497,1.1959112116086899
29.130638350944857,0.12559284500746434,2.7718964452793124,1.1438309069422141
30.90724083322807,0.1915668089556001,3.2051958450067115,0.8431097658144024
26.262019299789223,0.19174012053504716,2.641574998834521,1.1520328964136068
31.913123333506153,0.39239591584158684,2.2466971454265106,0.9306091274484756
35.927429555183785,0.2911281037180957,2.0418880711680036,1.0007070471630264
32.0825067768312,0.39956194963408576,3.261875078918929,1.167379096088933
26.36556210492884,0.25319468453469357,2.0713815428740427,0.9447599094627304
32.35569384989732,0.35326345344696425,3.2519167152610806,1.1559212215585024
31.815021738851847,0.16057680972618044,2.2678903840169995,1.1536938052719368
27.4673344806796,0.1532807594998591,2.9183997646957915,0.9639491394674864
31.762102421029894,0.2782516550667501,2.1785183558922023,1.0869293587356648
31.995201610442322,0.21492965607197326,2.892110261488329,0.9559420350909655
32.36271913615206,0.10330408820026415,3.3616819958320248,0.8412908384798841
33.94797789273447,0.31982108090473904,2.394600320886421,1.1414639130337223
25.195159158622975,0.3462347372496208,3.141973835328635,1.0812922697791039
30.07685079284106,0.3701216510325413,2.7540804234024034,1.064610278709709
31.51328293062408,0.11561606467336341,3.070351364424244,0.8588150609838419
29.883439496221104,0.13810330331631182,3.284926627266614,0.8901455228924725
30.837641101198994,0.10107721269899256,2.927627128302235,0.8467324735193762
32.29135921806003,0.13271498647543611,2.1435060892945446,1.123626873519762
30.619762780675345,0.19911396342337903,2.7582548525956727,0.8951535390311379
28.24132744047541,0.15016331753673526,2.4389128522194294,0.9943390318283123
35.53183267978861,0.1265557867809417,2.346241544985027,0.9418245714981376
34.980327574971575,0.2761311392846299,3.0026050400264443,0.9678343822200738
24.14330440934421,0.1490375839521464,2.1760514650982725,1.1827826202540788
31.191712151130446,0.17293935671240407,3.282930745864037,0.9264069467137678
35.14135963615653,0.13758801922939007,2.8833448545909115,1.0320377341085087
30.47527879011906,0.21932639955540842,3.454183249742786,0.9675418793290459
32.984344654408304,0.2735669789538367,2.4605024618971036,0.8632811177484293
27.46864990680064,0.20910464532434753,3.179831393217462,1.1163472804010073
29.530221457503615,0.29290715888773516,2.625543994270502,1.0355848870448474
29.20083244374169,0.10203584095655974,2.2670335630648233,1.1400335559838115
31.537472684640164,0.2634542560516519,3.202514290871226,0.9342807775144665
29.96722449896556,0.3582447977062359,2.8303353357701777,0.8987127622919991
25.476613713340015,0.3711265731201583,3.2508784151442227,1.1288463898557084
25.509532909364335,0.20962300424748387,2.42742709035579,0.8821213185262295
28.930186286814273,0.17191433496023686,3.0046021973215247,1.1192887335432617
29.42415170469378,0.39977011624706077,3.0930370311305664,0.8301166671016745
28.91112637628319,0.2755294418618662,3.0619887350125112,0.8344301562654008
30.080169438173318,0.22339912419336727,2.273359491996408,1.1276166794268532
34.83606010047064,0.13046643240388556,2.543437550138822,0.8370221263302978
28.90545794079048,0.10718282755393256,3.5683415630776087,1.0314791672716863
24.277471987920297,0.1323079158575383,2.190968130454034,1.1420618939847826
29.48153388826994,0.35753166407117964,2.9022170385805173,0.8191844899232359
27.72366736838367,0.19171862520584126,3.352484395159457,1.147797036317824
27.23606777777385,0.12502428765025117,2.4659948441901434,0.9876910613075496
31.922733041257597,0.1242282982733028,2.691614482548238,1.0579829114773431
28.850761808610706,0.2122881818114858,2.2067837545150715,0.8353495834878668
33.21821202940774,0.3781093908491638,2.605167145490869,0.8694960280100071
28.826963009805933,0.1296746320430748,3.57256072585484,0.9339956184514204
26.459086687463845,0.39453401965981216,3.3496684488617863,1.0859947331918303
25.298196701517043,0.24637412185032184,2.627171286258734,0.9239567853761657
35.2980036680906,0.22196169435765734,2.829500508133185,1.0073617689161358
31.58832022292054,0.28516217140523403,2.01560480761215,1.0206048054700578
27.31436930538057,0.27855506187848206,3.5752382225024957,0.9555493776591877
27.985677088341365,0.11059151038981603,2.9933779782954595,0.9306297948888608
30.50024278127124,0.22677101226396157,2.0809308346935182,1.0754128112036798
30.12969311842046,0.12745556328576366,2.21275518428493,0.8688880643073296
34.08088546727365,0.13886958474352243,2.9917877312274364,0.8070060840071616
27.256681026704307,0.16808631798322143,2.769125681607344,1.1309318612053851
31.952168230848226,0.11150922258854568,3.09746571966985,0.9003545102351387
26.926591175306832,0.10604943055680278,2.1651395947655523,1.188888700538759
35.266870586521726,0.35183638020926467,3.239176588742161,1.1688723931343383
33.47789478897888,0.14993847487180254,3.2974833087020374,1.1262053312122164
26.661482081570778,0.3811893878562963,1.9617954208129433,0.8157772166855166
34.424477487456244,0.25966137043154724,1.9968422397513004,1.0376647358588265
24.459731964938616,0.36717478808890686,3.12789543985362,1.0751854335662454
30.317182813403303,0.12485588855989474,2.7398170617868973,0.9869998591701055
26.913538217034716,0.19688899584269431,2.712357231967005,1.1191906060558137
31.41873303623836,0.3357527768093104,2.4531139931506396,1.0930394797117486
24.68863491390399,0.29704093464279685,3.6014409223915695,0.8592053893312376
33.97325448657548,0.13419138340405853,2.9463991690223064,1.003681134741532
34.169404399353446,0.10102508878716417,3.234758639159786,1.1167324690024942
30.60938150279475,0.1267229443319064,2.1362718736193584,0.8844738757045268
28.631330549688613,0.18971180349930652,3.040877259292962,0.9010286708066619
33.7444126266493,0.30049258237872967,3.3051323813144315,0.901954030397918
30.422815689655142,0.15467935007039046,3.241240563258711,1.0223340102076974
25.826704290274947,0.25984168628235077,2.3122410450535162,1.0975516524605078
28.678269874273283,0.21537214157391935,2.276028415628604,1.1687001522686011
31.13223355017274,0.20215142232144023,3.2804092928612065,0.9668056408860184
31.205841665420294,0.30495434471473654,3.060143334809494,0.9519188635304411
31.791436515818145,0.11898086487452345,2.9119514954907837,1.190613570921487
34.986907303934046,0.24727175733827933,2.3218630718458755,1.001101622512602
29.95150848729641,0.2783721754638455,3.2448434912843034,0.9962570119431746
34.75884073888898,0.18214298085724262,3.421259078124727,0.9001631019578462
35.69654080439784,0.12188825519531668,3.0279269240352478,1.0455861456010584
32.80740154297763,0.10781158281897694,3.2669699156047316,1.096553604871462
24.719420015704447,0.22413543109521428,2.4398396779875298,0.8891030127286681
28.51310585645469,0.13952278835912843,3.337967860560756,0.9746129698468666
28.63272062301921,0.3013781129247049,2.438276974093757,1.086661456940107
30.231308480628872,0.23681029020016534,3.4180574992281407,1.0951401675470274
35.57991803217294,0.23065507785454564,2.0515414445208098,1.1762298392159911
35.033342724896315,0.16876325584551918,2.0732477870881407,0.9416320587156346
33.02639857593436,0.30192943559208274,3.432123746500048,1.026485079864983
30.079553800275892,0.3834931349908693,2.5937950627718362,1.0931603219111725
35.68405852709914,0.2448417025564673,3.531410980343549,1.0016594653042725
31.460356932360728,0.25966909858768233,2.9451668189896956,0.8508766618854574
25.13080521166507,0.20503423953226882,3.2907614216802212,1.110437947752274
28.921675136232807,0.19729089340212136,2.541636626142259,1.0885152999271697
26.607856115817384,0.1437180066896598,2.125647114580021,1.0835681076295125
29.215237241256855,0.2771040440637104,2.959355845113864,0.905968612275407
25.19089413000114,0.24057951216873877,3.5876449540550444,0.8836409230120935
25.45807149724765,0.16949955717394338,2.9876358549717232,1.1185028081739925
31.441999164434606,0.31038923578306443,2.311032437357866,0.9862720207970997
30.304196876003115,0.35313348333099936,2.838770931508287,0.8751931031495903
33.26073190052085,0.11753358918010347,2.469945350297526,1.113074260505245
30.015240193693078,0.125191679229354,2.0053972498713346,0.9660305867352141
31.695797206684677,0.23273899454710892,3.3621741248881265,0.8459130438400417
24.803740608110523,0.3003942604993621,3.0720447181111634,0.886576365552863
33.90591592890978,0.3016895857200849,2.0381966770865536,0.9471661541578621
31.442765375609493,0.3583586013633734,3.570027269967819,0.8054577925068607
27.491368610792453,0.15511968774391402,3.0494181341186253,1.1787681134115844
34.7270640999256,0.12624871079151143,2.506947266082377,0.8494662008398937
29.285999973105266,0.30957084956519676,2.541226619262315,0.9832355573116599
28.647021612441343,0.37500994691234424,3.248309879992242,1.1742110157558816
34.994404937504186,0.11515867640543308,3.1499639223163016,1.0222770627919886
29.055708937903418,0.2624263659173723,2.400749034952112,1.0734503442079233
31.142101205271725,0.3732300858010998,3.0046366259147783,1.0337486636794135
33.56562180850445,0.15193860057771624,2.690951604751137,1.1902245042597652
24.299400953029544,0.3264975138296888,2.697781584789062,0.9939513427801372
30.587987656984907,0.2242752647960133,2.9073399922103706,1.0200678971994046
30.994211995881244,0.12556070689011778,2.497897038803401,1.1941191909907887
31.100744852259425,0.12237952183201767,3.5898201946474217,1.1054314257469373
32.82294197568522,0.18605904256767547,3.0903250905081188,0.8678222294979937
31.972478350552375,0.34897238419967913,2.3186847514416393,1.1711411014980981
34.962749587059086,0.1839578689350436,3.4271391057475546,1.0088459188867889
26.010523272194924,0.260042062015519,2.5710255400246127,1.0967346769667907
27.789250251762358,0.20676535313883382,1.9624799108126036,0.942622585863109
30.83557346634337,0.26445123143297633,3.253377561009828,1.0688877453035486
30.811560381584716,0.2233347917337033,3.536492287180972,1.1634221684518717
29.121258083445483,0.311556066578367,2.336296079905768,1.0555136264640237
30.43099758871046,0.27282493379281925,1.9611177141619784,0.9453856606286368
26.51482290125958,0.37542102295763996,3.603496755800866,0.830168261632902
27.95270075623438,0.1073765614570707,3.597185738587522,1.0757533007605637
27.084873810325004,0.35250523068076844,2.239895249973588,0.874626707909202
27.283063103140268,0.20641515962418053,3.4372987609655894,0.901675593175828
25.639689061192215,0.17336157888079945,3.3439590570956548,1.0528464139364648
26.88073223728557,0.29346274952571405,2.4192379004470395,1.0727173862397412
31.837433559449284,0.2199571554573328,3.5534934781158927,1.1941450815242307
32.36507913549291,0.18317061691505976,2.679118181345297,1.0630967268261762
32.48452790765955,0.10044675202103875,3.0683133284805995,0.8881388949801766
31.454515434604613,0.1919878075846266,3.3494107861857665,1.1890214186194896
24.658830541702805,0.21259967177364802,3.5623280785455296,0.9602258047027469
31.590790201885394,0.16784886363124413,2.729350001204608,0.8459271275478578
28.257046347168764,0.236941608804053,3.3921221291972254,1.034337943075477
34.25071552224776,0.3724076307020171,2.5721826126416865,1.088788994386211
26.03260195436615,0.10675006828217151,3.1164269195019894,1.0565806536134397
32.795524764605865,0.19271970431514213,3.3784477064274463,1.0190277294005599
24.168031155307705,0.13479475704683191,2.048047575281791,0.8981697970189849
28.316629004350656,0.35614798777841655,3.042329281793127,1.1016571112727829
29.914588400178577,0.38775975161125387,2.7902469920931217,0.8874628665567049
35.131588849180346,0.15573607150063995,3.464998031081687,1.1431927351758344
29.94250224070411,0.14860212892527166,2.0861901142635526,0.8435308734692707
24.050459339425444,0.16758715801322355,2.6349368904743193,0.9050463139173462
32.54986010266756,0.28058402810458133,3.4358118152007346,0.9734881359979753
32.95085137708189,0.3924803893947039,2.8318040243332327,0.825838042589951
31.320031084986795,0.17031620109608303,2.6217076548673925,0.9507634529087373
28.542558605456527,0.38007758472006203,3.3278241210668082,1.0829182242961424
31.91981035189764,0.13672067783264577,3.311951348895095,1.0474550000271396
35.509704430367556,0.1316646656435241,3.2629352089134125,0.8442599312440271
34.65527593306679,0.31116676242949565,2.2961507397865155,0.9853264321420404
33.90181887195835,0.24522400820094,2.6941969695677055,1.0528030760660028
30.499572524857058,0.26365934550496706,3.2743147067377802,1.09398163899467
26.85268518404293,0.11705611588852226,2.9962244806998597,0.980700613473244
32.17250622404391,0.21458166960854205,2.518370187196133,0.9932892433962741
28.304437518596774,0.2854759119406678,2.6628761359053312,0.9183104030666879
31.530160996521268,0.15243734028059153,2.742718684138425,1.0350480618909017
30.60413912407799,0.1852852231313067,2.4702054253003176,0.868855800188018
24.622645543624415,0.33665663391905354,3.390095223712852,1.0543736818571012
28.88283289464185,0.16458448233704207,3.0667939427223163,0.8614146505109928
24.673049466362656,0.10840201873174887,2.8039191493961675,0.8009934393796461
30.998221331648907,0.3914481560281642,2.0289112440622783,0.9954953506077295
32.17566657895945,0.19226853390911772,2.654525052138392,1.0218289776681566
24.870163877160905,0.19632184796007354,3.148318447195635,0.8312459932995643
24.84920752912568,0.357565110260663,3.2419644627754374,0.8942342795383417
28.771266991206218,0.13576217880194524,2.8318111533598347,1.1299373784644346
30.012366005041734,0.10199000201853686,2.68760083384322,1.0728095353135447
33.259391719370605,0.13570417057867773,2.333029286819303,1.149515456191728
28.06030567820461,0.2546518695026266,3.586618132004505,0.8753627281062768
28.65396897030699,0.13118603891649613,2.4736044840737916,0.9383699667092616
27.894476373913758,0.18406238893630822,3.2052513830533074,1.0633033458588619
30.21525717348359,0.14902129592653357,2.9779222440494295,0.9903955385294498
32.637282160613076,0.11508665279172135,2.777344651425927,0.8956044645029421
32.66790775159,0.1845651566591537,3.455132361473602,1.0690461335624497
35.346849099430216,0.21223622123019764,3.1722837847464174,1.1651862632013488
35.648265791415035,0.31147840826241757,3.565617060420212,0.9430766143979687
35.476627967623614,0.31248304256502907,3.5850364668066503,0.8552221762595313
28.91148402402168,0.24886915985577424,2.5536875247003996,1.0916268791513848
26.411626936623033,0.2154796177137359,2.603568735769344,0.9096283863571785
30.301144063034798,0.15915689544139747,2.420063831814903,0.8779679592867321
28.367067371850855,0.2542291542979913,2.800179600530812,1.088649770480846
24.79168840489176,0.2674158821631196,2.2357937864862363,0.9874428329877813
34.335594748827205,0.31428344381820056,2.386147250032183,0.8568345843495063
24.08070490833712,0.21345980950905272,3.1698169383248427,1.1892472786685717
32.37129955876903,0.14624481952037469,1.9760863885397508,0.9173209435116083
31.671086727167214,0.2037903295348858,2.83189506536235,0.9469197598966426
28.06370043932695,0.1733637484690129,3.0503358998022296,0.9483005169170902
27.325854438543722,0.10099389948849091,2.844618687107412,0.9807351610507118
35.484384214142786,0.17551819004587654,3.329277866115347,0.8742859002929648
33.1655408731319,0.16959115404906538,2.3621886846363847,0.8594738366288558
27.803362295599197,0.31788335347019264,2.8080612889982364,0.8797951595299982
35.3530176666272,0.10860312314129879,2.7192133226971147,0.9409798782684554
30.937491482017144,0.2618130966067477,3.0034013169406593,1.1229473077565373
24.049258015955644,0.10761846700698528,3.5974599274750516,1.0736456446578166
25.953075222296828,0.31058379937500596,2.8642492272047364,0.9976001751616653
31.8240780774279,0.267059227776923,3.449995332884708,0.850433850311764
28.8839217337334,0.23471283299971835,2.974972520997228,1.0949791527593966
35.646072237396076,0.13514423164507736,3.4131433866647654,1.173464847671158
32.0512989633971,0.37004269866689143,2.62178750587023,1.0697853671004514
35.46089430916499,0.10194298458008899,1.9877219722865185,1.1466620459971721
26.11057683367741,0.11532753985460822,2.0574035639626675,1.1929425872164934
27.50205062823542,0.17717971356070672,3.3412563873396683,1.054569113757128
27.236035506213284,0.2641366850679242,2.885229899780124,0.8260811258408155
32.50421030662194,0.27540555530524985,2.0900146206875556,0.9847829860263613
26.806642457233977,0.27459167817305885,2.939593344645163,1.1084379347124336
26.781216606259186,0.317207350811924,2.0257157133687724,1.0125728646448047
29.448214316588402,0.2063533836976019,3.2292792331272984,1.1909259937885706
34.52219012752539,0.16454263014338472,2.088568165184101,0.98315222808337
29.998810199879042,0.18804011455500436,3.1067813529037838,1.193109048697568
26.464890207505793,0.11552941491216046,2.6518300214079993,0.9853357012539793
34.09456911952347,0.3771994588758172,2.0727950239425965,0.9361651467477146
35.74750744514147,0.1353374761902178,3.6094302514061805,1.1923924331060733
28.61106901545462,0.34154653646740774,2.8313605554525094,0.8904595641687992
32.57689883503013,0.36516321900396015,2.194353259244271,1.0759600775716769
30.695915460586622,0.10337487988351346,1.9993944601495264,1.127127587861835
29.569664683952496,0.1278562892015511,2.482283847257052,0.8087482707040323
26.503995402115425,0.28722965434593023,2.749681851180764,0.8363685000335024
29.405446041275955,0.33660860252435887,2.422944775024307,1.1231669348740492
29.780213574463794,0.2726664935775288,3.5153790368489344,1.1743392313327297
34.011021404530034,0.22389182351859535,2.2060153315781825,0.8689237547512609
29.661776853495272,0.3284869363962685,2.036183768491679,0.9218057287680221
32.659412493154576,0.3300868721440226,3.364833434403734,1.030330168230739
27.245097558319827,0.1451063350457835,2.6514077993609164,1.0894692594432884
30.372188123289874,0.3534879493086935,2.6332565254904963,0.8798036416107802
30.014185884613998,0.15705485175239592,2.50637702623828,0.9398104511326396
30.44441080616723,0.22881555563187803,2.047333831275919,1.164758273944548
29.16474070823366,0.13265478360471675,2.0820367074892605,1.192591025722399
25.44489157652341,0.11825189579130656,2.5159722548936347,1.0258627160577232
32.52850157690766,0.29065042636791827,2.109592416991192,0.836427663334365
27.35696635901428,0.3148251235365221,2.9670334477723848,1.0219188018108447
33.01553035758228,0.29246771800273436,2.9034713849093916,0.9723718696626371
32.274661045305926,0.30277385939106755,2.5923322682392183,0.9646633686260858
31.589554952216503,0.1454848246650617,2.38793295512742,0.8794390635958066
27.676098784514853,0.3802325053558241,2.0430770766344186,0.9258467129632608
26.38943374309615,0.11746794981720754,2.3103166024044417,1.0708190374248794
32.84976670063761,0.16425087548761003,2.3685121145077233,1.1459833829052228
32.34952223596813,0.1736080856991243,2.7612233847664873,0.8484234580213452
34.999554712125644,0.22540768536795733,3.2330009466647764,0.8845433337476305
25.31255231472219,0.16192365045770327,3.309074990391688,0.8540875560171648
29.60921839350026,0.3599834545818225,2.82698511928086,1.050008738137168
34.58336575302735,0.24596305313092254,2.8383647211513483,0.9677889876258565
27.65434834444701,0.1255924388847758,2.2110788484801174,1.15416737820242
32.89548113657411,0.10881157818683551,2.7097717494679814,0.9387031253320735
35.37459069444804,0.21479109275432037,2.75848886725001,1.0840127395558565
27.677276445701878,0.11531319929550249,2.8121928859716476,1.0288508000436631
31.906575155270616,0.13118614749303312,2.7510475511906187,1.0513477636572803
32.037386334337604,0.2545789289280951,2.9255429484077777,0.9915948074067296
31.03488330465369,0.14632850940228587,2.3145867250618206,0.8235101930844844
34.431662654508195,0.2191823225875954,2.6321317047580703,0.8465807779751869
33.76307732160534,0.14957027317090751,3.0070904110008305,1.1827454274951332
27.661907553313117,0.14521532638852025,2.659676482246601,0.9192063818553875
29.336900533799447,0.3313281899342374,2.2539716085135972,1.007355347898787
28.106525014645484,0.23326598141622853,3.0343148918761993,0.8386136213636849
34.2549279305099,0.2133545759655546,2.083512503297776,1.191816849202757
30.48281580602647,0.3275387758918224,2.5028878205646787,0.875420478409244
28.151366871869257,0.21981891523679678,3.467206326963428,0.9264795543415046
34.5417973725899,0.10302686178960588,2.8675338941978414,0.912072821895409
26.700738763366644,0.1166142208641559,3.358115615296899,1.0153870649153909
32.46088765007949,0.3667919169936791,3.264557787274371,1.0072410077784995
34.67405597480983,0.26541764510213367,3.044140697831315,0.9349754046813729
27.40719075189884,0.13123749314826846,2.9757138228030073,1.086878859645458
29.39540014931611,0.11935783619826773,2.1354656230766795,0.9209887853341786
31.720390322800366,0.249852138036749,3.0645643280789665,1.0449030287058807
28.816822725157223,0.13788761732963004,2.026703216280402,0.9791029864100795
31.202829534329858,0.14131408804413434,2.282109423279479,0.9006974634146577
33.12041278947865,0.31466551750550703,3.585575343972766,1.110091548771113
27.09310279747745,0.19300107084040724,2.216301246225283,1.0066361899644887
28.875486575280586,0.18085952804569555,1.9531172563060097,0.926951638934428
34.29255092285174,0.2128675746228067,3.5093984672326757,0.9763161515834147
25.350610932495307,0.1434539271256253,3.320676889014024,1.1079392055811597
35.9840995210603,0.13778507618099028,2.1192946048631516,0.803086741689209
35.24804104620714,0.17032256722765693,2.3853161808612495,1.0990502075027766
25.131930549899835,0.34749416930955784,2.965536532886276,0.8489806249863259
27.418338446179423,0.22189532947273932,2.964749685792602,0.9703606557434002
25.10980399303665,0.2562338647545413,3.3123201135216696,1.0842183643175132
24.771376301018574,0.10578377151635399,3.107325141239237,0.8364959035768322
35.53332204360566,0.27349396837746864,2.3945678651799356,0.966944319623373
28.257258891103,0.22698896580184608,2.8987309041334517,0.8706966080074469
27.770186208684315,0.3784380723205012,2.7784750773421525,0.9141920355455359
27.266415810771555,0.22790673926889846,3.2663882542751583,0.9910915847331838
30.901302981850186,0.1404264437476286,2.150384691625443,0.9634375407379306
33.597912252619054,0.1845377574765055,3.290246574729608,0.9565292630725462
30.749193047391472,0.3750351142136854,2.5154503306601512,1.1884780054205226
30.182259919692704,0.22880585849104207,3.4586020923093423,0.815987820668346
26.900680902611924,0.37651173190448844,3.180657294181555,1.0995012973585014
31.1404206931725,0.3738674715644446,2.3996649187045604,1.1461104162129065
33.29113303843071,0.11304535103111722,2.4880762890132773,1.1896898191445633
34.404909373513185,0.12292250886006734,2.866564194409794,1.062143554517852
30.12149290033046,0.10704396074851613,2.4261287271486407,1.1666515104426742
29.746083604807026,0.10751601150586965,2.586981546636847,1.1300865637458637
30.314269064896838,0.12731853172553706,3.062615578087217,0.9692040701462984
25.095128527866233,0.1624935230127219,2.817411548487193,1.1951853424368057
34.81823954702929,0.12939713693707575,2.400405104029018,0.976327828835058
31.236126468919995,0.21226829844724027,2.2070664921949796,1.11280616684759
25.884647459554873,0.23285445255241563,3.554624863486562,1.176966400641919
33.79275750717454,0.10349887471085012,3.2030593411349577,0.8826686006154505
35.38464357684151,0.12537876836302903,2.5207148825182064,0.89368041055069
26.89956060531466,0.14362117006507844,2.45563815391667,1.0495730478140826
33.07161264746766,0.12046704573854494,2.7289938576187778,0.8433261253391926
35.805726371658864,0.3653216348634087,3.6005537245023795,1.070921563731813
31.6356133966455,0.2673526483122341,3.553027976782986,1.140208559577806
34.66790128447866,0.27088405436214463,3.215205228561434,1.1594271047249327
27.099732164771396,0.22472617748619986,2.6389763254274925,0.9763973055999762
25.32595455252614,0.1938773710138292,3.184087716996029,1.1013529385068057
27.23939293253775,0.2954465617599575,3.0074347952622302,0.8184716285026192
25.362492181154213,0.10798082987542874,2.697299521541678,1.1975223323815536
32.15884976316811,0.3093142793804716,2.990712290933186,1.0958668043624005
33.12607902786573,0.16376756590323405,3.2869846453819993,0.8775330752602496
30.163838706563144,0.24930805879141166,3.4041162026769007,0.950130780240664
35.90717626769621,0.1018139816385385,2.1494674131930607,0.8064387280138954
34.90818947832038,0.17844326119522144,2.890092897177395,1.1146647676551535
33.457812095053356,0.26205078039035934,3.14986828719908,1.1073738354368807
34.35361967872921,0.16437601704156,2.2300007802280715,1.1212517412830802
33.577203714794905,0.24174803674361944,2.9291719962031677,1.1180124883768678
31.025913829940084,0.17439012799715198,3.1657099964729185,1.1864875762011056
29.974926738313737,0.11134616653302637,2.0442084471393014,1.0487645882400825
34.71878804867734,0.10882007622594495,3.3479655390038476,0.8645483500957184
26.354910482902895,0.20112537891868612,2.860907299718555,1.1619139667995948
25.47227914902592,0.3293941509445525,2.0012137068699616,1.0971466444936597
26.157929620000676,0.32020249516739585,3.3115487350237163,1.116594973766222
29.576869096105955,0.23991828465261797,3.353704318987601,0.9372451333192823
33.841911257016854,0.3261370888657377,2.5576545834973174,1.041247568621056
26.154341596155863,0.11345095325843546,2.3079105080883178,1.0670083316199979
28.612541229063915,0.19389149932871713,3.007235973436724,0.8712304864549973
29.404736972386473,0.14713155615840326,2.854389372395308,1.0273837902072973
31.057749997168944,0.26804945495487453,2.272255156904869,0.8714663585380633
28.35162979059656,0.1167399874877782,2.474493468660975,0.8637858149664942
35.99422892869678,0.1973968044273786,3.5625908507894146,0.8110287855711682
27.120550634588636,0.3600597341336434,3.290696088048076,0.8068779207998429
29.92233937884843,0.2453153454291134,1.9723820668355734,1.1455663950260688
27.72316081584028,0.16409305109863503,2.3840250144844117,0.8571903384501347
28.73430264776252,0.11276069549828877,2.7798985736954673,1.0484306153437524
29.51565367869685,0.35818861559728554,2.5817862647820244,0.9563008882295209
30.49040051230102,0.24039580174617958,2.660639889322472,0.883040287906892
28.5495375806969,0.15956296868150802,3.3408030052399003,1.1114118945546632
27.63432279067918,0.14890179428867575,2.8953309196825057,1.0636776051874932
26.42331669301699,0.1268922315670264,2.4389023844107194,0.8825744337798511
27.606908235777524,0.1366483102174044,3.1142963588991153,0.9357951837819511
30.43399510193487,0.15952969778804238,3.1077849505083246,0.9985686117332748
34.14675797867539,0.28991151479367955,2.0156918645240296,0.9970390401365572
30.15816001063296,0.3216703468521666,3.19995001097558,0.9261745293574523
27.68049879755983,0.16895991855895728,2.7753121629524506,0.9852737820641224
34.73555017151909,0.18133658264127994,3.321694547283845,0.9940070338400411
32.1185064969518,0.18592030836879997,3.1801611232238614,0.8066707225729497
28.44184594789252,0.16874837038953264,1.962198200036238,1.1941774836474437
29.277554289233077,0.20002276962449286,3.2129713833089872,1.0069268037053292
33.445266832764204,0.3490012807003433,2.8303554164858804,1.050948012975078
24.000762132132877,0.1018221314646213,3.1018224568166586,0.930296195250004
32.06209107135889,0.3065818342083382,3.058032649054061,1.0980242533927604
32.24833491528163,0.20222768174871697,1.9820618146409745,0.835092246051597
24.178851280453074,0.25921601137025596,2.673065663114271,1.0574329727484368
34.2918799021963,0.2368919002092088,2.514851419343702,1.123742477091416
28.362920347591828,0.1812333916757075,3.2743731581133564,1.1355227544310675
29.893354409360096,0.3213374800252107,2.4154804598310355,1.123949766307129
30.18388022852557,0.17215508449344216,3.3112629254170054,0.9508173979079315
24.102558376548384,0.11747753372957698,2.220593277869509,1.107982751844624
35.42803861978337,0.1759714274758015,3.0848073041353636,0.9935844205506542
29.20180497130641,0.20240118573456256,2.1347964654051577,0.8492758026278178
35.48736048891345,0.3612784949547111,2.7404391323093997,1.0548585059901954
25.520034441595293,0.21532916836999194,3.094801269003017,0.8501240003001531
28.49094920140865,0.11952852709669032,3.327927602858324,1.0835031961678663
27.19055852528248,0.1211443931549881,2.5342829964966294,1.0864139542107998
35.45788035358881,0.19717248462051795,3.017673941630327,1.1466151518858774
30.085283789194357,0.1600247337610929,2.6105174511639837,0.9809617611509923
34.84852634680296,0.3131592797352663,3.5670111162399136,1.0505551807187172
33.726224098198664,0.3382913726948792,2.594139630866313,1.09856899776087
33.104549565269835,0.35342012866029565,2.1186201525528485,1.0654074848271173
34.16690406534226,0.1865738640950989,3.299075207285449,0.8379205360618096
30.006146044728478,0.3034496816235844,2.7886408142228767,1.0577546099465056
25.66645683865301,0.2302557353103965,3.2608724279037102,0.8862877408263626
29.132496686178122,0.14705667110727758,2.1128021503016146,0.9708789158931794
24.42298626209316,0.14292501022860044,2.3117760725679486,1.081738085529539
30.19904792717223,0.15792542105037105,3.6081475371952427,0.8263134958871423
29.30635530975941,0.25160283574508485,2.3335641991764122,1.0883299724550615
26.33733547362709,0.3514552192484295,2.826952818021272,1.1303691135634673
27.507512523640912,0.3958823726776443,2.1130838890433354,0.8286714238500176
28.006194409756223,0.15283402564360937,2.121493965058511,1.0982933191715532
26.622644529682795,0.325248039303543,2.3602489828271183,1.1026085157626004
24.435884003383773,0.1423309555847495,2.715603899487669,0.851332198812252
26.656290480858168,0.14423113572721777,3.2473166897781374,1.1177334233695766
25.109941921641024,0.25689016650117874,2.8129263358120635,0.9341570966366552
35.81173699119517,0.2333779902823182,2.2258500664485927,0.8856580118778682
26.339331081375327,0.3300448139905887,3.5913812273396792,1.1518914508000888
31.973852329950383,0.15283509006973212,3.056094268678358,0.949978273814457
25.67632804489306,0.3317414062320487,2.8030595923230144,0.934743400393286
32.66603376513533,0.1334674526286997,3.0379097789042944,1.1404842776911877
24.702481254637387,0.3671164658572557,3.1633865537483805,0.8584047515235802
28.771331104144487,0.2625831523219065,2.477682596100262,0.9540567478027707
27.917647569076482,0.16239854632445416,2.5555080952529114,0.870994320173378
35.4487472157987,0.15987035470105407,2.7736338938010126,0.8260352384798524
28.682681724154378,0.18723041195612178,2.1365683387745413,1.0350539191804973
28.204244186480622,0.36349432818163085,3.607176044038424,1.0511155087141302
32.61967243736376,0.1604826940555829,3.366733843770727,1.0416915414405774
26.523083172528803,0.15202207005921664,2.082943570809968,1.1035356688142854
28.03148047516878,0.11391330457733523,3.5153485497340373,1.115479393667735
24.55739136219127,0.1940476058397592,2.2307599141756658,0.9248864512259594
24.69873386372429,0.3004292787791495,3.4334629806320582,0.97861219811715
34.013275380908205,0.1279769029942542,3.193177162305748,0.9266166261437487
33.50596304957533,0.21650966203332353,3.2486403613502115,1.1269170285738377
35.102708145014596,0.13279436075069975,3.401467640478569,1.0810380435930387
31.858711526404253,0.3608787351877101,2.4827494998728934,0.928852553997747
31.626729831975393,0.3696425258829808,2.5037911745571195,1.1923528367400031
29.942009321878395,0.10197143873479589,3.1674015812066116,1.1218967839669203
28.638751880534997,0.12383509402727073,2.7777963404657275,1.051327616593398
29.783834694033768,0.17164682377369547,2.1596587726129655,0.9524913393254849
27.691349348104517,0.3359765978651921,2.403815299826885,0.9357654002554239
30.36760870507681,0.159937733748085,3.288020878503413,1.0670122479341144
29.96676027681919,0.23835548311915977,3.247210266647053,1.1601998521458712
33.04465795369395,0.10534381692191389,1.9712631855514118,1.0813318882339789
33.901341790091784,0.14278817219921067,2.8925439392152565,0.8751288840421
29.866191805020172,0.2798376073872083,2.1610410287534094,0.9531516271425023
26.609001450045252,0.12189150555624591,2.488118309622938,0.8330663336186878
29.82912646147703,0.31281261532676685,3.330387160862525,1.1723128643956293
26.096779271528035,0.23440330215498426,2.5764076705527823,0.9005410457926809
24.429508877537348,0.11492139070381009,2.837193937377719,0.8596669266565311
31.212723575344942,0.17902916843385477,3.575284445098315,1.056325367466887
28.061517409595396,0.12715727401827756,3.513689989177545,0.8561537116621903
30.423176937609234,0.13794090012314306,2.5063687624022566,0.9995464414024585
35.93044349960507,0.3876277190050652,3.2246155429472774,0.995922037496542
27.881807221509842,0.2813577876028605,2.724599975888748,1.0193953989736975
24.160168089253567,0.35754160332836304,2.428941970803628,0.9723168233471565
26.448299814626623,0.38446778196942016,2.7170584190241387,1.195585811873905
27.597189641048722,0.36305040180587855,2.046642747492775,0.9359342812764281
24.63071545990356,0.303236954039533,2.480199524617223,1.1129282707303583
27.696186615101265,0.3908120238472821,2.368890791149693,1.0607855015535737
34.45811473953732,0.3724400005083066,3.1659131885836245,0.8907255308855412
26.939312418480565,0.3209325527757257,3.0756346763658122,1.1600556443120578
26.256088344172255,0.20146776907376399,2.558922394654586,1.17646088999186
26.185291401327618,0.2126970099418792,2.94580469201461,1.0591619745984957
35.449862939555295,0.21544192096018833,2.797903847393082,1.0622482027028184
30.902718652975125,0.16255933977847262,3.012063339557856,1.0006894515672846
30.465061358201318,0.25375053929985597,2.6410922251112976,1.0484445795789155
35.89963483588903,0.33408394982444173,2.9617551199259,0.8540502273993889
27.18447262853325,0.2748639532500272,2.1631277732857557,0.9846010016137637
31.576908409517003,0.10096713475215834,2.2563640558950944,1.1101896480442452
27.806502639183996,0.1214659111911049,2.2309265718533524,0.8199513651362845
28.813579857397,0.3939459753090142,3.163590359086061,1.1117782053837004
28.694048674188775,0.12363847320526491,2.053577996681993,1.1731971166623758
35.761071491404394,0.10576112203176664,2.895314446977991,0.848437346843905
34.88732959476967,0.10862441436859485,1.9681032188024108,0.8601309433937905
27.790327456426333,0.3054157052915229,2.579071723531281,1.1825909512266315
24.253280839288674,0.24545725151876716,2.0042818874437236,1.1987672703729895
34.71468514961019,0.2715501217691753,2.296529296818825,1.0280568577743632
28.311806922226733,0.23171146224959605,2.538946766368709,0.8903740919801366
35.254238868764745,0.2154401456327944,3.4356048422789978,0.9402200554033108
33.29016611040667,0.3330595551951292,3.0309270055281567,0.904845542112445
33.86050830177686,0.1012668097141502,2.5209926885435987,0.9908600256696175
24.494366016722037,0.18979379875822522,2.2435182920390244,1.0713754679572536
27.51726981971562,0.12294130242360189,3.3009804615966654,0.9078048009868399
30.65373181004148,0.18725533305558426,2.9605226362481116,0.8878977635638776
33.55363416770479,0.16741061992059691,2.0697913354737016,1.137211809785179
31.021811834985233,0.37441147791151974,2.3536578060361393,1.0182683154811842
25.100960120204967,0.10734028722664804,2.078207447571509,1.0230232265525507
31.77099743742441,0.1422163554503247,3.547856810952595,1.0087046823321375
26.71044559345733,0.1909077728158841,2.8963092291062953,0.9535872741690603
27.394630503313905,0.10613099232377848,3.604339156715367,0.9968909709514174
35.31864038900516,0.3744665279351651,3.294069541972964,0.965550274775476
25.98357211911393,0.11071341989882727,2.3731171746643036,0.8771994972915567
27.283837591389272,0.34433867507710025,2.416719405216968,0.8668726933670606
24.83758263256485,0.36975517877906244,2.4200060504782495,0.8595211797018013
30.533070172321164,0.12830111964581037,2.8018656647762143,1.0354837103952839
30.205005881196975,0.23968040271323746,3.0896359991545697,1.0087425890000057
26.0409657818306,0.1443971714065497,3.5346012414297685,1.1236919098323852
31.106897957018283,0.14720979358312392,2.6903932964682804,0.8047325121541055
29.79418699802848,0.17564511627115653,2.793042774778117,1.1931762362867229
28.48440750623079,0.3077533708280543,2.932647705601427,1.0321961769582806
25.394051929122043,0.21099333105338555,2.5958543314524833,1.0576633229740071
34.967466832834766,0.39967183777235704,2.468507082484952,0.8897031858717421
32.675068888640276,0.19634563863728313,3.5240966849911337,1.0300274273568568
29.032937591493273,0.10715573059994606,2.979400822529677,0.9146091199662094
28.349923321167413,0.10490264184820482,2.778181651476205,0.8181203359617804
26.78381099937448,0.34474780801837945,2.0862484398023935,0.9329453003050632
24.205268658949183,0.14871646104078445,3.553190675182913,1.1117484760619023
27.15735260926507,0.12122377616898102,3.0940935404557486,0.9711970551813913
29.31150640376936,0.28353281786688006,3.0239756989626696,1.0256054343763519
24.96273622032211,0.2790807552009041,3.247862759696322,1.0173434211962717
26.244431600486234,0.14266237806631502,3.1073149871738392,1.1511512696537787
29.65454437310339,0.25399688342001925,2.7212123018070287,0.8951474598306511
28.7786031848029,0.29457717059577,2.1667791452759673,0.9469509318118484
35.462979868183254,0.21599102278874419,2.1803205774635983,1.1314275699193592
24.917823027241973,0.247970406150073,3.2515731968343067,0.850655875964011
28.89898954407905,0.25731372656149637,2.8612518295089404,0.9429349602732044
34.370426677125984,0.2689624380962114,2.8252068148448943,1.0163272933916159
34.43406479983653,0.13648822802854824,2.0210269927128994,0.9061112774811824
26.01820409146901,0.12878825282771728,2.772821245029931,0.8988644354846633
35.425989617791224,0.13955690091368345,3.4146934679998284,1.0197321093143092
32.52022204929462,0.20577170216079388,2.0709455561281858,0.8139561664779928
32.96667790133159,0.20092669279170444,2.8175812894653363,1.1957466727923611
33.06870412741928,0.3219323052689503,3.112350573880091,1.0128186467544853
24.933932757137143,0.2826133582967107,2.3929246024078905,0.9318408496243806
26.555324095856008,0.24029846031675128,2.970163401548719,0.9881099274261921
29.45947968429485,0.16403767780213363,3.5340628100530576,0.8696130872991223
28.901780964785736,0.11063119089630352,2.2970550202602684,1.02882957106399
28.228201682129434,0.14998458333371253,3.390108957796629,1.1233871569973126
29.00153015467107,0.2901516671925409,2.368626151257391,0.9071678147306267
30.405988892566025,0.37501527166187965,2.646259514695982,1.0026188943705872
26.509020619240907,0.3337442897063736,3.377897847756522,0.8265625627607749
29.6931638414805,0.3280159609403847,3.056177391106053,1.0090787509915033
34.338706816750346,0.3852028156804669,3.2144058312152595,1.1220519567553713
26.765403076111124,0.3859851435160844,2.596444503834799,0.926248467670548
32.01504873825978,0.12334661420331337,3.1943304303099698,0.9058783889724513
35.49734877114673,0.1004071681653973,1.9592647969286392,0.9049548327692258
25.56919641603281,0.2669055620068726,3.326115382734674,1.127774891714872
25.708158719823967,0.1323258685569319,2.251488069782417,1.0361671364407141
35.8000172746119,0.3428014113734472,2.3479468643124775,0.8885607883111478
32.698502280483154,0.26229978722070296,2.0255279817895393,1.0366423807568297
33.18675065658151,0.348493309198404,2.4750922229213126,0.8367114476855599
33.06267622512921,0.15132906049776426,2.663874639819607,0.9554766849766972
25.233509360959026,0.3660462942661922,3.5679539412934624,1.0099821589192979
24.835899728892223,0.20006498162451627,2.4471531038864547,0.8049081826159024
30.18761650094523,0.14328886116544198,2.783876913117056,1.1105756201491126
34.8666464695625,0.323153468517658,2.1059941960457023,1.016714268530205
35.235351121226856,0.18531933461317035,2.8071536850161536,1.1146607895696186
28.850045218548654,0.15079236125535345,2.969579318172911,1.0875413646269114
31.528744051169284,0.12255960130045387,2.5638597247361523,1.129124887747265
26.874503477897004,0.2271815846700959,3.4227487681292454,1.0913535455824348
26.042634002835012,0.3826367442597409,2.414254144448737,0.8689812846638619
29.73637415155401,0.30384869639906675,3.034270190614992,1.0127669534910204
24.710289661583616,0.11141715013239173,3.0271573545829438,0.9576821179446886
28.044814332528563,0.10589327463746064,2.267996922471957,0.9353538973708075
27.50234917559749,0.1910824974209908,2.4358856763911567,1.0602136503993385
34.98735297902945,0.21193030813514746,2.6514334090476965,1.144127700162603
24.91521672300286,0.15969122961396448,3.570786072941455,0.8940697294029378
27.73204093727702,0.3791989208327804,3.4468157891162448,0.991325189022667
25.364831601396183,0.10511122484414735,3.4683783172927147,0.9465544306805531
30.829445821468273,0.3336192711398316,2.259801316181032,1.196409193045167
29.74576827418764,0.37988305258817234,2.6387664493115386,1.1685103439906566
25.582070483774103,0.35972899473817643,2.1017785101279176,0.8994539613746515
35.70423831199008,0.35754845777751676,3.3769557658085265,1.034280794945809
30.569652546918135,0.15929082498628722,3.1005907744260943,1.10946845047149
28.718975272987876,0.12169068831752816,2.7264868088480587,0.8410755144483265
31.465982828143957,0.18467378129402018,3.4443438004500213,0.9625688772422436
34.76850431557354,0.12480836960443065,2.7984336056148043,1.0937363528834334
25.599189396665572,0.26701474518034296,3.2846021925890447,0.9934667874503184
35.67681294322719,0.13282720577937454,2.738274548019845,1.1042353405817724
25.38939906929322,0.10552204968143071,3.1648874766466704,0.8311040245496032
28.081826852408664,0.1891788564607969,1.9885928765804,1.0020826601938977
30.028071674193,0.1451828352280042,2.77672712885322,1.1208353357454823
24.298432007664413,0.14185688788270948,2.5030784913156827,0.8288140648223417
26.653693044671805,0.22173507364653192,2.035936400738908,1.0538487082097943
25.495797092972847,0.1287008451589545,2.205265857883082,1.0889355690806974
35.34471888939205,0.24184651554677297,2.4802901504935755,0.8159008711540658
33.9013786577142,0.21126263958345795,2.4644202528406938,1.0362029584078554
35.66704086321662,0.3329064184169674,2.8542995871410364,0.8861396376077662
30.70776289523848,0.1705083528226639,2.5608123979752695,0.9142585670211661
32.13478309811316,0.1393225321385044,3.4192050413483117,0.9658926566286671
30.49289830775341,0.10347589685211739,2.3071196263823492,1.0963935902872568
28.03013365678998,0.21220770672168873,2.0051893654251214,1.0450774110471475
25.102097982598035,0.33462299898746634,2.08562582500708,0.9901677886129477
26.291288001013545,0.15854549549423833,3.042546992843758,1.18328141221079
31.068232234865924,0.30198946262427684,3.276616260019816,1.1469990585312733
27.051942132154565,0.14412457774897125,3.183711904110958,0.984366213297602
25.061532170532683,0.24453174183536272,2.7551644883446396,0.9082282639654157
28.43879606748588,0.10567449270918779,2.048687070001903,1.0149839281907935
27.119134375456124,0.3731581965313582,3.383818438198982,1.1484531557293376
25.878312518237596,0.2228697864897285,2.8966738778719536,0.9622941827062286
33.60149622720116,0.3458656212946782,3.535274542534994,0.948392838806617
32.43997357639769,0.19468318310181787,2.442655588574071,0.934796936540276
33.80026683270915,0.10034311249418255,2.788274971477556,1.0438250325448712
31.432919683798524,0.17658238962092415,2.8523139567111713,0.9447851207070255
28.659900901739267,0.17509621098802144,2.4422019101752817,1.1070442253358967
25.02959945299746,0.336805736172747,3.106901072912998,1.1182754348513924
30.947144315144453,0.24273086757857487,3.288745920052883,1.053592558510043
31.25535419083672,0.11258134616406129,3.3554680405768385,0.8974533098397053
24.383934110945592,0.14920267274203747,2.373873013467156,1.1493020071054363
33.457091355635605,0.10884116142964806,2.7482703035876996,1.1183249702909526
32.23421514866536,0.16860748878798162,2.4432711560110407,1.1352617126229814
30.496157061465702,0.3670893685774772,3.289756624353988,0.954496484531534
34.33926466411179,0.1413390117459664,2.8006292596935722,1.1321275401025046
35.06567789824711,0.19135471723623737,2.1578844943906574,0.8556616732593408
27.077965065418432,0.34872156567663243,2.7995396953499845,1.1828804335332301
35.92656716725945,0.12216624534017172,2.9359851214488915,1.0419894533505083
26.25462730307284,0.22360936788119246,2.0054698640441684,0.8035976663475322
24.314293041698956,0.2551759744994028,3.04956677174564,0.8400668115660279
34.531976423570946,0.14318525518866065,3.413735528488445,1.045820589077432
31.063994689891793,0.37112722407678056,2.343240159562329,1.1622079538140908
26.18995911087214,0.2507727945617519,2.2145299159964256,1.0963165191775355
32.06430326212818,0.1001247068328482,3.306657388477206,0.840095631876596
31.85889535479667,0.1718012254362012,2.8026879132647204,0.8721727830809239
31.503736988683023,0.26671668008579763,1.9534468359917245,0.8093158519806832
33.8298726592037,0.12166086920006632,3.0614332831380726,0.8772062133983229
29.7692335257659,0.3668622002668295,2.8776308703261044,1.1620746690127464
30.72174723343619,0.10305998990973371,3.490651967919045,0.9530170616002662
32.714260678859354,0.3760402947216952,2.0349503534490045,1.185269161195046
33.69371754707754,0.36084460045666145,3.3580685803955883,1.0629231718284067
34.866481694995166,0.22818201013039868,2.3722942112509786,0.8788242236796335
32.68383787941677,0.11547196086978798,2.100508946118573,0.8545758273252642
34.61911975998409,0.3795880837311835,3.4485891881982087,0.8967756956344005
25.085118940490243,0.11707096379000999,2.918960892866356,0.9200567648082798
30.634610677082676,0.375053698323225,2.0801969960215514,1.0542730992653264
29.417166189901373,0.316959176077268,1.9950707725095858,1.040308866721132
33.35916569450817,0.11021590891453514,3.4373393263216343,1.113633418821962
30.34066894854491,0.14610176108540276,2.5729357237224777,0.8341680486343669
27.9417720886732,0.31522860062771385,2.3084835327216173,1.0688816154311023
30.95943669818107,0.16955541845722036,2.6910622084658558,0.8925056361912215
30.661495915657696,0.12576417572489584,2.0435463695872325,0.9230024358300594
35.824290685073365,0.33015841393055906,2.435151774491285,0.9852414541011386
26.704633373305484,0.12181201341260123,3.032279935105915,1.001924037080944
33.55074653552186,0.2721555907034034,2.493701518011305,0.8404488336118617
27.589430642370765,0.12422647583598295,3.1500092019570265,1.151584469558462
30.160773038529342,0.2638211660122269,1.9667408908480228,0.8051295643595748
25.063193191310116,0.31754893782580057,3.5584973496774985,0.9630040384371603
33.49335222409465,0.1097466880060692,2.4443159969310084,1.1478095676483648
33.09889219278355,0.11089211228980474,3.565789152706246,1.0431094778833154
31.22792911344191,0.16113229414080682,2.5279741235719437,1.1830742754380519
35.7267591096746,0.37002752319911264,2.667715677493057,1.0053235362549946
30.383684498056258,0.15935051332273026,2.2201844158075374,1.1564178654928456
31.47657409658737,0.3649562836503065,2.7876002525239167,0.957410816696441
34.91718521459196,0.3323185354101599,3.598380914912999,0.8913814990004849
32.785775994068736,0.36857680249037206,2.254061681211004,1.1090643309296082
27.78108614887645,0.179127338627103,3.0055067239488302,1.052577029834389
31.51273818282289,0.21599491034943852,3.4814052141102394,1.1753682695882608
29.02040623145281,0.17837204843756932,3.0805326491181573,0.9851673252467826
32.80631416826774,0.1442947827510835,2.383063343653947,1.0122871562153648
35.88333471446175,0.11038640299572185,2.3609236043163686,0.9936132959166519
30.322682520403774,0.1816211997981205,2.9922719250651464,1.1818002142577924
34.473788075996794,0.3096521121356841,1.9738896577177087,0.9913487249984505
29.247054030684268,0.22293134375883095,2.3518652263070696,0.8522806811400825
24.931656455761964,0.12062952426909818,2.080366138284274,1.105449269669162
33.02141729437757,0.26830235926141804,3.4538929396636537,1.09206526179611
25.11827655853546,0.38914033145828236,1.989462497484946,1.0735652373546822
35.41774174403482,0.2392476834788663,3.153646273094686,1.1461032974945098
32.54998921374853,0.1820599688404078,3.2637129796243483,1.1390672525645975
27.97717804678707,0.2920562513125959,2.6022728179193844,0.8474067076262383
29.607097836289643,0.11793270974423882,2.4872391702980368,0.9907772583912205
28.34205604825563,0.2115368620088237,3.0356011185952116,1.1232367981150289
28.35593653596107,0.2108437113364172,2.2634735217953246,1.1816578839480454
32.069483912173936,0.1394980316548818,2.6971867112783237,1.1969393972777822
25.29474170834183,0.16832619959826042,2.406451361146367,0.914241435347355
24.431546711078134,0.16569705549035996,3.496393669493304,1.1776849254012864
32.0686898446841,0.2493835274345119,3.5684620752993497,1.0978796113366083
24.409031583020052,0.14445139703945317,2.1299708435145526,1.1084679562942557
35.310466457850296,0.1728195523162408,1.9797380940652052,1.0262259954202688
31.214890591477168,0.26817934576443475,3.192972723030883,1.1240320936287267
26.51001880323003,0.290990965535468,2.806654163389,0.8147870053571409
31.112038113956157,0.1833876790692993,2.0811490529141135,1.141519787232392
27.861905156754933,0.21645265351317736,2.7196350676265717,0.8295406224336592
35.807198268788795,0.2551548332589139,3.3547097613949757,0.9039653204872397
35.50281933346844,0.1612015093094979,2.647440708176342,1.0429491559734854
25.02101413499343,0.2941818741380554,2.16575982395376,0.9946594102973999
28.65192009076143,0.1542003170614129,3.5654906355420337,1.1512585671208047
33.19035700072953,0.175625240514899,2.632625906884725,0.9233498913196213
32.53894951098689,0.19612004054494497,3.2659272136179083,1.1935686394942635
29.373045055127886,0.13214473755676046,2.52629150607358,1.0785021110055386
25.719962170033547,0.3609293109661535,3.5468338729416478,0.8349559843385492
33.03660544686559,0.3089519719828402,2.980031463105443,1.1529751644546087
35.89881335199833,0.10062667493422278,3.5299373121820916,0.9969189013580699
30.616121897740584,0.1023422858883105,3.2526377051163227,0.8406641251224476
29.59183839335112,0.1597651500268594,3.030718590550678,0.8095407393569348
30.643309688186854,0.18229703809311726,2.7121978282910577,0.8063094521116545
24.854570271745114,0.10414709343445208,3.28310889419827,1.1816940355847265
31.60054855155757,0.10597309436257572,3.0247992803993853,1.0176743571702518
30.875854227586412,0.14328825778212076,2.763496740921739,0.9697244401441216
29.353732170444818,0.10050135601165976,3.510534158704218,0.9568251133881686
33.40974905053162,0.24635341770499425,2.001314142903917,0.8414314484423703
34.113622744064685,0.19111208565187832,1.9835029426792017,1.0797480714272232
33.66207619454993,0.27752980524871057,2.7388852594717172,1.1840431084053087
28.36980317694653,0.11456702500744363,2.787973166051888,0.895499082923991
26.93177871111768,0.28111633657111534,2.1343282816837283,1.1500905255669782
35.752077567919656,0.15924271934301645,3.4095543893350904,0.8706912014518597
35.31298962603697,0.22995065166512882,2.844178576516604,0.9702327713000545
30.359883728907256,0.12635331784583356,3.389925436924991,0.9481098696456489
32.50454239079041,0.17496218838086364,2.0728383285140706,0.9092092339106674
30.25033388045687,0.11041618141405725,3.5366601885980504,1.1094768759045133
33.46412467003502,0.3100811267365525,2.5329699151699576,1.0284547655256864
31.94318897798473,0.36281854333102803,2.7461933953541258,0.9122440152158676
24.34328638796012,0.1475883336242039,2.450871568840327,0.8673996235818673
31.17999524854234,0.27073363643572795,3.1744934478684046,0.9890841471388603
29.15037182225081,0.2996687976916285,2.8373162353346366,0.869097897205395
26.8300471959975,0.1429529781549623,2.1033697790746415,1.1032738321756388
32.20982171511011,0.14254430114794675,2.5583735541038175,1.1882812962628484
33.05078929621578,0.17531714991803785,3.131005305344242,1.122157856159796
27.434891113345543,0.1131325098614756,3.250666155078712,1.156362591319033
26.095733212573602,0.2842492861569631,2.1567746730473467,1.0642776888572651
28.27099080864139,0.1339210186385452,2.384536905905271,0.8916099861950931
26.96128389052259,0.13546558180712512,2.6885215492566172,1.1845074905080202
29.4193966483666,0.34913182891587574,3.4479541114475816,0.879838898245886
33.61587712501274,0.2085911029736161,2.64587551502845,0.896338431919662
31.631448442169834,0.24490913787758928,2.2377793411974705,1.1965455279408255
34.712044232601855,0.21765073527695566,3.0893294612216113,0.9598163170711389
28.426872086175592,0.1999705697258961,3.4228044085728584,1.144142897562429
25.238657882161682,0.16284501007769747,1.9457562174585452,0.9555160680566054
28.62952417130374,0.12462937847007705,2.4211107871919277,1.138454705588392
31.43730711182189,0.35436344855261137,2.36538767592268,1.1793899442126634
33.54998802596662,0.30327903755235924,1.9569864070906495,1.10722103965527
24.642313354616892,0.1923879891728463,2.018202112233733,1.1436935714247072
24.899163625248804,0.11937299910827842,2.8036883158998513,0.8437319597731161
32.95496022614029,0.297330748388718,3.0708701036894075,1.025380934179099
25.28501092391585,0.10651028685286396,3.2774571800312,0.9931029242014555
26.684765202690098,0.24581299545680133,2.0457360669875024,0.8163804328853346
35.49441886298686,0.1226662695527852,2.6227731402727565,0.9716530777615723
29.778226229510707,0.21529994894066148,3.470173495425978,0.8221354497317044
28.435162143845165,0.1024271211901619,2.5606795515448573,1.031396265435835
29.089002522232402,0.1369661411253614,3.0812518730976874,0.9643974274363866
26.742534711944444,0.12262103836990282,2.377355732535639,0.9176960402600846
25.23266959375911,0.13431603989422708,1.9508954022693845,1.1640378693456155
33.931049966326455,0.11013036000917387,2.6754761669448257,1.015216964098932
32.39045033718748,0.3956464849965399,2.7775278344503977,1.0714638990361844
25.964844517830464,0.25621126564100016,3.152907162039055,0.9671731328728617
30.654243658231064,0.21748684623215253,3.5108661223395123,1.0578185750561022
35.39305731409586,0.3841375409458228,2.081771607238835,0.9765704300014029
27.21142343197653,0.15445708257479882,2.290500569289626,1.1644876310158108
30.758240692713493,0.1801176037248997,2.416333226510336,0.8422422900418618
31.13552788198038,0.37754159705281964,3.5920511452958586,0.9389747318851234
24.230318499985444,0.2863479797281456,2.5290543112598525,1.191702975504962
32.76584896358991,0.10997343965319908,2.6413259427759916,0.828127494620869
33.53211449132024,0.10331002833446053,3.518642699219285,1.0903589051553495
31.639377865931227,0.1754928118501662,3.3350741686840584,0.8879562152840893
33.076312013750815,0.12314315672443761,3.2494639922267057,1.018854609013087
26.11550537177466,0.13612813640940868,2.93280687437788,0.8963614765255106
33.26862091789724,0.37939003122816795,3.4631897821918796,1.020695427151948
27.846082287590633,0.2604635490263572,3.337320385563666,0.8206690344335712
27.94820494969361,0.16396825770105594,3.257562466636509,1.189163208476755
32.40267335800644,0.11917985158188914,3.4522401043055697,1.0367157053772054
25.271911896288145,0.16724640160484971,3.1854795228672517,1.0327822900139048
27.373586220396867,0.3253074615612071,2.639647927448699,0.8025049016786208
33.019841106331604,0.35105296011897724,2.9845366254622867,0.9208904871267917
30.43534024888229,0.11198797655293596,2.503151472202964,0.9818050204010613
28.121097436798646,0.15902616736088449,2.8184772155643465,1.0211742668852448
25.642636541550463,0.2685709394194298,2.687741838779162,0.8589738721322262
27.49323356618299,0.36096736623456743,3.3531443574749487,0.832368382783617
35.53620522237763,0.30367904673529333,3.5918655218063837,1.1525393676763585
31.762189896695897,0.31277286032428797,3.330051865629029,0.9368359192324124
24.632868583256915,0.12485916392911407,3.553765364781794,1.1773012100563536
35.07962081510885,0.13062138543036503,2.475454897009133,0.9412504558027935
30.426195521772893,0.37169856920218514,2.8741378384397165,0.9493329971307909
27.70193852851389,0.2450431010094843,2.9670520182140505,0.8407046991415176
32.297634720921344,0.15114926272835102,3.2304266120691425,0.9573565623112279
31.99986588357369,0.1737304991766304,2.152513624504949,0.9376215113785024
26.60281232179781,0.1224296489815884,2.3715447762275335,1.0747874378176507
27.17478206497327,0.2923694625083576,3.4689218456924493,1.1141641077715114
24.63027178350018,0.36284330728524355,2.776637935665556,0.9710585950243139
34.83097107017715,0.20578885899968352,3.0477558342330546,1.1631113797740396
28.348111467152997,0.15215696053415217,3.256012035250804,1.1929911984655945
28.90033375981419,0.14473492728658902,2.902354104863532,0.9210755365977713
30.47071995856309,0.14333673574389993,3.1914660300927182,1.0646812897787297
35.989808701869585,0.30295205301356404,3.002737108765291,0.9947964794030676
31.61656162965249,0.308447502181815,3.262195084537496,1.1469344206713097
30.329870295994017,0.2657459205567001,1.9515360309273386,0.9905383075544355
24.839893220859892,0.18106297263656018,2.785596378080457,1.0473896102863829
26.551788330479308,0.11537877534749033,2.8607966755635075,0.835973134461031
26.76351271968038,0.10151443435877944,2.546667337550332,1.1539748579671076
34.49155782371558,0.3513167675817299,2.1213757344196886,0.9138603356377611
28.682795531084498,0.23771207696731855,3.490004541973115,1.1427694983841696
30.317636134928854,0.2596765521764078,3.003088684684633,0.8774615112481865
35.825411492636356,0.14459418065882962,2.722234878073832,1.0158674451693033
29.953161262938707,0.11184455945170686,2.7417308151239945,1.0961608009305936
24.63120922763088,0.38158895768145823,3.18078122281339,0.907529600599958
25.53007733414677,0.28779059799540496,2.727447180793561,0.9860776119765113
32.192816787732845,0.34149766469478005,3.078713289021006,1.0057161775975243
33.325863647818245,0.1060867709670122,2.387229354770523,0.8469082216637686
28.196067095693852,0.19725939299605122,2.923358145190185,1.1906663436659106
33.07186783561309,0.26163825878936003,2.846803999246025,1.1343328645970907
28.43174860735145,0.2103886917935431,3.032055917477408,1.0352563132094048
25.922228622605083,0.23335222665798896,1.9539898597199217,0.9318683960384377
33.89623589519868,0.3621409919579374,2.3517240966710413,1.0625404062877366
30.784129881336895,0.39216361888737833,2.3226051062739805,1.1441408591310083
35.90507016805324,0.32209996541052205,2.1707569315121558,0.822845307063323
35.05340505914338,0.38570576344170215,2.908910761663992,0.8012151582461314
26.343108100187177,0.21863441868576464,2.5771686243842553,1.0213558868420738
33.046868117484486,0.22916691586154914,2.5660875949001523,1.1809195209743302
28.619740376923765,0.21628614725287318,2.540152798461183,1.163007668084516
27.976457665028686,0.1727613409232447,2.5426936368314226,1.1718411339358483
30.10895873804051,0.19233582670082486,2.3889236577763238,1.0320595587382966
34.973991324639,0.24213703281479315,2.0434828797964144,1.158274940420808
24.040742327144173,0.1107070278575214,2.9781478310216034,0.8875409412090928
32.879551810144434,0.16891568696006806,2.8067120912373276,0.9629876086693819
25.371113357881427,0.3617385992845952,2.3496288808637917,1.1621790532920802
28.311048126246536,0.283399190239632,3.2922874668195496,0.8694616240497857
33.3463626588212,0.15221051192456736,3.3321759424251316,0.8836783593878279
30.02159464164296,0.22684744284512984,3.1425572564505693,0.8671793172974456
26.25619165270508,0.14937892135859776,3.1366450944760995,0.9736792961906647
30.47767383824344,0.17094305982210278,3.443190087595375,0.9386790258956208
26.518918384021784,0.1067253793758412,3.0243457874169417,0.9212855274824093
31.62228255779152,0.13831517726624232,2.1784621096962464,1.1058370844995848
25.223756122568513,0.25253187234041896,2.774429559105526,0.9047946707801181
30.263894139238822,0.32955366539854336,2.3480632443845937,1.0886113138803712
29.757506520614665,0.16024287740528123,2.2500884451527696,1.0506693523255985
25.922994485834284,0.3186957957798645,3.2034550068049987,1.0823478196749168
28.920926009674243,0.11272662864951753,3.459108657163691,0.92300162210964
35.87847161006763,0.12567919968128416,3.55348074596522,0.8526703051042774
32.02193693486968,0.25074980385911083,2.9776424455380863,1.0237537616508359
26.30711064700851,0.10478823536483439,2.7653154944146814,1.01984658226601
31.96269770649354,0.1613591521614129,2.8479523939562745,0.8689756011205725
33.251459901935895,0.29130393475922395,2.717075620656629,0.8673273611303899
31.66535806579383,0.206259985219052,2.179269608490473,0.9028781772548861
29.181459743112033,0.2949349538134751,3.565080347020944,1.1600557837935104
31.139262166754836,0.1929296874994592,2.147302297905603,0.8629613547983765
25.756635608072134,0.11470880283223633,3.213854295185909,0.8371979974636679
25.856825109484227,0.1683744165875134,2.654690423700169,0.9124222286920944
32.45437354035835,0.1642491997910527,2.5251976127047358,1.183021064334967
31.53347455741951,0.3664648540300885,3.6006429757564336,0.8123946524635111
28.619101164285485,0.10933819732546463,3.0691389689170427,1.1462465629386955
28.777559447025478,0.11741930282125664,2.232961645385541,1.1144127722933233
24.703269363933472,0.11249494284296091,3.450117853950169,1.143748190337849
29.063083493904397,0.12283440214302976,3.413395452475724,1.1787229706668563
27.100624754254333,0.1954886699818444,3.5459796522789864,0.8088397880455217
29.25447573476705,0.32444269993451447,3.563335570348913,1.0074643276235185
29.40282662573174,0.27177326942827773,2.5280273724958673,0.9127694082107846
32.48067723814913,0.18524993863311884,3.0012248103625208,0.9650543069786112
29.801935025831813,0.1484724750311421,2.822452015718455,0.8712548139631806
33.876118843680615,0.32684213232597326,1.9821391235853982,0.9492682807968068
26.42737984774416,0.23511628089649653,3.3644799933264466,1.008255551919549
30.852461256571207,0.3232937339986783,2.9173563525706054,1.0053158882682343
25.468048987069253,0.10120282982806197,2.3457020352425495,0.8698701747133636
28.316218551632087,0.2614597032018275,2.741913862000249,1.0105762754265346
24.063702397531724,0.3745276610546936,3.0267438514254152,1.1294925614503861
29.98179220160437,0.19029552926327922,3.5584407007376937,0.9744541169028855
32.21188236977626,0.32802836509822364,3.319456373944881,1.11812563383199
26.483656999445657,0.18998320978688138,2.5231451130827325,0.840521793579112
28.657577726271175,0.17227621148903016,2.7970691826324074,0.9738252273687091
30.608375448660905,0.3130535951747672,3.153924557885732,1.1564181458398106
27.031250531398193,0.1921181558736685,2.280233095775238,0.806503321885214
33.124643475238834,0.15636894652910044,3.385975379439363,0.976777740031988
29.360944782803077,0.26626517761229457,3.3850537249317294,0.8395634862025555
27.376012947249404,0.2817524940379737,2.7822360764853813,0.9022963517907617
25.103517617325302,0.1826003773857987,2.5577508275324785,0.8367203909797432
27.50468210213693,0.2396482193422562,2.0148349304436457,0.9272225527086402
26.342560140973735,0.26066340232441126,3.458214616057102,0.8372900919060018
30.47540751513578,0.3460915880684483,3.094917917434876,0.9750596215218527
27.145049928634254,0.15296491657360553,2.4498732539367496,1.1537826258586972
25.64721348189351,0.11486946969495844,3.577784226247723,0.8021140171900748
27.964890101069923,0.14181027692488032,2.3045834952381354,1.0493068428278551
24.051616989848576,0.3288460102340005,2.5161861309929523,0.8929352942615587
28.64045365070588,0.12742611735076484,3.433219194095486,0.9278005905822382
26.566912286939576,0.37465091996079614,3.339940015142685,0.822494023119949
24.68715902387398,0.1385055687137191,3.3440311049334324,1.036562693944499
30.91040127813117,0.2774610158048566,3.1898785107243652,1.105514169216732
26.598341656035934,0.16396598459068565,2.0328897846205423,0.8183679007677457
31.28628733780046,0.3662436061693976,2.931452661701057,1.1834768958777087
33.05282837154812,0.3674233694260705,3.336651600277878,0.9186439017843233
35.43639086374644,0.17342232619866674,2.4495945505156187,1.0923544132085656
30.95521821323905,0.21777655617603295,3.576148128950083,1.1199476687750483
29.818334259108333,0.14295528004855135,2.9942646707699585,0.8625421524786424
29.455125755920335,0.20075226737431892,2.212534994242759,1.0172717726409493
30.240612127128756,0.10367061036184669,2.977792703705723,0.9768682586561253
28.12172212809096,0.11229135209802024,2.6004875621101466,1.04661114592609
27.747410984756034,0.3233014836935637,2.739773597326129,0.8334670800321453
34.88404534646304,0.14290957280007385,2.15398620452032,1.142676478121701
28.939087951730684,0.19589065091674243,3.3621611849661006,1.1041843131194016
35.73611058792213,0.19400977663763527,2.594187820341964,1.1209134568986678
27.41448008920883,0.13291045284817557,3.394802366084534,1.0314589513144492
27.196893365466345,0.1188422644157829,2.2024603819071626,0.9240590040040026
35.81164650842418,0.11494004610988982,3.023013198585332,0.9514226055077045
32.20489168143011,0.3270455535844927,2.6075592143690325,1.108386985991328
24.397059914416204,0.26923753547756357,2.9737931903711234,0.837239999019141
34.72831630946443,0.3392079724137755,2.7628066968508955,0.8368267449031531
27.64370851153012,0.2750649964176029,3.5922356034369325,0.9088877440900595
29.98059689181875,0.17584854008537998,3.041517666415953,0.8519156747385849
24.741561568573232,0.29705634844483536,2.1873968503099186,1.1876362478635232
31.397932880549178,0.2906219344818156,3.1087364634172183,0.9245667400830457
29.680493368096247,0.16184284826855325,2.132669481307571,0.9704205942840092
34.26523918059733,0.33331435718087765,2.7398238364718126,0.9420329016226318
33.51169038587755,0.10502533394996878,3.374305300646036,0.8589861963798997
26.221877655031854,0.31450019810012797,2.7114480459931816,0.8388029818980066
29.640842845183382,0.22244955190511645,3.3167016176158297,1.0231843644904175
33.0764495797309,0.28826733584861614,2.7222083259279253,0.827484186804363
25.407862875811347,0.38802755571369385,2.8840765165985145,1.1557246836159045
29.121528176917025,0.3907527754605644,3.353975060938751,1.0821281329424184
32.74982741153285,0.25684385374135194,2.1389226858451096,1.13623442246882
27.192886961514436,0.2988804456978568,2.8195482091528894,0.8674022146553177
31.622303304048142,0.15241504330101488,3.1146188735905374,0.9634600762145427
31.305076856195132,0.3839463288922787,2.9140755445496156,0.957325673620312
30.05500186343669,0.2189192852954757,3.2230068645428993,0.9418909304695411
28.994879642507364,0.28879306482328476,2.6948701614296473,0.9349827250909775
24.65793415900295,0.39764837756409555,2.6109842311262934,1.1766892729443637
25.434540506579722,0.11089485359418545,2.929854732973451,1.1971950418789397
25.44762326319007,0.19460600499636094,3.1497303013128626,1.1311981617919513
28.207747261079042,0.18656451171611357,3.595511515862837,1.0672076980591902
24.67754238911101,0.13875282605306963,3.2957603116113825,0.9415884745337789
25.028946315878603,0.25482126656601717,3.2952572687140194,0.8289208540612092
27.299107396505676,0.1696931055039522,2.2198374298219448,0.8441364351254868
27.067222921354546,0.35565731990769095,2.2147936023151202,1.1999405937704513
35.665343142338564,0.3570604372294919,2.2653000586634477,0.9447021409948219
25.042325058782005,0.13885052891104388,3.277820644055703,0.931174254334146
30.98865177071021,0.24971705280298528,2.1467627500993918,0.8104326024002431
29.527003705786193,0.2965434406477344,2.3117456319481806,0.8459675340305848
30.770326789253815,0.3406796803234858,3.560535401887755,1.1661221585125099
27.559509612830567,0.1663794612386461,2.405540264696963,1.0599019991543794
35.45411481084972,0.13077911235055426,2.6495367416962408,0.9847864244187683
25.781983639086828,0.18352922747271014,3.357662433092982,1.13894280401092
29.971493142084466,0.2920311915835674,2.9932470392593014,0.9750487311725805
25.739987657528577,0.12805310352428137,2.379064840324107,1.0179696235454954
30.2101175583685,0.11993331556878904,3.1764315268687997,1.089930870056599
32.417969876455885,0.25979270404279703,2.811034406880033,0.8643187342487285
33.14095379547648,0.233318430649123,3.5563428282695293,1.04233630841896
28.759534357686533,0.31863099937706063,3.2927212258605296,0.9533537754631026
27.609039227504397,0.19399564792644866,2.982830956077102,0.9913445197802574
33.18371874742671,0.1738028278161598,2.2152747769472962,0.8814308220346053
30.268879455043276,0.13882471198052312,2.010245271029046,1.1507299273633862
28.74942944223823,0.14476884173711937,2.755855917561932,0.9854451446301474
31.08666976667809,0.25310972196195886,2.042002505835344,1.1754474716709458
27.083396956062263,0.20250204801289665,3.1769177519155023,1.0884969449718493
35.47061348867404,0.11440056308210014,2.7824507920300405,0.8943022178189771
30.586894161521464,0.16462203728763186,3.2452321790443857,0.9065637361904064
24.286684919194812,0.36761428248116584,2.204294421450462,1.0212338616055732
28.168174853018737,0.279168745432029,2.7501616691331647,0.8143419908921871
30.94081236977004,0.2196264851556066,2.8892564213335343,0.9621289858033202
24.70319255190655,0.2369630029649631,2.9962020243694165,1.0093621774613462
26.98433373907595,0.3793381209009785,1.9501427603289185,0.875112542971475
35.6772161845386,0.25785771969840215,2.658129898047132,0.9744343122682422
27.544200807563456,0.3617288692114633,2.95256262923979,1.0945244838463706
35.02433543275031,0.1873335987794054,3.449623904076486,0.8864894715467647
24.70880745236779,0.13869677825793691,2.7257390904820094,1.1264819034019569
30.12869947427185,0.10103721205388944,2.984729227597628,0.8567418400747044
28.946784661427305,0.12665536983193187,3.023997725108892,1.1759825383444764
35.48429852541463,0.19093282745453652,3.532436813410168,0.8375707044250655
25.65452374865267,0.10696192106058322,2.0763221052626766,1.0691809658012221
28.48539413073215,0.23144766738077657,3.2654454578118792,0.8817877483428754
27.173848969168432,0.12083634476994397,2.3366789747226098,1.0925437216558944
34.458044468340155,0.11712525482601127,3.5406073796547766,1.03748763200155
27.60633827434334,0.21232010684533403,2.446008557233366,1.0079210104334333
27.029693998999633,0.16148106953094507,1.9462786218363877,1.0776988348222207
31.548893198387503,0.1300354410459738,2.5361614813112046,0.8210144614526946
29.300258473657593,0.21340170839070766,2.0579655801751104,1.0345674171227797
28.38778063829687,0.3759585649445409,2.44716740091281,0.937838962127712
32.16923386470749,0.14348388297973788,3.4146864837875666,1.1935263107033869
32.43591334907783,0.12635706381313389,2.3654614747523484,1.0881957507980282
33.276167046287505,0.16396266363122713,2.3554444729889017,1.125740895959014
35.15550137034305,0.2807676516526498,3.280470747728219,0.8520212718849253
25.0654347704293,0.31520708983802614,2.7939525319920255,0.804186820781533
32.466884360921235,0.12082799593085394,3.3509230522887923,1.155337431946022
28.176103612515845,0.37801202533992284,2.4512941574420535,0.8890076412700428
29.915172659848082,0.21202477358411898,3.2919794527768653,0.8578546616659938
30.060115771553985,0.15355785875627215,2.353949535351555,0.9379299680717796
35.73365891974968,0.10291126022907074,3.456652296861323,0.8678833294584548
30.29471400966349,0.2049284156451177,3.585058319537221,1.1076620258136796
29.157514819004565,0.3314247775810759,2.5660749405749446,0.8912251904220359
24.25013246170336,0.1268823659526815,3.2287591058713834,0.9918971096816334
25.81103940506099,0.2273354028101728,2.496668985785703,0.9291153379556252
34.123737176565406,0.11761601310253784,2.637919917160252,0.9965572227522692
24.515377902895654,0.30393474554345845,3.2931016734813254,1.03114123961991
33.920993240582675,0.13964906547591557,2.5469873515447343,1.1439894145093157
28.49092361864044,0.2435642863204305,2.635589117939091,1.1354168873116997
26.24585479119974,0.2974673005066386,2.661566276471219,0.9407437326133447
35.97682051282084,0.38041602155615367,2.247064670696149,0.9808705093634409
33.373411941143786,0.306827969848107,2.6055322735558173,1.0245231328514937
34.068842316573836,0.14409737503529665,3.13157540896811,1.067705651246765
31.855491817916683,0.1144130851636772,3.438866067825851,0.9062836353125502
32.738504773456285,0.14229507019728596,1.9454133954286559,1.185167160687
32.3232408269665,0.1111702846104281,2.0382218609596516,0.8085525867534202
27.396147623396647,0.3551611618247628,2.276720603783894,0.9729841630514983
25.490884012427852,0.17058413628762462,3.4523998731366565,1.122215171752504
35.060976664461485,0.23359941898810602,2.617498266548202,0.8155912771613656
33.83852645873254,0.1956817365907429,2.3099120610978217,0.9330548436031039
24.822142417961565,0.34347381561368906,2.2154679124180414,0.9784391840356983
29.497978075618434,0.216143984837939,3.16673436916445,0.9598170114783212
33.17254654077763,0.10756086395529244,3.2093021619801245,0.9399647304533686
26.208817702317287,0.1537983541538574,3.359816876165557,0.8755571652584064
32.455272932839954,0.3483701633893755,2.9742766923791706,0.8478184068197692
29.787504858471674,0.3148443670082388,2.193146359408261,1.181889896457944
28.076555328206165,0.3470553027653141,2.186965591379494,0.9055791924460129
30.653983367459826,0.2654678421561129,3.071012474468069,1.1574141511960794
31.77479774442721,0.2796499019966675,3.375793813386635,0.9401584631867534
24.476566417393773,0.21451439556247298,2.9023957447451814,1.0912157938952174
32.06404533035264,0.20535735896857565,3.015446144484135,0.8323315073155051
24.395332585770714,0.16781144248525628,2.352112618596067,0.8852410352194888
30.86479595742366,0.2915660185188615,3.077869603469987,0.9102236553217271
30.421353220749825,0.3494591245809253,3.4566567635968055,1.0161842329872344
24.615482048346514,0.3570952658248052,3.597452627401611,0.8746940756150677
24.418881699148116,0.15500205496190234,2.1832753948734185,0.977634125581244
29.08946193457237,0.12225232579908128,2.4616000201733867,1.1932618228911576
28.03670907213566,0.12442534486292572,3.040981142112734,0.9285309397562835
27.987842642460812,0.10226971750614036,3.4555909929525734,1.1234504462660406
34.04808700792138,0.3072810032823108,3.0364950856893613,1.1971784877294884
26.403409204306556,0.14049261998405627,3.416297420522244,1.1073698687374736
32.53963717270918,0.2198694541979781,2.6467188567311264,1.152034140692965
29.14816129266296,0.3894508456621495,2.849143740695326,1.035867549884958
29.39352158809483,0.13296965464846108,3.48120669743662,1.0212058818846166
34.85311663813219,0.3055100109736724,2.3145421411396176,0.9720281652618712
29.147417127137576,0.31334906629340353,2.664666505842819,1.104843913668239
27.61766868326241,0.1583454041329935,3.0410042033931957,0.9736298929246427
34.751219761261765,0.24574240515978044,3.309385529881117,1.1869397941986253
29.43101581342644,0.10823360162530567,3.1814723807901313,1.0899135994430331
27.392190405567973,0.19037826109717018,3.0786276213190003,0.9589109129385793
26.29005631620665,0.306709040731667,2.8680052883221108,1.0002886979516041
35.043227777982295,0.19825006030926884,3.350018081038245,1.1444713178705066
24.88848752369161,0.3517066134472841,2.235476263326201,1.199736832826797
35.78095947075076,0.23052974122319161,3.467856447752893,0.9191391174058732
31.92567669519649,0.26822178814087144,2.4826466383479313,1.0890043911849596
24.032487238131566,0.2097965706991466,2.2496385095873417,0.8790271640324585
28.347657364521368,0.29786401527998135,3.4819364416911527,0.9645109797682623
30.22868526994817,0.1515822972524954,3.3878962387612526,1.0629568811460743
34.866775612176184,0.2082023286306366,2.6318072226605866,0.8800368064675826
32.051402105185836,0.25752496696063576,2.988095879861936,0.9609907859582644
32.58775236820075,0.22885511369953973,3.2906086611526217,0.8132390666453674
28.704288590195695,0.14403188158390706,2.9284688629904907,0.8820081092223655
31.30856164527911,0.36857746474004544,2.321788909249702,1.001749988117438
32.97858500366765,0.10959672919729763,3.3682969058051015,1.1126893211603208
34.605652097027175,0.24159308920819045,3.0039309716401603,0.9096300759419848
25.485065676667126,0.16408330426335038,2.236285497565176,1.0723769470795865
26.482778612554842,0.34463583582972496,2.5968735000906986,0.8381241281778783
34.935230884379166,0.1162695503750812,2.394458900602375,1.1533098138776996
35.20589681127594,0.2772700380615189,2.6133150782173744,0.8597502311356287
30.71596066660948,0.1557351895797483,3.513947250733334,1.1078479182254832
25.539212147716334,0.12950636793939507,2.9729290237359685,0.9153541497791127
24.682146339322824,0.2904922664294638,2.9157133852779316,0.8009580942383314
24.109440712222096,0.3646177221444171,2.4109933871235687,1.158394373892667
31.88343046199034,0.20084767048671162,3.240190916142574,0.9050192386422901
31.56857681098625,0.22389630132538665,3.158627354296961,1.098422237228844
34.20955917532414,0.14590086799272317,3.0637229298384425,0.8636988644646724
31.251840690269024,0.11909036052060964,1.9503009169902856,0.9385420999670437
34.69806739064472,0.2245072578024345,2.543633741028085,0.9397644313230058
26.72752287286759,0.29128135794925125,2.836983778221885,1.1026613875027138
33.945771682657636,0.1479959021076803,2.687188768297855,0.9255752268430527
27.882253717430903,0.168228289786995,3.197803956231286,1.1789226104777293
28.45611992903318,0.23635668159934753,2.251955688329189,1.0737488443052223
28.264577632665983,0.22372164324190413,3.0822483775043295,1.073903700370542
35.686631278549655,0.11340514467855854,3.3358788505453494,1.1988298326503095
27.151293256898,0.3874408830198032,2.68031237339642,0.8912360553744283
30.828235001635843,0.299589003149355,2.397845402418238,1.1095489900198194
32.45749000229303,0.35042795003483646,3.2546189813128055,1.1237883281781378
25.367455403433645,0.2281139106594372,3.002249134842395,0.9563629906400295
34.4688053246298,0.12565845480253374,3.4975032465594946,1.036179622626192
29.761878851683065,0.20403438714326771,2.9574546693134343,0.9989393143858112
28.586529629910988,0.374098100501883,3.57718863774677,0.8211605151949266
25.891860547903015,0.2534347492307923,2.719981101875815,0.9274797768919314
33.36944091661834,0.15331236484171573,3.1199292802624123,1.0863148423801354
31.38145289748221,0.36610807804581547,2.3874825833776487,1.12861500006196
31.924914461848882,0.23524312319074428,3.5272492192428184,0.8899366932429935
30.76426135649092,0.12331152442315714,2.9564375751775036,1.0733097858988572
27.87238649051362,0.16663350246610958,3.204181625568119,1.1198418828364185
27.554468092977412,0.10178859905839058,2.104405659452264,0.9101399298866584
30.773329498906126,0.31104276592284386,2.144470353289711,0.8654494712097593
27.82210705802992,0.19518002602733575,2.7977110371092673,1.1895081313864313
26.123915429540357,0.28277815901273806,3.5105855975654565,0.9509335562586839
31.91222579722417,0.14540923473334633,3.4502055185129126,0.9395573452349432
24.08993491138717,0.11322874266491774,3.1749402650605756,0.9090819236435895
25.761149772704854,0.2969856594458241,2.498605579185786,0.8893734371305457
26.23394163264653,0.21298289022099906,2.7335108416118854,0.8839198085443536
35.725069631872564,0.39366314911657513,2.089761795709454,0.9333456836055826
29.55096891089988,0.24697671482082983,2.084625542843147,1.0123209487332554
25.1939874808096,0.10001525645365934,3.5724818623057932,1.0255377088709738
33.938559769994036,0.3906635388755839,2.2551077419241974,0.8587235606923743
33.48715882516079,0.12339788886212928,2.8754479528555477,1.0743220183837552
26.75298402305223,0.1184400160063446,1.9916369218558163,0.9255230753778948
29.800297553537423,0.2615559413456383,3.390705781857964,0.9621695895739645
34.50607873198728,0.12129594187802538,2.5271175545285813,0.8502429867257439
35.384724590986934,0.2799975569713746,1.9845597367422607,1.1672016955556184
25.000439218707427,0.1509937312675277,2.7184372405931234,1.010712715503843
26.294227102108653,0.13661923264741513,2.3476997568013154,0.9464253134758034
26.37017015047377,0.2048512904519606,2.7422101883825203,1.1550066444917397
31.088260488507462,0.2364718822825716,3.223061259605581,1.1846745811510182
34.82046556079068,0.25866595875436127,2.2606613548718637,0.8974184277948909
34.00623123699922,0.3675826346043795,2.6741589161520687,1.1998898084915919
26.25846944326003,0.2321768825173115,3.121764558720719,0.8099763839473902
26.2781851192396,0.19314540562312163,3.2406489576130757,0.8388368573742387
29.01801700834662,0.1189685974884313,3.344164187039988,0.9373989931586111
33.26629621165209,0.36549443361535605,3.556248507925874,1.0147834454554776
28.53193138596707,0.15475037606238815,2.1937724438071413,1.1317764411309508
35.80834227665977,0.18254049215014959,3.500636156589441,1.1028740797250651
26.638092706269074,0.3324397629733639,2.6321723042675806,1.1628110568008752
27.001601348450126,0.19089832986303693,2.4401076759959826,0.9727023561113125
34.7626103454427,0.17896096272069065,3.136272817227126,0.8917425782253092
30.383563880678416,0.1001154290846441,2.829621360993203,0.950522129597414
26.62076842665877,0.29649290146154683,2.378351679554047,1.1448570231197748
33.435697839003744,0.3483659254457389,2.1546464771812004,0.8085690352482723
25.568842513127862,0.26997978214895546,2.4884773206812807,0.8552355788592522
28.775906627415473,0.31973076883910045,3.568000281582897,1.0971507591406393
33.25870965976494,0.2763828408123933,2.6421463620437824,0.9365639297740445
32.35037082479611,0.2227358672421414,2.518444123060923,0.9919011476262771
24.0031937783155,0.3266066204930451,2.9885494520466045,0.9106019278459835
28.251292746733874,0.27340990888139866,3.581452225054522,1.0263067496869647
35.47815485577985,0.25648559413346256,1.9735052982406787,1.176654204152048
31.30064847895724,0.30677581666108733,2.576351179544876,0.925716128067466
24.058801797727444,0.2661486366810462,2.489727232710007,1.0529457114956533
24.84433040234319,0.2067002414202923,3.5960366039374523,1.0963750224594755
33.52762583446529,0.3000340919198528,2.021749096983711,1.046468229927987
25.369233029076437,0.16774696319680335,3.197792456716029,1.1952574194892112
32.5359505470264,0.1611788543585727,3.1091182144480998,1.1221424437270737
35.59655358778482,0.14976672401580024,2.99009497930431,0.9235114542656808
29.213989604906516,0.25772392946823136,3.0504498233933988,1.0146154104521887
29.318647020338553,0.10407563548876685,2.5851515018848663,0.9971903992393569
24.214907681343682,0.10428717086697295,2.0408444681086073,1.0932507421763011
34.75254091117518,0.22855314488623812,2.825294915420775,1.089072746131332
27.301238556114875,0.18581765816910176,2.0670623631524623,1.0728083831228992
29.51495643769489,0.20933648657907677,2.460135703236397,0.9418153548631515
27.92164147229915,0.21427229208515097,2.3093169011459174,0.9620066045527793
29.04938294483335,0.12699513259307227,2.1034378798823927,0.9720707172329273
32.19441444088321,0.31035659613015376,2.8643639717298477,0.9630381305744559
34.59606627438724,0.3535108844099748,2.7762294077646987,1.0154842564260722
24.53058500324079,0.23210114740628823,3.113736120099892,0.8282360347666873
34.435395473842156,0.18308384199850258,3.3400109385444687,1.046533306546227
30.235213120209284,0.21913150017902017,2.950911696234641,0.9796994052188931
24.25627154958212,0.13178684741714317,2.419436779227784,1.114847018190114
28.880563859272222,0.1135808782076051,2.1699910332538193,0.9122334757988481
33.29050574762595,0.10118435698762192,2.728416630569795,0.8505516311733767
26.328513050985684,0.3395286288031431,3.52851437355435,1.1788538231012065
28.44729174337139,0.12113284655131316,2.8688149533092595,1.0196636066094742
35.12759004596582,0.28433149337428415,2.434990938984563,0.9313971713387792
31.589552232648956,0.24800886044802786,3.3441297856778918,1.1463189820572837
34.55764453328929,0.1916989167211569,3.296883314485095,1.1092020521292159
26.77616494069009,0.23923234136065652,2.048846240645006,0.9369881925656991
25.480532686840625,0.17997456809701162,2.5166693948020407,0.8761826142506361
30.99591503843124,0.2022133490709076,2.7658378048680476,0.9378978933607505
26.13028878369219,0.2703610335667971,2.112845401408543,1.0403688816925263
24.547442642069978,0.2502844158906374,2.753225205005345,1.0373615267192842
31.261791375424348,0.1637142909287545,1.9481159249001236,1.0323419492599173
25.568772091049205,0.24153615790666658,2.336280348470933,1.0541325854349128
24.581334717520974,0.1128487246827336,3.0945597785135663,1.0622387799045137
28.184052671824976,0.28599592523170797,1.9848889865594856,0.8678880290963022
30.394644208315377,0.18337793040960523,2.8709130210296867,1.1237562328272372
31.306937234607947,0.1722808076333484,3.5442263945742964,1.0424839655086342
25.622879041469602,0.35428777150037727,2.164149733636548,0.8341182032443789
27.836462881460687,0.2369218190315929,2.7193066604526175,0.896168328843115
24.306999954110317,0.2311085698227222,2.2244097233329407,1.0928194847880042
29.279618822737266,0.36783453752665946,3.4189987185051933,1.117614774420685
27.244851071505742,0.2994352570256386,3.2195408519546795,0.9475740720592319
34.08121144569315,0.32970741569018724,2.0389333492394033,0.877403980034074
28.595935801837737,0.2858336605928944,3.0117964271473037,1.0808356978681442
27.93473830150907,0.3857393303586989,3.6033761751564723,1.1518768698302062
28.26467822528598,0.10064848352043959,2.5712690218082805,1.1865768405101027
25.526811612820744,0.10751962263314022,3.463801605860575,1.1231391307176444
28.318610784052424,0.18060360493811226,2.789623815683909,1.0666809973701237
31.23756841530316,0.3059993336851993,2.552371108291469,1.0384714023246195
29.481362728416954,0.22140088464857835,2.658691135241937,0.8422959824814561
29.022099804100264,0.1732434718842972,2.7766961116997066,0.850000449255844
28.845481030945862,0.20615931322878375,3.548980971234476,1.177488437350879
35.24359115326382,0.17421515683837052,2.576407527481186,1.048972187965881
35.79634364484636,0.12642211230389527,2.8336047820885812,0.8143283753800976
25.644468179842825,0.37598894304644354,3.222022655842218,0.9183102449482152
29.555618998412402,0.2531933842762785,2.359795052678354,0.939739345137001
31.270976169876956,0.18320149052078813,2.1473691027831427,0.8823352645865713
24.444617106200504,0.25729759507269273,2.6140261937297216,1.0151017146048
32.07480462713167,0.18656018584438516,2.8590790616207236,1.1156732650050505
26.701229531900218,0.23481762736762649,1.9516249637323093,0.9977429167753468
31.45622416262639,0.11569273526292978,2.530093332146371,0.9777292835600662
24.823645611010875,0.3835542357527592,1.94532407247163,0.9778171634386991
24.158460074560264,0.1761338315875408,2.4690084677299726,1.1974661594186262
35.662830886863006,0.12102869425144587,2.8783111303935445,0.9390632604986654
26.838786102164164,0.20751415010854443,2.4378778341153424,1.0057575709151199
24.155523324932123,0.35518932171738843,3.079191878827329,0.8354440554724007
25.298310806782332,0.39188789609392355,2.3157886737046383,0.9951344358319892
31.748381686516645,0.15581604837150032,2.1500077242753917,0.8983245165963972
24.99082621537452,0.2371262084753341,3.3002246084369578,0.9940527278176978
27.42514288083178,0.18545777109005274,1.9939524465562746,0.9833975339524498
31.888322798605028,0.30306762176228647,2.9646886902639236,1.198429017482435
35.88185170291085,0.14826509914700373,3.3767353196110124,1.0472111732599778
31.873584749061223,0.18593007951586416,3.379950001637576,0.9349253766687785
29.276301922431113,0.11048316144201285,2.459792355932778,0.8277375323441997
32.87224599268581,0.13000907117306112,2.7856246294751505,1.1068217329931815
27.655071925415207,0.373228141342108,2.5898649964562264,0.953192110378417
24.69378841116222,0.20204187404214646,2.1915373645984566,1.1646024329788274
35.76056672503079,0.15586849489176355,2.924118614169126,1.0531296031192439
28.083423568083944,0.31753157166676904,2.912715870512848,1.0836939098887193
29.197824168942613,0.2026352748471547,3.027191008713188,0.842255401804687
30.826287166032106,0.17387164449198592,2.7308330182544642,1.1359031181190213
24.3776414891924,0.2243646084536789,3.2097821772576807,1.1984161058268108
35.09672029042092,0.3631817324475428,3.096940291904123,1.159070396062757
30.050840678694716,0.3994619288098649,3.520542028265554,1.118600749226578
26.89629577742942,0.1960633341872291,2.457657970936178,1.0741210581291805
32.220670137585,0.1926995471202853,2.0593589699057935,0.947927323539985
24.902692683540845,0.12964628088809263,3.19796289456495,1.0597811094109268
31.66227581185343,0.13222042634868547,2.922236413860797,1.1027525028378045
33.685883827942654,0.29919409771523386,2.111902738936334,0.9571333980403072
33.11458632696503,0.21404190171042115,1.9870919014738888,0.9909496115858796
33.33966351189206,0.1776544583097652,2.72127327937436,1.0246113403169823
24.566034896458667,0.15295881295289424,3.5418764359186117,1.1877739232589115
24.888468191767274,0.16512333455480502,3.247143299506656,0.8757574025927937
26.47398341368102,0.18311270420643352,2.41260997011823,1.1802010981394244
34.10328049356474,0.14450484984779619,3.538617550997575,1.000048541255065
29.19520011757156,0.191057386627064,2.0884856643142506,1.0088222603617
28.60550410556061,0.1038896831942639,3.18519681644993,0.8262039811760552
30.327094096136015,0.22203655887770718,3.140756580714728,1.1627932681838602
30.123161421929165,0.12811634562912136,2.7152363475851855,0.8672147698428869
29.16310466887075,0.332383067938466,2.518357552480822,0.8434773731792733
35.274738931877486,0.1816912949924301,2.307676826517226,1.0311899882929239
34.34198929687739,0.2364473576932825,2.610414130089211,1.0634955821232686
28.590469880875784,0.14314176171042386,3.3577870968513874,0.890517079131505
30.32741247778618,0.25522031722704086,3.571499224857215,1.1958998461928034
29.293896775531916,0.1006854444274593,3.297435362732513,0.8523095304288383
28.029399404252562,0.2591545115641363,2.526091856774883,1.1373448787750977
24.594718163282494,0.22750927705223636,3.211474896419884,0.8334993928797001
25.440744351746606,0.25371537341055656,2.0962245347454247,0.9729098268662291
25.60205786087252,0.24167115176219048,2.187590260340955,0.823919455589091
33.584769295924296,0.16415641071501774,2.3107038362274355,0.8663805347120955
34.36756490611276,0.3815464338648182,3.265611294501276,1.1111537063913441
29.696202973625763,0.2067490578999054,2.563802932207586,1.1558262365548957
31.082434490059576,0.1783945734606282,1.9544461711970404,0.9711378632964005
25.380782538643164,0.19872458470838936,3.3928965213511133,1.0391153335751082
25.34206718672517,0.12621746422125124,3.2974468279524265,0.9459914631514192
33.83606788668931,0.15348066896385157,2.4439119566787637,1.1991174766917445
35.86059049919249,0.2088607371147838,2.3684761715754594,0.9894086196166236
28.370545833939946,0.3522171863978124,3.0011579419272776,0.9851088519386962
31.963185386571627,0.13096349489123768,3.3569152891167757,0.8599729953794002
34.11531446573726,0.14844109284996823,3.2582165103137983,0.9049432786119441
29.023594773706996,0.12356418889524559,2.703842745916874,0.8743185666580071
33.79049063636201,0.3023884360016657,2.455326054715217,0.8312151851178514
33.18698225032783,0.13139436802460977,2.0113785805521043,0.8499783975159423
33.84330756167957,0.14583247061106663,2.484159538384468,1.083648874875412
25.507128874996607,0.2742855660807263,2.6262123526103602,1.0117254055274332
31.98110352347447,0.10437311147268635,2.935798849517985,0.9058449855800229
30.81610842190994,0.33398379084602825,2.0604817621470213,0.8129602040034536
24.357299386012855,0.3464849851052515,2.617538735386037,1.0834693842174414
27.63781063922202,0.32988314414209946,3.3333303958111578,0.8101581250877438
29.601080570679535,0.11277182387392,3.3818465305114067,0.9916452586232863
34.53817286936542,0.16040586735290852,2.227889973241146,1.1607808730596745
26.701361162282065,0.1287996655407669,2.8846344609003722,1.1993930493850677
30.628190550228908,0.11149750839297966,2.713633755679919,0.8518522980781063
32.79878182274834,0.24020890454124585,3.1600926521691233,0.8991638188791812
30.13332547627594,0.18625498230481352,3.4383788549199723,0.8787445890324699
33.20967091918937,0.32027123360893117,3.0986899523034093,0.846387478219042
25.118877652832886,0.11775207527995145,2.7611498491098545,0.8832310079498178
28.259730379346866,0.2505816914093683,3.0011836011880675,1.142436156352211
29.93691641637472,0.10302426112953256,2.7142818452719384,1.0115309986523617
35.36785388854315,0.17556358184013277,3.291360043314546,0.839528990919134
24.01297420050099,0.22740382547774105,3.6009617095903423,0.8968547607749031
25.57188871200532,0.18163449284451638,2.5555418832533774,0.8766847297283046
34.93478392466296,0.1453437590382609,2.1991645936705755,0.884785405533468
29.004924722902288,0.24401669200344586,2.020463759945208,1.00483851851296
24.366319169652698,0.3880366797201141,2.160705782854276,0.8227494677900885
29.350688883019103,0.31239413515567166,2.4996193388587886,0.9942390176222525
27.145383460723462,0.27674061722444576,2.37138238242559,1.1468863544862131
24.21921970444181,0.14934957356585837,3.5619375935069555,0.8825555412552256
35.577360171142054,0.2591330715521138,3.0338356160905584,0.8943272575651052
31.42693933707776,0.27461141479257045,2.8575339173264322,1.02254666204222
25.540353107991105,0.24230100626690532,3.026606392968476,1.1287633668464183
25.338069994846524,0.1941178629055787,1.9464482252867588,1.0004549701342336
30.081327480779375,0.36884544386785306,2.032916416798696,0.9309118926941533
31.605864391863484,0.18048469019133337,2.301490935928269,0.860040285144494
27.932699743030735,0.1000929452806755,2.3681293770550487,0.807375719838045
28.343790245668913,0.300583618342966,2.376003626968162,1.0481581178681199
30.41624445996606,0.14574944441139556,3.5505338480865505,1.004943079144627
31.472417597931223,0.23154411823478682,3.4898288134168567,0.9027696212149708
28.96461880027955,0.13021938780240602,3.2677358262019105,0.89387669212863
33.76577931878151,0.19121959123590082,3.185838295402898,1.1107228049381637
31.319871612781935,0.21606266453919365,2.0772482201608558,1.026570604954237
30.80544175808921,0.18229096143026421,3.257249478574931,0.8343643355121193
34.96077387820738,0.1532115685382207,3.036901230337159,0.9924523593254462
32.03571589337719,0.2393211669315091,3.0734099003833264,0.8947671893466294
25.1868852885079,0.2556354611721649,2.3435821368192378,1.0587620578421597
32.842021488789435,0.32046324637989165,3.416058708247418,1.0686339368763955
31.49731263106225,0.28657954270630825,2.8601952431409514,1.064336479243003
31.681374520770454,0.11396865680390188,2.427177308996594,0.974167241745281
34.77447023814831,0.2209784633264177,2.4155979612495555,1.0699809343826345
31.684883612536996,0.212816147246284,2.9402280750078322,0.9142038804137117
35.16121525341099,0.34712375501275017,3.177447431402273,1.0565685466710215
32.948293544828644,0.10421475899767006,3.0772938856046577,1.0538720586389112
34.87260062531881,0.22511675907079406,3.3227543303353397,0.8814482673791814
25.38722778133895,0.1492323930440822,1.945802722549147,0.8726196015427664
30.668212070700363,0.3111561636865159,2.230836328167904,0.927961740832511
28.519061000344244,0.38947172325699947,3.209101371265276,1.171935735531779
30.24864836969385,0.3089928740736889,2.62443582946708,1.075610591034265
35.779355299297066,0.14022688100021616,2.6294276155590555,1.156352039356863
26.06206726510161,0.11074882211674603,2.2252515793575878,0.8533786856099457
28.976601991686888,0.36914328188431617,2.9600499019189375,1.1737111647887704
31.592796839400936,0.23967838468619862,2.2559446532640464,0.8452332772998181
24.486328632336978,0.21236484952758838,3.595011124875031,1.1683000655612163
31.314153638419192,0.13275480722529356,2.5528222654452457,1.187422144483106
34.036449366227345,0.13489533487720387,2.782183436476201,1.1127244472888478
32.309616874420044,0.20342625527987562,3.326068922682481,1.0429836911414114
33.509208289171156,0.22924243883465945,2.7847956339046562,1.194200192619268
28.813008404828835,0.2385888504797908,1.9931555825914944,0.9505965332208214
27.29639741412792,0.17751552895406006,3.48208469082862,1.1821575892738303
35.65594845315434,0.10107592434728185,3.0993504660208866,1.1912779733883165
24.32149568401181,0.1519829511203653,2.642859635995524,1.1600734498355862
30.684715434530386,0.12140893190992125,2.902301312566921,0.8151374356675928
32.89320764950778,0.36133754208989016,2.1640075125675224,0.9422382342784698
26.98601878803244,0.16030877410774136,2.041453090778115,1.1658994578752475
32.69114379561463,0.12220585870535504,2.8852802540979687,1.0961600935082774
35.88678585759263,0.1293199174147254,3.5486740453520356,1.1597720330163186
26.918024736940172,0.30231602387405615,2.4787145707066713,1.074961410996356
24.964454229418195,0.39770175920973916,3.2891151134372842,0.8026333767450147
25.47534268518395,0.2928232305706578,3.4717453509925993,1.0822784921369575
27.984762140311453,0.24240773802946172,2.2907086932006524,1.1456628527712547
26.397466027511644,0.2702265868245797,3.2945387192417543,0.9676617298616246
31.614748558703468,0.11257813905935105,2.018525639886659,0.8628439970879284
24.308964760223652,0.12941792323813067,3.3156762716483072,0.8962373880363762
28.15074038090532,0.16857771065716642,2.5475407281167812,0.8554411606028798
35.03740530673116,0.1332572420009478,2.9199134653222276,1.0112514570214663
33.85786245787381,0.2936834595562692,3.1302668234639883,0.9741637293787719
31.433519862016926,0.3903024800920635,2.954097446957309,1.1260580112060012
26.047974826547538,0.2180937308123665,2.033474991624906,0.8737960817423148
34.37715878021432,0.14469110507232075,2.0482683818617318,1.077541929572684
32.890277117603155,0.34492494433708915,3.5494623606974125,0.8018688633546533
29.905348486804826,0.27225900164901373,2.6351318237962333,1.1000850889688403
35.91832975979261,0.21950675141326875,3.363830308286323,0.9323816711217452
25.755928267935722,0.3427687966645352,3.0023790769044307,1.0095825693043574
33.969478126220565,0.10789713739703871,2.1817943696251336,1.1714212239100166
33.094644835275304,0.26363696413129134,3.5869496379828445,1.1940614094355881
30.613616569103517,0.3007226818868598,3.377411119414921,0.9407450757899478
31.857241013310055,0.173596788832965,2.32596986908795,0.9650487656648253
31.47065450558258,0.13154941673177242,2.6616240640500113,0.9860419354799548
28.03145914340541,0.19949346408897145,3.2932832948577127,0.8832527330371028
34.23035174391626,0.29069172430252327,2.58198011169756,1.0813606539802405
31.30446109422596,0.10825372516151043,2.218713546481143,0.9499069759096257
31.873145725105587,0.2808083892097208,1.9586094904734626,0.8112911617899914
33.98203063469377,0.16208370916502643,2.2536696995540253,0.934243752641287
25.287519799541112,0.3840210956357819,3.095830569886194,1.0453661474123774
29.16291754585462,0.18050746322763822,2.409625635350613,0.9567792617859541
33.988552245059985,0.16182827028431856,2.1316607923364383,0.9839588266501164
26.065750454652488,0.2834388697448523,2.4395598135390624,0.9301157928871527
35.45953052476525,0.39765786958700783,2.6120405113768004,1.0667889803093376
32.422294281376104,0.33260607849996215,2.0979864092715936,1.0998764069477402
32.76700130829979,0.24039802387731557,2.3703712287621195,0.8856904078012963
24.736501452782033,0.3308909175903738,3.139214553420669,0.8666091732682564
25.269812385212024,0.21253443746012632,3.445804623598762,0.8231216581002999
34.05592817198647,0.342223925188188,2.8850824585775254,0.988518339246127
27.35621205522668,0.11803132153990481,3.5160727567051286,1.1731404406683374
29.290099353048387,0.22386593376610767,3.2661653600293765,1.1397627981932386
31.55643558663739,0.2755810836374694,2.62052828367577,1.1927075385532024
24.73375387465586,0.37413352973912506,3.38845603325908,0.997570866529587
30.508935152190006,0.33552952375430833,2.1556266677783347,0.8792557825196069
32.772798573435004,0.1272693976252359,3.113473038455042,0.8572289160107844
25.518890723103702,0.12390947153208419,2.0733416089908197,1.0599746847479545
28.585211084359745,0.14767773698100914,2.883405326403423,1.0143455657450915
29.93672735192915,0.18163296254259162,2.6966116329452614,1.1497399253762477
26.09230807508846,0.14360795960165837,3.22339041867894,1.133391454245851
32.81605436625603,0.16658880441240903,3.214351938696723,0.8296134422707941
24.348303461502468,0.10359354766290377,3.2500824591857738,1.0851288032625057
32.417813531153364,0.11951808540129823,3.383377496063117,0.9916030055737698
30.041476109569594,0.33314731593257296,3.271187892541761,0.9328507914455308
32.62678892811056,0.2021122906675703,2.905473772190911,1.1033837822072554
27.409803414675608,0.30409563972481324,2.3487841840834274,1.1444112727870295
32.47845612121779,0.2753963266593489,2.6102932809103594,0.9945777862181817
30.71424611001099,0.17664261638165554,2.81815697374067,0.9232978753067643
34.85505025635159,0.3689705989826518,2.966941919528188,0.918220750931305
30.639021443230003,0.2717449679579686,2.844784689028524,1.0743332374172354
34.041657944151765,0.11809427614265651,2.0888576044792573,1.0602119693739602
31.295974419401382,0.21213648099409196,3.021824004023034,0.8097702941787965
26.904654295220876,0.3633615670917586,2.4498018078190706,0.8141306160112712
25.142052978465248,0.12346159054584238,3.309742698929376,0.9651391671365492
24.601759086387286,0.15269035824966967,3.45321993433298,1.0172236971187043
25.700747296895944,0.1337843654670087,3.402177917948947,1.0876321728996416
35.395116946207324,0.10286826234986152,2.5503716757652324,1.1251552721785036
25.235790465168343,0.10823490193751868,1.968853184510611,1.1645636230682523
33.3423170188902,0.1870405675252773,2.574847658175739,1.1581633527691604
30.50368915433917,0.26982395768816925,2.0433354225131657,0.8588091422216543
26.19235491139689,0.34523133096187064,2.6271533487998724,1.0747393361501003
32.8291115528386,0.18320299503255488,2.2469105780722916,1.026128755355395
32.78864052430047,0.12238109219562143,2.7208541107536828,1.0906861418680585
28.331158055732832,0.17655120189920676,2.00729788825659,1.1507575355927735
29.291576346417266,0.15192655034360866,2.6738882811343725,1.0820788806996187
25.96273772432437,0.24828302402902575,3.5236026060162193,1.0019304227964412
31.358673369351944,0.22824646890935757,3.573089763343554,0.8616350035148335
26.18732192871844,0.19461168912655288,2.562029774360588,1.0195440828400215
33.05978819739559,0.15868088920543416,3.378801635784681,1.0482588359962173
32.23862770510732,0.10954301565503313,2.3725745608072546,0.8642136870721704
34.38489715442505,0.10966874169949124,2.207258637270658,0.9056737481023404
35.149505025306034,0.20651735824095435,2.9727260561478466,1.144844036444138
35.422637923424055,0.11601241582300713,2.885834702526706,1.0285089455734668
27.572353159971556,0.24087339216162898,2.72858576141514,1.1382608244540973
24.7118701872355,0.35902129477684913,3.0917836079482255,1.14522664154082
24.44338010634279,0.2540629005951389,2.4420306880588485,0.8096119779950814
29.020283312492904,0.1806343117971024,3.1070166634836833,1.1524104217358
30.817679295518516,0.3114040229741934,3.127739801995805,0.8881066203138405
30.375797907516095,0.33170265503787566,3.3750192133035073,1.0910041192214677
27.30664473526546,0.13321923865464122,3.310050544098921,1.1635434731869578
31.817894231540638,0.28614050448427364,3.365965454180592,1.1102612016030318
27.60628373881887,0.10524230442816794,3.491680618584463,0.8790066245443435
30.267420077919436,0.20066877122910826,2.125911436525508,1.1180658001077608
26.270497593864775,0.11461922514200165,2.2459935036325933,1.03128758060322
26.08149167686368,0.3364411171891697,2.5007162853091622,1.096505107194999
31.66392142281881,0.3427969054962525,2.0962193357177252,1.0732868276558274
34.89393158996979,0.28537528206266444,3.5961435112999722,0.8531382080315586
26.845844323959145,0.10491942035181341,1.9502671078901122,1.0936291692551152
29.981618103434567,0.3701714826056477,3.06213272702758,0.9308696969745865
30.329979180674815,0.24826589054102308,1.9774161708865123,1.099965798167117
25.66614371175274,0.11216926880168283,2.3205088037223387,1.074967150766465
27.65893667433441,0.21547412857540002,3.550451683265173,1.1758546709845707
28.77766322032829,0.14062391829785337,3.4046568111053275,0.8144115601110211
28.093218017228985,0.3535934372189127,2.9265688930807325,0.9592734302972706
24.906880914075895,0.10546724913789032,3.0693989756785243,1.1260319954667983
26.116248518946374,0.1610490847871822,3.0993298499096986,0.939247116296251
29.04715223690643,0.13292363338450983,2.7984830611792897,0.9153780988293937
34.52697922922848,0.2485638301389421,2.9764563977805967,1.138446169634081
27.677095901797674,0.28999359124594976,3.3684180718266794,0.8063222345742953
33.29251711037,0.37340803544058426,3.0268207315172484,0.872496724143093
26.318112751151126,0.1338235723949409,2.5531047617712153,0.9780725015238725
24.82766019940795,0.13337923791329867,1.9984896745544192,1.1121457932853578
30.692619039174726,0.20181851010561733,3.0626227985655823,0.900933667518416
35.98525768461769,0.31201191775729287,2.8380202253042346,0.9444485655870438
24.544261510048276,0.201441785345104,2.5362696286736806,0.8866188454770235
34.39057709380255,0.3271832543710318,2.1425565502168347,1.1740602359699728
32.12204519303124,0.22660059594296944,3.0151136932597096,1.0707822803718923
33.55780966857191,0.39045678491065394,2.0804743114778,0.9784741121816559
29.777362678690693,0.16924410961526543,2.801081353122412,0.92627168972122
25.96678240884866,0.3702007898942906,2.233875542287113,0.8752216462057696
32.418104141888286,0.12508497277293773,2.74984750452539,0.8454590891413184
29.316719582675955,0.2560731137235031,2.2936844511901824,0.9531490389031103
30.82742509941836,0.13522655455425972,3.2169734762889615,1.0124328779956346
34.223402508119555,0.103502962177769,3.4246621137737745,0.8375898351712466
28.3780168355475,0.18402835927528857,2.622795255472743,0.8331793438647814
26.567676832748337,0.3870811642422269,3.5890488412392076,1.0957467153225249
32.90151951064446,0.13934456152134925,2.9455306429390546,1.0230632417127166
25.433324911236003,0.26105217395946345,2.1824061152566805,0.940834232843855
29.141772140526193,0.20522440181486298,3.5873922849683844,0.9859314016352801
29.91586563419702,0.11304684507448458,2.7067487206925356,0.963511592124283
34.647674107340265,0.20246446098807236,2.245670708511821,1.1406606281550522
28.787840447265804,0.3181784772721878,1.986380099732056,0.8688494876899383
33.44592482908243,0.32954573644279356,3.4057910195588716,1.1173414052243928
31.15700059705936,0.1266665269247629,2.922356130793602,1.062088165034794
24.943929588179223,0.1030992818181183,2.922712753369779,0.9127095840573538
35.64846339550658,0.20893948498359444,3.119427597581847,0.9398566226956828
31.17076204695358,0.37376371174480716,3.49678685219186,0.9960608141093132
25.40489782160348,0.19352816724492494,3.484994784282858,0.8000366884564047
25.8409905113595,0.15348232975220577,2.5335162875904156,0.9889181065318459
32.448728426153444,0.21950302946222566,2.0703592035656455,1.101676720173133
29.101321067325234,0.32366168696886527,3.447775137611268,0.819938003728156
32.22822042882425,0.28958096332497346,2.9597390936152426,0.9638209899672578
24.41713036497651,0.11074178574269221,2.2344959705176373,1.1035669403289137
32.68605882231705,0.3720316099568531,2.4525566870887174,0.9961263198294039
30.234182501891983,0.3899216266204972,2.9396967525785334,1.1652811823225047
27.013128354826577,0.2824780438032867,2.170640860326352,1.0912894820675547
26.311987731740427,0.14044086635648667,2.031507139093785,1.1114045573878315
28.490699879087494,0.1152777584632498,3.382850658952915,0.8136298523932338
33.26185843713421,0.33884576198159294,2.6150917109198906,0.9974795094588409
25.808585825713315,0.13845436790721036,3.5699200463003007,1.041731648248217
34.69836719045181,0.17790763780025812,3.4793530536110966,0.8752830597632619
32.71609134833276,0.20791495059653953,2.725987801676523,1.020621720549367
34.523994301146324,0.24208459368891722,2.109343677556372,1.0004660049121967
34.249360330457556,0.3228319827661172,1.9899202956434472,1.1350954519696135
24.9970544409312,0.3658804786619021,2.4138565697972885,1.1332784376017904
35.52721287047926,0.11197140343038987,2.001574924833211,0.871257531276193
27.293058904019627,0.28510168418872556,3.3697517303963282,0.8662561542897341
35.35249740727181,0.20382676600510014,2.591184733958137,1.1862856267632442
28.724403790547377,0.3750578695552531,3.1134505346729697,0.8387259648859893
25.042622705871384,0.33527138601043577,2.5813890887747797,1.161388659967931
34.07419117464727,0.1274169942664609,2.5837487684932845,0.8345440070126837
35.24339349644953,0.2209112741767465,2.847979797104969,0.8865403905554242
26.279179604475868,0.18395885650418164,3.4440388562646276,1.167594978171711
28.419666076025553,0.30898784940130775,2.4576085833868007,0.9970441393487778
29.167060949200216,0.2660982420401627,2.5801979296334063,1.035523530838135
25.749085445243175,0.10878346290828132,2.9500101182157903,0.8663500683808085
30.361077311002862,0.19003262121751976,2.897931970245169,0.8363667744144483
32.19241921297346,0.12574535188973637,2.2979039291267456,0.9686830409149825
34.82635609635204,0.16961339714336032,2.0280352571562776,1.1970542903941612
33.606295884534646,0.14038471221660961,3.530276357447041,1.0255299420384982
31.26172636823581,0.10376954542364421,3.231124972386526,0.9170658299020569
28.340839232173362,0.3704866346861748,2.402688917234807,1.0402746483149021
24.552588030469202,0.3066275329373001,2.586939782502791,1.1407826226124544
34.696898165102276,0.14086939364023407,3.2237708605795894,1.044725730883498
27.086890517947737,0.27833215321896,2.411922618338749,0.8371253020931265
30.476672048277877,0.11136280767985814,3.1940711322935247,0.841715226399391
24.12757205691191,0.22266801390297963,2.162714665456405,1.0994170219387613
29.50650131002469,0.12264625729129874,3.301800356712388,1.1271003933109411
25.229792506304264,0.2535859582961936,3.202081381832818,0.9392243265328012
32.61979890816538,0.15282183394744367,2.407965576045289,0.8400182077222933
33.297190049180976,0.33779977084007573,2.7679736953596863,1.108994374653527
34.79067807335233,0.12819507564914154,2.0825446227399507,0.9402275840620778
30.244751874599782,0.3596003601934674,3.086026636259356,0.8593716502397191
24.91679712215523,0.2576253278470263,2.155028456102818,0.9285222799156392
27.600790980811905,0.12479273184486234,2.5459628902795015,0.8342704787496991
27.272543479696296,0.20075727121768572,2.2815740235279827,1.1050507037878594
29.86547101857697,0.10614080716188604,2.159415242778599,1.120505569216138
27.529266787449256,0.1221174348492754,2.1673441849224617,0.9492754954623026
32.73630469768559,0.10397707848240262,3.117187996751214,1.1059659703659188
28.77787785996321,0.3940717800782474,2.3898437934439567,0.8044507376181542
26.51656483757927,0.1088008728711315,2.8581101737445405,1.1004482225809231
32.09463469856525,0.2958708162621763,2.344933891840765,1.047395152020786
25.47734343930021,0.11666884242719114,2.2290137757257376,0.8709583502449831
32.58699212358279,0.28253717074746204,2.0935187747077544,1.0114703947970725
24.429170115674737,0.129225544119627,3.429807171335936,1.1495152244078817
35.13191365331503,0.3845273229268838,2.9418127187005267,1.1018536744727954
24.308169756730628,0.10089248343278533,3.354026076352842,0.8745991093271799
25.015162685652395,0.12497327960977056,2.93129684774476,0.971436318221394
29.8749579283596,0.35999915158366386,2.2798191585042695,1.0695763885105911
33.91141848409857,0.35094963588646444,2.5230669209333287,0.9993025877484364
33.176952246951835,0.3654608125031331,2.3966136165017584,0.9640448354240376
34.30593264654871,0.11132110267894013,3.481389623889004,1.1757197105564496
33.65469104020953,0.2194656806238614,2.042930969527273,0.9166667495862676
34.618802664338965,0.1509921494950611,3.5435968498415935,0.8454417788033222
25.22039642315495,0.28325063870774003,2.4857533604276916,1.0430157313966328
30.00782764602226,0.18525939083275844,3.344423868808614,1.0092733362512336
32.20001291955804,0.11941866959958634,2.247047916134192,0.9753345837342945
26.459211418336736,0.24843928938888382,3.114598411346018,1.0063883908956062
35.53915478700694,0.3223808128735109,3.1210467154912536,1.1673837901142443
25.743949619885207,0.16757280882796788,3.268404888276782,1.17122530343009
30.05615141280836,0.37880909621823317,3.26762987151985,0.9662179135535138
32.14652561495454,0.12048850315534887,3.2135589215248,1.0424543823335948
31.783743208229307,0.14095073379645415,2.682185131522955,1.1698273943556459
29.595833513460963,0.2757039420760714,3.1003653359363783,1.1916039182860447
27.012363937438124,0.1667401664033402,3.4065174892818963,1.1063534467858576
34.71641201767727,0.15828778769155835,2.350206348827691,0.9975902947393821
33.86242330935503,0.1280289966124873,3.008677817010444,1.0896598860119013
26.178026244006613,0.10635881515625295,3.197900519789717,0.9386151374519799
31.83773416406361,0.17131687408982627,3.1816698627755207,0.8918326359012094
30.510290285035957,0.17894490160340182,2.5361296486383638,0.8563674231451027
33.49528502893051,0.32754413978754104,3.3180951982722795,1.0608538870122528
24.82581191053384,0.26457832298175116,3.0520589935980937,1.1484184585006807
29.049387747616844,0.12670614602791605,3.178894085752746,0.8940967441668838
25.736474852329515,0.2533350449656721,3.4531241207351093,0.9237013386658322
26.58059220452107,0.17146889206710492,3.0029399861712363,1.0587350001271254
31.89650721623325,0.11104670899982255,2.4596283644593857,1.1533888514603103
32.223684302523935,0.10860067365895452,2.526892872405774,1.0751998845500865
32.218677103697196,0.2415009149073388,2.446247144371493,0.9058089783715194
27.473296753698087,0.24323373217032654,2.7446532923791125,0.9012743681521673
26.95503684459328,0.2710962122734744,3.1096079395867013,0.8590505602541959
29.91121774060887,0.16529457410775178,2.3421682085225837,0.99697225343715
28.350375786065307,0.2204784505168815,2.850063667520538,1.0477301695534926
27.029450542560234,0.15514060953452913,2.0738047071609333,0.9517507385517782
29.937416224560174,0.20283621230572604,3.1049765580017077,0.9320845041463934
30.556423392204305,0.22825377415191728,3.1817635893021574,0.9715775740760569
31.444452898010272,0.21287139738576488,2.7907224775990964,0.9978338548890491
26.2624095439065,0.11909874817136455,3.0705702130999257,1.1755984709927114
32.95218269717094,0.14063995814020477,3.3010781985178625,0.8404057328707666
26.595643925379743,0.16733408845532813,2.548734160998235,1.0040289437280139
26.281997322373837,0.1649417532186141,2.5171996054072148,1.037418610886535
35.48516931306186,0.26943826571221874,2.8933626870315914,1.000799447051724
27.88170492966544,0.33898655298938296,2.7423966350366586,0.9426381666536536
34.49657663152943,0.11881701906099747,3.56684214323549,0.8518674979410727
32.58016945876678,0.1072566503998521,2.470138431000076,1.162414923354908
34.75383844967186,0.18464656766914034,2.7085227364478555,0.9757281513558343
29.393282405990803,0.16178817931902495,3.347678763685936,1.1293427587030505
34.4529814707478,0.14526052177926516,3.5490180232020334,0.8871584104781242
33.299557901341494,0.20944953483827444,2.0466173475444487,1.1955885035677936
24.02456856177565,0.30341084800298496,2.675818823389087,0.9715792385083456
27.78052958206667,0.16162950998536363,3.0712937570667433,0.9091428666626333
33.11613109952089,0.19755903315231452,2.492316869438553,0.81266441054504
27.984910176756927,0.15840512565163445,2.258655727424338,1.0484348769794198
30.467450936206735,0.3838719781362747,3.2294281679618013,1.1028341612450434
31.897929044225144,0.11308025882082558,3.2126200777712124,1.1030678447812545
31.038653005342614,0.26726501890225496,2.0582779738507444,0.8898066884804289
28.987870170656574,0.11182500391144506,2.1248943887551284,1.1107769084177395
34.42748079578598,0.1019960673032227,2.1555473887970593,0.9318608687356927
29.594458099598498,0.2240184378560661,2.971147714325602,1.1819171595390312
31.331685053717695,0.27308882737638973,3.1972971970329986,1.1685629864976455
27.4135779532474,0.10144276348422128,2.4843452977033547,1.029090535099836
28.99760529287106,0.1052470954545509,3.4094464449106194,1.1246621001997819
29.31037295085828,0.34524981721860115,3.1061246883166738,1.0437648934597843
32.122205541530235,0.29518537985922244,3.2204854209403946,1.0303231283916243
28.420399120012455,0.23264609954149337,2.9710759591408933,1.1722166732452266
26.368186883053124,0.14758236334011163,2.2083003292887615,0.8953725131995098
24.45170547489319,0.21266231312613232,2.7677689429745502,0.9846206388408693
28.836858205705692,0.10658300757597541,2.1518488612436157,0.9809263211502459
26.281959486789486,0.2913390933276986,2.171978974121742,1.0468572819599136
30.512509167218056,0.2384060251203089,2.137714432834542,1.1073832124454235
31.894987942350674,0.24670907617216187,2.935797584533126,1.0914684395864198
34.37731102573607,0.2669071179017769,2.7998085789335914,1.0964737592385256
35.32878365740491,0.23241142653782376,2.2604603343928322,0.9195552780083273
25.513419678233998,0.27332119607116606,3.1090950662949095,1.1690342613214526
33.711941645433306,0.3318180161007851,2.043603357046254,0.8020599477336621
34.82060707460377,0.14543942633471776,2.874691693345537,1.1076747710694883
28.395655314980207,0.28327473544364096,3.006530834891197,1.0683016202799698
33.621243794010255,0.2530250832449477,2.0494929415690715,1.1517794450926195
24.0677826590649,0.1041727983823349,3.075889353612614,0.9210229243447107
27.117635858440835,0.256668390191394,2.916062821104084,1.0323400071524336
31.30062594116091,0.1276574714950139,3.5988359735988182,1.1751143196452243
26.823028072220108,0.1256580578463474,2.493907979744222,0.9206619084777814
30.088617299811926,0.22275099203029014,3.3373541455786837,0.9289585724608848
29.324629557203647,0.18226457501951035,2.245044879370546,1.0263531339218683
34.59082202110377,0.18692917320453953,2.803138332900869,0.8591479159777059
34.56025880508557,0.16468609635751064,3.5672374172768953,1.0891162097767713
35.18782362125252,0.18356761987127757,2.7915045436301074,0.9956922724790147
32.60695038095584,0.2511669570221445,2.322785531600921,0.8855566306615407
32.07175732356161,0.18894607643166828,2.879080636521489,1.181107623696498
29.958541507849297,0.15101908309680304,3.19900073984919,0.9810441415997913
30.445424730186815,0.37418403600956673,2.3422956959680294,1.1640766605185868
32.180146803091226,0.10936073454943032,3.204967377572411,0.8035207930767128
26.828940759856234,0.2221053671348462,2.3330267961814544,1.0417771391764319
30.21034161883371,0.13905930232761302,2.6660759223853865,0.9206228345441255
35.0839606369657,0.10117695586571085,3.5390721807120755,1.18872061386631
32.579781529041,0.10177255725051398,2.897110264441026,1.041965106530805
33.06327282576384,0.20929428341925244,2.071414670968393,0.9571177634199141
32.9530534353113,0.17612428482227538,2.7616711493171535,0.8566722452421247
25.49758041999063,0.2895589995506396,2.914211425203868,0.8667056193533562
32.57088941540249,0.18814970018151925,3.394340318836997,1.0947853390390476
25.369474086507203,0.2754345982210991,3.210816839328269,0.8413425516532627
26.086961214717515,0.10288557388198978,3.0219971041085913,1.0748238295652146
30.267438959677413,0.21828323646753592,3.0244212771851133,1.1962402110229817
34.03104323593838,0.142869907393138,2.4579846872471336,0.9235570266760516
35.933657456409726,0.24983850860019366,2.1725772942139225,0.9668658146423781
26.5115348765615,0.11563049322363761,3.1690626611704538,0.9274947796194347
24.741901218468655,0.1493050942905306,3.560891735114393,1.0563077158810703
33.41994038563849,0.2508722511810129,2.2180279966908394,1.1181659604004808
24.409983896027818,0.12903766365279554,2.957605952223579,0.9443438174753149
31.89880557601311,0.2236885603305564,2.59373461036478,0.984012594233868
26.827532466037088,0.19947600323280687,2.615840109535257,1.1131714609607999
27.371624782742536,0.12268080582627656,3.3658829516697844,0.8250048639898997
28.997146249414154,0.10650058275444263,2.05498590484162,1.161119050416834
32.31634584664738,0.2309007481732943,3.472142761624728,0.9419100044984511
30.71835269587523,0.27738669200871174,2.6205542658520673,0.8358584736535863
35.069068192046146,0.1514121123055736,3.2084223804376117,0.8381218798445887
31.373122683899197,0.13854275741231906,2.9667218230562145,1.1537815345175582
27.17778437191077,0.1852485466951655,2.719561468518438,0.9865057546469722
26.83917725337304,0.13409706475444064,3.2801930669827364,0.8594321910802393
27.701784949739725,0.1725901668387577,2.4614874260967077,0.9656391865917
26.46937476220868,0.3920801544515157,2.7866154167371713,1.0847243420103816
24.29262522451963,0.10463159661556819,2.0943002922168557,1.0358837439342
35.82038855951091,0.2882917691020517,2.8668076796576973,0.9849024688135625
30.229555733621446,0.13488274151130822,2.161431089089602,0.9411244892117211
30.613347311206137,0.16250490344840995,3.4171516164441744,0.8794574542674807
34.74858667805912,0.1954896568297191,2.5174123939329345,0.9765115437758526
34.36877490176425,0.18913807824081078,2.608424915487576,1.0380086149027252
28.874691563121367,0.3000534608679267,2.1638460905143955,1.0062412842720279
27.548377427348548,0.2074906436227948,2.4838988315908734,0.9970507149425242
26.60794740018917,0.35850668269586655,2.447248486127667,1.0129567179483088
34.71459302202344,0.2213604037322075,2.6576226135116197,1.1615945500336717
26.88205142139706,0.3096747908941742,2.4511435289877648,1.0719895444348155
29.77134619113023,0.2339845905850998,2.4918285821751267,0.8301220317957779
35.669144042035796,0.1345787298821414,2.7880827029886106,1.040068808880978
33.81339659563232,0.15595065440495884,3.5478176367575824,1.1541114368078471
26.956670422289168,0.11739877204226451,3.3964522612195673,0.9278494358910395
27.764949851776215,0.39733009731962254,3.228532851709503,1.0678147824183464
32.84056647298284,0.26376431747910106,2.8147664075958403,0.8767070119325285
32.429263210149045,0.19028400391262001,3.5029454960401085,1.1123374995813669
34.28353693983686,0.11044142342110691,2.3543584927749897,0.8793654274872903
29.08842717550871,0.18144670868122212,2.9303939392300293,1.123158289654671
27.909689000051287,0.2927565904694322,2.4706037276188066,1.0421372768007418
26.70477188751136,0.1838566748473062,2.0173678699777184,1.0987749248053553
33.198045687568374,0.22431514973561498,3.4675317248428765,1.0878823733391256
30.47327869438833,0.1894658718295971,3.585465975242194,0.9528342718387833
31.245301083780845,0.27157641897534385,2.597624656631661,0.965594729165629
24.322314383750214,0.31108753472927364,3.287417618400594,0.9351085919094058
32.64818936738044,0.1803728720788227,2.6184720382839473,1.1504572546516338
34.35377936184706,0.39720476858708487,2.3145066382334307,0.8342302698470005
34.086536315575216,0.26212552774552217,2.4670973688929174,1.0723916294995195
27.128502071643396,0.2661620927349836,3.4215067848441993,1.0878233794551697
35.14199431821752,0.28138236655320154,2.294569371978466,0.8658831150250873
26.417818503767094,0.16064363809986973,3.0267698067686166,0.8568187504972479
34.654617164774216,0.18773577013411732,2.6162481340548713,0.8167490117858331
27.684954531264346,0.38707977700036,3.164182091102032,0.9398550645017454
34.115596951530414,0.11196747318341341,2.6583334348179504,1.0312795545500502
27.9604956474402,0.169351701633211,3.573060548963391,1.106852337508024
29.764667459097158,0.11021345158093587,2.48320505314047,0.8499644449484768
31.23975189503811,0.24372309668458134,2.9288566813017867,1.066022151945548
32.35606515347358,0.10207567984942845,3.219571171936892,0.8340422059767438
27.567079480954632,0.3269194223245655,3.2311727966408146,1.1216510503846893
27.889336721049865,0.2973997605946089,2.112085464329749,1.0352124732407568
32.11255562103119,0.2353330159404267,2.106485858941945,0.9433031181755129
30.48901619301541,0.28196912722326545,3.489140513354919,0.8892002302678994
32.526011672725204,0.1991939498652355,3.5940411454294376,1.0558902037704527
30.27128063572456,0.23780945764078898,3.4720776712924586,0.8719476944694997
24.94615690668803,0.19973640007908278,3.1334497109517567,0.9888834617954186
34.311884291583894,0.14267548345451742,2.7456627784416505,1.1793646266866067
31.412001989469065,0.11314332001190192,3.3048233229151256,0.8370111290082594
27.474221380734225,0.24438112807139145,2.439414053169774,1.1506152248590942
25.473122943638128,0.2994478694252456,2.0064221702082436,0.9931157377812148
35.55500562690196,0.209463526449911,2.8008907454614067,1.035639156910618
24.168308276398154,0.36278558181329223,3.575136660534481,0.9899053395829323
35.458469588235694,0.22509227449315988,2.0946433908926734,1.1082951181863172
27.679689602797286,0.13917902520257458,2.776322274490602,0.9830513168229206
34.77375303332417,0.12962429955625074,3.4187692988239653,1.0285793332913642
29.824834595492067,0.16645517365942306,2.2644541971740213,1.0482668667811441
31.273667181839585,0.10698711349979653,2.771025298303421,0.8106749966008767
26.902510533391894,0.2934926178571346,2.1752806851487247,0.864473669171385
26.56379526890911,0.10118919200615482,3.4397245215288503,1.1295608269955306
33.218525115268086,0.21311407378331337,2.954664709094576,0.8407970134908364
32.978588115325024,0.3405050575445885,3.4818998551783267,0.8962548352668674
33.79564083268177,0.22245609708849418,3.2660991960438475,0.8488662664794954
31.636333709030545,0.16128546465789534,2.9658769864206826,0.8434380313177726
31.236376007151687,0.2734962146276449,2.7506929668162003,0.916044791268622
32.63568663986941,0.26924370967869565,2.2551569106572624,1.0273902341500383
25.184606063354185,0.3475287179920166,2.65415825428867,1.148672450794105
31.87258723988225,0.11837837859732754,2.8507773735791555,1.1590773987060832
33.88692362426858,0.20607466510568406,3.130288152249852,0.8002571370157517
34.986997732732455,0.1858889708926843,2.6209310087554973,1.0219168336596531
33.3470232430601,0.32878886807779684,2.0897627713548257,0.8088163774006744
33.00647643898977,0.1636147232105113,3.0621964058028834,0.9840824412424227
28.217776902227413,0.14944738399878957,2.2799125437164185,0.9013636207265386
25.288042062468975,0.17145333816913522,2.9396643173557115,1.147591758611225
29.528136778531078,0.3946325644476403,2.300853798254984,0.8803055172209231
29.53438337744184,0.3244172137959482,3.3385096942814174,0.9898551074258879
29.596799069937948,0.3975473301829302,3.356827456293585,0.8243503439679086
28.712418608080913,0.19531571006144355,2.839346345703123,1.0284573069726741
24.401075983720656,0.196199733414659,3.392838232573193,0.8787511498707102
29.04966624196448,0.17578727988552648,2.281636593886502,1.0436223294341052
27.705616008631612,0.398922432474332,2.2248152428866037,1.1206570505198583
35.82772607253047,0.1399890520196358,2.4814213259149684,1.0952723167288714
27.682357213236763,0.17833430658674648,3.3104296954871684,0.8602772057409681
29.8949240642091,0.12482372056068403,2.110144472117008,1.1397983576174324
31.518739672466385,0.2525247904252332,2.4513400448385245,1.0712265673713457
30.893635942799012,0.17309657359563546,2.7273802068488373,1.107381847858914
26.288237158745655,0.17121869664793274,2.4399844178435393,1.136299596523773
24.36198887969005,0.12687534546526807,2.371329255717646,0.9845932388419323
31.716055023885403,0.29415634403948854,3.4231758135582,0.944204154056258
32.28246253736989,0.10038507401879765,2.8173325697831797,1.0683784614903142
32.705371725196336,0.10365546886748925,2.0066050188473046,0.8498092953991383
30.616935970169266,0.2532191857919263,2.653687079152209,0.9260447669702128
27.756260566886247,0.37771826767059763,2.9144370545217875,0.867397938290805
31.077432310715597,0.14955949029964424,2.48792308328222,0.8239766410649041
32.98434227166995,0.15631034382295694,3.5819726652400363,0.8611624860129632
28.8907359653479,0.14033061017715795,2.1739477655183097,0.8744510443014594
33.65530692873948,0.23816756681320284,3.258376209867836,1.0514702962552167
27.41555567768743,0.20521207093074978,3.1285166321581146,1.1981178343852323
30.104919984385276,0.21497197723896494,3.101865961348433,1.093374944016311
28.28535831533,0.2452282029211774,3.020011441542228,0.885089751575333
30.198724980849533,0.13811955131414902,3.090849011136602,1.0892995982250913
25.33456882406772,0.19158278880379565,3.5335940158376644,0.8680796123756905
24.81207806927459,0.24099275477068663,2.5479318532682664,0.9733603603792276
24.40267323547108,0.2328727178007403,2.5207620963156674,0.9227625991614916
27.36697180809365,0.10704332915277787,2.974057478549169,1.197516555610214
30.87298114471582,0.3552493713263504,2.782910876452218,1.1100873387056813
33.7626968810517,0.11330748276223326,3.586901688046248,0.8192294597237177
29.58264889860872,0.32893004524219066,2.1479783875967398,1.1368600979933392
31.9640875562874,0.20939217134695817,3.148394325543423,1.162585850223192
34.60879222090522,0.26010832944073753,2.1362523673297487,1.032222410851157
32.689465374198384,0.13770498223680125,2.0555721407101126,0.8032703810299882
28.661351370674538,0.20690357855202623,2.010889221384291,0.9302010692075993
25.7335811176115,0.21922592062541058,3.037095251862621,1.0078991321855846
32.308824048556836,0.3477275884823894,2.3516559608834813,1.1730445712502644
29.82982702762407,0.16405482927121245,1.954897418332925,0.9955274950820241
34.138986861419255,0.16296107846432556,2.1966406866878616,1.1953232592225236
35.82493648152018,0.3004572860383524,2.5279834825702943,0.9670897337301538
32.99908407244703,0.1327477887844778,3.1103911778034186,0.8928695239418353
34.77439579876469,0.17705316115273428,3.2687158915119174,1.0035155605412527
30.11765268578043,0.3490354904024794,2.9229636704268622,1.0470478639517258
34.46640806645152,0.11760004843902053,2.326980289032139,0.9374465681565459
32.789104670444104,0.2281545499352781,3.520296876432454,1.0494578063020201
27.104971717697214,0.3551036421668131,2.157504935588077,0.8892443557953958
32.025889177768676,0.3720534298062479,2.0668274447869837,1.1661445233937966
30.363709517165482,0.27759307307203085,3.5979919222354955,0.9799459345310427
29.32833850711835,0.13123965106976593,2.85266393023379,0.8687328570011442
32.076864136295185,0.10467924396399644,2.5783492336636744,1.0406600354665
34.763152748262506,0.24207034151369983,3.469861521621822,0.9934529484035695
32.51193414150619,0.12357048144539451,2.410717574866527,1.1084777648301667
27.44265111214046,0.1527764599364828,2.985271378436051,0.8742571496952392
35.34702714918699,0.14839418211774655,2.9495994896102147,1.0094890572127069
33.939591971190836,0.18593068020787187,2.1327239712932995,1.1390680693855426
35.08739640692627,0.2699926252822257,2.741436060679237,1.129158494076281
29.373293740619847,0.13691050141593747,3.4617203233512166,0.82131742500736
33.38755544540199,0.12369756018616403,3.190980093191922,0.9431346874898049
32.39188606253796,0.1964294372354617,2.5729962061819767,0.922233923175261
28.123195594940633,0.15075379151807414,2.7627393517006587,0.9882510228465426
31.636486119413785,0.13367617354227346,2.788422791049234,0.9312250514972821
27.71819680410285,0.10327344327760968,2.7646845200210066,1.0338098320848719
31.751875552023606,0.18918804775926026,2.835831442476253,1.1893550040450545
34.22602857178395,0.2610733275368325,2.403581659368164,1.1046481980585807
25.18974183233435,0.15152589541723607,2.2480276447085017,0.8341234227527492
26.926209708452404,0.25121268713902045,2.925752246389771,1.015922022759679
28.608964783546146,0.3448662335185391,2.445100656740476,1.112510249572336
25.7807597996686,0.21920893850325412,3.3540532564170995,1.1156554783062047
30.51360079298963,0.23078975730679185,3.1109213658766928,0.8386910621106743
26.507665292434258,0.2755522226190179,2.2815484338638026,0.8183101637118813
34.9776334474175,0.1095536441312635,3.248036439504202,1.1790995178274637
26.61958489979547,0.15576695927313744,3.3676970520740857,1.0646002474448104
33.302295361062114,0.18072942781313672,2.0808641511024875,1.0572496164673053
29.588183932105927,0.3863586620856529,2.9593809814813357,0.9130097850888885
30.2050259881988,0.1987221682027858,3.3475615507893663,1.1398483952239493
33.53382209582955,0.22686132455192676,2.74654501888549,0.9949114517239405
31.50926413190337,0.25360892363395493,2.5027958856707144,0.8449538212730303
33.00293541625921,0.3234016997807706,2.6896283395399205,1.1234908400411763
31.320751191659493,0.29417617800877477,2.178635797692216,0.902613078337696
34.98098267050871,0.10254823022079818,2.6933730117697467,0.9267401871534625
32.803478409907086,0.25874055386279554,2.3387294703368036,0.9160317131058474
34.26192853600292,0.20881199441097578,2.5510719371672503,1.0808121468635292
28.009610773703216,0.1789457307845006,3.523635321002784,0.9606463347741381
24.87860088212944,0.33341934421116026,2.8759783476666425,0.8119563045392884
31.029675585465853,0.16341103488819234,2.6169719336025556,1.0990361120626844
27.918756497498553,0.13917409922822618,2.0981350680237734,0.8857000805339936
24.25517614317055,0.3100743956319725,2.9644842182356936,0.8562544637045122
31.099323354065046,0.3402951647755785,3.4319837564747435,1.1904920876405587
30.313264608405095,0.2966374611548104,2.9082128357090467,0.8503251774396521
33.5537699748853,0.20006322379859354,3.021340226729426,0.8802655955760964
29.51447411377257,0.3248646514511393,2.3275435538152864,1.091617301613979
28.909832753310326,0.25161075657381365,3.157462144853874,1.1241796136212823
30.956630468381352,0.3368481089590838,2.1937592067239327,1.018767486260606
27.6590365414552,0.32760712165839023,3.382414981818777,1.1214570047714507
31.840176508111874,0.2343599722273691,3.195254203167847,1.08218469509905
26.219895106510048,0.1959747336629043,2.6196897218999813,0.9015554362895813
35.83097586745369,0.16286242146403657,3.1393528752847355,0.8267176800468453
28.769918738466682,0.12928805311880853,2.1647378038668976,0.9706935456477765
28.07375944170302,0.31054169620656563,3.479515419257027,0.8818774730658127
29.551094984269834,0.20595640572921758,2.9854428294513555,1.0830365658276966
27.705635151988865,0.2927550611060134,2.9983144205912273,0.9003383039633488
26.429922960711036,0.17176492950453803,3.01072982780368,0.846259928981463
30.849112642518595,0.16163244697030085,3.2550092558184325,1.0890108055829542
24.425206913793872,0.1592964472243221,3.121436773025631,1.1496689546763927
30.89953420839593,0.11318496588878196,2.284943900523927,1.001366653865462
27.8588654679759,0.1430860366323817,2.2865096508119844,1.0581212705067193
24.717644222016467,0.18065636308847877,3.282291473989464,1.1194518393466055
31.56728979414613,0.216643432390066,3.520382306283343,1.0863377277069524
26.084205409582935,0.3247662891386213,3.0783923689063424,0.8014702720231364
33.752851637532466,0.18416726884538748,3.2248972195772203,1.0451928818641294
34.35890041031654,0.32665571884514166,2.3873689202670034,0.8056912568002124
30.918769977754962,0.14454649203980316,2.6089362929599047,0.8344592959470805
24.313050900748095,0.1826127519860902,2.2478788002809305,0.8539391161557749
32.75871731447056,0.2649799087371426,2.5865648113585378,0.9528065453360713
25.27573563528326,0.17098935437497165,2.019340458112666,0.9372496737373635
32.24111862838563,0.11161251920564608,2.4447861400236715,1.1414168174845962
26.21945488495503,0.3004038734083416,2.5818241926306325,0.9522051688436709
34.72148589780716,0.12189386355411723,2.8163028471546037,0.8386573271796566
28.977433373494534,0.3993929986436171,2.562248412997763,0.8206847103392723
27.192041566732872,0.1317162057114842,2.298070720813406,1.0768663661789595
25.493993936333144,0.17862714805085117,2.5766816998550373,0.9894499171350826
27.67458787900095,0.12497884800381076,2.721208412542152,0.9627158789887571
26.834679188481612,0.3390032897209956,3.1143189779286478,0.820071795871249
29.196577450922067,0.23604078605316015,2.8221210210799947,0.982252474890511
35.81457936420941,0.10354671837639391,2.596031326026277,1.0457009651585603
35.227837039064866,0.19769446077317343,3.100341724252085,0.8527245110596703
34.2953706413057,0.23565300006101508,2.4597301580465345,0.8656261096973779
30.37957104665413,0.2833818914850151,2.6786687591608733,1.071237768329138
31.139558644196907,0.11286651816995608,1.994457942867271,0.9227667508559418
29.916135556346774,0.2580042124203762,2.152163421240642,1.0684299177385979
25.940288795402964,0.1990147543016076,1.9746089460771186,0.9827804508385509
33.329246065312795,0.20831355605726065,2.994026212045993,0.8242548655205426
27.586874523514116,0.2584518006926797,2.8120153241302956,1.0640367955162753
35.168460880569356,0.20264183694755689,2.3047840076278154,0.8668271973155635
27.392132149316183,0.21635075316075925,3.459396584065726,1.0720005725986566
28.84106896146902,0.22197805547549662,2.2857617570912314,1.1667708987458838
25.552730646577714,0.3459768216527439,3.320402963126954,1.028115781041579
24.54011875066615,0.25877111226503463,2.433246036885302,0.9537891721672402
33.4801572932907,0.29039865600120074,3.4976587831133465,0.8025719038941836
30.768637678758264,0.1439226567470443,3.578348911769757,1.0263063348084809
27.857506533260196,0.17841829403303555,2.2896445839107553,0.9533057567305181
26.791227563348826,0.21985981480971098,3.488288887882026,0.9468041114371779
27.19376844307273,0.14528326386108648,3.4044799729143005,1.1792476303088213
24.134724980682574,0.21037526464349388,3.3285175356141505,1.0433467535872634
32.5258273005053,0.16766581188301424,2.843317072708993,1.0439338572299155
30.484825994300692,0.1924691768312934,2.098546017511416,0.9618777408604835
28.121261626716745,0.20016545010204637,2.962096880176805,0.8972404539460479
24.526370749573957,0.1293633431935768,2.047398802728683,0.8729345237018417
25.92573513206792,0.12782873879269416,2.9466207461652827,1.1036768968450843
27.07541010918247,0.18776060138095668,2.921278335125106,1.144689002717801
33.158087134909415,0.25132602306250956,2.2818648692300165,0.962772165602751
29.612093667783242,0.32811520135323646,2.9710872055242756,1.1419393893112024
34.26177811847239,0.11239827236046605,3.2322602856420297,0.8315876311063891
30.122546114187788,0.23854590593736377,2.8410152702081723,0.8856606745438763
33.08193246670452,0.2556145487033858,3.268504874266568,0.8217357380190167
24.150838864396167,0.22959236353694404,3.476322491766718,0.8004989862091089
29.538675035615274,0.1742332953870643,2.939999114352207,0.989137137388204
28.237598104732722,0.15040026131089235,2.2940916235570157,0.8509368289386909
32.11313630259597,0.1450462832984864,2.5167882742568937,1.1312236989389317
28.3224015971305,0.13537293014458898,2.3893427310696973,1.0282192442212061
27.54985508598867,0.1492824876906834,2.2834281986440734,1.05144976518138
27.535397005270436,0.1711019737760642,2.66074815253615,0.994112246256805
25.634404732713165,0.15705997978387543,2.66266950099873,1.0330878019843026
34.43870461590136,0.14392672804987958,3.10495473867129,1.0688501882301025
32.42591765529927,0.2670824455134895,3.3117963026965214,1.0907407176810042
30.77700763418694,0.20490248004616937,2.165599246877991,0.8585500374239842
28.932634245399594,0.1336461479674702,2.6080323955297295,0.8777994502392171
33.501592769077305,0.14465306355400928,2.22609961744014,0.8774861495766259
35.68859477153603,0.39676938679802987,3.055117022690986,0.8104944814405306
26.938592035218836,0.13699106934296645,3.281603137126638,1.1343993542945436
32.47236586539787,0.37163969356364834,3.389395014198529,1.0160688014373138
34.85825141566533,0.13261589581595565,3.171588079130789,0.8816293157332358
28.381592489653684,0.12206583356491588,2.9193784467167934,0.9464475627557694
28.780303981803645,0.15683866319742304,3.2251996781415757,1.0932418250621498
32.11167437307205,0.15374086304152326,2.7829521902753895,0.8983091674904414
25.262558532592607,0.17509586878431782,2.206502997876039,0.8207671606145212
24.278792096919265,0.1456347124046101,3.6106968019879684,1.045447579981184
27.16695756143102,0.28902085699175345,3.5628894559959097,1.0821066622128641
35.28053466636977,0.39701711254154454,3.029163599915378,0.8486527448481095
25.325511894947393,0.145284193345727,2.2079622181540444,0.9194390384140297
35.07533391334847,0.3303359123361155,3.387776903023494,0.8961211654218164
32.173470018725034,0.14851831652294553,2.4072934269658077,0.8195461727923317
29.501563940474405,0.2567576616442666,3.417038023252316,1.0533985005721171
35.379607846016334,0.35215470146165107,3.260399589726236,1.1926556740473082
24.35472272346792,0.38637358431725033,2.817871510199305,1.0956311966691095
33.74581010619104,0.24176673091724973,2.3415910957284627,1.0706031916555836
30.077721834758094,0.33167656943336904,2.3658988002882957,0.9137147573743907
33.30226131605232,0.32266457777298846,3.5726548525815276,1.0900618186891469
31.024841219004653,0.1828415800995885,3.501619502181586,1.1466992467419304
35.11304488718611,0.37646566383682495,2.3273403966222186,1.1917615158371258
24.593415144032292,0.17843617651489466,2.213711993573124,0.9372943354292591
25.56211160174583,0.10146255114424255,2.1892636457355565,1.1808389467734377
34.992798595998224,0.24484930349631068,2.9820750367668265,0.8209041670483596
27.207430939478996,0.19254536809385164,2.1328422916112104,1.0061867796503605
25.478101822254995,0.37394948808852124,2.9765610798315545,1.1207504126751815
27.253536861178272,0.21913471593831263,2.9062029864410346,1.0691228880664814
34.37452380293385,0.36322829175413784,2.800537658177317,0.8431892583596456
29.320640046342643,0.2110176083090447,3.5779857735309566,1.000847702017519
30.866228928136834,0.2319173337217614,3.4932583845799474,1.1664903950744447
33.52692319511062,0.13532318389644876,2.821059251307828,1.1455419220114265
29.869237973082672,0.19241738581700232,3.2361492595834576,0.8871918453347071
28.015336633756085,0.28779897167406077,2.3569990773269773,0.995975335604824
25.778947036831564,0.23257215250816157,3.4679036818733597,0.9536089104414733
29.049192625605293,0.24960588545389395,3.57356524226832,1.0582973630193406
26.066192011392207,0.10255032047182583,3.3589210899597157,1.0264376115793172
28.439965213868955,0.10767747643214996,2.511537946090144,1.0926936063165966
32.020389005463585,0.11578190385973271,2.3542650446968367,1.1561866578553677
31.242686604336825,0.23771591998782415,2.621071691516353,1.0568204724150982
24.75943673600758,0.10787816855644734,2.7792257419863287,1.0669468609637371
28.941890072686487,0.2280909904527093,2.147530611432113,0.9250416426913302
25.730375965479872,0.37478564587289387,2.286665474207185,0.8041915366956834
32.87232545492668,0.22780501232320136,3.04351119997094,1.181478891535917
34.09896063466438,0.15053348872980482,3.274775296020942,1.1407487169745474
31.12275230788752,0.3611719982841912,1.980429297996007,0.9653505590186511
29.799115440112256,0.13983228075834395,3.4323836604427997,0.9245242877005342
29.42938312924287,0.3240038615477949,2.2580367870617684,0.8224661340559205
34.264510550686865,0.17446623803282962,3.2711821152906118,1.1364996729726773
27.11587173239135,0.26135097139015256,2.4899201483896563,0.8598022000575032
26.765532010068515,0.11814645394703067,2.667591222986186,1.05891870605171
28.64376066838409,0.20593079567856473,3.548997756783304,1.0117333830445292
27.726663185194848,0.2510420596203291,3.5712102432506976,0.8024465145804269
27.20201844208739,0.1386514460555348,2.9168090354847904,0.8426894925469657
24.915977513605803,0.32896184842620235,2.484086250886977,1.0579436728036469
31.169602671702403,0.27452476328621256,3.446606910145625,0.9026139226523952
33.26479595898861,0.1386732437602152,2.444812293693595,0.9499731977334196
24.79835507984564,0.2104512416852632,2.018593306105688,0.94886663649714
32.0267571536088,0.3350487841934151,2.8222411782762244,0.8001680792980786
30.104390565718372,0.3499332307719596,3.2529737272147234,0.9192553225344176
32.248362441549574,0.23571470732991806,3.3201754725583434,0.8218686768183154
33.75117951988307,0.12749457980866993,2.57561006347462,1.0563835142321039
34.389278395633816,0.10223170993466586,1.9499754980025934,0.8794545028437706
26.177638905912076,0.2672529090450279,3.2711646307711066,1.01085993896708
24.11932394721412,0.12281093205883294,2.1247836809012455,0.9825640056208099
27.267253313090304,0.38126901737939844,2.6217510598850717,0.9919687839934793
29.333346641547,0.13364952472411826,3.541357384269767,1.08416400422303
35.47503275452089,0.11570126286372157,3.251613674981177,0.8503985157122883
25.156126965251943,0.17118652400064188,3.0236996189841494,1.1818020079872866
29.018896292319784,0.14542413459687606,2.759937992331084,1.0991349886915383
32.20941332110672,0.3784933657404945,2.9172970730980112,1.115407329935944
32.964798906994396,0.24757254859043046,3.1898595792669147,0.892415450712499
33.976426614524534,0.11469113856140345,3.4702672977785047,0.8789106945254535
34.32270717860093,0.21743701549411334,2.0162489836871273,1.1402056767388538
28.4154365542543,0.3099731662412302,3.024072980144924,1.0587016829155051
28.920583864184064,0.16453933024708678,2.8386756894615957,0.9923217793294781
27.46987042028447,0.13771504527596942,2.383871665747351,0.9779528253132634
31.223866250597656,0.32124138666423857,3.238266126180209,1.0304702979646545
31.566953446124224,0.12365532088374576,3.339875578378623,1.0268992955238043
31.017089809667254,0.21913279885862919,2.410117545362752,1.154805330953655
28.964644662590306,0.28191455647843905,2.737219272463373,0.8283411448098627
24.6074308876494,0.2646396911190866,3.038076070579686,1.0042895677379262
29.66459821916469,0.2677559271389001,2.317381217959596,1.0496008480390708
33.948431764456934,0.3056270199933522,2.9016709432370247,0.8395960786308609
26.347466445215087,0.39187709346961985,1.993132907969821,0.8675197675833777
28.028643659410022,0.21452268660451487,2.076746151374526,0.9256426483119536
24.44507636400954,0.23197207829683122,3.5298120063584846,1.1584394477040814
35.1564673152465,0.2293834841682737,2.912227814920675,1.1400521592018393
31.76824201238512,0.33436014431010475,2.7677891821217417,0.9166680394889158
29.246732852382,0.32088200963692837,2.1875481374532892,0.8355072867109664
30.70120341405316,0.13787807577426797,3.4215112399894627,1.0157684664799296
29.26716606625371,0.3808036833934268,2.181944581085334,1.062805221710864
34.54311506027768,0.11024282104395643,2.424196845892437,1.008784991254132
30.33408079613197,0.18991912020908405,2.1386718751246194,0.9392190651214505
28.638979733182087,0.10735680529423548,1.9933027390940479,0.9485214546076137
26.883940680746782,0.34801225224081545,2.3064074790856397,1.0920680767570687
31.084488468894715,0.3796622036663303,3.6027125860232174,1.0977360227904356
25.84533441249998,0.21440337753035976,3.0072257112301197,0.8398469529144286
31.296428980868114,0.17307531379293106,2.634734139591053,1.1342709689729082
24.00790858835227,0.31458263660990543,2.3009287528316027,0.9264213322400807
28.02773717562377,0.30313210121751205,3.2476734008825345,0.9319949954201534
26.689216656155313,0.16999915130773607,2.2210343574060625,1.027497758504072
34.390751234740904,0.34827464255518,2.1998408553047293,1.1346150982271432
29.823884605142318,0.16768603866898638,2.383883578384444,1.1692792175371025
33.81978453501114,0.1791895948338157,3.174067935318556,1.016072926535823
27.84684332227426,0.2990137427755837,1.9984778957104041,0.9005217545056566
32.73446268465635,0.3903657364906504,2.0845544471669823,1.024399512721559
30.2563879386057,0.2661586871824234,3.269828638289504,0.9063908128135454
35.72662195379957,0.36291872409051623,3.085686879292522,0.9367814973470074
24.209409299858674,0.13157058765506846,2.448270818750779,1.0800473545267932
30.559340164603547,0.2783931577861434,2.940110198059264,1.1981533176104517
26.1033566099697,0.21900755829261068,3.250924053119223,0.9102246050680307
25.878707237330666,0.2228813105964679,3.032453331806319,0.8938476778887378
34.649451665134514,0.2766529692943091,2.3345978477735865,0.9624709409378137
27.269437922224036,0.1851717827723556,3.470208193525473,1.1937679658917215
29.734617086999382,0.13273885836257177,2.514964224292825,1.1511751902736356
31.92285263075772,0.11649076725789252,2.201588694052652,1.0094088727053123
32.703246517783825,0.26630475975197315,2.6792524764484376,0.8566780149411097
24.285168295631177,0.1731750391476198,2.3124665913371727,1.1979204128930594
35.6621108216222,0.33343649616678595,2.751296807519908,1.143858417664992
31.161716499204,0.20028323597648734,3.384623869130509,0.9612894956974727
26.350399157654163,0.12346868291277102,2.19753203163308,0.824433762264343
28.85812214262466,0.226202023476737,2.304898940371124,0.8791325371270582
28.842569011270797,0.291632746972545,2.5824272889063384,0.8685578828562611
26.552507735837974,0.18277263927312704,2.527978125104913,1.1961430324001379
29.592219914544767,0.12485602846720495,2.580475818583641,0.8266067291727157
25.973930880173096,0.19516750891975332,3.608514539774462,0.8043182084818792
26.859820001597285,0.31527823473466937,2.9635199341645357,1.1674565309396434
33.46716279532003,0.2263745037073156,2.566041856182434,1.1905550331179149
30.91284390347964,0.16111264184915436,1.95051868691157,1.1526481091447711
24.833600902348422,0.17475918296181492,3.228628363938445,1.0297192223481941
35.68298417231782,0.24511527474118924,2.308546081084176,1.174106487133322
29.83053543036144,0.2703768788926897,2.744512324670826,0.9859674426894457
31.31736479244137,0.11149316124238727,3.220399948549813,0.8441986254287601
31.48640373129381,0.17953095861268317,3.0944885663579114,1.067592187366624
35.803980408300816,0.28557856995001296,3.205342982288952,0.8608657162041848
28.464618938661644,0.36558809160757333,2.4356524160634256,1.0415480036352753
27.80334584096675,0.3969941835487796,2.448416123271306,0.9057943065765467
35.143863017320996,0.33134210161845834,2.945281917123197,1.1273467237139223
30.50479761708341,0.35617264730574716,3.3770819795625253,0.8855159970850183
35.372854595263576,0.39589943138469463,3.182583327161551,0.8456156042065751
33.07383235554131,0.12209637186944089,2.8851672612927106,0.9955230601442621
31.62223193086082,0.16018605302308925,3.5400344788572053,1.0073480254128715
25.40757208918548,0.2259299671320136,3.531523041682677,1.1378927078325003
31.922198973804903,0.1884595174664749,2.506804512644331,1.0434902429480266
29.7869324948651,0.17249901219531064,2.995489568935238,0.899817420655968
30.302115293205887,0.25091982273025554,2.0503923167894156,0.8718852762610324
28.69984977685423,0.2524200372780655,3.6076488785199765,1.1880233114033172
35.16417697017174,0.3096150534410279,2.828937220390608,1.0194764367207252
33.80094434131555,0.25122764083378235,3.113445955658737,0.935302516620927
30.289727396982304,0.11732093362717169,2.4200082125208593,1.1687553373595256
27.020961777508795,0.19203098095033364,3.558855635682687,1.1670138144941709
27.995692182048245,0.15936691671059,3.5604199009990154,1.0091340803792437
29.680619239307916,0.21135015612654137,2.4925397988019165,0.9669997113286293
28.582866063943655,0.22609930905066908,3.3831950552675316,0.8186613546328436
26.772664138495063,0.20311415616129064,2.433115518071477,1.0530179650609013
34.434322474013506,0.23730603307690057,3.3121234318473833,1.135255245814595
27.408752908252808,0.2419941991854082,3.502297166904326,1.0701528555403066
34.92278803069693,0.11655767603916733,2.2394341177512174,1.1934594590295786
33.32699569113525,0.3577973552939213,2.5358941168207956,1.1607615048765816
35.693092075273206,0.10995401203894822,3.3346676617349833,1.0784602961245846
29.45854370547584,0.37663379317742174,2.9469772434353225,1.1930744125365922
32.1109175025558,0.15891388259207717,3.2674321783678724,1.0729178464011073
34.66633162056801,0.1343718052599028,2.9824768903516294,0.9058132378923306
35.854787407665356,0.14829328488733493,2.1989155290428557,1.1430378865086097
32.405307246744634,0.31178226794636554,3.6088238367861316,0.8266380433944067
33.863622021422,0.15216019804591574,2.49574642317992,1.0279405735779743
34.64266074685493,0.332264568046797,2.722860911225656,1.1537588428857304
25.72546742668708,0.1283011981873848,2.5731938912368357,1.1374775296995874
24.2299781618938,0.35062070698606934,2.7397051579923373,0.8703399954752309
30.55276342753624,0.13986799601672226,3.3181707191171226,0.9626435011155745
32.92544482459514,0.32793906209855167,3.0891890646830413,1.1913734460046514
33.15217856511581,0.2499304131703977,3.299618593764658,1.0448794462825193
28.47148519721386,0.3124160342751216,2.332805519139112,0.9489280055716912
29.226074320769715,0.3295505601371017,3.0264977386204994,0.9905154605700809
29.244108285917978,0.21810561484259297,3.455703914629752,1.0525542738556466
26.47586628682708,0.19743131283929335,2.77852261828313,1.079719346279087
26.135339672758803,0.3184180948065321,2.3144504438753475,0.8878955124775733
33.262115123095455,0.29136281754770244,2.416366333999765,1.0756829793009954
26.14476466165993,0.21247897284591677,2.78160266602776,0.8614243624786783
32.991015720379096,0.1426377736798258,3.1866394405935172,1.029395973963024
30.27452695403476,0.29118190457366594,2.3221171581586915,1.1081848598988224
28.497843952628816,0.23838485390420208,2.348017941857307,0.801697526525256
35.29648560969233,0.3901316937266212,3.2830808285539863,0.9027626395234922
34.14145407864112,0.16128242328081718,2.3204224343606783,0.9993132097425406
24.407971336692956,0.20907312371313053,3.522924927109002,0.8658717438406717
33.90521026907898,0.1617723458264147,2.1956893385302187,0.9658851961873869
27.76786482996198,0.3807938788662311,2.8218970823726526,0.8462507188068883
33.21239771322775,0.10337356079428286,2.0121213299908343,0.8651806600419815
25.012700039878766,0.18901036630388499,3.0848003488921427,1.198564798801939
35.56827369653945,0.2683259779209302,3.1915730182381052,0.8545475722093538
28.659591630463904,0.1250106185326247,2.5114870869980663,1.1872553864613724
29.522977734110412,0.1072289770810009,3.412953474250915,0.883050336131598
27.851316923378793,0.11961997495985562,2.716866080728866,0.9344534159645598
26.805509593936954,0.16096716869491712,2.753441205335252,0.8297472418728692
34.257138626382535,0.36263901739058885,2.7795366984460803,1.061052402699986
35.812110393402946,0.11373943735001812,3.369803279658806,1.0682428757936735
34.783220203815205,0.12672067828512018,2.7104638180475455,0.8922792798393178
34.263251523733324,0.35136513689933996,2.720120369557231,1.1726001723475767
33.322616723895855,0.19728753203753355,2.1516153289055593,1.1750395892459724
34.18959923745065,0.3565923034941706,3.0726071483209783,0.8144480462858273
26.39484730121867,0.10557856881735828,3.513263237677425,0.9497992345895332
27.72336819545173,0.22726909732026562,2.3239728734419716,1.1999212718614822
26.127280433014707,0.10630797746190251,3.0228287841953314,0.906783342288651
33.667088737733295,0.22025264056558,2.2435251413126824,0.9022352753272971
25.75253527104909,0.23828159643885966,2.8987775260068,0.9017237459686553
30.241659994724408,0.38849680654841245,3.327110771606566,1.108385391021055
33.53445741185938,0.2073004141085605,2.8307144829338595,0.8762242345665717
33.11428572442789,0.3827168293230605,2.175329386460951,1.131457322368132
32.781143757155355,0.2661078222960532,2.1073018181570013,1.1878271639663205
33.2628390652543,0.3048778748670277,3.469565805992531,0.9373278528473106
30.57792347362445,0.18116780666943264,3.00574077308665,0.9069907961029052
33.94602100839018,0.3953301619743529,2.3030693327700726,1.0287090001707544
29.396302622640718,0.19497297023975435,2.435941304730861,1.0814248451710897
34.700821010559444,0.2071123164019225,2.351609805889609,0.8370247410268661
32.43567039837329,0.2239636759929828,2.4589861596717855,1.1905094801538016
33.39314721741469,0.1609425437114278,2.827714161329509,1.0128620448569512
34.38718234325374,0.23541411668155465,3.2452390515860357,0.8755476589346545
24.11072569934609,0.23039721462689788,3.0248383681314355,1.1493941477116671
28.489563122025608,0.3881132491802452,2.6169620322247837,0.8419401188324885
26.665084734436142,0.11893617770222134,3.0377500139035822,0.8238110470606164
25.417907712238904,0.12707354393520684,3.54405535410496,0.8148121034298763
29.570056751639047,0.1354154704403608,2.7353397285769314,1.1867846759233989
31.739300566818677,0.2423530283919102,2.9561502200482486,1.1921071449808736
34.881962242747626,0.2108950099193122,3.2756449566765284,1.0959989590167383
30.70494600342502,0.3302310936818899,3.596783529858227,1.1333004177173525
33.5473175324507,0.11624971078325992,3.26138071869667,1.0595419245194504
24.852117023907397,0.20742132837905697,2.1142450294418715,1.1542311300384098
35.59990114024747,0.2802097439659042,2.153218938543931,0.8670238134495152
32.60069268140034,0.22927344217830875,2.596188499545125,0.885175932484693
29.091385599529545,0.10863288385999981,3.298183104023621,1.0330592728598766
31.243393978374105,0.13120933153539732,2.9060986108591,1.167209982080121
32.23001181285227,0.3173224888181039,2.036856025251703,0.9717144191956052
25.745733857716036,0.17001962806431897,3.212208448337832,1.1912510474390379
25.72066730183148,0.20514805294964927,2.3503342557035456,1.0051171583665084
32.38091698689215,0.17112492293638426,2.951341897719208,0.8795285598134617
31.583504115893298,0.21499192460169653,1.9812405568210016,1.1791120334590004
26.44517658779131,0.23857478141257663,2.465909629619471,1.1914023323695466
28.07999540169334,0.38338686333257227,3.3994108570613446,1.0343904917475724
27.985881087759832,0.3185840408162602,2.4988407133684736,1.1506585722797973
34.132132365490186,0.1023896959279239,2.475340688111941,1.1039850260907178
29.944927524416528,0.11014553549183469,3.5315676392191744,1.0808525909200015
27.397907539889243,0.3266191685485385,2.2331458952484593,1.156127860909856
25.233974084234298,0.38650253515543365,2.299212690903146,0.9058073138955668
29.002141271110066,0.16463503647172528,2.0228338996343496,0.8680083011158826
24.51320653853723,0.1533712977597564,2.3531201370367643,0.9824334136183276
27.13884218941798,0.1605524395846054,2.9144489008687127,1.1128078127147683
30.1005569715833,0.22768275141059402,2.483015902543269,1.1653500834762422
29.544167411630486,0.3455494776476461,2.6995917477009637,1.1597275862696508
29.889179481802447,0.2717319030265225,3.060334964994677,1.1817516367692316
31.413409348198453,0.2069213527230684,2.162201961625165,1.0407619208965349
32.114774991448925,0.12359614815359979,3.1660166627237336,0.9793634901897939
25.43531617372594,0.23021974563590364,2.1545498953300433,1.185147834936447
28.51011547176062,0.26861023178564286,2.1327723038522097,1.1188567070722182
30.90610521758496,0.27630090699670334,2.9226865873089407,1.162104548023609
30.42540803399183,0.12181043608129585,2.0435489887669758,1.1431799475588431
25.677339667151493,0.14954864685010869,1.9634710492261567,0.8404069290348699
29.87519628748392,0.2331631739696705,3.3585966628788144,1.0869514111971401
32.02399755068174,0.15647479554267466,2.848672945582293,0.9960337441746635
29.21460268610028,0.20382032840820552,3.2982287776658565,1.023714109080601
29.1088744017681,0.32114771160992395,3.3099130223387516,1.122552309709094
26.49231341648675,0.12047591250228118,2.692715398823473,0.8405822357186454
31.47687106141013,0.33502149828501016,3.5745333375851263,1.1638746041810466
34.70712603496317,0.1625204578992074,3.3945189889375667,1.065214371094746
32.225064159498984,0.1587020572479584,3.496808236574535,0.8462381859602276
27.845027454825228,0.3124314291300787,3.246140186560548,1.0401101300979274
29.01366773849542,0.15703141316641142,2.386505569486135,1.0603439092430187
30.364180637998768,0.20481823298188429,3.4445483480159953,1.1715640742001208
33.75318887685051,0.307982190063437,3.0988578044694517,0.9437874319233898
25.801261364875845,0.24792619359962617,2.0752875697109103,1.1448933306891353
26.79385327959592,0.3046682886947238,3.154782898895869,0.9663034840997153
31.304634938137845,0.11314132854135561,3.4722744769941896,1.0971249105702594
30.800986835039126,0.16118388898317915,3.4994258353214542,1.193304224493334
28.482888550031692,0.19256529229253583,2.7828412882638793,1.14395110819303
31.094894238347987,0.3876143024164596,3.597823369348364,0.8720912286789546
30.470472483171644,0.28423912154732633,3.0309573112840313,0.9350409561200971
32.54123081448626,0.21591494926860075,2.597581460888029,1.0014589958087794
28.92148411350665,0.12155034544906247,3.143537655940647,1.141860328082682
26.170809116702003,0.12531594182296826,3.5345617384225045,1.0580775040461186
32.178032499253696,0.2935491054831468,3.0929725125001517,1.1233327101500463
34.53801039324735,0.1310613485770624,3.6028702642414814,0.9689749206349326
33.82515326084395,0.2148150980186972,2.5013285339257463,1.1154468922336824
26.08740773977709,0.13191354199753108,3.3650368112174633,0.929103462263437
30.812654256507724,0.20937827628743114,3.303882829111852,1.1166946080534654
30.381399199954554,0.1035200021137237,3.1384639757427935,1.0187049952477902
26.366815173055606,0.1255162956907077,3.121949288426329,0.8775278159968672
30.078193673021687,0.12695467468776103,2.8397920343211083,1.1166854040571979
32.301201198796086,0.1696484339840321,2.1706021364220742,0.9518360421079486
24.06293351552039,0.19189427107357943,3.5471094609410807,1.0326257900444964
30.972213964089143,0.1534336742632117,1.971588892713701,0.8928724121243519
26.936650007953812,0.13119934215353773,2.5162164179182067,1.066134260370526
27.030582933600815,0.3856606479307489,2.5311798518370066,1.1562923664716953
24.29150540031774,0.18019714656875108,1.9995205240617924,0.9666105167460144
26.617543630083482,0.12897613746532868,2.5487177764965807,1.1605955558015062
30.48033828296517,0.2137906956684169,3.502876865451522,1.0035023324382095
26.58492755387246,0.35341696090942665,2.711980604727075,1.1981839162667
27.763523508180135,0.15375420911353288,2.8627668697015127,1.1587161718980197
35.64974189968081,0.10890863102402255,2.4286960433192775,0.9117283644494659
31.008081786457797,0.11089647682024482,3.5344524342825325,0.8890765856196329
26.53847226287878,0.27053698572642687,2.8655333167617694,0.8679913120948441
34.57569050021265,0.10023861620124908,2.7256199867017212,0.8758813307071368
24.410604685562717,0.14287815991986072,3.549247298511129,1.1741891779740399
30.51647971727668,0.34980773402123533,3.330440225018669,1.0994838952571186
32.88971597224477,0.23370582976611837,2.7360539530752415,1.00508595507562
34.89772562978366,0.1933074961714047,3.524745761717282,0.82151668273773
31.991980516373864,0.13804123308227131,3.507114513818253,1.0811430275827105
26.446903035833675,0.13417160442074913,2.3932824890975795,1.0631423607407824
26.38305563514772,0.10638822543826892,3.1357262935138728,0.8027881050098283
26.43927837559443,0.38687031060507654,2.2113435255116705,0.9091882406025688
28.737539538223196,0.27564579637156206,1.947485614264291,1.048026599220018
27.01692362081903,0.11826977020031595,1.945372989104515,0.8386912038507338
24.270010703953098,0.3333283758789669,3.372458348576368,1.1024113428913795
29.117543509646538,0.16742476041619947,3.474274539464789,1.1775546532441088
28.712887035516793,0.36747579892858706,2.774512645761366,0.9819942665257119
26.86638930316359,0.22812319809072729,2.3737335086704494,0.9207784416559783
33.50551626690543,0.34652045153389627,1.9939182546066185,1.001089796362296
29.496435884758434,0.10482155189824034,2.900609671815428,0.8741478957135622
25.265012909538683,0.18680355178088126,2.220683558601377,1.1800182698048254
32.01537153203112,0.22467712280502272,1.9924338722700035,1.1392570690895563
24.505945532643974,0.30520452103146967,2.188159296507409,0.9707613492105377
28.135359389759255,0.20028996724380216,3.5707983536220835,0.965297757618757
30.292607226626018,0.18313286490575229,2.292603808984564,1.0333672390011555
24.222134786671404,0.34999921683589524,2.7334838411125935,1.034904853637273
31.342602374032424,0.285818776782595,2.328840342834809,1.0239229899236282
28.628697723359714,0.10433843300371955,2.7988475132090014,1.12427515132956
32.961147272936564,0.29419544530030944,2.373036109349229,1.0551575391999435
31.986277677817757,0.3234206025102188,2.252734835626973,0.8642833808581342
27.663474503508333,0.16636355483380555,3.118657155025952,1.113067281339573
25.508809612983047,0.13749258130024788,3.116650787765597,0.9540096536686815
31.016623662691167,0.21210882281317658,2.3157953365605994,0.8607179215126969
29.35764261401251,0.19634709179524196,3.3887245172778258,1.0333359881963189
33.1031585654816,0.20954627449492352,2.8669772039333785,1.072743686085559
27.16162201478315,0.18268278627497125,2.9600441644991,1.0638028205381609
34.24591703540346,0.23024219223733364,3.381375050133839,0.8882409779025698
24.07969809569998,0.2529168690345087,2.7613139123923944,1.113570651665206
24.94668230636158,0.11097381242277476,2.900913759957157,1.0800107910356358
32.452971118703715,0.31091541820123114,2.563753209046844,1.173063449262913
34.35544356876324,0.1345589142584924,3.592114594166625,0.848058660757248
27.203165608667195,0.23677524274759532,3.5861612261054945,1.1116785380324408
27.749709912696346,0.17676001353294435,2.12751804214966,1.0697142807845774
31.996367846203874,0.11895788460590613,1.9704073301382614,0.8306120262402085
33.76931962343414,0.272392135846548,2.068628591021658,0.967429729841497
32.01162366104454,0.24227890486400266,3.495938575117366,0.9495960154742625
30.766057351313,0.16259444290673197,2.7457470017343084,1.1547985558053153
25.472887607096258,0.13239791203049428,2.422329744445559,0.9973429446129088
32.93339030663607,0.10606899642152097,3.0102951938491005,1.100686472953617
35.708855799533026,0.38088683949997804,2.354490522307008,0.904591995373334
24.877792439697362,0.16975338055306086,3.4248536957871196,1.1317999335567421
32.79072128200009,0.2163635037146836,2.8691171171986833,0.8885604650541791
35.70474619247309,0.17090674056124666,2.218876263369294,1.0164728612556724
25.71490822621957,0.3231853693439348,2.4873187903461855,1.1345541579342453
26.00446782876563,0.1262986274755846,3.507221531829563,1.0816060227856332
31.732147299301054,0.11545774629688095,3.393384652276084,0.8408024841722657
26.999224546110778,0.10036072155624708,2.622421850088638,1.124929397402689
33.072382183440716,0.24285973077195597,3.1991586346232253,0.8010582488868603
31.563226991526207,0.2020780517188907,2.5464732176280447,1.1979169687096651
24.138240269771355,0.24267626373978937,2.40442122289727,1.0493022664371063
24.695183174518256,0.36850739197948745,2.2178215574649665,1.0750179423193846
30.866241916723034,0.18422907536943006,2.9788363930579,1.1497535322779022
31.178775213353603,0.2984610384222791,2.2654621871477736,1.006199165808794
31.958532872396102,0.11532280458798216,2.2066180100575123,0.8475449040929094
24.102080657990204,0.3685293028744372,2.778389393121221,0.8100929438180138
24.793589573401757,0.1943895307737947,3.5824739411469175,0.8239318814531148
34.3292828826431,0.21572155431415485,2.6412803242185183,1.0442129500403732
32.64922023133232,0.26855211775396687,2.876472409410229,0.9976397030462889
27.306537072701097,0.2559287428956437,3.4146790129176767,0.9348224048445339
34.51712780899943,0.3317592540845811,2.873163702520505,0.8777957107761654
30.2576392756445,0.24155437424918047,2.8067694108392023,1.0475283758864065
33.24109539248934,0.14174264931013802,2.3873847742631624,1.0322248004210637
24.72175992032251,0.22917559417794223,3.568524215268807,0.9586527706342023
34.75121275339043,0.23627361578580103,3.4720380925586882,0.9215486759768667
24.755359265670627,0.19290313736715747,2.3478558214793708,0.8763559103868792
24.84553668505956,0.10787949148066528,3.246782099449688,1.034533424070978
34.09031308864683,0.29237148906082505,2.11420909239015,1.1949706873221433
24.007030616819883,0.2626869069045221,3.26505162981269,1.0104303399865937
33.27767404835115,0.15729522360699755,2.7959043713351974,0.9243184206009307
31.17198121504088,0.255927225354269,2.1783443812480483,0.9810267180051618
25.959037350077995,0.1915341040737233,3.4161315090088085,1.0088201701329793
24.438476323737724,0.14181364468868737,2.684248455664534,1.177157790549065
29.066025554770103,0.22229920332569614,3.335293785397416,1.1394172503270048
26.879709336758975,0.3910344600334312,2.1847713336972294,1.1962922681707906
34.469137382752045,0.16450748790459577,3.3115711419177267,0.8698287300049156
31.549973977847614,0.3458138991783976,2.7487068575076883,1.0322058722138594
26.181190218971896,0.10905236105480423,3.1019765535140764,0.9401551339537954
28.366694848408986,0.12479421961972868,3.3937347730933496,1.1772165202073395
28.00475155107736,0.2828906479012833,1.9615544404950445,0.9583194737668873
25.5910823431466,0.11295426907396061,3.329661894468248,1.1674174644750812
30.28361164864826,0.27507440091373003,3.06145871877977,0.8430672544462923
27.74192067689744,0.333564761929029,3.251106289746664,0.8519635701964214
28.161823714787094,0.28706571387255186,3.3055232848218252,0.8839988201453958
27.770622196780334,0.1862800793604954,2.1597311069521994,1.1168422138644247
32.884465717893484,0.10187764411004677,3.036071953594256,1.13481165842367
30.014143236214398,0.18653375323254362,3.2603137665964526,1.1878363858146046
27.702979310155026,0.18345363929258524,2.055953441832865,0.9806204764404782
31.314025726686697,0.12951270453091981,3.222076649310827,0.9289692562053574
34.07891230351629,0.21153163749756426,2.312679594963954,0.9129374662992945
29.729576108324498,0.21152938528019508,3.497665610518029,1.1059520716584657
31.544403295476293,0.2052738050884293,1.9899009237649643,1.1250870837381002
27.564855471249718,0.24605333062298815,3.5611531075429403,0.8243228216799956
28.754966842590648,0.26547212047385055,2.137596646362564,0.896063456382954
32.14105359460497,0.14296143781319492,2.8770536829075364,1.158026044053392
32.984808263270985,0.23490582301279914,3.553112429137997,1.056502953324977
31.592564562221586,0.22844592430080035,2.2175913100446083,1.0554258888735881
27.43247323657477,0.2876838005520878,2.9660377259249087,1.010798891649215
32.24915079676548,0.17930123946436427,3.5552183479985278,1.0056252572459203
25.911825377491116,0.1225267261014877,2.6891208337222783,0.8906037968295819
26.56937250334825,0.21257415059165968,2.9284720052595197,0.8072611898187376
29.998676544588633,0.18314221142729725,2.9850963306442546,1.075302405288692
33.041261963531596,0.19873412889853784,2.374583122455397,0.8268656819672122
35.595059505553515,0.19635224919203573,3.2329993445670895,0.8054554899693359
31.967991604202687,0.33454840075993875,2.325246483628478,1.0270850617419804
33.030993137803634,0.11633638461959706,3.5692663521267627,0.8178193530454421
29.4704335054323,0.10746687645177895,2.578647154598266,1.0502140292975048
28.877884436259396,0.353788851553526,2.1485362821476146,0.9206919085806122
32.27182950729031,0.12198835528874206,2.1463521858302457,0.8463904817754192
29.399523254638424,0.3856146678737677,2.0610173454768996,1.1498859573059128
30.598454442994125,0.14969789165298855,1.9981495045162567,1.123962592911169
34.3897262391109,0.2642876606380173,2.5891666817445516,0.8204503755246079
30.473686441568024,0.10598891358776322,3.070599075739944,1.1415846327953854
26.975541434211014,0.18318410300514365,2.3580168280927456,0.8852454678222464
28.43884754755099,0.37224375345262506,3.2325731516240483,0.9732063403114575
27.71065927443288,0.10920236063477214,3.128519795420325,0.8404714431219334
25.340697837207433,0.11075407325338503,2.930409590270655,0.8854989687099308
34.89442689224373,0.10629687549960948,2.1399612695489494,1.0690442370702382
33.754299233846595,0.2794959176042829,2.0713059428652816,1.1553196357283682
28.768171784605215,0.13169588615305255,3.0243400367919566,0.8747855900795647
30.09297097746557,0.33252087669441693,3.24508840094974,0.960347574023714
26.82261252108971,0.30531994551675834,3.142151142267581,1.1990006470800139
34.416556364809296,0.2632772288240469,2.3293856660399275,0.848660648428467
28.96070298000516,0.2678900694560778,2.554450741613151,0.8717511580975192
24.715775843679136,0.2842010834524728,2.987220543494214,0.8936282480412834
28.706478101616042,0.33129142882206947,3.0581419392889937,0.9288210105951262
28.537606252879325,0.10249897843681713,1.9912627354224042,1.0238421476766517
35.236567839358564,0.3265868064922859,2.6613300820007693,0.8711659098215887
24.060219273246698,0.1806169167234745,3.2534609997408173,1.092998904584573
32.6628064531478,0.1372293459764615,2.5404151444569094,1.0874209717679266
32.8406087026679,0.23072415013699504,2.336224054230879,1.120748985988717
35.18342530057712,0.19839889343477055,3.027275439414455,0.9279843940552901
30.506811748574194,0.3293151434418868,2.835847448446425,1.1981089088502048
28.671594920964495,0.30497625403269524,2.3411481880622187,0.934161246882685
27.862328957951032,0.17130264411977628,2.0455750873605623,0.8148624897109972
24.42213787041288,0.1257416619759705,3.5536597481633745,1.0255718507397995
26.349622403986125,0.17578315289713958,2.0084690328901544,0.9146175881890162
26.430410239576833,0.1272414458184045,2.9743164891463993,0.9713606807211093
34.44069714525487,0.2799735801387705,2.51271776331786,0.8509230944902533
25.033584309083768,0.11661262943510567,2.9810238639918123,1.1909461186306651
27.191020010999914,0.11887994636125387,2.534262804109212,0.8739735216012134
31.49435247264824,0.1986505190992955,2.0590459237103267,1.1662785297663396
29.123976926743595,0.10531135183602565,2.7634909691812,0.915591958884913
29.56056096098661,0.11370257198378407,2.146478098274848,1.1149696661537143
24.154893914408984,0.14873423578774575,3.432947305384514,0.9257537554176851
29.003404325875636,0.2211744800612419,3.227188033683415,1.021642831347893
26.65350481292605,0.16357304721214955,2.476132340928655,0.8734632140874325
28.050587151065457,0.13837538814995717,3.3407365249096026,0.9527693675799579
35.057967996347685,0.1137193829378147,3.2049680965685314,0.8212756072161886
34.532202249011284,0.3145235180824897,3.521736141535377,1.144257483980403
25.217618793292154,0.3337341005442188,2.518981290299485,1.1650054534630496
28.30714963399951,0.18181837793399344,2.953821353921974,0.9244406431885185
33.038911131146094,0.36541699817572587,2.5089694278404453,1.0267196958074793
34.57567980604291,0.22813732739101825,3.563685139697701,0.886293433546215
25.87743745669912,0.27713399215793344,3.516615284230675,1.0946509015807413
24.022512231033325,0.1841748618171522,3.4015416107229766,0.8356641656779861
34.00756795028383,0.13177061458988107,3.04199614695244,0.821813196601672
35.708264220665875,0.18895369458186553,3.1131257869926587,1.1276477003748222
35.819143718612835,0.2379285442578817,2.2068560363623413,0.9625675637065118
32.16028592360968,0.30857920377622616,2.2900239404909604,0.8435898758732766
26.313317999710232,0.1283976938346766,2.374108658686106,0.9307068824412027
27.967776577542498,0.10312987748537972,2.9105087029879186,0.8901570936119092
24.024928700036998,0.37695939111526383,2.579197940234707,0.8877131283833072
24.873583841396396,0.14057300129177283,3.023008564818379,1.133151646171974
27.425770928263738,0.1489641698508832,3.189164697893039,0.9628871715020167
35.85284365210419,0.10562854151335224,2.4985203936717846,1.1223066314784498
26.037001795707393,0.1235391875071686,2.1775961600183145,1.0878083674944965
25.461856279056256,0.27047642870817673,2.0656336846490575,0.9758918498265752
33.9031812305225,0.1418180394128535,2.7153393805409745,1.1345808601946106
24.086536599271028,0.13459645980549378,3.529995860316313,0.9819676263576136
24.933558404335706,0.15842649774962037,3.3095268204029424,1.1264423086835034
26.39028536015871,0.3787123267436437,3.4839472973405914,1.027352975311259
32.38426161851769,0.20784250067758797,3.2021838330419405,0.9395647773601943
31.478996768535303,0.17008378945652297,3.4054637245314723,1.1269969429610727
28.87229638795647,0.21806115344835286,2.3298503749860844,1.1187740987519263
32.022005489600346,0.14334337094892916,3.4944535509609675,1.0186121715469627
30.458932636740702,0.12175971115097978,3.466719594220533,1.0636626936687654
34.197210597065606,0.10773124920437434,2.1318553753393936,0.9757109520670736
29.998576480069573,0.34245144054595206,3.1612532985848976,0.9727804562935958
29.10081517958105,0.12585136491339047,2.711210200623113,1.0422895757656754
30.962026141520965,0.12841134189848125,2.2236774224303044,1.1493166979324005
31.790871419679533,0.3792052836179506,2.6789777983579417,0.9105713588738377
25.72480183644899,0.29384859510474975,3.6010201258880645,0.9077019617117799
29.85662337033385,0.14622750784563296,3.4677890797098274,1.0132995823196775
27.806015268905966,0.1844591800535702,2.405871046728326,0.9521345606263177
34.65945423790501,0.30526702575287823,3.085244766654514,1.0694843662525368
29.809650713531724,0.10748489651496783,2.2919596769334074,0.8449937672986206
27.026870655872965,0.1455899541572553,2.555497999543176,0.8716685297888821
25.420797553327446,0.27917104013802047,2.294448495163091,1.0785400817497877
35.303508484067045,0.21149717395567855,2.9555747817051388,0.9269469366365451
28.366693031082278,0.10299896943054805,2.012855217932392,0.8057705507562795
27.43853655196871,0.25633402023059887,2.719274717773815,1.0670196485023653
29.761317577502396,0.13718037742587405,2.2526628574818037,0.8967612726487857
33.039015258914446,0.24336983702080436,3.50689581084057,0.9214857722677787
25.672285553099595,0.1432591047933124,3.2857577384626087,1.0117948961250172
25.074861704895323,0.19018995084212853,2.3030011840470603,0.9705095793505446
27.03540440489192,0.24272992049287528,3.274399920688482,0.8081065681248559
29.63027766389193,0.2082117802100264,2.4041919153689255,1.1056241492863588
35.468063623790094,0.26029095769014937,2.5455789287680157,0.9284329906731058
27.92533069088397,0.19954443094148586,3.4396009518832082,1.1539709339299675
27.365911961195746,0.1663318264111011,1.9639042528598298,1.0349060430306642
32.146337822945675,0.11402466851776981,3.493276615739154,1.0360410142489578
29.89946269725175,0.33539370447429784,2.273802645039281,0.944274138743179
32.803121715712464,0.3529830437457468,2.1042886005252166,0.8599075371124509
25.75655187691292,0.21169739347039737,2.426838593708981,1.0430568445343589
26.76304525058465,0.3901585630647386,3.05497837127293,0.9223009789171127
35.782456771644966,0.10951596170670863,2.8155678008287124,1.1947062249116378
29.53167949892418,0.1437297631029307,1.9543409731656607,1.024273014399865
29.708998844646263,0.37863906194804436,2.0473771935352674,1.1555720369766116
28.24927499561267,0.22046471164254464,3.002971521258905,0.8655620550086457
27.94898839558887,0.22137271729859204,3.5644324551377884,0.9414507870293326
25.50543150110096,0.15614481304021477,3.511655481179861,1.0323614672480421
35.30752172776109,0.18487456179681955,3.304250996202637,0.8869349884092609
27.81166097090234,0.3395921557609971,2.280156306769062,0.9726678183822086
30.13027231794379,0.17284250532119425,3.2125249227265793,1.0523793793116907
30.69350411171765,0.25780557071101057,3.4466089076859516,0.9145632886673859
26.520463950797073,0.13970583668241782,2.443511651167001,1.1124541483533044
30.215491754099467,0.1251948789182456,3.3397946461028862,1.043445841327149
25.251699284488048,0.11207679683965216,2.799330768641503,1.1749066826923689
34.14472054509305,0.1510764550324025,3.3683660309156096,1.0576363015501602
34.052445474119196,0.1604668683963558,3.2507279686113346,0.8894691815581767
28.129189561629524,0.3692272001794825,2.9721094276081805,1.0463763035361544
24.56106303548137,0.14921100060396547,3.2092706312095007,1.179248093522137
33.42604454303391,0.26196483910848406,3.412026288746225,1.1582891498533554
29.36978675298481,0.1812024493094009,3.449840090126516,0.8699969719270311
32.439819735526,0.1532441627923642,2.701502549490641,1.08784058015127
31.068765279525863,0.14875664000288255,2.3079146887632573,0.8725347059751845
31.59554485425729,0.22928180516133914,2.555192223055981,1.0018936131466343
24.08599153058486,0.15405588914709129,3.4991593823230787,1.0955122158096144
28.217439180881527,0.20247517580772897,2.4653571671059598,0.8539058416738591
26.53830435838448,0.14518973913056898,3.388796887985977,0.8409040128203791
29.939502895069445,0.20139709619143875,2.4303644041984445,0.8861982944946575
35.51821668155157,0.10392529585981379,2.3818319828762866,1.1209273087030782
30.477697883961792,0.1491845493238926,1.9919767185787725,1.1817984543757967
31.261530900576272,0.3255423413589404,2.692031756095138,1.0176144508303577
29.49209196462994,0.25095510167113977,2.9063725579856996,0.8388691152537574
24.72382264489016,0.2628146821521961,3.394835729592453,0.9594198090190101
30.5329824158438,0.1992828297253712,2.97703431986163,1.0389708461268152
27.869471728379235,0.1597424687059926,2.314114644442335,1.0146617371282718
32.82656514942251,0.16119530066160026,3.370869510027486,0.8665795875554947
28.44774122190942,0.21488268142329128,2.2848263698550104,0.8784391173546975
27.446882432310876,0.2284484764833924,2.014061700645038,1.0455923799810414
31.663974314253004,0.3890749034518427,3.5282255539003575,1.0376131818653505
24.001997314124054,0.14876026060177866,2.641567548672567,0.9299467746871044
26.752980038650268,0.35956752087354016,2.5184652937496326,1.0866017790557234
33.90499612501758,0.2577702488897122,2.540329106583897,0.9761343487546729
34.10628671247589,0.36018963875218385,2.8296118764723373,0.8427436993768559
34.96503136318365,0.19388350119844344,2.7766925931205817,1.0711452410531321
33.59087453729315,0.2557147388777716,2.0103208227210585,1.1062442554576353
27.983230171552563,0.24806269343704992,2.0353803152546392,1.128545105326029
31.45254761037518,0.16187747542317535,2.0714782915329133,1.0239376127938824
26.731954602626846,0.204370460418012,3.606304492763242,0.8532208813609388
34.909295731793605,0.10769868912848186,2.822319008104025,0.905873025988504
25.30088366038503,0.17203817143515365,2.264373556369504,0.822465028188708
35.61271257294591,0.12421184914006965,3.1539806494525195,1.076050814389248
33.077781035384746,0.17316409348780804,2.9865988475971594,1.0542330215062272
24.960267539074195,0.13194123918568287,2.07387975450873,1.0521594046394722
24.193052136528124,0.10597679042953186,3.455925076841663,0.8496442948973928
28.344031568880386,0.39597234298524314,3.435197667674867,1.1887232215443184
28.894917197330688,0.14808187973492068,3.45812487044916,0.9479275536290561
27.723753133551217,0.1027862091674451,3.2110940945268593,1.0840686950067397
25.213800526146514,0.15439619988402487,1.9694908262119346,1.1315963968334615
31.85070842733039,0.22577506491560784,3.100481572500371,0.8770652920797479
24.892906834240677,0.1179214107223649,2.9995836528129454,0.9767982167917421
33.438253974353096,0.16154027726855583,2.414218871710466,1.0989692626581626
32.52865889002368,0.23386484211802774,2.2431001810964823,1.1013317974176018
30.46116865824696,0.3667842824520494,3.1135287690061553,0.8450054477932937
24.23714624008163,0.30350551623665734,2.9013909506135467,0.9633286871496878
29.416693533503462,0.33278368907698147,1.9790325268225315,1.1107796628701752
28.87375047233244,0.2278296873528076,2.9292453212503613,0.9514446673795558
30.845802966302518,0.11359486160763257,2.1893061497269484,1.0614888800125128
26.697456834818727,0.1984925926100317,2.6668038101129716,0.9645155714302929
31.068440398573387,0.3292239502745593,2.059810514273262,1.0356885615816962
30.518490993558135,0.3552605637589923,2.04227537941194,1.0938106449728888
29.059204776748413,0.1833606421296177,3.2031373987598863,0.9839617846882044
28.74658849126976,0.24483418282835287,3.225893886105597,1.1463121671888887
24.847057525545818,0.140189165632109,2.6048683917309665,0.8296943422012253
32.630585998500315,0.2609631551194246,3.09620347132914,1.1958422934806627
35.14958581642207,0.3055985314594294,2.807113907969363,0.9796139829380397
26.004136409384145,0.11502411984967996,3.0145438713152624,0.9123291246930394
28.773265520226452,0.10955817743123067,2.0452718874544313,0.8222924276817862
32.74086520060176,0.3732325553677028,2.2715688024055334,0.8752421913321062
35.557113385009266,0.2602505545007583,3.396531138599541,0.9144430474206827
33.995071158894895,0.3510154942130163,2.4198103405206752,1.026599858366154
30.4328750680398,0.3560156575409564,2.6578644778179146,0.9344756503910137
31.46915704986615,0.2297657275898927,3.170826320140233,1.0177828490877736
35.50929302372584,0.28467126695136485,2.6952882292961418,0.808782100708048
35.45535223327706,0.21315246566803758,2.3936505148512452,0.8579289144474638
28.970279929498357,0.2189836307005439,3.2078473815591204,0.9406412055638752
25.827978679829556,0.30090221955172575,2.115232405634464,0.9162404025002784
34.67919638299715,0.17089178555042062,2.6651169570566173,0.8677564428919213
29.363959652397927,0.33701774630403336,2.745563533639358,1.1254823310778939
28.891652613900803,0.37026335996957327,2.0211754948389724,1.0226282587771756
31.520803714441527,0.15546958553242263,2.8957261129067544,0.9945897180097708
35.1514630198844,0.10688579770353408,3.6051680950046774,1.0332429458194385
28.125330791414072,0.10076527259256506,2.191993608499506,1.0963152741621307
28.742908864098762,0.17115396822207607,2.669591149568456,1.1163434433456696
30.599103183972915,0.1927864840387011,2.3458231642321676,0.8340778032684892
24.382294791409333,0.20528389638802677,3.248024109820844,1.119403553443224
33.39084075250802,0.2031741995663642,2.07974521071248,1.1754661029485272
32.827489848209495,0.3366101123663902,3.601770649375462,0.906161039132804
27.129973233057573,0.30675789970211853,2.740347460443413,1.1982588617618637
25.32323047258836,0.21603275243229214,2.5081539785634255,0.9327377360354252
25.383474502737595,0.31382718361841844,2.067814800236228,0.931946329030352
27.89508394833605,0.33482034399695476,2.9746915457680796,1.1951160446549536
25.828533693479155,0.16721161256280667,2.2538768678982994,0.8368804782480669
33.66256336842011,0.3365722093148136,2.55508400310596,0.933099388975271
33.968011665991206,0.29278207101373344,3.51272899494252,0.9791519143667724
26.2587125184071,0.14046293516628985,2.795486190531516,0.9273020757951977
34.462784095111445,0.39473916321259983,2.7641439090248765,0.9700798006851393
31.718964348926427,0.24475445890571146,2.510119741159992,1.1222784545919533
31.173312418763814,0.10972319629724775,3.275241799846617,0.8521210224532166
25.40082166438976,0.10183701924527555,2.953371496526546,1.038593613756911
26.756656822547537,0.23160990162046488,3.609078073151009,1.1540707659057434
35.727068403977384,0.27323392941701774,2.1315392668944892,1.167903422612913
30.383416002010573,0.35046575056911067,2.7433686367011276,0.8373603474466148
25.144005550173574,0.18159276706578895,2.096178308862955,0.8900477750284619
25.74827019934282,0.19498662145286721,2.966455274693108,0.9020004633110043
34.749680652011556,0.16889053422514452,3.156236123951915,0.8718655043674356
32.52616208937129,0.26628642168906586,2.8296129473897613,0.8084499745087748
35.66610224148051,0.1957800725174553,2.5038037446919565,1.156072065763426
31.204603093908997,0.14996999018891805,3.2620826011158846,1.0126982683348908
25.96880734601496,0.33398374153887905,3.0171224244900183,1.169742172903898
32.80266931108079,0.14042415023706845,2.280789333318557,1.0120699577679337
27.42083908721756,0.25199848522996726,2.443269658557386,0.8507978996650664
34.73397744954442,0.33723717586871155,2.2504333675036388,0.9977587450706663
25.254057201183933,0.16700471161669336,2.315713812055704,0.9301697172121647
24.29530597960507,0.10963157025265531,3.5951248359870434,1.023613124823318
32.22539797358743,0.2738806575433363,2.238796005012986,0.9958119172144813
29.286992131599185,0.2630211804239997,2.4455665056350604,1.0464001188135985
29.787119768678277,0.20730024898614224,2.0763964055643886,0.9953088724728238
24.702369947091654,0.2961920391745915,2.703905368792068,1.1806986597145568
33.06224209619577,0.12818494083223397,3.3767118927802886,1.1923780826746144
25.237577216068235,0.3687444659856425,3.130749860061249,1.087790055134188
31.913549097126847,0.15051473462263298,2.1129745325968297,1.195939529622197
24.243979475696857,0.11812167024064778,3.2607073028141693,1.0784594303212052
35.58002066706101,0.16412201725249492,2.391123182848347,1.1281538339783537
33.586441438966425,0.1487010578022483,2.117652572973149,1.0338884943430338
29.573685837323318,0.2918821970085674,2.6299472164545046,0.9115709597262845
33.75371864211196,0.15097590025303456,3.021870459517344,0.9421042062189675
35.95283853893164,0.21665057754603226,3.0054971767726295,1.0829108271423882
29.107517562474506,0.24443018490330856,2.428754185444437,0.8739151507557587
28.69149388343591,0.1404913922547711,2.9248863654632546,1.1005364810951423
24.82196149943878,0.2801555228404386,2.9534506696395053,0.9754964434212197
30.463999180980753,0.18767300399418438,3.0786229811812733,0.8615288200124703
29.715239699636527,0.14439294869790106,2.423469105000665,1.052603269270599
34.18656548209855,0.36386825454190863,2.392565010389588,0.854110411290117
30.744121494534173,0.1477939516697866,2.17057230431449,0.8599414077467697
24.04796871879502,0.1266890662464311,2.5354809984507147,0.9432842643740086
27.94294340007038,0.3840370702717566,2.237861770457936,1.1613394594092872
24.52066061234341,0.2540543470838119,3.557467432793447,1.0428563582477457
35.1530719624133,0.13831922662879592,2.645356675027041,1.0480704894487645
31.495782938431844,0.13367577044524548,3.3548050907237332,1.1150106700943083
34.71652191915394,0.11738571415946025,2.9495536627381638,0.9335077081328509
26.066257269139275,0.10913176367787224,2.0435731483350086,0.8372558420644924
24.011760481353992,0.17955748209415165,2.4248274756321972,1.0172666677930702
24.736951470168776,0.10234742871195678,2.1273884448086173,1.169285618721817
34.00221359290276,0.1339399029398132,2.4192616591302563,1.0457247713870537
34.48367775980119,0.1723897836590623,2.854411578254128,0.9743293293707294
29.889731061699933,0.15828084489306007,2.8375039505606083,0.8152357093839453
31.542303266949325,0.22829425543053664,2.648091534614948,1.1225179080956003
25.47819379507317,0.28845098427264004,2.046791607709442,0.867017927462455
33.15702485697038,0.29748761305361604,2.378724289843949,0.881808649714027
29.204857425086036,0.3164913821141583,3.1020301724879764,1.1864953451834894
35.657818642041946,0.2835765712864201,2.9159607981199125,1.0273864029592998
29.01246655723137,0.19104966818698382,2.976277719478304,1.1671289472929474
25.513918933902385,0.3407841727365948,2.4327155390134942,0.9781669480688895
32.52927483440129,0.1351086494283965,3.4212970775375924,1.0906275777870047
35.59739096655392,0.2350876921622434,2.0960378268258557,1.0771400650570548
31.353754351386776,0.25998343914406624,2.834149047662116,1.1729087117167607
34.96551961264546,0.1333495266366029,3.2777479939281218,1.1903467689668898
29.538570825889654,0.2824322452762208,2.514004739938606,1.1387378669416615
24.351629589982956,0.15728434671757843,2.0011826443752643,0.8186747073897094
27.057011269452104,0.1145001098445532,3.1872162418752357,1.1717774319695102
30.45009660122089,0.15441581099413593,3.2593892836532534,1.0348275293274547
25.093256393499118,0.25316200686773155,3.3931767914146116,1.173328739274212
27.526501980520074,0.33139698047901467,3.2530278111634177,0.9772788338161026
35.363456203867436,0.15563340003142603,2.8652108943491075,0.870633911696355
24.599912274345325,0.12431861276945835,2.141899835869849,0.8319730207502097
26.33569833675536,0.18948551617112722,3.605506051275018,1.0961733418123674
26.23875717245975,0.11478676508763251,3.1675663127611853,1.087550691898222
28.203049300279012,0.15894904634849927,2.9151729121439476,1.0856604410370894
25.688368312415264,0.28267469209864177,2.4983909136717264,0.9967359608858951
34.25567259669344,0.29729038529785723,3.3943602772518324,1.0959786972783345
32.92460712965623,0.14768276082367526,3.1664200895485166,0.833999589918292
31.987101714910423,0.2610718194238271,2.9993300600450397,1.1995163770052464
27.581749701993655,0.10881224376844888,2.527475431218386,1.1388080510377028
30.26247274963371,0.11263020088032123,2.7255507648347415,0.9250351035637997
30.328775276200677,0.2378935601617711,2.7460731480963907,0.9074890243771717
34.57925882571535,0.21987964643677016,2.4121300490213184,0.877181304020846
28.240616076339254,0.18551308664745325,2.5945294955218605,0.914761367818547
27.786316490409916,0.15898368298723928,2.080794126300662,1.037719373836664
27.105377734998466,0.1964616220596573,2.325645202879277,0.8222995656650053
32.919066016822505,0.23315662088823577,2.0068101369306106,1.0010810460518076
28.352182471707575,0.29317179264135057,2.938391373805636,1.0028529559737278
30.97341817555294,0.22649771338770353,2.314258603346659,1.1872755917139752
34.84966652774698,0.1911008190965782,3.580304847725788,0.9016153523358802
34.86751755905512,0.22903393169457997,2.3980939861092065,1.180444340972582
35.51249772651768,0.18537799194456905,2.601154764172832,1.1415195226508401
26.94141761995357,0.18501716568063376,3.2696520405495364,0.9173599346886666
25.01133510562858,0.14472809587660046,2.7754802899905737,1.0685433082476632
24.465832576814034,0.12042022222788346,2.3449663379782737,1.0997707537472485
35.432984449986996,0.20924730036859396,2.399993525372744,1.1787791858560555
33.10721997204305,0.2127644123280745,1.966408986053636,0.8737429991141603
24.689509446715963,0.22451080614111923,3.5364349917910487,0.9286712151252617
25.915820426938268,0.1936834019937526,3.2002855395918504,1.11469588298417
25.848660425830445,0.2087197148570272,2.9267006262711694,1.1988254443676842
26.35888779796654,0.10534997888673092,2.644652822103522,0.8622606898300597
26.769188996349975,0.10686535698483071,2.899312444757236,1.0331333263107956
35.88452845584605,0.14875573365013162,2.449941011887914,1.0031430485560249
25.231887694340642,0.25564541964886145,2.9170610359538864,1.1682869291629234
24.597775179716713,0.2546013855702015,2.8103634737711514,0.8644618696019256
25.507947134123484,0.3253094932732238,3.2650002856105056,0.9036133817494618
26.752159606486014,0.21514551919152336,2.1093520320423518,0.8393330227470603
33.081298085033026,0.16257093175866422,2.1304834054984156,1.0328847237579901
35.45786127134608,0.1454413666502102,2.4035881960152046,1.0768543453077037
34.53465674326367,0.11253505238748876,3.1046933134455084,0.8715170047860987
27.468411708160886,0.26147876868173403,3.504284201888844,1.1863684372260788
35.82993207506638,0.1989997082232313,2.545735884632877,0.8205561014450751
32.469304835382026,0.12969671781271713,3.0813398332797384,0.8373942460502259
27.739046897105972,0.35310149491597764,3.0117535031810263,1.0330456555665974
25.534909340814394,0.12413399518541997,3.574801977483564,1.0376230972546316
26.99186614722321,0.2906599339793003,2.468372035048318,1.0054633337389287
34.39503297267937,0.15278883618709227,3.263430095071968,1.1316621724000209
35.75351618083142,0.209429525934301,2.5021855795432804,0.8013645009713939
25.53260214361334,0.14365620516140284,2.5904642211680224,0.8401750045453289
34.68614431896644,0.28729148251092,3.26710988497764,0.9710845461524467
35.694674075618316,0.14177811564464635,2.997534766492913,1.1318706467123563
28.511253648182134,0.12472870181021267,3.2725275987170215,0.8746905723866674
33.082976604071895,0.2284295411992877,3.3247500275450954,0.9636257541292603
33.702878320167805,0.15609916880958533,2.37607407320664,1.0473006042755428
32.88726568945105,0.19836179433248607,2.5387465731500365,1.0203004099679316
26.416800266132075,0.18510991608261676,3.245358470383715,1.0665301355212402
32.09752086782586,0.155171426576651,2.708587759350258,1.0761126971135857
25.53077457555955,0.2256035671877383,3.0175113287651962,1.1075585237823948
33.78792259781023,0.30334038759400694,2.470385766079139,1.1358500720973972
32.139015511723976,0.187657597230621,3.056784589539734,0.8709902960369538
29.509958347353002,0.3903632036891853,2.3470263915222755,1.0883409099532906
29.337997598731388,0.2633710552089469,3.500888754416386,0.8507290921080545
34.98841820890221,0.3684779438138235,3.0253532603400983,1.1455166553800384
24.464799314852574,0.2232724456236803,2.2647585991718837,1.1680281757485906
29.477793234279417,0.3097394934939868,2.126189477399519,1.1925934307408168
32.70428188010229,0.12729789426044452,2.646418880645586,0.8968917843085841
25.377162695594034,0.2237161599687968,2.309585476937811,1.11070836080889
30.230635752735274,0.12397502538673047,3.1947913245938864,0.8414586573954668
24.585239336533178,0.1411999461275212,2.8019705354266966,1.1843526364358747
24.75631077334033,0.3712258233986387,1.9973368007654653,1.0497278711626914
33.89325931173165,0.15454624479729995,2.063854850622865,1.1647937226083755
32.58059934403934,0.11007711185019052,3.0817166930099256,1.0819415480748702
27.55662179054302,0.13763621707175858,2.439839237378085,0.9124271156925653
33.52858453054795,0.3122194788053956,2.487274304575806,1.1424708179622132
27.577923664488726,0.14465743992694266,3.396838283539078,0.9214339255749491
31.140867692405976,0.2612559113354678,2.4022122540972104,0.8962526003144046
30.87233319271766,0.24443303950294948,2.875652507944763,1.0665789336083185
31.67465629649159,0.12392126167096816,2.97015452725682,0.9181187847597736
25.398800271634553,0.35255538397799224,2.890721587500329,0.8020916435965685
26.236070794482004,0.1407412038732996,2.051928973634703,1.0378521430558938
26.011832855598232,0.36292814071269647,2.3754749419024184,1.1706268549661474
24.910122429647497,0.30119566822210786,2.0321869626671756,1.1498285611951478
31.349143296918385,0.16619888447355127,2.9412867576733084,1.1937962811310505
24.646463719578623,0.13260398635913162,3.353628244393541,0.9705661736280031
34.306998238771925,0.1903338762344459,3.266186115608084,1.0957092789986669
28.25747214840952,0.2748161666097145,3.302999922915451,1.1395688181250736
29.571329219924987,0.24056637601511968,2.555166626115504,1.170022465474306
29.945511559483183,0.17562336990702523,3.5710620999676785,1.084955905336784
28.82031316644754,0.1273126935218861,2.5933719761458462,1.1633059271718926
26.497439195878865,0.3352000484881158,2.3685636893912823,1.1680131180362854
25.276238489758292,0.2781851425408175,3.091694235994014,0.8880260145845043
31.120685260629614,0.22630524348680003,3.541029053350424,1.0839965571741297
32.07104195316792,0.37698644089606254,2.583747539286857,1.195210493724602
32.09244730001796,0.22850913567067765,2.082674233793527,0.9513862249258711
35.872393210167495,0.12041787625326442,3.07416106550177,0.8380904129081197
35.9493385587493,0.3256128290015477,2.243640761917862,1.0243632745153943
25.188562321066993,0.11668895571518936,3.105273152332335,1.179467869472032
31.279098877032435,0.1505400357235941,3.0483664237696986,1.013496672727031
29.721655896490528,0.3732184188842219,2.9161040403832907,1.0307240341079267
34.76419477365844,0.10357445413378588,2.9997103216870626,0.9065903666884555
32.13238478545717,0.1791760166026286,3.41300020467149,0.8713230953886286
31.006214482659765,0.13822623346098195,2.1299383118295365,1.0307225951931511
33.105835538924445,0.11148836318024125,2.5869496233943567,1.147061124396507
32.012718239892614,0.32948136858589505,2.092163893847565,1.0204673386091367
28.588040841364972,0.13489773526847654,3.0274787974934387,0.8236754060695304
25.614106303430756,0.3588709201587316,2.715698050998082,0.8942626271000024
31.600453809863847,0.12251932738842847,2.9867139656134425,1.0653520555870757
28.386874503642353,0.2572755387671497,2.6502743282501044,0.9624454030821721
29.67969425259825,0.22510037983483047,2.6547523720690247,0.9332553229141846
27.716890114688244,0.13785694474816096,3.195091721602454,0.8255982761003762
32.91284652022165,0.24493603767688135,2.186962307849884,0.9205520657824532
33.833957071236526,0.28916493734776666,2.5996382023194364,0.8221660930904526
25.084826720685548,0.2564043862073903,2.1611511945787734,0.9770475666335406
24.580496700958243,0.28262420202303135,2.6799401545111583,1.050133234529891
33.343814693513586,0.24272116955898332,2.6483331792049998,1.0404435485113346
29.78572795355975,0.357773334633469,2.079286028666725,1.0388623092435707
29.345233443426146,0.25166485295566654,2.79870331281476,0.8234352684188377
25.106251014516495,0.22823991250522324,2.368990976916205,1.1790975614957167
34.06622980524548,0.17336976883623137,2.216166947049478,0.8375872504725943
29.939243180844247,0.11478275979732536,2.134703935315896,1.1309998157111405
30.4882467243122,0.18755572303433132,3.0044148132145203,1.0201970489515533
29.44637115517642,0.13492609628339844,2.272410717367408,1.0065631767667558
29.23063953989474,0.319710402795814,2.5228676204379785,1.0312854168128598
35.56065557458452,0.21524404551927187,3.399682087540884,1.093197563968304
26.470393054773663,0.13912911598587305,3.0490124525090594,1.1638531646492405
29.318502803957852,0.2614976560833931,2.3831132526297263,0.8722977413932272
30.982529147243202,0.20296324268315896,3.0599799479125696,1.0218971094902558
35.450199408795896,0.1757312301231293,1.9996466539802278,0.8180121630238513
32.77932079440079,0.11455141225868753,3.1577151316272993,1.0446790418687375
30.053768974318825,0.19068783944161044,2.2816640094768363,0.9484710850099933
28.12771198472017,0.32183415701966095,2.3560331215122194,1.158164898280163
24.73481051945287,0.2889035714901322,2.3285027829801526,1.0802735833721877
28.94305586129428,0.21079883009694456,2.569000297398115,0.9790665402026797
27.386679411566515,0.10770625920501467,3.0835365341821035,0.8315768015529098
26.53120469297566,0.20819471472887213,3.2604017467593804,0.9416589160707294
35.575844111723804,0.3378395180000233,2.0247305627061305,0.9973387764612538
28.67135334326908,0.2568349179383226,2.6167962080024356,0.9063039625475581
25.24625113188711,0.2736837576676447,3.1776991471323917,0.8212911670698243
24.99824856121253,0.3314461706898728,3.1023993935875045,1.006850888325364
33.418718169891704,0.1018275712728741,2.296933637932681,0.8424004090059195
28.656499068412987,0.31673154217240373,3.581986665362953,0.8458536567933514
28.514889735262585,0.10793276494310995,2.501612035271744,1.0455151966721128
30.2270568601641,0.11166193095422045,2.615804984171229,0.8571787390524933
34.74825589620927,0.23884235307987756,3.3636164403487885,1.1129138719082936
29.216059382338013,0.2906757726164099,2.956374082514085,0.9004288770164489
26.32370585066473,0.1205531430880945,3.001125574144939,0.8130533294942693
31.448964441104028,0.35384436986786805,3.1929414909048828,0.8779191768744042
28.34092102813411,0.19257911065152042,3.307234021259238,0.8804595672351764
30.789864820327054,0.25092978664576415,3.165635593934407,1.1432037166370828
30.290400609056938,0.2768994072176748,2.9318965346265435,1.0178476056953738
31.139859561926187,0.2292817847155214,2.481938003302868,1.1284394923239374
31.867455554712375,0.19881690875172006,2.836607502727526,1.190916560040526
32.48766184870986,0.11711720133433397,2.477324288916337,0.9902847521707272
31.589269637999422,0.10343965819149642,3.372345847349689,0.8933084481429991
30.132819928380638,0.15151750444301063,2.860975604055304,1.1149194584656732
34.22705632625208,0.10558220872767912,3.1371836115176888,1.0692125698473434
27.69816975143803,0.28483939827544835,2.794693166625747,1.163096608936038
29.9931386330588,0.22432094339334233,2.13210509989372,0.980386670517435
31.87352477189836,0.2720272020141282,2.03878764524555,1.0896789148232806
31.4422064407416,0.18906249876244177,3.0743169924904827,1.130886448118806
31.290475065989575,0.1207502594755469,3.430851390579776,1.119575959006291
24.8866485155022,0.13659143183805975,2.672223740490341,0.9565663899667132
32.26267509921912,0.11195998421009677,2.8409421259083896,0.8697731063964595
28.146104054631753,0.19412752780258308,2.930718353984333,0.8812637701973429
25.72771068501789,0.27075730666692793,2.683362807605955,1.1344621220999358
27.401064897289473,0.20497319486941473,2.132685119299714,0.9217811313986974
34.28916071690029,0.2615641070618268,3.0887540967324925,0.8971725522689984
27.447941884747937,0.219551114220915,2.402514883277259,0.9262781409894496
31.212556269980535,0.3405652430447131,2.6264300529123203,1.119845334137845
32.154161889540454,0.1057686625042053,2.894530736048546,0.9475210659807096
35.106222956141764,0.13683303614457,2.7495500306896328,0.9229327541624411
33.064165297014405,0.234019604343663,2.988241777378319,0.9321751512565325
35.26603390617548,0.1874527364504819,2.081499785412679,0.9015466855362686
26.15119546876971,0.10772310470597282,2.3341700168658064,1.0003477774621945
28.60761676748607,0.2515750962094491,2.888968885697081,1.0472587000371016
29.904892333539493,0.36843751586136536,2.321897283761039,1.1355046193400147
25.30123121682788,0.31202197222184763,3.465690395152161,1.0630077649264542
25.095929651028968,0.10405375905297723,2.769560519210222,1.0251102943059935
32.030812405866,0.3924951854338928,2.940437007842446,0.8214135165657735
27.75996056362414,0.16314891151254116,2.8104039012895217,0.8897216670928937
30.462059846835032,0.20650752324302415,3.2222490400592543,1.0679002176415344
35.31728911152784,0.14765777116692422,2.6620139338451576,1.0932160305723202
25.954054613063015,0.2936699849803306,2.6783140666689604,0.9906239888251719
30.60023051829189,0.24022825329107006,2.4408881538625242,0.8270961092679251
24.15353686674582,0.39570225685088656,3.017778506324716,0.8921692803149244
27.82394252637583,0.2669451200318696,3.0720817205114135,0.9553311559828813
28.656712806311486,0.11046803909147235,2.7444422854450807,0.8092887298322441
32.06137357056792,0.19220238650701835,2.0497302825825354,0.8584315518487018
32.99705861815603,0.3444510337546993,1.9789813006593107,0.8478342550686652
30.705901256292496,0.13939210965057022,2.934763658774399,1.1713628198289148
32.60925714912097,0.14006750569253218,2.0038389970750847,1.122227171679374
33.48016822647796,0.31277065256793624,2.645757492002134,1.049642020143831
27.28891466263332,0.3689554974706939,2.611244787589157,1.1650015704888197
24.281138479119885,0.357234109022111,3.363525688337496,0.8039391992189147
30.19063457902469,0.10380831150344463,2.668981687409117,1.1686295049067694
33.867703783227824,0.13097519790156542,2.528261308383776,1.1386508171695133
33.94053945107886,0.17918753122505418,2.468339818968423,1.0048677976594722
31.540559153655902,0.25726011545945165,3.3652502841246714,1.06837894640402
27.554640803863528,0.18954644016851172,2.5901806437854393,1.1340570402883525
35.3597870705379,0.3361424294973448,3.525607130753773,0.9427687195714647
32.68282611132679,0.10126324957317163,2.550053670136474,1.1637305227148347
30.707586330621535,0.3079754681779038,2.0053414884689613,1.061046011549544
33.41994782710322,0.10733970812676169,3.473165765715381,1.0187030812674196
29.317631350617763,0.12837896155714032,2.7911706641140976,0.8548450120698512
27.64122591767296,0.14156994066527262,2.5056670361074858,1.1976006736766582
26.426090037647665,0.13920740861027012,2.1307590404999917,0.9687061625836042
28.95330947870877,0.1875284793245107,3.5462876077686403,1.0799965912518585
29.84442542867612,0.10082460580244008,3.1938895818428255,1.1683529564997512
35.40142255196468,0.18516254973062535,2.479816884412204,0.8577567046937667
32.236562714734575,0.15374603801039957,3.3706074149600904,0.8364816344579685
24.807597484418732,0.2904244457099076,3.0758835980724375,0.8987658635271717
32.815169414874184,0.24806919725486587,2.387242285306225,1.191800949206552
34.74819190900664,0.15774778479155904,3.4396217042351913,1.1001998167035063
31.621592544296814,0.24119278145024436,2.0789240526841093,1.0848449728832383
27.031230327528903,0.2749922964239126,2.7120149089996963,0.88133331255601
32.10795424691687,0.16477522653888052,2.3209333479751937,0.981003083173758
30.886309307936063,0.11449939086192276,2.659624473746806,0.8033817738080427
24.830720171261472,0.364495660110233,3.5289637227819552,0.8166634907379372
28.92820802058959,0.10566140695365063,2.653497549380655,1.1770009303964828
35.19658716256979,0.34592409857157264,2.757213024281026,1.153660254776135
26.325379879459554,0.17534948640658402,3.0532085937414455,0.966289136582534
29.327631487473187,0.35393351048087546,3.456953327136247,0.9930958864794073
25.66768348931033,0.37849233660398585,3.387426795956238,0.8649435527420081
29.85323139486846,0.36755742666843155,2.3133582599169187,0.80327611831653
28.697952046917948,0.34215897091634634,2.3089775593831208,0.8868322402431125
34.535267505421636,0.30223531942746323,3.105992445923611,1.1096713731487426
27.004113716278972,0.16255995620076483,2.350169210696832,1.046250875308847
30.736587171870912,0.1031797092413141,3.568551513959002,0.9052937990358383
34.872049204414196,0.13142323008133291,3.066081579777468,1.1294278130185855
33.7821787664176,0.18371592132971937,2.986547870560619,1.1604459430146972
30.081285169485813,0.14369265258231187,2.80040081337829,0.962690235472734
27.01916734012368,0.19988432776296322,2.6569556036352875,1.1856687986494663
30.98750803154233,0.21169484065253444,1.987865030416506,0.815589170674812
30.926950169951514,0.1743360859594143,2.6228587919880946,0.9152717196028458
34.678213327514136,0.18048762838164636,2.8346359764618025,0.8734282264439727
28.926581852947805,0.1024007537538269,2.4098161700563416,1.0446320119144747
25.37475909990964,0.1298935051038309,3.5001441005910277,0.8654112646821189
33.6526764595119,0.13970747316430873,3.445247675990589,1.1417103199045553
24.045343886965565,0.18793624998646574,3.3250198488212535,1.0173100808280966
27.14863036130468,0.33929741928156804,2.4274134599000243,0.9248393312603093
28.690335699455723,0.227877308150963,2.8265230268081054,0.9691817935309519
33.72042736532397,0.19877574879886642,2.9277813360316114,0.8319531060696002
32.32550897940205,0.23501352198434877,2.4791304110598227,1.1200206110894575
31.684570053925913,0.3625236997009058,3.5718563521788256,0.9485420959448017
29.83541122988533,0.2307366254965837,3.539153691508542,1.077075237165913
31.798037190238645,0.17766216745991242,2.560104999123359,0.9033236332956867
27.119885341664013,0.20178169400140128,3.4368137958874265,0.8860519004090819
30.9730563453998,0.11119953512324161,3.0812893338064615,0.8531045599639575
35.80185849874615,0.10591391354957916,2.0293859123983546,0.909742765526355
34.981436567376484,0.22614966791142024,2.272403536401827,0.9493722987769774
25.99658058427293,0.1413984036497572,3.0852172888996425,1.0575608558716363
27.250039767503747,0.2659106337317257,2.3315070008143732,0.9816880858930849
24.414630181089805,0.12546357715290093,2.072266412606159,0.8267756901760597
28.4262937407351,0.14198379767516905,2.390385372055774,0.8720170010273496
25.849207806683648,0.10535249746071879,3.5053009513783597,1.1082353144541948
25.492901694141228,0.23413671615196732,3.5229855329469855,1.1901268249475634
35.00869891663462,0.12617181840732458,2.721633063995799,1.160046249090927
29.29945719697343,0.22027234420397837,2.9564205287310665,0.8009197817677904
31.53002206023841,0.20699878013775247,3.2552019017373834,1.012978891508526
26.17691899877884,0.231447834344211,2.6428587857079306,1.1916439985013196
27.635759899665246,0.1978996746163503,3.2296060477705506,1.0248751665651072
25.150422691376153,0.35808758555650344,2.144267933738755,1.077387624982487
28.619593451302745,0.33117938601661495,2.7074059361388674,1.1798290054508649
29.166256302155873,0.11100136174850234,3.338305329368024,1.1120896097102
30.1611509425885,0.2470739226921979,2.5068956519054595,1.1361340996891618
32.987071847410434,0.37549762300346906,3.0193848318333325,1.1364857238106425
30.67961580228694,0.3572961602492222,3.266322027212299,1.1909217095531295
31.837556817592827,0.2754114729812129,2.485238895695762,1.1411430322848348
33.52734845598561,0.11867829433024013,2.0293689299384114,0.9567796460869932
29.86438133068436,0.32812481515244163,3.2885454798551006,1.0928175885178182
32.84494114704468,0.22883376959775942,2.4207939465048587,0.9181910093409528
32.50090131911561,0.19253388374098782,3.068675832708412,1.1636437479180155
24.11555511605455,0.23293483274762727,1.9850394041485746,1.0963925978845837
30.2400497599873,0.3370184839203453,2.7580605941140752,1.1647894255773337
34.910799121915296,0.17901864324741104,2.5999891519644467,1.0713511434092844
30.657244237291334,0.2759814580643979,2.364660331814125,1.0703825073698965
35.80652577060951,0.31044623901465795,3.133619801501827,1.0687901541314966
25.02347094524968,0.20038821975390905,2.2055093180191823,1.0302941813974185
35.34994210736205,0.14946657820209067,2.539618571801894,0.8078527647651311
30.05855839268156,0.10805218932047073,2.3973056848222662,0.8330032604898933
33.36176709122124,0.12603209333199408,2.607687825800018,0.9460255795620702
27.164936924542683,0.14385320101097296,3.1253966108178153,0.8782292311349305
24.26133932888252,0.16117466015471993,2.667019584905651,0.959484189493302
30.671079788567262,0.3569032447818008,2.8549888290473335,1.0543499092160933
34.34029749570978,0.3787281563081506,2.044088505249899,1.105787672580481
30.33290846671985,0.14135894517045042,3.1140956219301676,1.0807028366876172
29.56551702953152,0.10664627774425595,2.4357383893500493,0.8128023767411483
32.738591330334955,0.28171723012658106,2.6316710605632814,1.1669472507128331
27.967944307353186,0.27620830069064045,2.93396999477376,1.1307206889371375
33.21273985264658,0.39825780825974966,3.407410657936259,1.1319829198766298
27.058772223920755,0.20492014158807803,3.0719510145474636,0.8316433634996243
26.662676545589854,0.10840646991833021,2.1295147966428907,1.072193211908447
30.173265128317798,0.3845732483705952,2.8364260899533624,0.9818989541432165
29.109076514028686,0.21889215099390344,2.4291797522979146,1.1618615344190992
30.99630538254954,0.22262906435381608,2.9289806025571794,1.1772858032681264
31.4961850052493,0.1550900094928322,2.563984815818597,1.1755842882644476
26.62111157000011,0.16784077766912198,2.493578475801417,0.825860376739954
27.21739832632354,0.34996001121300707,3.4522428941745313,0.8660685214714758
28.49928686947392,0.20208610617942588,2.36102904243399,1.0168321881359068
27.468484843523893,0.18014590628773597,2.0685272665301486,0.9529372631591839
31.635566858042722,0.12123051418702753,2.348990096979587,1.0181171616106033
31.65462025662615,0.11029210367040437,2.071391275569453,1.0198444470261472
24.87759946145908,0.19373938545544825,2.6792505965051014,1.055661082937956
32.434133163745116,0.12569463363067176,1.9634217255803366,0.8536268652438428
29.466376891454335,0.3276838121548118,3.4683281709092406,0.8620130206974772
34.66137248273638,0.19137391715269483,2.357256939257398,1.082226452082143
34.49521243080865,0.1924174439391584,3.343939014994046,0.9507597644448722
34.923635330300534,0.1260205787704368,2.495066527798272,1.0130742343114525
25.10043175561042,0.2451311458321056,3.6045835706208647,0.9288058956148172
28.54066612549309,0.10459044239266138,3.499980247926858,0.9348478855913461
30.553612818328965,0.12405847701179076,2.438520994764095,1.1290097451022172
26.112543138654758,0.1457532046183487,2.508140090579504,0.8533086766596116
33.32705302540646,0.14385679676092664,3.379842813256498,0.848060329002942
27.00205416112769,0.19655860031853742,2.6928036983202754,0.9294928170953715
32.34517654996843,0.12824632940565486,2.816449048524469,0.9972477827337634
27.44555184440065,0.1548038718307029,3.5051380753725994,1.0095280924576848
27.275435165235653,0.32548936192368993,3.488963468239631,1.031677256853343
24.48140213684069,0.13308138680701145,2.3775594016188952,0.8265252618583575
33.93996941579366,0.3644491396847065,2.697440904897304,0.8549168332789929
30.855110214321744,0.3820176539462586,3.571012852765577,0.8059997489395079
27.16433688925194,0.21801086241093556,3.519799682239699,1.0346238696168848
26.9697244807018,0.13508424165832758,2.662338548593799,0.9057514500995103
34.47088717949482,0.29854641956570405,2.4703492466554047,1.0397945371513333
33.67492357365252,0.10311615232412844,2.282398898132732,0.901709756950516
34.0204431412653,0.2707010672321652,1.9984475555113506,0.8655658663456388
25.880178580186847,0.133582485392758,2.2732288758223924,0.8138698474825623
28.72900149526978,0.266080590821005,3.1240647488788635,0.8507435493923691
35.69619031905481,0.18799394819467272,2.3726459672807514,1.1638661586875174
35.6189806190726,0.15904404605030362,1.9928178741675557,1.016471026674003
29.777157896742033,0.11705919370496176,3.5422917161814524,1.1938797499233398
34.25140767531658,0.294637561188898,1.9918897609001662,0.8828624950711589
32.096824434517636,0.3653663833878509,2.2947431396082063,0.9936630417507671
35.6454778458913,0.17062856998719647,3.3179364684898407,0.8012721943887179
28.847102206360027,0.25888425836805695,2.94046871455939,0.9383152971957822
35.951955084041224,0.21265623448445747,2.6726415419689347,0.8840570501041853
29.61634732326311,0.10148153874632003,3.4534781186406427,0.8434437366457352
27.231385941587714,0.2606056861676594,2.8241031962464125,0.8938805873597699
31.03825497859197,0.3849888614350633,2.9752707613218323,1.1204727848243319
31.36504168067573,0.16364685251031785,2.6592646082748366,0.9677916618951146
30.40507371921785,0.16195504091178656,2.1235147753614205,1.1940755677653256
27.562690707972287,0.12305754187016638,3.2223833787704175,0.9542259437749581
27.116546326591454,0.20925218287347974,2.5779415684055778,1.113851276011533
33.80551985744531,0.36353199063078545,3.5567681271337492,0.8841582632896398
26.281282467887383,0.3676789486753482,3.2896328884232133,1.0464238647190676
35.754970819836615,0.10436073450797845,3.443727423016783,1.0864942601274459
33.00428922650617,0.30664356163518286,2.5767755934201664,0.8110561925534234
35.954593315349165,0.16251649075834773,3.0332242614540976,1.04632987116698
24.43825906957876,0.20430516183217834,2.6006979935814685,1.0348490501191003
32.38373215672133,0.13840391477740868,1.9704648550678676,0.8345976465487366
31.520137688046553,0.15771348540513921,2.0318297803317686,1.1753758620646924
32.684293257618464,0.29593538683058407,3.205887612668387,1.199310687349624
28.987986227978418,0.22191167509588774,2.6711048967398177,1.0097166698363762
28.309621582753152,0.3677379293374019,2.5921776908033727,0.8077490027733546
28.177116865049534,0.24091813516217297,2.8416236377261974,0.9592825379731565
29.036316745016713,0.28399027387099557,3.204615568937512,1.1862035677581877
28.221907863534483,0.12206227227627049,2.814287423708216,0.8877023161845813
32.14289724592155,0.2598331092075557,3.004742024820382,1.1361341947283137
28.377231816717448,0.11388328868076575,3.5143193528331147,1.1887007602317854
28.613645859855758,0.27781783454888453,2.6964945403505753,0.8660094776079146
33.253079060069595,0.3953313824213006,2.218328485861883,0.9744732244809441
27.032225443683327,0.15665437526508333,2.31211430993756,1.0287635279325842
35.92696421383218,0.3017338952576719,1.9715351055309174,0.9041256412087867
33.4670041661894,0.11642826171934517,3.0943520110155545,0.9495904133158113
32.7365168029524,0.17503655492487055,3.273054843100184,0.8870096789892121
32.68499975409087,0.29273670942736985,2.464254667779824,0.992613987839727
34.19121232190782,0.2111265378665333,2.5078226051840935,1.0265997360675327
35.62374451721154,0.3965960250955138,2.584720427122515,1.064615892226246
25.99396960986712,0.12235134186303404,3.2044596685828193,0.8114797406900528
30.139547458771023,0.13384254670034615,2.73818832160183,1.0002391503855037
35.17296038670199,0.11754931903730598,2.4005383877758018,0.8520334486359196
26.780428605260703,0.14136205082424583,1.970842199255507,0.9382367047549643
27.31543533535831,0.20389740451643742,2.2575325626931537,1.0230108690897561
28.5248423050899,0.2509131540147584,3.2340838609279325,1.1691784443090716
33.46846950258614,0.19980629896140317,2.4584322995471637,1.15249670139172
27.945243664180897,0.24556724586143514,3.428978322656373,0.850763053264118
31.377329916770016,0.318967391170232,2.5838284211968263,0.8199586321053332
28.13598773637673,0.21778338308854261,2.855647149688705,1.069939199262142
30.989239194719026,0.10425531763180054,3.5255196164457634,0.8895832752345225
29.58124920241534,0.20021685844664916,2.8554883213805917,1.0773392831877924
28.12250621398467,0.3317398588406326,3.207713591328599,1.0889622699327395
27.421341320207404,0.15718695667359073,2.8524476548308866,0.9715164088009178
25.38340730808913,0.20537851174366556,3.3589229842452806,1.1801201899627152
35.15803957232519,0.24087016571274913,2.708790581136322,0.8951488011528154
25.108005075660863,0.13017281514354914,2.7419330943323486,1.0421143349969344
25.442920101510968,0.18554754523393324,2.6861133649335973,0.8994413496048802
32.522148197002124,0.18615801672045895,2.003303677998426,0.9102600299116225
35.92562366841343,0.21219967458715444,2.5012976362146024,0.9508509722664471
26.501628971069664,0.34971899559641034,2.26705585398779,1.0263035698073533
29.413361696895684,0.18949194731467076,2.322544859354243,0.9406006130427711
26.550697761735943,0.14991944318956,3.135611545659968,1.1477857646706209
34.948572365036696,0.20484790986929685,2.9084257511531133,0.8541093745138824
34.52963827158722,0.14504873969978083,2.3481290312168697,0.9733641569028086
35.525024139394674,0.1833791524447612,3.423601994334871,1.181585654199107
30.352228695283536,0.24279873526870324,2.403472899996648,0.8161216124713592
28.61434892402146,0.10997654151114522,2.2427732433587755,1.1106002274111748
33.580438041948746,0.12340163724409794,3.5143705522532223,1.1333822633110309
26.084918201410247,0.1463789118583638,2.098604729815631,0.915864239557042
26.15580371087928,0.17419422282661587,2.8383090415056813,1.08902796643702
35.229242841623666,0.2803509849237894,2.486694771973618,0.8681177371891664
28.320844629681993,0.25455922715183604,2.5994705087217795,1.1660837383374154
28.496542918964938,0.11489618932054593,3.2962264671327293,0.9721215793367901
32.3831814334877,0.13322256221578518,2.919599721577537,0.8123436309139321
30.275236553552904,0.11993069453645572,3.197569122365197,0.888742770618082
29.887012280172165,0.19089636014823608,2.9422499878908535,1.1811426291892904
29.74904399041356,0.15655591538075278,2.071107025094584,0.8400053262439707
32.99656319241079,0.3632253253097657,2.385847456232352,0.8338290401957241
32.98513683291029,0.22230743651721743,2.7346950521422135,0.9617415666193583
24.700599146262835,0.17109332770026234,2.7034245427638406,0.9491067140613795
34.26747975129433,0.10834177336411635,2.552375084977493,0.8985409261756939
30.41751178560986,0.11313538296949671,2.0689881153690783,1.044406416021264
25.330532887981395,0.15598050096768012,2.3992423803322427,0.9147612342721904
28.967354227361415,0.12461327491616472,3.1114845146069308,0.929807672277181
34.069367171749995,0.11619240125671947,2.352391641760701,0.9842463513832913
24.61781403660738,0.25685376303623253,3.305721166152654,1.0748607984737795
32.56112855835364,0.17685589741700913,2.660587637292866,0.8735995487660085
31.430071661324167,0.276634167987917,1.9711097096596693,1.0922704845504092
29.266818397272097,0.10383550852621909,2.4101627762750084,1.0547303895882945
24.165816999164125,0.17864766240712698,3.3205945820817004,1.1871336310324518
24.55598987735543,0.2397435084755106,3.2383826663311175,1.185152233958401
34.372234401995314,0.14690312581868117,2.8142924252037753,0.9184750032198642
30.14154637110879,0.13568689606639542,2.489659622896768,1.0752321563712153
34.19542007918816,0.1127048211866058,3.4659221369950535,0.8421880222899025
34.44103253575926,0.2723764066486,2.536905236298044,0.8134407722816103
28.016242610770195,0.3173627632897187,2.528484741778489,1.071944776125579
33.82577144916125,0.12089055048724325,2.4620917151118475,0.9645705075538782
35.49191416202735,0.14791892158953932,2.3495774107742107,1.0725017967303436
29.213147852822832,0.10957607670483274,3.2168566233054765,1.053727858789118
28.737870390568165,0.15074552890267529,2.3467234083069455,0.9296364191732229
32.86287779816962,0.10257761368936316,3.002946794065064,0.9438348196160503
26.541250653006667,0.15241327536792484,2.1429769595973744,1.0215852195702495
25.698720695632343,0.14848355014215517,2.0884099590345393,0.9358475122249151
29.542871669693714,0.23714688603500608,2.850795749624947,1.1256528044581964
28.624771547267144,0.3317639895593565,2.123238820372443,1.1975921137677106
32.924889177341164,0.24844970281388054,2.9678288184985573,1.1986706373386196
24.23236914678482,0.17848734255245757,3.392120198576706,1.0879071011188408
34.88950898521392,0.18546222497001005,3.5573048303883295,1.032912999709255
33.2601347831084,0.12794216845661027,3.0660834676710267,1.1815560911302525
32.29214578404665,0.21511668695995959,2.3453307278410573,1.1951661582500075
29.398248489658357,0.16153834060097264,2.2739830888512893,0.8673265728987108
28.370385574496915,0.25794338662326516,3.460837340694111,1.06970310553881
24.232812613968626,0.10179529565095176,3.298303200923619,0.9429658597302812
25.60231939156789,0.375096031015657,2.5877616181427157,1.1922812328058217
29.166963637365644,0.14576127034607345,2.4771019957249,0.8373024545001966
34.86014460873776,0.3739760034588287,2.9112938459266746,0.8831184644026192
29.731005589459098,0.30289845224185763,3.229420417331738,0.864170420846749
24.32136371276456,0.33780567261174804,2.8700658418291427,0.8914128356737733
25.444414889565383,0.15848331124767595,3.5897663462111313,1.0752601492713905
26.581916905938325,0.2455009893673283,3.0415291442853505,0.9688395204226495
25.559829220469258,0.28172919314782113,3.579143967762074,1.0967208384607183
30.27162754421188,0.18186164452911258,3.4564680850409166,1.1375150707454162
27.928029179694427,0.15536628021441096,2.611167098744616,1.1702997167101068
26.94395366257677,0.3527661232576074,2.3505353589927274,1.0401441201958928
31.346181260132585,0.11680118185147673,3.111533318249436,0.8885836635662107
34.157171330574684,0.13660334600141005,2.083634645218193,1.06778184557291
25.26079051376521,0.10809137417217507,2.9107196159740996,1.1106080421100324
25.783470167263214,0.1482984213089815,3.3818316382130655,1.0743610799734873
30.789202635305703,0.1956133014586718,2.160477561992321,1.0582981983775386
31.984068420514618,0.3010617920970322,3.415225296047297,0.864158185689746
26.909040107069796,0.1265882852310347,2.058932701634387,1.1906943598469117
28.805982505241808,0.1531549325997012,2.3995103869211194,0.8321618515291741
24.27880306873656,0.2947326470044293,2.751132668877951,0.9762396907168253
26.812930610038627,0.25471203603381637,2.909094307730905,1.139047199154732
33.61147552990192,0.3676792625604359,2.960203795956111,0.8607735614505494
26.301421752685982,0.23080008508052915,2.9557841575755623,1.0684436582029384
29.884521113172095,0.31967574670205967,2.7321418427999844,0.8499085871655416
34.07185995770874,0.17320386726286618,3.3437626355298424,1.064022699578807
24.004534397295753,0.3010767437907811,2.301462861611362,1.040771931635054
29.58768863987068,0.2269751733368633,3.0565383507261745,0.8152885670509588
26.94187360451893,0.2996767881293507,3.0901075176487613,0.9564850843543772
32.67459258924663,0.18378123059724838,2.7818057480042393,0.890605490626526
31.722374806292184,0.18136688657531808,2.8169572946236063,1.188560394981975
31.514739958995353,0.1679377077252219,2.1385881786208216,0.8891327288444301
32.96406728748689,0.24681765879182913,3.388525652534882,0.9169382978446126
33.637017381675776,0.37357815202954386,2.329679382752108,0.9640435212802853
24.51543645964855,0.259073549651064,2.7305602698642035,1.0441554939332236
32.59817378234182,0.38302100705915515,3.4627154128412028,1.1249734832223743
24.650504177408774,0.33224112008163437,2.718907179507723,0.9547254884600103
28.54610795155346,0.32110886746519784,3.2574694136708455,0.9887697068534065
24.203153264647774,0.2833743731323433,3.119379549364492,0.9541870690733614
26.215489321290207,0.20646739088466962,2.2670339848701038,1.0319154352973352
29.16819114134441,0.27880884844441295,2.678752279060917,0.9679684798093314
27.543666032254148,0.15478772671608027,3.35231798642619,0.8222527854198713
31.11749630949479,0.15849231823873447,3.395536650240922,1.069967182144853
29.785135041090236,0.1684784245898159,2.7486024289081943,0.9525256590075133
34.318679279184956,0.18890079442883745,3.5774764591402457,0.8605456500324707
33.86218581083727,0.10835800646412859,2.1047804309644143,0.9862219365622612
35.649026158014635,0.20323101173917346,2.24084859346332,0.8700726760951462
31.117832441850357,0.12147759440535477,3.4535747955952987,1.1497121677980207
28.07575869708166,0.1254481491230372,2.9195502875551456,1.0881887217205324
25.614869302484358,0.1352534426632311,1.975223708996108,0.985004517254916
34.04489259887657,0.11237881699689951,2.3012906067603427,0.9442082110935852
28.445567430816247,0.38759387877245943,2.729482334034678,1.1600788881750854
32.4323733611412,0.13853825634777714,3.070939844555445,0.8973238587799522
30.425782293633755,0.11450328269467767,3.5847314692290806,0.8870645948180061
27.686214051862553,0.11047819271964786,2.3122036211172916,1.091024636894899
30.17447470772514,0.3824070307149272,3.4101487988074477,1.0748297098761677
28.013861740837417,0.2343379664025995,2.4494321304305986,1.0565919173305627
28.54080677215528,0.1223863824608116,3.1020991263796414,0.9380954717444672
25.258682233292735,0.3713043046918398,3.547001915876041,1.199374248497337
28.784764616871662,0.2136325460571138,1.9628866516072867,0.8650413309326876
26.21023546784063,0.15336298739094198,3.5886735565627497,1.0412177714789403
26.590469148143633,0.2958912869726144,2.1139866422536664,0.8402307714166395
25.229171711560287,0.25966760342164436,3.071412302006513,0.8456856037193395
27.06058476573222,0.19544142284134777,2.8056085292733153,0.9141458509022404
29.872575809357972,0.12598019751947773,2.5825520822056136,0.8127505838633047
25.306192246853012,0.17280958260096219,2.729976216791828,1.0971682628921977
24.744157059216572,0.13389553666797038,2.0178884113317315,0.9802835912196689
33.23545475319463,0.12878289297176815,2.6519895670618436,0.9374272566996594
31.725147880511802,0.2181224346599691,3.4188330992221103,1.0074336707234204
31.770853488919965,0.34999360744170416,3.0892635266552264,0.9392258724767429
25.106713104482235,0.17074936364094634,2.431736598920529,1.0206083662507366
30.59668125849621,0.1092683655385267,2.030014517848928,0.8741372551223957
29.34758604179894,0.3897999081463714,2.399912303004528,1.0739588905391808
31.9369702953213,0.3653506590730757,2.6597786836579673,0.894944197066082
34.91456806812947,0.13606325833868801,2.5266489124925062,0.8400724865507646
35.976541327014644,0.10527256701515196,1.996590822867824,1.0599845453076187
33.319871968456894,0.19152080465057222,3.548571221321349,0.8691444675267863
32.71472231459824,0.36651117695512436,3.401763335424031,0.8341217523842216
27.02632422138156,0.12073925486876447,3.1621780709046665,1.0400852765130448
31.518550282778012,0.21475465724828477,2.772673035161728,0.819431454813192
28.379490115318635,0.11851780849889582,3.369941492295118,0.9060708971254702
32.973396209730986,0.20773749010065373,2.036447897898846,1.0876606816270693
26.891651978572444,0.11231658194005407,2.9919936119878767,1.0069766781720257
30.767870396964614,0.25087664278598953,3.198724340040358,0.8349449409904734
28.308152486125984,0.12010114254466611,2.039906942746563,1.1207572930701635
25.390579433718433,0.3100177843385034,2.8104737883769295,1.0750674995548652
30.153661134724345,0.13506779824479018,3.1407450658859966,0.8496768997015699
34.76861325483965,0.29604168967026356,2.2007641725524087,1.1914490279792227
24.83926195581465,0.10242743960134948,3.219691749244555,0.8034159860513159
25.344509117117703,0.30927030403425326,3.1288638473749093,1.0579552540252797
24.102569369726755,0.32284159227178266,3.109094745127471,1.0344633974204314
28.385729029712664,0.17841225255988669,2.1298940331314746,0.9217237140262738
25.637671329159033,0.12631045100282282,2.392132515617951,0.9230089899506149
35.92297314437528,0.10660388083042492,3.168734353773421,1.0834786389311186
29.672185767792936,0.22287214700384672,2.366269262574332,0.9389444742825259
29.78312723717726,0.2004811068656807,2.548475484929878,1.1681667695602023
31.14583793589046,0.3970775415938821,2.581475799669345,1.0685489464219642
33.274346433947365,0.2343602323110349,3.5399063197087277,0.9473744320605806
29.144957873767996,0.2535072024602598,3.586193033082242,1.134085486946373
25.909949474647107,0.21552149636971463,2.6783916206300478,1.115355958704077
32.95896595662926,0.3683830373198043,2.0515553378713953,0.8888194714031857
32.408626193270706,0.3672200752984726,2.4689174955206097,1.0218241811781084
27.306597626546917,0.38964971879201993,2.301510170938494,1.014345464497466
30.516765621697786,0.14065644283528886,2.5448018769046103,0.8771695381461875
25.842305299906247,0.19212697860511158,3.254553780438243,1.012695394623445
35.9641674499874,0.11787176445101832,2.213680922408018,1.0349337971521901
26.562503239755834,0.1403214393211602,2.3744230687743424,0.8296117465181727
25.99143577264931,0.12525681781502324,2.187371819973801,1.1877687866719688
26.103564707401663,0.11424952650385639,2.988963708392988,0.8015203585866201
29.77361647783729,0.2596970127234599,2.8153433163379193,0.9589401620575437
26.86678348246127,0.30045648773403694,2.555639772060067,0.9624839783315251
33.43617611219723,0.1806099686491163,2.1917725628708293,1.1631124987765493
27.29408123869012,0.21868026120897183,3.2017965889725315,1.1173809410524345
24.859862005370292,0.12510832470509986,3.374682802189686,1.0454866630196054
35.50613028932508,0.3396275694386575,3.2511887079737978,0.8817894029422148
25.125447161393662,0.38243340639482853,2.744099714097787,1.117436765121898
34.33029865040322,0.12950331833981663,2.5854317064111583,0.9939478499019813
28.95123833464472,0.10791117494957224,3.4370650325402368,0.8825360175030316
24.93205680362554,0.11702131939576982,3.1028036698709713,1.0561704477218206
35.73352644210877,0.20272543704112903,2.079404768423028,1.0950315859063577
31.98956269128325,0.13275650675294368,3.2350136160479948,0.8239656368850953
30.585200422527627,0.21742717245458662,3.371610801230135,1.0977778314769422
24.488866146914248,0.26285578241619256,2.2554870195209866,1.0452441857642558
25.547619382654617,0.2627453669866755,3.1695760699748567,0.8950252580172801
25.41762886748111,0.10446694223282803,2.8786625130498305,0.9410398437088323
29.111415584896562,0.3588414156064789,2.944213021035143,0.9779140527654889
26.15857921694472,0.3093317685964281,3.596163560212904,1.0555103155333676
26.75428875313053,0.20690813977804165,2.3560935997251393,1.1487062666937207
30.92499147246498,0.31115128828502403,3.418632037074269,0.9366111660820698
28.7414268437262,0.11248576929029547,3.4575458956509393,0.9845200577425912
31.80767786094873,0.3095578742004551,2.3435974979414347,1.0704290988407144
27.525794885321382,0.13689970981484967,3.135087977387851,1.0375452523722808
28.05124648696675,0.26769289852401446,2.765106227286058,0.8190221321326427
34.4249264932808,0.1119214511532185,2.1980240648842346,1.100000651951543
35.71639354409877,0.29405719862490315,2.714891762024862,0.9371691292577167
25.89208354157959,0.15535316189947757,2.552922223517305,0.9886730455069606
29.880585826204314,0.3771582588131906,2.649781002081727,0.959261789878233
33.381026244451796,0.17894263290414208,2.7067524730258565,0.8329834476125698
34.348661278886276,0.3381873877485533,2.0509542113031283,1.1432601837475955
25.634437793560405,0.2442542237051497,2.06749679477351,1.0283315152423937
30.09268920096288,0.12525874533882422,3.241059009179137,1.0117975323002666
35.81881275342577,0.20150920943874012,2.3568264739049827,0.9799783347657598
33.77935895476628,0.17898866025395643,3.4372497367740524,1.059578842548547
34.27867039883726,0.12963428700788548,2.3603246166321403,0.9434147404023348
30.73023587985053,0.3788750414507924,2.4833155291885753,1.0279953120762662
28.673729362257866,0.16267890388301354,2.044748367117415,0.888862832166312
28.254513303560092,0.18241816394435154,3.188441540326909,0.8783371115398998
29.84843186045976,0.15180305981500442,2.350390411209921,1.104578896407157
31.681958593532748,0.24175755609164049,3.0411203740897808,0.8062588942309313
25.878199908174032,0.25440101528435094,2.1786965509486524,1.006710531080166
33.996810617028935,0.18551056609557579,2.2790164653503213,1.0150951747976595
28.783238741868665,0.27551887212948656,2.3622922353371663,0.8095245603033272
32.277352442390196,0.24358983017873467,3.3402484886837898,1.0309475312284915
31.802971261006906,0.3987118601379511,2.85789992187761,1.130478836089138
29.247758322339102,0.11994756340266799,2.7822140624044818,0.9553621021189104
33.3164018848662,0.2859272174134116,3.4980867636126067,1.1155472787450664
27.331432987536274,0.23651592167238367,2.98422102486355,1.1492609030492136
33.50029991182669,0.16450144994016264,2.7578117643160986,1.1340098869074264
33.6773118764846,0.1634502824374892,2.712561395151886,1.0409838873701591
27.65624130757084,0.23475424075883913,3.301713380857451,0.8740795018045379
32.63702697301468,0.16380292863160506,3.55260754264005,1.0516505768312159
30.91690057941743,0.10311896782190635,3.286101472193988,0.8237838846426218
29.137430958441684,0.20539549316982325,2.6054039583991746,1.1453188588932877
33.80780189299774,0.2906243785296054,2.181079431843349,1.178434982712811
26.017866362274038,0.26330515187021253,3.298087623824109,1.0995769360503198
34.025081191409605,0.10473325283016005,2.2173359996529576,1.1864194091530396
25.158866593660264,0.10410035537060579,2.09251671575838,0.9676633634090297
34.490807726229704,0.27027470875340515,3.431322685626221,0.8006387702265676
34.64827122204752,0.16967869870966237,2.3651431509015173,1.0441245073307868
29.32223427715023,0.12453828991082472,2.5544063676715894,0.8128462570762807
33.65419971423939,0.1826388309102388,3.5852762955666773,1.0856723520939457
34.891221183130995,0.354067008220733,2.5368537554677393,1.1791157162168382
28.074252661849382,0.2648791079869494,3.0384174963918222,1.0794884423984756
33.83317226248691,0.13191345601239496,2.29960481548894,1.0014069256828493
30.841094083170177,0.10447364564417837,2.2136427536706242,0.9796886907651957
26.748642161388833,0.3314632041083228,2.014456835814571,0.8044957314626245
32.153360124029604,0.1475423134009359,3.3168587297620458,0.9089847249427223
33.893499590651594,0.1385567486003062,2.916631163425687,1.095178845718562
34.80197674464714,0.37508055264387047,2.6136706081038206,1.154752828940747
27.589067783003085,0.29495929344168953,2.3422597150212963,0.9195764653525575
31.709824015081196,0.23219935853782567,3.547379301642537,0.8626112326318853
32.82309595166204,0.19291729354777276,3.0960486053292433,0.9275910537470996
34.65974256704623,0.25192747405306126,2.5466792596977417,0.8918720717364997
32.711480240715765,0.28188249214862265,2.3512980329375375,1.130841024556464
27.07734993933408,0.23446663929080375,3.533921384405568,1.0521064060191847
27.708837422366255,0.1263951725976701,3.154411803073929,0.8856186469189832
24.786899837101558,0.1276453049864724,3.418760176675891,1.1215451594831998
35.358532836575364,0.3560656486714512,3.42649936003993,0.8577381786134577
35.46194650548773,0.23613545736005342,3.480307804750429,1.0602537451817862
24.8244891685772,0.11825777033182834,3.391190965905267,1.1269871715826452
25.402464602413584,0.32290990398477026,3.183174330223037,1.0155509490366128
34.888970494648866,0.15861270236755312,2.557308089462377,1.1216642450337884
35.635002417810334,0.17531589073858175,2.982674603895992,1.152288317305157
34.972949570143385,0.15299994931349245,2.0089940978368297,1.0518434701516335
27.370531968584253,0.25742559690954897,1.9800626373762316,0.8159190469127918
32.216857184261556,0.3844409178060008,2.181468987213585,0.8128620490548836
34.56670057585258,0.2150420697491939,2.387448877088663,1.1391582272165484
25.619341117512857,0.20126055751772307,2.0737707126670846,1.0876359057185865
25.03807346092191,0.18940721143124983,2.88491324386933,0.8899603137625264
34.82907562246621,0.3348411928236863,2.8510809617711055,0.8296689382078938
30.77893898361687,0.10242388323189787,2.584001315480332,0.8836383872832065
28.99731417779173,0.12019619987590746,2.9894151388983117,0.9480110943900402
30.14292885923955,0.3245405072056272,2.128874443991753,0.847958836076019
25.431276645431232,0.2934519673888325,2.6179216335484887,1.0951687930417981
33.32728989258316,0.13907099489210012,3.0391106303206206,0.8508155027876131
34.580504600085646,0.26738605536458543,2.1260058480236115,0.9893813319251996
24.832215511751265,0.10415510370559318,2.9861163801369215,1.0458128028899458
34.42901204128969,0.25394290096548355,2.9220944821745474,0.8559743641384661
28.829028611802695,0.14580361944413833,2.155755137707977,1.059739056098896
33.587523623317466,0.33192737151285473,2.965822351743773,1.0881192592149216
33.63656182952695,0.273832313221616,3.182530366346832,0.9970490069710808
24.066053274616117,0.1550433092005666,2.021441975299289,0.91896748792764
29.768359089992256,0.11468618658659611,2.616577308076211,0.892415779523747
28.536077912880902,0.2978469344381875,3.4772754000430885,1.1097627878116234
30.897461840990488,0.23595662782291604,3.3041299243376923,0.931326266858935
31.53186116767951,0.30130886319010597,2.7035405360956117,1.1020821836186507
34.88703543739993,0.3441297215880452,1.9735825456554432,1.082249892033984
31.385224560414127,0.10125755662419465,2.6056013841143715,1.1656141283137451
24.366458154954493,0.22461612517798862,3.237958455233229,1.1924474429392347
34.750491636095525,0.16175771560063196,2.8242444028141294,1.1950888711552214
30.35724636732324,0.2528217844819165,3.55525741476893,0.9613959488372947
24.74375561301078,0.30939072772118487,3.415670724132682,1.071651550539333
27.832009038089442,0.39495606733141614,2.7790702144561044,0.8895201235684812
28.07754942530938,0.11007676784458345,2.251978977407857,1.0188749687668954
32.564044559694736,0.22426375822561184,2.0002090436953837,1.1772699272900429
30.78745569943279,0.20355923817383142,2.040625238760614,1.1621529809184474
27.351744642252545,0.1002158434261034,2.6619046972255744,0.8547317474540229
26.135697483178276,0.20291027391999716,3.053516323890279,0.9238738880440589
28.9396756692595,0.27791346825102664,1.95227089282219,1.1668971201049858
32.81495045387908,0.2854262011215612,2.55664192876968,1.1217914705277736
33.2957749900554,0.2168687418486134,3.052992556596323,0.9012357328008395
29.427953144297916,0.17205024235147748,2.907537630112181,1.1072341407026292
24.04325298366722,0.18527140489877977,2.2329102968269794,0.8313059692916436
26.128291520326528,0.24507195356999434,3.4624047330956893,1.179752260757514
34.79687132387149,0.336735576528449,2.3243985229264257,0.8931016494101649
32.90191837324008,0.3620118372005729,2.000224488354567,1.0773400759765805
24.066826409045383,0.2001088145033202,1.9829971668648556,0.8808809955370301
28.576641758347996,0.3559119591688908,3.1558031491660756,1.052327447719821
32.66580683176171,0.12205744053288975,3.3376185952824597,0.8998169054757866
24.499460465249413,0.3834140339932128,2.2436875612204314,0.9027089280242195
25.1947011248334,0.189312236762965,1.9941227327898228,0.9951127567150703
30.49601533455089,0.3223130129827549,2.2218928185727824,0.9791369156828515
26.69451485103295,0.3650154753589694,2.067391518952069,1.1422750977510243
30.727984807920347,0.12870016062477227,2.2777127079306134,0.9398292850210331
29.10468978519423,0.15799107101983348,3.4013332662080757,0.8478212197134445
24.047871339393083,0.11584337720264835,2.16503099195611,0.9386253542581391
35.95967194373685,0.22288832409250522,3.575322398997747,0.8426009754794792
24.82472567010899,0.12187009657428488,2.946466221555561,1.130978604760118
24.301423390366605,0.2979480079046232,3.196178712890166,0.9688240656870025
32.21515188741529,0.14835581966598926,3.1760045644705404,1.1703800630650782
29.932646499596576,0.16465508799517242,2.3698583509148037,1.0755702710536976
33.29498021175832,0.1263986764254221,3.111929179223672,1.0585109073117376
33.238368679220216,0.16439672087997087,2.2554921225595583,0.9617110542447763
29.234725837996383,0.26790532551272744,3.227906227124941,1.1223241047824708
25.50347871663051,0.39999273218168296,3.056152586580897,1.1198668351932428
29.30345536815688,0.12147587944878402,2.8568847729352225,1.090570666638608
26.84312483250829,0.1787188170527346,3.5714774241555665,1.0180624683849404
34.6434349966283,0.291688322291729,2.2961713297637667,1.0643347105188623
28.500288988333917,0.2940004365935145,2.5955930867046892,1.0284483183089468
30.063037024997918,0.15353542422419933,2.1264937164527447,0.8838059351291992
30.917830831947576,0.36566432665212195,2.9042937927171986,1.0144724117392019
35.87460720784796,0.2820320845864631,3.4209775763993577,0.9909671568486177
24.395003746684452,0.3197657665591631,3.182218522654371,0.8800528402460582
27.336774461985346,0.14508038273843687,2.177019552382874,1.0221249823529814
32.95365233679771,0.2862306769823162,2.4974290258085303,1.03136358716719
35.37797802195056,0.1843342094881193,3.5522998829858152,1.016465550253588
26.963797286036655,0.2077714031441587,2.4759491250283006,0.9467103215607955
29.81929305012296,0.10702268253080377,3.073789386403253,1.07663159004362
29.29826395161458,0.14340520335231927,3.4691679283937504,0.9915093940967983
34.62946585568206,0.3623667147160894,3.3218099037976865,1.0227075283445755
29.77569091810681,0.3567584410699039,2.8381521503835696,1.150256693553345
30.0259274458845,0.12755863624960664,2.9485178418073303,0.8297061095488407
34.93053196926169,0.31635949213427256,2.2549641218480514,1.0545119271812364
34.74762504810318,0.22737586088330872,3.287662346339848,1.1901717321880183
30.46212751483262,0.25027570163277874,2.0572417149237197,0.9359280428372387
34.078186949417386,0.10696838946896464,2.9364320580862717,1.0130244318920663
24.656983816390834,0.20528011727657064,3.1721388259634153,1.1665689873669844
25.90902781591382,0.22838018675472466,2.348116708349259,1.1716247065248344
31.5647700316504,0.3321858488983287,3.4216538952797175,0.9553126453773061
28.41880143927113,0.22155245314065597,2.453037265930866,0.8059030998496771
34.10042649378664,0.36060317003069803,2.8238377789474183,1.11910765589111
24.742098052824005,0.3023567974922914,2.227537024178624,1.1008179467593644
33.09060876341721,0.13413816005130585,3.1356702632768596,0.8626167894890142
24.898240090712502,0.3373693367815343,3.2638286044047944,1.0955560348230307
24.721840443564776,0.1052171826285615,2.5591889352480304,1.1042094469013068
27.391489672146996,0.34202885419289114,2.123102090592771,1.118112793013283
32.83290010711742,0.20326859741582315,2.9227289410774873,0.9927146242931106
29.634520469179897,0.20832884465604218,2.6159930222513927,1.0369272094485311
32.82092773106365,0.27342162068713594,2.3469976238495844,0.86454477100656
27.389949099991796,0.18482906239929642,2.020116246441676,1.0230228933865393
35.96609986044618,0.1067656256005865,2.612113080870631,1.0189232982048366
33.89511191794177,0.1593791242223774,3.3266045968193776,0.8065303587795258
31.723354392949986,0.13881910506398817,3.608363894660389,1.018984132481777
27.18800314240283,0.283685656719244,2.927807097927849,1.1549911991927353
29.330092336133237,0.1755875786588638,3.269146837451073,1.0539919426009303
27.431987881660383,0.14089030891685814,1.9459941993950636,0.8751162237330826
32.039631947205784,0.14708385209192876,3.378536256181259,0.818747297042583
35.976785420047676,0.34887240339460557,2.4380144313447705,1.0183972613215975
32.531080575921045,0.11624765061470753,2.3480525308285563,1.092642843210814
27.128629390522022,0.20367097651954824,3.245993692501936,1.042828642990752
24.53519447618376,0.10887618704391427,2.559118845892836,0.843451774331856
30.421499085947747,0.2747897527172013,3.501889835822714,0.9089803285956108
29.29698129684993,0.1424769601472112,3.534919915164483,0.8963377693913575
26.71296285253877,0.134016163423456,2.4840388231036967,1.0838265849632163
31.161785261512648,0.35222950135128017,3.5066340235495783,1.1051075129625454
32.76668917839435,0.18424051520355234,2.091479938378668,0.8941835868861124
32.88333529890856,0.103902331684936,2.8649210867262975,0.8636378639096232
25.015838070943243,0.35635268337211157,3.3261949806656195,0.8662626401162583
34.64247038988547,0.11090860386012213,3.107113112939041,0.9930355620019439
34.40924395780501,0.1303516253316366,2.945253698742976,1.0644879516779027
34.5832350658544,0.15386775130843908,3.441282922213771,1.1712875490665575
25.187992727276264,0.28904371330858697,3.5328938842141793,0.8078610586210303
26.7242516398722,0.2626347045474173,2.6343762764044305,1.1599194109539774
31.17680506019211,0.14791076295664074,3.5099253830340587,0.8999787601641441
29.021052326806387,0.27236211147210765,2.2291030741131013,0.8485293388344805
31.03015960816668,0.1836552489796679,3.5103850269232506,1.0071207691011448
27.90078343068534,0.19299590794880916,1.9786376427840806,1.0124981107589244
27.26571807728035,0.11552303037066865,2.232845231866896,0.8799158099500625
28.94325598742198,0.21935024783703475,3.539359942600802,1.1912552788795465
30.791425563160185,0.1243197670759822,2.4063678576262406,1.0536956748024215
32.210154056235424,0.21336851024579595,3.000480392374539,1.1026723813221364
24.199594969913502,0.17214402936475015,2.249145628099997,0.9020206292611513
24.12158859689998,0.1495915776793374,2.789948983139575,0.8778520468555502
29.136912795903072,0.286434897558982,3.174711154673724,0.8428134361593284
30.137084543385612,0.34147971358341866,3.030381094394984,0.8857588845067533
30.42139677784946,0.3437412246886527,3.0613105649814907,0.9229634845490953
30.009374964433146,0.29441283280948144,2.162843422212796,0.9344285189273418
35.093182578113016,0.17416160772602926,3.254861524010409,1.1851308636288638
27.015789250061715,0.20461356200829153,2.3552699265340378,0.9432440408039724
35.05212473653892,0.3940147977092049,2.014658947454859,1.0272788988533528
31.08333306731725,0.2998944996391459,2.3059886542199988,1.1136733651648656
35.200641946397816,0.39839973664641626,2.978062058677568,0.8961258132879232
31.72156625890123,0.20689687287086508,2.262460282093242,1.0880552107963835
32.71056024527753,0.11368712241822801,3.4998577773779664,1.10243433296934
24.83423476476405,0.11357077147087874,2.5533532306858526,0.9491260193587183
29.316838997234726,0.18495903118713194,2.4660943364746477,0.9164076538030286
26.129653756717577,0.16451707147514813,2.2414114771260607,0.9980643898327505
24.51768873515099,0.13390399714362272,1.949328643701528,0.9977793551497093
26.491724958658107,0.32366293281427333,2.3039569023904782,1.0431210800692123
27.65624431723828,0.10448942598104388,2.8454723757845577,1.1380153229656542
35.48111573133004,0.13033952117770495,3.353578998873599,1.1268181252032896
27.52107519002922,0.14248642517074067,3.0950530066646857,1.1322719134471042
26.562949130286317,0.22384948320878928,2.620858838137124,1.1325392221869668
25.500826270087565,0.19403256801510313,2.040212159999644,1.1448184550116445
35.05549609044781,0.1481862561689988,2.338598308094069,0.89299423356623
26.974990030939225,0.23042575791542902,2.668737276594838,1.1172923867266293
35.6082858731494,0.19619013118698142,2.7780150407353723,0.8501870877171194
33.96905936228696,0.15091508051058983,2.7225082008271073,1.0035677919421346
35.269444034677875,0.3694524116015375,2.772610804888247,1.0299218126257252
32.35924424287463,0.13400491630540418,3.3349559269229467,0.963066332189906
26.304405095789217,0.3960749934488864,3.2667118026894695,1.1211949584562446
24.55744694677687,0.3612709301751429,2.480004490930966,0.8388962687202812
35.84227238078315,0.10376267002829748,3.154576835356226,0.9091617009980056
24.15883453849944,0.10334631800927103,3.2189018901111064,0.8571361315704351
34.745220681730245,0.34123471471019706,3.4139665621934356,1.0309656872338528
27.635679343722742,0.37983191507305725,3.157753990407436,0.834451406119816
29.3835799531828,0.11106601779247383,3.455090436935946,1.039291590297585
29.63118285840446,0.11279923683169442,2.942005316190084,0.9371632198051016
24.331361509448765,0.17672543042210745,3.1610727970922725,1.0821159696910472
29.399189583895733,0.2825562207743738,3.3428946894195466,0.8435652708123217
31.05094199667567,0.13267622186978137,2.6349205157104465,0.9356775677922817
28.71025689850672,0.22737664826161033,2.59963556808543,0.9068492608394808
24.485970313373826,0.3578219259353969,1.979264302137504,0.9039850213424987
28.57371940746099,0.3175095528125216,2.991426442249425,0.9066241462583547
28.17430129390723,0.1309391590650976,2.2475836004942233,0.9813111801961482
24.207108886280192,0.2803514139995573,1.9697833040915496,0.8860601241151194
29.047873544912534,0.10192194732744042,2.0919454477187296,1.005007063431197
31.1877606596382,0.39754665012516355,3.0451361819399265,1.0728331024050246
34.40022648199109,0.36751703093783705,2.304569359041037,0.8153781579073216
31.215306596664618,0.21245646746968738,3.1039960885028655,1.138957747316478
29.272197156914025,0.13490481661198747,2.761318096124173,0.8267279612361131
27.604876217624515,0.2998580331312118,2.728228238874427,1.107155640581623
25.3540080363601,0.12944598336756205,2.9896317395647367,0.848561122856735
30.5165442866487,0.22816098765214848,3.088193297742656,0.8845367353075634
27.386056866306912,0.3491076424221699,2.3496324001568523,1.0478656672238915
31.704737847281834,0.25933684826486525,3.3622641059557656,1.1097419772204227
31.842467767050767,0.20332928427591013,2.5158231431213296,0.8677317083746526
32.57541039553629,0.34963334296812454,2.406617257726342,1.0861901697054093
32.096601351117855,0.3130436366505957,2.949987309031913,0.8837627289426455
28.407894920487095,0.12355695665359792,2.46147548907961,1.0149883760069558
24.154287128460776,0.2051108217536447,2.4959465250549058,0.8143772525673322
25.310561158342413,0.38543105554348434,3.0076716114121553,1.1234327206863612
33.31886041852816,0.18956001587397095,2.413765329595395,1.002171910139039
25.43501253517455,0.1190339764822273,2.057860259381242,1.0223509939088524
24.906722802565714,0.10519540790196512,3.1246929132305716,1.10110068581932
31.085786178121527,0.31581468425389636,3.2184460205231233,0.9006572665477975
27.059533164719014,0.196792689418419,3.229299043448595,0.8156241091649536
34.3632707353891,0.23103380750454036,3.597239784685914,1.1947211504527042
27.81420563205197,0.2582058622975076,2.206158377565612,0.8262193411768652
32.4342055075032,0.3246091104746218,3.5923456812593666,1.1594295363740068
30.172619471588956,0.2324959918971371,3.5504975277752275,0.9502879185675539
33.7802457532081,0.2395808611378362,2.258541348227824,0.8027228407671327
27.456059490080538,0.3073250363246814,3.488744772389661,0.9508052402285148
28.453627382089273,0.23298988216530447,2.7604599680198385,1.0728880234418283
35.39129348969546,0.369772270552341,2.499018130946288,1.1512151809603477
24.03820848411897,0.1382745859066679,1.9455021047550702,0.8060835205353818
30.589329869065587,0.105450876859372,3.2062302656304644,0.8219353921106712
34.709721446797246,0.26372328985953825,2.5650613464196437,0.9805984048876351
25.927747391934176,0.1840305079658064,3.553181623888012,0.8932584334136953
30.25011324858615,0.3609603032581889,2.804755577424189,0.8942021833216627
27.53930848040993,0.1683969254093471,2.708293716721862,1.0611365072828756
26.553295461576976,0.14870180855762108,2.203545880793895,0.8076643716485096
30.698438234460326,0.38711452588365486,1.963831471962964,0.9051619571971913
32.90470153313639,0.28468544896425624,2.777884057837143,0.9925094414441604
34.639325513932,0.3978634603468098,2.1832816545711884,1.1043524044812114
28.765433763067225,0.2358357521926817,3.0407200687432665,1.1953508264904635
24.702639468479415,0.38546282807322985,2.2904563042071207,1.0671982770910198
25.09763063066351,0.1833337570182066,3.432990100928199,0.818004307472061
34.021658635777854,0.30316908037855606,2.5313419152459256,1.0901189289519189
27.25370333784911,0.17289466983164184,3.1270932686182302,1.164301743863158
24.930212587570477,0.1294415321369695,2.191436333224324,1.0207559108167883
32.80529859835984,0.11056138316979014,2.241277426094798,0.957949612001211
26.037476709623036,0.17363369486500857,2.6636469405015926,0.9612780281663693
31.16808626360911,0.15612099012942254,3.540422478939935,0.9144068547941642
34.20809242222425,0.14051829594728069,2.669153097239821,0.8294850368563274
33.7835241922161,0.3160226011343099,1.9991707761564395,0.9611933711325515
28.614073946837483,0.13937572704270126,3.5128842511024567,0.9729936107856165
32.57617120054983,0.21456226152039626,2.658432026353535,0.9634098778994873
28.5617578450141,0.1916807683720551,2.785817989948929,0.9455276398459973
30.239598517403813,0.32396148577760675,2.250968878336209,1.0700629245490394
24.563536447013043,0.3476875740999221,2.8631130695785822,0.903281661833492
29.39111852405499,0.14995846012366798,2.477570848024542,0.8133953657534096
32.352206341963374,0.2431506884449406,3.5952220528933636,1.077210224572529
35.56746033299776,0.37951689774272057,3.1185805446991357,1.1955119887987733
35.17175974346695,0.20514215554511417,2.652633162736562,0.8203900472740862
35.04842908443347,0.10952306741130874,3.519863947733614,0.9014798704933733
34.85469680432842,0.15590608142085624,3.0460874016457957,0.885692065418553
31.476790319506758,0.2990596097363806,2.189259123875767,1.1202196014365333
29.023325981642877,0.20070865596913554,2.199174833995744,1.1596014130051708
33.14391831064117,0.21320369250163507,3.1223236152176486,1.0680705307861742
25.78531299026957,0.2566326616461349,3.549694090343468,1.0255739735965095
29.60958135675746,0.16629029896328312,3.070500942738472,0.8690690610428395
32.19710811079908,0.36865380405878123,3.353465301583626,0.8684963813932863
25.387121724652822,0.18047796002685068,2.46735751381688,1.1198026737298685
26.767716432401468,0.1780287140279322,2.2169504651436887,1.067738922195753
32.5208961494009,0.1388730688290973,3.3667889538542046,1.042530079189874
24.33473537664028,0.13434244076562735,2.2932419626354568,1.1788780180595404
34.864127543984154,0.16126224190304425,2.6982339082197426,1.1236248077535556
28.24688518410438,0.21664018241581784,3.3587480800999456,0.8259709925883225
32.87560690347024,0.32963666460373386,2.687532948287788,0.916941588802422
28.07224483954033,0.22783179456364822,3.2535202760163298,1.0860132305990533
30.65078703804461,0.14116821307834945,2.8445739433021417,0.9529459313491973
35.47158378218746,0.2557888917874906,2.2958849657307345,0.9854055764939514
30.4430736000909,0.25673228368195083,2.387649013368505,0.8066540605224224
24.72486389544564,0.20785323434072597,3.0897900640632936,0.9084974979442112
24.522457377794062,0.1614327866402783,1.9639068941933289,0.9445199127246175
29.134429606047835,0.1227820814062916,2.299143468121451,0.8856646945604671
35.96321899562791,0.21736103679355856,1.9837264235599479,1.0383141540345489
30.01291166451081,0.10543528680430383,2.3917921547157173,0.8613596515032416
26.400371749244822,0.1021023627382943,2.902606834821306,0.8483580699234161
27.449702539848914,0.23918418799202992,2.538518947835744,0.8167895750897225
30.792649066464698,0.34324145799551725,3.303053855789629,0.9241775679008674
25.276413147595417,0.15454306967817505,2.4234467560407658,1.003402954680267
30.603931320136805,0.3045669764248842,2.7269077644502047,0.8518126549249244
35.67499024100624,0.10779921436026632,2.2800480816952966,0.8902376929181045
33.75510293729885,0.22722528694987354,3.117740414282643,0.9281184240329668
24.779983010343546,0.22728332376910154,2.0277573010523717,1.1760694881780216
33.34460210106477,0.3091055047065113,2.3173479399637507,0.9785692950348871
28.191086310569222,0.2545224431969681,2.2711166762171926,0.9368887594570613
30.454481056818434,0.3207236636326693,2.0512180226306795,0.9664407548136619
32.25782398795709,0.11109177510590851,3.47905081190685,1.1195853147304538
33.7344891578755,0.1254700720780467,3.350097255688542,1.1407661773776065
27.93349894125585,0.17760029807901986,2.625028961495173,0.8463355599650976
25.744007044077417,0.37419192714365207,3.109968194772745,0.9859791120671834
34.8926518650565,0.11644688303209866,2.1948413826694706,1.0771449654704741
31.16660799608951,0.20360376226218202,3.6042258421234967,0.9040240373289269
30.942520186331024,0.15956959030975393,2.3893206974401346,0.9001528700965004
34.88319977795143,0.39015406605650643,3.188165352700977,1.0607525676606555
31.04490892522681,0.12604162222885207,2.404148715611091,0.9769053822692374
28.63856045276439,0.3115967533033337,2.5134632305349816,1.1596869609980671
27.01099141353284,0.18337841265355526,2.1443047526990338,0.9079456502559033
26.42676348239652,0.10847374345935135,2.9160481856351046,1.1707718895900392
34.69855693569606,0.3492086418534506,3.031328780490159,1.0142743588827579
32.54461511001875,0.126833552931717,2.7653660833317475,1.0395035853640426
26.771371371877372,0.35635788123403134,2.34966702808133,0.9775929836487118
32.76436057737487,0.3703278633900026,3.1370834200223126,1.095141844820143
33.04324395717637,0.2948049399251364,3.0367415580233477,0.8489151885914092
29.75307557246252,0.1535000490927324,3.050690246523996,1.1806018658156634
25.426101251132394,0.29468675754273616,2.802486995534885,1.1029626202605436
26.401230365002707,0.1159641744398014,2.201506146938167,0.8357978383889236
30.28353938450151,0.13735999990899503,3.493629728794208,1.1541309643928468
35.10693224887734,0.2598898973030295,3.4159891022681443,0.8015985373126719
31.046732172158368,0.31834143396684383,2.617670672235254,1.181872356856613
33.11685963926305,0.33114887242554303,2.202719577477388,0.8714251023700939
24.38915636018424,0.10634038726049938,2.6298382479198983,1.0564891782960322
33.877311913104755,0.2134135935352843,2.3644303162058278,0.8218309386623417
28.5256737574302,0.1314822162359923,3.2468116723237515,0.8638792417132379
27.34313135055483,0.13198836448541507,2.1232445254725807,1.0429871355614022
26.776333208918032,0.3517839783780477,3.0289687227657502,0.9118383975036978
31.888001697306922,0.2618456924090117,3.239177524802286,0.9055178466491405
34.836786923543336,0.108913998321239,3.3401258569480183,0.9205937945955227
27.82030820490804,0.35307740664526066,2.0967581020405097,1.1620001843611483
28.72830159836723,0.14754571330616637,3.2648071074524396,0.8983059575442874
32.57970512634797,0.3593756882863991,2.584996240776735,0.9003607398355924
25.125429713983316,0.1602995305492183,3.5673886629653415,1.1145430770889992
31.971803456575017,0.22164286472537637,2.7184675157234057,0.812111839476238
25.02252374278951,0.22108347590303346,2.6105442609133322,0.8789135146942566
25.290751899040767,0.2284995513771925,2.1671418758561733,0.8004986291185514
28.288532045884093,0.1611066475966429,3.395426381588997,0.8770370842563824
31.700979531585187,0.3448939728776036,3.3559981149570994,1.0754967638130553
27.574269879197665,0.1687063936792459,2.8675857653549395,0.8320520993880447
31.48256563252234,0.1760146486561555,2.01543512882873,1.017937378052871
28.352096348466688,0.3821987681735559,3.1033205419597816,0.8707432714989058
33.88320102345756,0.17453436289553192,2.834304169605788,1.1917254976301916
27.916500981195966,0.2225446359184271,3.168682050144639,0.9199237376481753
32.28781531407996,0.1940502031957512,3.349778088595523,0.9279167993222883
24.232259397392532,0.22765401728414375,2.752178148008287,0.9605559345725013
31.710756312599337,0.1214576041983274,2.2446923712401543,0.9454476024206742
35.142815336317696,0.35400976287857766,2.931442688520855,1.145517810414311
28.6886842488674,0.3238730584673605,2.6309665285912778,0.9995260815896667
28.44927981138999,0.17483348078924818,3.2844205160765685,1.0250591816672696
25.28921170047476,0.10350188105435201,2.3518735838491707,1.1286773869275826
24.039684199613284,0.2612837868971692,3.091483735134379,1.0589944321240925
32.22217023453038,0.1583947939053653,3.4014163273808373,1.1203913108878614
33.53644868929481,0.10100651529969965,3.2266418868883235,1.011147765094184
29.31466566259171,0.22085013674483556,2.1978122361475685,1.106152286947272
30.751374543151492,0.17266439516323617,1.9583257550326858,0.985476436028013
33.60668805655481,0.14849293105398303,2.4459314184334255,0.9015443297831511
25.897818728931384,0.19570171979971493,2.205973508189257,0.9930994688692573
31.888886565689557,0.3712270907395631,2.8241071454732416,0.9654094785053815
31.143670263877425,0.11807548602220881,2.296751726612729,0.8772995301904327
34.594730721560545,0.25598838224163684,1.9767234207908122,0.974107471364411
35.518534705208815,0.20368748459079322,2.7030612068712805,1.0553066964471849
28.394430893263813,0.24887577587558052,3.4795741148484565,0.8332450591158017
29.695023047864616,0.39221447128365444,3.592504804782066,0.8883822941125955
26.476798335321178,0.13374810782536053,2.059362101114352,1.0560617681731903
26.032746235334013,0.19296220882947102,2.446998164161969,1.0546717427235532
30.507486591209,0.24680767082121502,3.3906823158804715,1.0726990462177934
35.14311891515418,0.1936139411399589,2.625587822779475,0.8479857928481105
34.90828425481618,0.20397631519326642,3.1974634518574976,1.105281559707749
30.486219865016796,0.2658859763263583,2.872895478475332,0.9571477731540258
28.44552349138511,0.163309255221149,2.6508353513637015,0.8854034391114652
26.832223136012765,0.1488524311961756,2.2658312181621,0.9055830891768888
32.971992844980306,0.18580149281209796,2.341840482864884,0.9114087173243131
27.896919690539317,0.27336750024013384,2.402430474114575,0.9174439554067392
28.889688651777853,0.2320923734088919,2.410372574183923,0.9400372969227453
32.288459681249165,0.16333114672085597,2.281982716037581,1.0414190197786657
30.12377410517461,0.10879433515056953,2.166903523190215,1.165039309307789
