19.427031334787532,283.31053167964905,1133.7529129428412,33.617620679804844
19.69870617814333,282.61544032902265,1151.452821132354,43.57493718133034
19.86900874787372,282.2464257091853,1163.48918055325,55.492316077548566
20.03362600367277,281.88768785207003,1174.8731518714892,66.58355312415331
20.191400826469394,281.5417174039442,1185.5144433092717,76.76237194087537
20.34177838947226,281.20973316425324,1195.3680824231274,85.98926850892427
20.484752809185178,280.89179182966416,1204.4297848220174,94.26580354477902
20.27268913037074,281.20421474054353,1166.168542151318,-33.03800720590607
20.372402330853184,281.0013553129824,1175.0753099374942,-18.944942829943557
20.47408535139701,280.7928039301264,1183.9189736812948,-5.132259373732012
20.576337166260295,280.581271726292,1192.5570794597681,8.166152233121807
20.67792930506855,280.36916689747534,1200.8681003343083,20.755066806057357
20.777906318528732,280.1583822070838,1208.7588285529148,32.48807345535343
20.87564236994153,279.9501705991686,1216.1678636098281,43.271422115585466
20.970847870386997,279.74512506785027,1223.065187904929,53.06207218434554
21.417238942581385,278.5872704194577,1212.6265123451249,-89.57825862848804
21.439502301042722,278.5544809963694,1217.7512260887222,-75.60396899711583
21.46506704925733,278.5142498511601,1222.9571888865735,-61.60580694877058
21.49371532414317,278.46664005841086,1228.1545067663774,-47.84454810216411
21.525145983751415,278.4119194057052,1233.2583242630712,-34.56013463254604
21.559027489691893,278.3504721296725,1238.1953787819027,-21.95499439562974
21.59504874296528,278.28270748216664,1242.9087122695653,-10.182919861130813
21.632956293929503,278.2089890077684,1247.3599759328167,0.655589757248606
22.60451815655469,275.94183680851086,1257.2982335928018,-141.77381201541297
22.565019265855653,276.03804083912803,1259.5949846114406,-128.9917108040402
22.52757314392994,276.13056817917095,1261.9847134813758,-115.93555063016805
22.493047687200598,276.2172623392364,1264.4256749517922,-102.85502171752302
22.462141795414464,276.2962858183491,1266.8737929019062,-89.9999741156189
22.435352749004366,276.3662205927438,1269.2863699640823,-77.60110199497782
22.41297161184109,276.42610930461404,1271.6255304204467,-65.8536689880736
22.39510170219177,276.4754422199502,1273.8608231158364,-54.906597340716104
23.62668660307782,273.7169773586381,1293.1316832401426,-182.21947176200266
23.548921136515528,273.8887380586135,1293.7314453419458,-171.07292890303913
23.470750151427765,274.06259301404344,1294.3750012087,-159.52427880608076
23.393682068204438,274.23522916268655,1295.049857006876,-147.79308561115823
23.319110203101914,274.4034964571714,1295.740267856224,-136.11412556790856
23.2482060969291,274.5646536008038,1296.4283767529294,-124.71929829223498
23.181847176973925,274.7165503512183,1297.0956941979596,-113.81987543292149
23.120587538199967,274.85772127566065,1297.7246564949098,-103.59207662223724
24.369901439200085,272.1281142089949,1317.7763047373678,-209.34915575199926
24.273107228820827,272.335107903773,1317.5101655572441,-199.65444719801508
24.173696721880354,272.54895944672296,1317.237494127985,-189.52380382357748
24.073409786871974,272.7660387050564,1316.9589093592667,-179.14883271780218
23.97396216789393,272.98267884423177,1316.6729492530665,-168.74436038313462
23.87689868894238,273.19549148811325,1316.3757871550351,-158.5325665246842
23.783473843957104,273.4016376289928,1316.0613266474545,-148.72591545823556
23.69457893652016,273.59900907885327,1315.7216888232301,-139.51165658451785
24.844080206547726,271.1265547064914,1332.915015724555,-225.7512561185987
24.73911332170298,271.34752443963725,1332.241877551613,-217.0761926261169
24.630070810615763,271.5783452817612,1331.52904607146,-207.9712049678776
24.518725446273123,271.8154213089018,1330.7820444291665,-198.60952364089496
24.40689498499999,272.0549809917242,1330.0054330271614,-189.19108666046174
24.296280326171964,272.29341342458196,1329.2018992255958,-179.928635135704
24.188321919087876,272.5275806224782,1328.371627995498,-171.031722409416
24.08409957327824,272.75505005705503,1327.5121154628182,-162.69121644448336
25.121257089700805,270.5454099406077,1341.5605558787247,-235.03249449088088
25.012978981630987,270.77149551177115,1340.6986397774058,-226.9830720577234
24.899791120760394,271.0090915139115,1339.7783949668094,-218.51744768177673
24.783443181424854,271.2547048897444,1338.8070645253126,-209.79839974616985
24.665771149634313,271.50458782915825,1337.7916181508608,-201.01693995511621
24.548530740295238,271.7550781226774,1336.7375823071252,-192.3795249554372
24.433243112920543,272.00292790275756,1335.6480686203772,-184.093021253655
24.32108008344295,272.2455620721043,1334.5232279342945,-176.34941933994912
17.67369854603796,286.3306032660619,1110.4321939327563,31.544819437812265
17.830489377816505,285.97798321999613,1123.6128300030482,45.1342537511932
17.985735240470387,285.626631648626,1136.4506963149101,58.19382329357208
18.13750308542203,285.2808167533127,1148.7683986340876,70.53932787990914
18.284309106879483,284.94384868732266,1160.4298570343044,82.03345171368011
18.425194717588717,284.6178931729986,1171.3453731108582,92.58906126513386
18.559737087568056,284.303934605586,1181.47139849262,102.16729089712973
18.687997749635496,284.00188515974264,1190.8057130224706,110.77152224421175
18.474764564728314,284.336357060183,1150.9559775252774,-20.31224454947281
18.56492971817062,284.1446341660211,1160.121112716133,-5.749085556242733
18.65688280456558,283.94716756464624,1169.2240824712194,8.52184640002335
18.74940107300214,283.7463858957601,1178.1208065690314,22.261372352561608
18.841426562150797,283.54442028984425,1186.6890073558982,35.270658220636165
18.93215346622327,283.34291019319994,1194.8356407964995,47.401454013681075
19.021075429145366,283.1428931913818,1202.5003087267373,58.55982526413766
19.107987786694345,282.94479364385376,1209.654659492625,68.70392873532782
19.463675445366757,281.9300258738157,1197.9916378485216,-78.02283230068133
19.48648016311128,281.8945605329957,1203.3264442308678,-63.59241917025557
19.512336095940867,281.8516827090469,1208.7476665312447,-49.14195266985004
19.541038534026722,281.80140644455344,1214.1638350630471,-34.93813489545863
19.57231974976714,281.7439190806687,1219.4891225538615,-21.225392841763664
19.60589738849046,281.6794985678323,1224.6500092168799,-8.20894686258137
19.641519147193605,281.60843097956206,1229.5899979964672,3.9563312653424703
19.678993517365562,281.53095059195715,1234.2718162463239,15.170391763264377
20.487020192281886,279.50082101980814,1243.4358039451608,-131.43211238239337
20.456281329945032,279.5836666443695,1245.8818137177261,-118.22281361685782
20.427592150779788,279.6624998865413,1248.429318041637,-104.73540759910082
20.401686446996578,279.7353113201908,1251.0356379234295,-91.22555976318313
20.379154878933647,279.8003762680021,1253.6560104765508,-77.94803189538362
20.36042068991715,279.8563430060408,1256.2474359411635,-65.13696970427446
20.345738286099433,279.90226907115044,1258.7721905958506,-52.9894543708902
20.335209680596822,279.93761145884,1261.2004130154712,-41.6546534044021
21.367064455492105,277.45841891475357,1280.0878640157298,-172.94609411079128
21.30317227715262,277.61059872866633,1280.7815206591085,-161.4101323866737
21.239256204930207,277.76401610562897,1281.5284822484357,-149.46201451174753
21.176607324572462,277.9156051670175,1282.316221483954,-137.32669724693716
21.11641569128958,278.0624481554898,1283.1289636215306,-125.24377431485468
21.059682034295232,278.20199655947806,1283.9489251173648,-113.4487970673452
21.00715885688952,278.3322346295477,1284.7578676790326,-102.15525399289666
20.959327111526758,278.45176480356406,1285.5386847804464,-91.54008670544098
22.00701602625428,275.9989913697901,1305.424868487662,-200.87903935420374
21.926609115804673,276.18357986760395,1305.214272401622,-190.83186159868188
21.844294571764376,276.37375535722066,1305.0060176384095,-180.33508728027485
21.761568717108755,276.56615929355405,1304.801371181947,-169.5850459282603
21.679902484443154,276.75740325096245,1304.5994428839447,-158.80091300385203
21.600618370655077,276.9443533070799,1304.3969390177622,-148.20835419302188
21.52479106691542,277.124374146405,1304.1883008010302,-138.02210729647467
21.453187190372915,277.295493239377,1303.9662205287864,-128.43034050016178
22.415761624228313,275.0779284949681,1321.0566508580346,-217.81627334632233
22.328240485915458,275.27541320110964,1320.4167888683821,-208.81798106672315
22.23756145286186,275.4812273756818,1319.74510279681,-199.3744554511698
22.145253028503006,275.6920421634986,1319.0481391034618,-189.66301239431476
22.05287678980921,275.90437371458796,1318.3313998591418,-179.88746809701493
21.961890916743688,276.11488739423055,1317.5984283268162,-170.26376492264782
21.873529849636256,276.3206797296031,1316.8501920445883,-161.00361594619167
21.7887206916872,276.5194886864736,1316.0849111405903,-152.29882460377584
22.6552197430883,274.5425045243478,1330.0194189502238,-227.43089819604668
22.564808934282524,274.7447177657641,1329.1789059891455,-219.07873629489364
22.470522307021767,274.95678636181583,1328.2871356821456,-210.29443813094784
22.373870559771095,275.1754751281879,1327.3525527065276,-201.24452675812154
22.276432452651736,275.39732283746616,1326.3832583342282,-192.12344318958088
22.1797143610185,275.61894960369915,1325.3858160256166,-183.14062942816173
22.085020363598225,275.83735444232417,1324.364270832529,-174.50497480467516
21.993356148640977,276.0501488933031,1323.3196058959052,-166.40936262431583
16.335496050564263,288.7514198860369,1096.9616829699814,43.12260238272643
16.477136840883777,288.4188097064341,1110.3673594599584,57.11035088595551
16.617345663854856,288.0870385690965,1123.4285021084097,70.55295045245327
16.754418063414462,287.7600174116907,1135.966752714503,83.26260940792596
16.88706196996918,287.44074816335626,1147.8458423013547,95.09990700657033
17.014462789804885,287.1311528936435,1158.976644101686,105.97705502438657
17.136289530058093,286.83204405612395,1169.3168487191874,115.8558092972803
17.252645454848484,286.54323266130245,1178.8659785402253,124.74117403797618
17.043558964535865,286.888319496912,1137.7533393737003,-9.5851592173575
17.12589087509259,286.70601269663075,1147.1222792300164,5.374917392127941
17.209847635861863,286.51794895853794,1156.429746302073,20.033237020416152
17.294342259418208,286.3263366773138,1165.5304490871072,34.14620043512048
17.37844451742893,286.133093755171,1174.3015977245736,47.51196632313332
17.461458299805297,285.9396676255557,1182.6503636516516,59.98077118789885
17.54296212277223,285.74693564551103,1190.5172308723559,71.45856763146861
17.62280859485196,285.5551997455784,1197.875256350176,81.9045684903966
17.915431080368116,284.64376519727415,1185.2316717346857,-68.32373559505152
17.9380583705339,284.6069943505749,1190.7339798736539,-53.51347048377994
17.963505229339752,284.5628876095797,1196.3266756570556,-38.685628497762906
17.991579200870632,284.51141743583526,1201.9170965134927,-24.111796342058824
18.02203884954824,284.4527068710078,1207.4187106291286,-10.040108984764828
18.054638292823782,284.3869517534681,1212.7578669269874,3.3218980322496066
18.08916710042064,284.31434528692466,1217.8785110471745,15.818457279696872
18.12547641024295,284.2350260917539,1222.7443040895455,27.34989766035119
18.815973137973174,282.3799806963402,1231.2841038933643,-122.80531607726053
18.79131149729308,282.45315407510856,1233.8517659884485,-109.2489118850904
18.768636159452658,282.52214156796117,1236.5274311370301,-95.41028954904493
18.748581732912584,282.5850453736228,1239.2676951096253,-81.54986968629166
18.731659281869785,282.6402253610095,1242.0272860848686,-67.92634137365411
18.71823759338288,282.6863787754047,1244.7630176440748,-54.776625159129
18.708543622646992,282.72257353668556,1247.437353157088,-42.299274990762996
18.702677245722597,282.7482412304278,1250.020974636519,-30.643667828694305
19.589878211327832,280.4766349737424,1268.5967741762668,-165.2720440195155
19.536003650188153,280.61414876819845,1269.3704783861967,-153.4305142876736
19.482317159807806,280.75234932639745,1270.2047214549739,-141.168135255929
19.429945566882708,280.88836538882293,1271.086903025092,-128.71400056687344
19.37992648727392,281.019460038251,1272.0012084154475,-116.31134798186395
19.333133405977307,281.1432330858546,1272.9299241235808,-104.19851215538301
19.290226116213834,281.2577711848711,1273.8550483711952,-92.59067457856605
19.251631309025875,281.3617276428002,1274.7598943338053,-81.66532589924068
20.15296055010337,279.11538715056895,1294.50725113838,-193.93291029619672
20.084558197994987,279.28292761628546,1294.3480712043836,-183.62024853190545
20.014698883305194,279.4551962322096,1294.19795869631,-172.8470417211027
19.944691468685065,279.62905555284425,1294.0585946514661,-161.81300441287112
19.875820665643932,279.8013397467005,1293.929470698994,-150.74043066763852
19.809241423453376,279.9691154609215,1293.8076778086852,-139.85748214860348
19.745893957281496,280.1299059994595,1293.6880796633563,-129.38051401829395
19.686452282174525,280.28184311883285,1293.5638471113248,-119.49832709999185
20.51323569796853,278.2549292065135,1310.5606913779757,-211.36762200995653
20.438588863130576,278.43437234703174,1309.9556896916138,-202.1356900056912
20.361389278270288,278.6210961378171,1309.3248085781843,-192.44688195017807
20.282974708901584,278.8119952571615,1308.6752679875997,-182.48128444408684
20.20470952972497,279.0038212698751,1308.0132039765263,-172.44533772732478
20.127867173892465,279.1934618021572,1307.3427604437034,-162.55713697363805
20.053526747982755,279.37819945875293,1306.6654855302927,-153.02982563083015
19.98250124092768,279.5559057580517,1305.9801689413428,-144.0557901023346
20.724979890499338,277.7535098514407,1319.806380716938,-221.3039206981898
20.647804680016964,277.9372796536372,1318.9917616203743,-212.7407097880427
20.567445158056866,278.1297540217452,1318.1311974628215,-203.73371573699663
20.48522337665518,278.32791841984226,1317.2339247761736,-194.4518140968169
20.402518530551546,278.52854992835,1316.3088051359214,-185.09170512168077
20.320645834612318,278.7284992810342,1315.3631209356104,-175.86470682847934
20.240744720259467,278.9249640479927,1314.401594164846,-166.98096333918588
20.16369612880096,279.11570388816307,1313.4258432902877,-158.63386404011374
15.239355723885057,290.77489377367743,1085.2158917123165,53.0047436430863
15.36869796048569,290.45876907107726,1098.7995960531725,67.33583679509061
15.496696569822983,290.1431351598739,1112.037607555735,81.10891878587663
15.621825317248184,289.83161989314624,1124.7508574038848,94.13312821394308
15.74293926533363,289.5269843177766,1136.802962408279,106.26723295210446
15.859331863555123,289.2309629083782,1148.105294645191,117.422897246308
15.970737977401003,288.9442390347185,1158.6165793497169,127.56243745278336
16.077286705481306,288.6665516254235,1168.3377803373578,136.69228877547033
15.875450872167573,289.0148965162796,1126.2462669872052,-0.49637451212024075
15.951190746458042,288.84069554333166,1135.7741220461812,14.803887263422041
16.02841801337107,288.66073338581975,1145.2414672805053,29.794945537864976
16.106153104715677,288.4770416864424,1154.502116691213,44.229369182805016
16.183565070299892,288.2913697663295,1163.4329236282779,57.90268156832818
16.26004110572551,288.1050158111578,1171.941268094158,70.66376325819638
16.335221995930915,287.9187352125486,1179.968365527719,82.41842153043487
16.408999866919398,287.732739288554,1187.4884213090943,93.12674283341221
16.657246272618586,286.8965851446591,1174.1219041876866,-60.19932509035269
16.679230280492835,286.8594510500358,1179.7521560144337,-45.06928682729688
16.70382979784549,286.81507139355955,1185.4762646143804,-29.922506533615973
16.73086533951841,286.76338068572846,1191.200749590624,-15.034713117863959
16.760118038407157,286.7044478020856,1196.8386252355776,-0.6572387563793427
16.79137073027439,286.63840278517387,1202.3162050762621,13.000282376302579
16.824444235511262,286.5653665455548,1207.5778466133884,25.78123030352421
16.85921993966573,286.4854053251036,1212.5879858112207,37.586125088629245
17.463664932997528,284.76110236814145,1220.7173951028924,-115.68528726146002
17.443228415720178,284.8272526902173,1223.3756870273658,-101.84649698233966
17.424689233598762,284.8891404690907,1226.1471395432832,-87.72049476010716
17.40860878518755,284.94495155163116,1228.987933165975,-73.57149935879968
17.39543984169207,284.9931079482643,1231.8525399597088,-59.661414892580524
17.385511476536518,285.03234174420487,1234.6977516423685,-46.22951362305926
17.37903052579144,285.0617266734137,1237.4862816697819,-33.47567836953857
17.376094918865192,285.08067352804085,1240.1893138401338,-21.549647835797998
18.156327352458923,282.9652874912252,1258.6130339908218,-159.03589442303542
18.10977449477711,283.091716927348,1259.4447694460819,-146.95727994118744
18.063521482903752,283.2184834622892,1260.3424707909103,-134.4492609930266
18.018569894261617,283.34286965400213,1261.2936079222552,-121.74394598064879
17.97584210089441,283.46227939241646,1262.2824718037043,-109.08730036987066
17.936116034962865,283.5744263446654,1263.2915397253437,-96.71981267750851
17.899982220642723,283.6774744257805,1264.303120825193,-84.85804908056213
17.867826973330356,283.7701139011178,1265.3009660290945,-73.68004627815691
18.660383109147002,281.6801593550729,1285.0191865147674,-188.3579101607566
18.600888329225295,281.8346100380002,1284.8961777608993,-177.84921926910158
18.540227053294373,281.9932075605709,1284.7871239531964,-166.87004870268788
18.47956263967659,282.15299480438813,1284.6941046984323,-155.62231910894883
18.42003676473024,282.31098427191574,1284.617005935042,-144.33041820219285
18.362676830444002,282.4644007280062,1284.553329505859,-133.2242346620376
18.308321505909387,282.61089044702396,1284.4983847659882,-122.5212896780796
18.257575515926927,282.74866410780874,1284.445828625483,-112.41089140836465
18.98301032988009,280.86733109049925,1301.4215260557194,-206.22412728485529
18.917971420830764,281.03282483644915,1300.8400552220264,-196.8257845383875
18.85078906879384,281.2048690085161,1300.2369851967906,-186.96037501800436
18.782651289111442,281.3805444108815,1299.6200934099459,-176.80960116807842
18.71476948517325,281.5567945507066,1298.9960671746478,-166.5814841503057
18.64827522334753,281.7306850478833,1298.369597212441,-156.4954510462099
18.58412944111065,281.89964489847495,1297.742778197441,-146.76555191569219
18.5230592328336,282.06164830790954,1297.1149452092586,-137.58455318219484
19.1726003817296,280.3936440915644,1310.8797400953727,-216.4124528783227
19.10531521182409,280.5631324062796,1310.0814903401595,-207.7004493524467
19.035324176696868,280.74051032093627,1309.24117336589,-198.5345395415223
18.96380040516345,280.9229487055794,1308.3686523354613,-189.0847573979159
18.891967625136193,281.107420150369,1307.47341486806,-179.54908726552605
18.82099365108186,281.29096113389255,1306.5633602346973,-170.1399117113624
18.751892183973272,281.4709262159924,1305.643814369298,-161.06809065602874
18.68544995028438,281.6451894698289,1304.7169810550831,-152.52728186585517
14.322844824027248,292.4970318094801,1074.8747460885816,61.55159770797988
14.442004653852251,292.1946487493602,1088.6018562096738,76.18391624699717
14.559896277002956,291.8924618066222,1101.9827792004041,90.24718856584968
14.675135399413842,291.59387094852195,1114.837842303678,103.54784661123617
14.786692889887671,291.30144464611584,1127.0305626648453,115.94308605314163
14.89394535547652,291.016769623843,1138.472710563468,127.34410364729314
14.996676107599868,290.7404297891009,1149.1238575415803,137.71372878167415
15.09503007083559,290.47211125521545,1158.9861559349092,147.0596772868822
14.901394069794208,290.820203947891,1116.109328032348,7.334845316961179
14.971525357833436,290.65295215995366,1125.7633689523552,22.934090896756004
15.043032627509087,290.4799311789509,1135.3583436228553,38.21810511071703
15.115022581826873,290.30302908894,1144.7473268442093,52.93606381812219
15.186742781503073,290.12385984920235,1153.8068584113862,66.88114270239569
15.257644952447144,289.9436033634372,1162.4444614665358,79.90099987025917
15.327416589706557,289.76291986826436,1170.6019262974573,91.90129443278948
15.395977614445156,289.5819516141049,1178.2543803961871,102.84286548766673
15.61108101288269,288.8039047212504,1164.309595661372,-53.21548552162025
15.632213363277039,288.76686334102294,1170.0398182327244,-37.8042566547833
15.655791322796853,288.7226535405706,1175.8674705324534,-22.376182572198758
15.681646767077721,288.671177453405,1181.6984118428363,-7.2106471288498994
15.709578921986832,288.6124596216911,1187.4452711839538,7.438156599196702
15.739392677649034,288.546577357988,1193.0343145467057,21.358718127017084
15.77093189796468,288.4735948488883,1198.4102027554995,34.393581482328244
15.804099528090417,288.3935221058654,1203.5379844083516,46.44338975061129
16.341756808657898,286.772860656519,1211.3263911742652,-109.54840998356724
16.32436055356813,286.83370449758274,1214.0543366866802,-95.4599371461623
16.308780422034754,286.8902339881585,1216.9004237844565,-81.07879292884883
16.29552044316629,286.94070071738963,1219.8205013054978,-66.67250728006098
16.28498741304228,286.98357542971314,1222.7688217142834,-52.50582720362206
16.277478571332235,287.0176174589382,1225.7021378258419,-38.820140252456895
16.27318382219253,287.0419049598879,1228.5833430916468,-25.816570463440087
16.272198025179996,287.05583216130793,1231.3840165968732,-13.645211202376515
16.968301248730064,285.06595074512603,1249.6464780113197,-153.60126515986866
16.92726491019338,285.1837832912531,1250.5219967285684,-141.30843551485822
16.886607688089974,285.3016797165669,1251.4687763320374,-128.57739135889852
16.847232136419628,285.41704500652844,1252.4743364288965,-115.64286106881991
16.80996934167283,285.5273948424265,1253.5230315241806,-102.75322031827409
16.77552123298055,285.63053300033016,1254.597464933811,-90.15089228230039
16.744422783772425,285.72468415258686,1255.6801719962134,-78.05371349104445
16.717027332064053,285.80856695321694,1256.7552437894276,-66.64024937296932
17.423388844323153,283.8454447507294,1276.380992584916,-183.40268777802805
17.37067642054896,283.989694965948,1276.2847945140863,-172.70858958107203
17.31702263230582,284.1376247974396,1276.2075685932398,-161.53365599584237
17.2634758348063,284.2864199296652,1276.15170202247,-150.0817749132874
17.211064492498373,284.4332337936071,1276.1173688861702,-138.5792352243596
17.160714776239352,284.5754157748126,1276.1023657170513,-127.25751763840407
17.113184407472826,284.7107085273715,1276.1023289143338,-116.33523228888527
17.069022474460944,284.83738366656,1276.1112894581133,-106.00216776627701
17.713849321098156,283.074720012572,1292.9788055951194,-201.53579531882235
17.65615242452473,283.2293489177184,1292.4148921342025,-191.96950687385083
17.596636574922357,283.38993139201364,1291.834083389673,-181.92517959137524
17.53637200103385,283.55369349080934,1291.2445936881118,-171.58605846755245
17.476449449584244,283.71772864118486,1290.6535221135955,-161.16170292539823
17.417888203064436,283.8792414004417,1290.0659577665074,-150.87285216918036
17.36155525837594,284.03577462038015,1289.4843962806158,-140.93445375375387
17.30810901761263,284.1853814739799,1288.90858778366,-131.5396423682502
17.883693039186078,282.6269858587958,1302.5199223995692,-211.83591753978516
17.82398523169047,282.7853605997791,1301.7348702585327,-202.96333219504385
17.761955885098175,282.9509497865508,1300.9122991304657,-193.62555394389392
17.69866173064242,283.12106632105974,1300.0625670789777,-183.99395403489547
17.63520431514707,283.2928335138366,1299.1956311681342,-174.26787163598544
17.572635063362704,283.4634313200565,1298.3198392705162,-164.66084965716078
17.511867834855032,283.63033547220385,1297.4409558209466,-155.38452763183096
17.45361401359402,283.7915076949674,1296.5616225243293,-146.63284349242133
13.542498829615436,293.9827335759501,1065.6413072190403,69.14133046479688
13.653190818703132,293.69183588246847,1079.4939751466889,84.03916845128381
13.762673339761673,293.40089483684125,1092.9996436092847,98.35794834924678
13.869677375873772,293.11312198815995,1105.9781176755037,111.90182695055734
13.973267119346799,292.8309270944737,1118.2928508429504,124.5267271838785
14.072885304672585,292.55577562470603,1129.8559996960237,136.14354541452474
14.168352539063834,292.2881706602337,1140.6279174712315,146.71566092322212
14.25982410774988,292.0277563715197,1150.6118387617614,156.25200106237895
14.07298322194568,292.37607655669365,1106.9884677711648,14.365825595709936
14.138468007460636,292.21457092061485,1116.75783525064,30.230272504775826
14.205228708824713,292.0473011943468,1126.4689226847415,45.773506780292394
14.272440976751327,291.8760383761646,1135.9740630469173,60.74181097200369
14.339415159506187,291.7022850462848,1145.1494962414367,74.9264747982644
14.405654140179966,291.5271239892532,1153.9028688008748,88.17423905943437
14.470881940746205,291.35113721585003,1162.1765051213033,100.39079466465313
14.535039513611585,291.1744101984789,1169.9463933038514,111.53779388887085
14.72220475920378,290.4467836314823,1155.3689697516534,-46.82546107669069
14.74265704628876,290.4096959317228,1161.1971995548643,-31.159993868466586
14.765407121010238,290.36551034488286,1167.1256882684406,-15.478759239533957
14.790293197775284,290.31410616126635,1173.0595012131091,-0.06431911976858373
14.817126662854793,290.25547435847966,1178.9107743741868,14.826740792038265
14.845728159201393,290.189650818574,1184.6056409312523,28.981448790129633
14.875958462237689,290.1166541060211,1190.0889967271905,42.24183985778808
14.907736546958294,290.0364482592554,1195.326447023598,54.50890078607398
15.389114517911823,288.505750338709,1202.6282894613694,-103.78570604370424
15.37426451795081,288.5620241651191,1205.4319006032836,-89.46263432695974
15.361161719821366,288.6139298081272,1208.3582054807566,-74.84342050097746
15.350259439490152,288.6597780783804,1211.3624520466005,-60.19868420129768
15.341923186719605,288.698084757111,1214.3984341643436,-45.79571115868487
15.33642080207178,288.72763587823493,1217.4226678768173,-31.877655446164795
15.333925451729668,288.7475165270563,1220.3980745400386,-18.646532089676896
15.334527153195115,288.7571094709979,1223.2965216654252,-6.252475999139222
15.95986767797667,286.87603243104104,1241.203412504404,-148.35621623982172
15.92340595092666,286.986599648627,1242.1336528282893,-135.8511180221194
15.88739312270634,287.09697527948134,1243.1404832922394,-122.90103559296091
15.852647647091931,287.204667894642,1244.2111571024593,-109.7434156102745
15.819922436008692,287.307289048366,1245.329786223118,-96.62901704051944
15.789853615819128,287.40272105002344,1246.4788250191937,-83.80205512420906
15.76292723870944,287.4892428695476,1247.6408069524762,-71.48140631949593
15.73946657723358,287.5656002492336,1248.7999908176225,-59.8458854786183
16.37373898051293,285.71163254429575,1268.1447828061357,-178.5172561709146
16.326619240328142,285.84735538005685,1268.0885335792996,-167.6298904293401
16.278751195247057,285.98633218270857,1268.0566175797053,-156.2529919834975
16.231087552671287,286.12586508179237,1268.0514383112352,-144.59274247250357
16.18456181196907,286.2632242669147,1268.0731567709845,-132.8775341948347
16.140014389637244,286.3958640272935,1268.1195756383618,-121.34050076207348
16.098133537808973,286.52160970853095,1268.1864030061865,-110.20126634892358
16.0594195842554,286.6387868533272,1268.267836793502,-99.64991576948347
16.637453393845984,284.9769620296367,1284.8758473858577,-196.86373062818086
16.585791678155857,285.1225637127609,1284.3434601791564,-187.11711271392335
16.532585463247138,285.27358499079594,1283.7993175222778,-176.88279688601256
16.47880834412482,285.4273674089629,1283.2518203499692,-166.34600027448448
16.425451172094473,285.58112584388124,1282.7082092718579,-155.7181403501682
16.37343934756546,285.73217936885237,1282.1737017868836,-145.2214476281864
16.323560369277565,285.8781664531927,1281.6509450999033,-135.0717965967607
16.276413472833802,286.01720833486087,1281.139892430852,-125.46258477741844
16.79135448509594,284.55065217147603,1294.4873826659918,-207.27377841177213
16.737868187181537,284.699812695207,1293.729778610109,-198.22831903915102
16.682381527047774,284.8555926957813,1292.9395855121793,-188.7075688372487
16.625856414456365,285.01541664575257,1292.1274361844376,-178.88467953123842
16.569293953910872,285.17652865931194,1291.3035144221863,-168.9606907952557
16.51364897420704,285.33622576834966,1290.476368972173,-159.15052093436185
16.45975153029108,285.49208444112566,1289.6519686001034,-149.66665951183637
16.40824875224295,285.6421410670943,1288.8331886055985,-140.70325975277234
12.86876005456501,295.27980210737,1057.32817977199,75.96146805309266
12.972335012396567,294.9986661563124,1071.2947898069951,91.09253629854086
13.07474255058209,294.7172935977322,1084.9128736915509,105.63543872865165
13.174809613268033,294.4387363885033,1098.0018378943867,119.39243796239151
13.271677696167531,294.1652700761248,1110.4251611453383,132.21844565396336
13.364843788917648,293.89825792905793,1122.0954301079482,144.02419518228461
13.454158380626206,293.63813535546643,1132.973775773521,154.7736385985314
13.539783938409627,293.3845120115378,1143.0644687313131,164.47684341492374
13.358687102999621,293.73334503118645,1098.7282488603798,20.733244173133897
13.420296967629275,293.5766691569128,1108.6064278124331,36.83074484241661
13.483086591802945,293.4142503427091,1118.4260537409036,52.60118191686979
13.546288798357857,293.24776050038474,1128.038815731161,67.78844634671643
13.609265823142094,293.07860819421296,1137.3207203145967,82.18229394517434
13.67156279056537,292.90779375134406,1146.1795974402667,95.62881774897178
13.732933600707668,292.73583282605813,1154.5583310856691,108.03387775231417
13.793336019470548,292.56276279887385,1162.4337637474491,119.35996415100027
13.95703770885762,291.8786404023825,1147.2121723512244,-40.98269368477534
13.976960137010197,291.8414256730693,1153.1373411681877,-25.092277051285578
13.999042756165748,291.79718923543913,1159.1644051667565,-9.187934807396687
14.023128011664967,291.7457925484863,1165.197639951398,6.4450637775250925
14.049036639918254,291.68719911595207,1171.1487090646724,21.548170234747175
14.076601810549898,291.62141021783134,1176.9436378359192,35.90730235865101
14.105697883733896,291.5484059421859,1182.5275761896437,49.364233790040714
14.136256712426107,291.46811137403887,1187.8666933248787,61.820433291800725
14.570542191830418,290.01450524305693,1194.6362072670995,-98.47052287155935
14.557858897410195,290.06681846488704,1197.5186362145757,-83.93734333911704
14.546852422241237,290.11472896101986,1200.5272182518834,-69.10595203334577
14.537932466211693,290.1565995158483,1203.616525165592,-54.24970160520735
14.531428998494263,290.19098561717976,1206.7398408058111,-39.63804596867112
14.527584426500143,290.2166971748152,1209.8534121904863,-25.51556166999444
14.526557192506857,290.2328261142074,1212.9201690965283,-12.0848708961434
14.528432618182343,290.23874622116347,1215.9122550153472,0.5040526986194891
15.09487616369204,288.4502624520512,1233.4080675984246,-143.49573634411354
15.062254511768296,288.5546228952059,1234.3983429990108,-130.7983608278484
15.030128431962314,288.6585825770448,1235.46964149935,-117.65085576656998
14.999245240731675,288.7597387077629,1236.6088349180786,-104.29316281652791
14.970291720436247,288.8557851072518,1237.799695921863,-90.9781606162914
14.9438482487994,288.9446717642915,1239.024452818402,-77.95158498574654
14.92035925769825,289.0247248430947,1240.2655785302036,-65.4331051604218
14.900122164193363,289.0947142260486,1241.5074567762074,-53.60158785840696
15.474776465087404,287.33289169416946,1260.5274832139723,-173.99241691393036
15.432319080442683,287.4613854827358,1260.516908577888,-162.929093167774
15.389262813944127,287.59278018751144,1260.5352884241242,-151.3691330936315
15.346480087858213,287.7244764204717,1260.584921314571,-139.52086880614456
15.304824686120071,287.853843423603,1260.665844663249,-127.61460965670352
15.26506496239636,287.97842482102885,1260.7757716207236,-115.88493804128831
15.227830631754447,288.0961167827,1260.9104029427817,-104.55229758430261
15.193580690280774,288.20529155917086,1261.0640411480965,-93.80690773036076
15.716731924795209,286.62792828775065,1277.3877797289756,-192.55563801230568
15.67007517998684,286.7659186365501,1276.8920302267854,-182.64505948707665
15.622090221738887,286.9088865715483,1276.3890107357608,-172.23860387500144
15.573669867948091,287.05427076950707,1275.8871940253018,-161.52333930270538
15.525721495429313,287.19938851073687,1275.3938537700062,-150.71238362756839
15.479092008313895,287.34165570969236,1274.9142383712506,-140.02928697496975
15.434502312412496,287.4787920230345,1274.4510629365004,-129.6906892061017
15.392501863133882,287.60897694062805,1274.0044150900533,-119.89009780427313
15.8578776478492,286.2188867669718,1287.0791477457499,-203.0916939201216
15.80952704659148,286.3603132860157,1286.3529918245579,-193.88963550117194
15.75943012805415,286.507868977507,1285.5985633055018,-184.20352844813635
15.708469713777447,286.65907197107634,1284.8266635087957,-174.20817237965906
15.65756321392572,286.8112679144569,1284.0476012179188,-164.1061468124788
15.607584972159714,286.96185239161105,1283.2700333403068,-154.11357908705878
15.55929514536012,287.1084868501309,1282.5000522779274,-144.44365969716728
15.513287131879098,287.24927088600674,1281.7406997652597,-135.2906439074212
12.280709470513118,296.4249018481313,1049.817850571455,82.08336258531997
12.378175563247787,296.15219950080734,1063.8850671660518,97.42228884304734
12.474508880571426,295.8790940943667,1077.6021535505802,112.16486488382307
12.56861751761523,295.60850129355356,1090.7881977169618,126.11170383908086
12.659707863425519,295.3425825458401,1103.306736029955,139.11685680965974
12.747321868699528,295.0826148097898,1115.0707690083464,151.09095199534337
12.831334015660513,294.828977015634,1126.0421452604887,161.99848943956863
12.911911331417574,294.5812508684776,1136.2260770988357,171.85058660875626
12.73629730496484,294.92991510536183,1091.2512925442804,26.455858411053953
12.79455515124944,294.7774372945653,1101.2264522727285,42.76134563935915
12.853907090541012,294.61923798855804,1111.1425564211518,58.73447356554786
12.913634508707048,294.4569041082158,1120.8507394601565,74.1170375889377
12.973143419033779,294.29176386574903,1130.226822776657,88.6974683708321
13.032014222120353,294.12474744188427,1139.1788234273083,102.32132589199645
13.090025317518558,293.95631440379486,1147.6501465083381,114.89466437577187
13.147147670599418,293.78646187927933,1155.6184162185775,126.3807613875928
13.29164434735864,293.1388899087396,1139.8070303974787,-35.71868092490007
13.311046511857082,293.1016327493886,1145.8195466012219,-19.62660279298757
13.332486274512336,293.05742456747,1151.9352062021105,-3.5223164568561174
13.355809927881324,293.0061111299192,1158.0575721632636,12.30651771669028
13.38084620931434,292.947632138447,1164.0978856688223,27.5996364358719
13.407438736359333,292.88195917413935,1169.9820812244234,42.14201131292168
13.435472949878442,292.80903953422836,1175.6555458229832,55.775231588808055
13.464890949629213,292.7287653069281,1181.0849657709457,68.40124429491723
13.860005197367117,291.3404515221738,1187.3494661160455,-93.65952304745178
13.849072805592746,291.3894611163369,1190.303703678043,-78.93588861755165
13.839750916673948,291.4340440176972,1193.3870969907007,-63.91217919766365
13.832412662817426,291.47260672055063,1196.5535794474972,-48.86419306748354
13.827358183574523,291.5037379855548,1199.7559511176064,-34.06330761702884
13.824808437196912,291.5262675850347,1202.9501990168294,-19.755339901946684
13.824909261945514,291.5392929070233,1206.0992505257818,-6.143410398550145
13.827741646866723,291.5421798337319,1209.1754957823666,6.62270492341645
14.344983501354923,289.83239955397255,1226.2601438423035,-139.062013882099
14.31551091884679,289.93157028231496,1227.305488505736,-126.18656299463498
14.286566871456946,290.0301656460919,1228.435905857451,-112.85612009878093
14.258838968825666,290.12585721301645,1229.6378803086168,-99.31290371344073
14.232958464491324,290.21640773853017,1230.894835513365,-85.81171526925789
14.209458850523575,290.2998237956775,1232.1887580554635,-72.59965329943594
14.188749433962803,290.37447078976174,1233.5020376118343,-59.89707241333275
14.17110563756299,290.4391383253532,1234.8191546731173,-47.882824340986645
14.695842678363286,288.7558456603725,1253.494603332328,-169.8183246742284
14.657208602118116,288.8783254338475,1253.5257609922878,-158.58651452903285
14.618096393963663,289.003406528914,1253.5902713420633,-146.85103502630244
14.579311304203634,289.1285711036987,1253.6902969647526,-134.82223353067025
14.541640368119591,289.25127044178913,1253.8257170401043,-122.73221160594068
14.505791517478793,289.36912205727754,1253.9941180730284,-110.81689574239033
14.472345283935212,289.4800804261724,1254.1911556317805,-99.29747078904558
14.441725822812641,289.58255573717844,1254.4112007844067,-88.36424075626655
14.918861295095546,288.0772803911043,1270.4202880997552,-188.5242972563662
14.876295329361476,288.20898831802884,1269.9574862008337,-178.4498864479707
14.832579841976612,288.3452956455784,1269.4918580763697,-167.87108694660554
14.788540456918566,288.48371980327005,1269.0319111420001,-156.97676307401736
14.745014991783695,288.6216613135814,1268.5849082732793,-145.9816860176261
14.702784814033588,288.75661479753103,1268.1560814198024,-135.11068531468845
14.662515092711235,288.8863656595878,1267.7481667805623,-124.58110638051562
14.624713603559746,289.00913963971,1267.3613449957618,-114.5866242608655
15.048499630411655,287.68431421574223,1280.1274425514798,-199.11255419067373
15.004330217989773,287.8194121499901,1279.4290227571885,-189.74650746891655
14.958627027926665,287.96021630897786,1278.7067872829994,-179.88685514396587
14.912207574022382,288.10431873474533,1277.9716717214797,-169.7100698414884
14.865919930444134,288.2491457029281,1277.234065126903,-159.42030423863997
14.820571560812542,288.3921712036026,1276.5026816595337,-149.23492384374555
14.776864370212085,288.5311240319954,1275.7836860581283,-139.36783181028284
14.735346857989754,288.664153122341,1275.0802413704819,-130.013368858099
22.289830496992224,274.4888284376474,1275.2846896213389,-42.891898524612785
22.479313106429043,274.09337197989964,1288.3844883668175,-29.72439405790624
22.667374258619116,273.6997947841169,1301.1660317506107,-17.0113929685873
22.85124726799177,273.31384610937823,1313.4337578549766,-4.94747713490284
23.02863379260708,272.940325421673,1325.0305052481049,6.315339381198697
23.197836099835424,272.58279744380616,1335.8443648680764,16.672755968859718
23.357809707131675,272.2434745359701,1345.8101974955946,26.06814726797799
23.5081367992238,271.92326796684296,1354.9063352942455,34.488160859074185
23.42838431388878,271.9443477874936,1317.0997254434817,-92.58548635465075
23.5233605430152,271.7571242092045,1325.996764082459,-78.38029802884421
23.62094769807916,271.56360450189845,1334.8551609152955,-64.39767703317631
23.71953806141444,271.36689357989263,1343.5196974310122,-50.88609267203404
23.817607639065802,271.1699747352609,1351.8529329831374,-38.05909543527997
23.913844425795524,270.97544803003944,1359.7440214989274,-26.083255873013627
24.00723906879202,270.7853404400241,1367.1138105301995,-15.072223938957904
24.09712498213062,270.6010170991832,1373.9158707522088,-5.086991612605573
24.847525288309583,268.85692417492805,1365.1379625932534,-147.77416213283337
24.845294329299872,268.8739717609431,1370.0911279857032,-133.60501242904948
24.846759815573247,268.88360584720675,1375.1382352969597,-119.35189523738168
24.851916722320993,268.8855115253918,1380.1837787612076,-105.28943968688068
24.860552140544634,268.8798057136726,1385.1340528619144,-91.67667898659764
24.872295832894572,268.86695960502067,1389.9044445171662,-78.73841984676483
24.88668643335391,268.8476828686707,1394.4252318226654,-66.65181638804509
24.903237406808895,268.8227999219145,1398.645133072444,-55.539477875475654
26.326744964650555,265.73111780349564,1410.872478351224,-198.598030622677
26.246056083970046,265.90383596420577,1412.9245765112464,-185.53529263594592
26.1669276264406,266.07469069832354,1415.0645308270728,-172.1364891493047
26.090819167101497,266.2405126148205,1417.2493251513888,-158.66386196093222
26.01891717283278,266.39861226809575,1419.4314655122673,-145.3862397326433
25.952059723176085,266.5469642357381,1421.562736276587,-132.55812918061847
25.890712963191376,266.6842910207166,1423.598048109215,-120.40112083218438
25.834996035315957,266.810045736814,1425.4987426299156,-109.09039062223889
27.602889516408332,263.1044310011557,1447.1396603523008,-237.8227186094603
27.47296922046371,263.3687218468718,1447.4831965048336,-226.31497446297374
27.341041790913973,263.63892747570736,1447.8520319660975,-214.34259238431514
27.209434834864616,263.9103915630693,1448.2336689434808,-202.13661350191214
27.0803164816445,264.178656286866,1448.6114541990742,-189.95039738707345
26.95551395217766,264.43984248992,1448.9654492752572,-178.0402985876349
26.83638728199987,264.6909357364783,1449.2738476159755,-166.64584614986356
26.723775844141496,264.92993447928063,1449.5147284058012,-155.97265237537076
28.52983315659916,261.23407034464753,1471.8022615345287,-263.9980240026068
28.375003602262733,261.5414374435715,1471.2882172826637,-253.87287152208438
28.215053825340203,261.8609926834738,1470.7425109545175,-243.24892606478173
28.05263408455552,262.18765975641884,1470.1657225400418,-232.32903907386356
27.890385322443528,262.516251936925,1469.5562396060664,-221.3464882571973
27.730701812113487,262.84194183051676,1468.9096490921838,-210.54834419153698
27.575534159859608,263.1606730581461,1468.218576040532,-200.17656467774268
27.426266641996296,263.4694404702127,1467.4730739095598,-190.4498979522181
29.118576724310987,260.06104066554406,1486.7871849201952,-279.7161166182945
28.95275842744329,260.3858500371527,1485.8747274696352,-270.5563091256647
28.779785880721043,260.72674998348276,1484.8948808630612,-260.90302994189517
28.602366046574765,261.0786882592454,1483.8529238516285,-250.9408781810695
28.423306656037337,261.4362927603869,1482.7534539796784,-240.88842074072318
28.245257852686024,261.79436767518416,1481.599178601717,-230.9837202186961
28.070478623520636,262.14836407849907,1480.3899711261347,-221.46667766724778
27.90067082218123,262.494737180665,1479.1224533120903,-212.5610214196051
29.459422562233527,259.3862129959136,1495.2375001325972,-288.5174313483989
29.288981177665775,259.7176742766636,1494.1417660879229,-279.9428242609056
29.110231639696686,260.0673727794557,1492.959190992632,-270.8874485122681
28.925860931972295,260.43036770330974,1491.6966533616392,-261.5257969047869
28.73872138839338,260.80128091093275,1490.3612196821732,-252.06768568796107
28.551566465063935,261.17479618001875,1488.9587079736534,-242.74530702417186
28.36680032144736,261.5461545104829,1487.4923868777055,-233.79646001873334
28.18628857883852,261.9115507437691,1485.962140885295,-225.44683519428884
20.055805071091335,278.50008270850867,1253.444013106571,-23.66566262039956
20.22501819995644,278.12827412545107,1267.067392317917,-9.89790928678724
20.39304686366086,277.75750186085946,1280.3671771768834,3.388322995706403
20.557535377231815,277.3928968298735,1293.1446763756628,15.992890750602442
20.71656109666648,277.0386801037697,1305.2413360770868,27.760511054615506
20.868743267619017,276.6979112292237,1316.545574256622,38.58583470276062
21.01328131654989,276.37239275996797,1326.994086602108,48.41310527732429
21.14992313092344,276.0627332649935,1336.5681828663976,57.231327713441914
21.022794183133342,276.18403450101033,1296.0918277293154,-74.72828983684684
21.111099354085475,276.00172557391016,1305.4405621805838,-59.901736339668105
21.20185361370145,275.8128513318127,1314.7520087182597,-45.317033138899234
21.29366214036558,275.62018092835814,1323.867469589152,-31.22975276434383
21.385227822830522,275.42633298726435,1332.6475035697363,-17.858233972305158
21.475462285530703,275.23353724865433,1340.9808649288639,-5.37136934520305
21.5635600046501,275.04347010492165,1348.7894501627231,6.117056159407014
21.649026171293205,274.8571873182818,1356.029044885021,16.547739719566096
22.224036428954946,273.37925930812867,1345.338121740357,-131.53725720605075
22.229368396518904,273.38272023746663,1350.6361565748432,-116.73670308668318
22.23827215493413,273.37837764033117,1356.0378532056925,-101.86133967155587
22.250697657670848,273.365934642326,1361.444594504433,-87.19430345177096
22.266433567594046,273.3454595831044,1366.7604746650147,-73.00093816806836
22.285156498899166,273.31730831964546,1371.899819080682,-59.50984923646814
22.30648946584608,273.2820189359354,1376.7930258005767,-46.899505864580675
22.330055495849585,273.2402074019334,1381.389969058474,-35.29166777864697
23.473449609047822,270.5417005140703,1392.559147780816,-184.01293733858944
23.411723027785378,270.6872734432515,1394.8316656069362,-170.32291242655532
23.351940455795837,270.82982654127443,1397.2077517350435,-156.29464169805533
23.29529548639204,270.9664796118467,1399.6428266056048,-142.1997323043142
23.242750087691483,271.0947855924822,1402.0880385587964,-128.31459303383818
23.19498021643725,271.21288453131655,1404.4942763058643,-114.89892421317981
23.15236279401496,271.31957114209916,1406.816179147398,-102.17689652445549
23.114999426071066,271.41427825080626,1409.0154667810011,-90.32380498317261
24.550773169544204,268.15578058707547,1430.3034216651772,-224.66417018474647
24.446652885542257,268.38580025772865,1430.7590140870443,-212.54644442719487
24.341581682030558,268.6196803885802,1431.2567785792448,-199.95151211572326
24.237508496206353,268.85316029977577,1431.7846253435282,-187.11977438414888
24.136233492918446,269.0821802590342,1432.3260892816293,-174.3127407349469
24.039263733139837,269.3032135310781,1432.8613409873728,-161.79288467168954
23.94771554584116,269.5135129780885,1433.3687486954675,-149.80334100356058
23.862275834438577,269.71123716937115,1433.826729808297,-138.55074587680664
25.333861543928972,266.45437975565875,1456.1547486162135,-251.8894277966679
25.20799554973683,266.7248180422849,1455.6793383303661,-241.17736789332474
25.07860037459066,267.00474701910633,1455.1872716835005,-229.94645362783666
24.947922754343168,267.28948331161166,1454.680993538881,-218.40828843781574
24.8181801526091,267.5742768670356,1454.1604349745512,-206.80418756192776
24.691367034532497,267.8547282687688,1453.622404465143,-195.38762683358917
24.5690973325706,268.1271496504522,1453.0604819725834,-184.40468696683834
24.45250902309233,268.38880734794367,1452.465486226931,-174.07570249310433
25.831997896452066,265.3852877140542,1471.951848927308,-268.290506867986
25.696361770118965,265.6725010166529,1471.035848895,-258.56482270956894
25.555488227488855,265.97275127050375,1470.0651259997453,-248.32117849380592
25.411690436477244,266.2813463361635,1469.0476214559305,-237.75222900443976
25.267342451834423,266.59334183495963,1467.9903094775486,-227.08419396478828
25.12466566299659,266.903986216672,1466.897892711601,-216.56145035963397
24.98553933002697,267.20913709767274,1465.7718339985581,-206.42814477380094
24.85136885809179,267.50557332060345,1464.6099703419272,-196.90981451699767
26.12114189507243,264.76864936822335,1480.903972075052,-277.50591720970317
25.981317351041525,265.06245097766924,1479.7824668230446,-268.3814246106182
25.835275439490697,265.3712611020786,1478.5850316191986,-258.74946115250066
25.68532294743426,265.69047213143,1477.321588416505,-248.79195717243093
25.533881678610094,266.01511786215514,1476.0020169839663,-238.72604994421508
25.383268181549827,266.34032464688,1474.634569368775,-228.79006084988254
25.235489195547103,266.6617517126962,1473.2244947921058,-219.22599506748992
25.09209008870269,266.9759393045673,1471.7732009431202,-210.26140011495215
18.318340843273425,281.7131171887173,1234.3293214282103,-7.303000734381783
18.471427207592736,281.36122046117805,1248.365407408757,6.9746999449286875
18.623445666948722,281.00978710258875,1262.072640851816,20.74848615713924
18.77234494539275,280.6634679729647,1275.2502301408451,33.81368339477805
18.91647640095041,280.32604110146735,1287.7389321486608,46.012431028701485
19.054686228666498,280.0001841752215,1299.4278430765105,57.238669339695576
19.18634388288505,279.6873949828895,1310.255518788855,67.43754357239666
19.311307766828797,279.38806178967116,1320.2060046671008,76.60020121480919
19.15737129476808,279.57485231659473,1277.482655992606,-59.44530414728797
19.2397423439806,279.39781443308374,1287.2009995777503,-44.096410135042106
19.32435906654367,279.2141160029569,1296.881658128308,-29.005451494525715
19.409985796118345,279.0262623221265,1306.3633393252546,-14.433717707084867
19.495492637306732,278.836588757595,1315.5052838002498,-0.6032844863840978
19.579952957302332,278.64704173528145,1324.1962478100454,12.315243045526842
19.662705787111594,278.4590327452409,1332.3593300464154,24.208214639410414
19.743375255960476,278.2733868997888,1339.9524520471355,35.01795290232499
20.19640593756257,276.990093671457,1327.5004679617746,-117.54132398995648
20.206505172016563,276.9842216667635,1333.0977462771584,-102.21603489401247
20.219969933664345,276.9704061129393,1338.8049959957361,-86.82385767775145
20.236718908460197,276.94835981706956,1344.5209933794536,-71.65471859119751
20.25654369874225,276.9181091196773,1350.148088189803,-56.97887241964233
20.27915600623649,276.8799177246968,1355.599882727384,-43.02777560652629
20.304239930275358,276.83419008199286,1360.807108330566,-29.980636254282103
20.331496496729727,276.7813821430057,1365.7208610035404,-17.95822603783205
21.274895981954437,274.37711123937356,1375.7249741904216,-171.35044479220406
21.22660580898583,274.5024096650723,1378.2084473115156,-157.14510063349667
21.180398788517145,274.62400276592984,1380.8072668667166,-142.6003828220781
21.13727010115012,274.7392380185545,1383.47519153235,-127.99533385945466
21.098016721967408,274.8458548809601,1386.1620001050744,-113.61224955141711
21.063197192644015,274.94211722970783,1388.8177283578425,-99.71471112753164
21.033125145108386,275.0268701122806,1391.3968090870899,-86.52860416555504
21.007891448718286,275.0995248691502,1393.8613972571484,-74.22898553411895
22.20441495634782,272.1788103941255,1414.517933144687,-213.18114151109026
22.119055122292824,272.38254420447976,1415.1031299338138,-200.56812564786506
22.033362051441717,272.588782542329,1415.7441594927163,-187.46854797137001
21.94899529853417,272.79358929943356,1416.428690983129,-174.13020516469183
21.867478826427092,272.99322275212415,1417.1399203088213,-160.82090803308193
21.79008326511933,273.18443110464267,1417.8577405039764,-147.80770527708916
21.71774809233491,273.36467031737186,1418.560445748526,-135.33623282304242
21.651052498482823,273.5322151914215,1419.2266633157383,-123.61354123725124
22.8807338576168,270.6087419756773,1441.2511791194497,-241.30049323639102
22.776186998853714,270.8504414459369,1440.847611364625,-230.1173664146062
22.66911960290591,271.09977896020365,1440.4403227514726,-218.4001494744647
22.56146283796125,271.3524073120428,1440.0326543224119,-206.3673144777135
22.455110254883657,271.6039368790058,1439.6252000667464,-194.26634881884897
22.351756288863683,271.8503115989044,1439.2152571418655,-182.35549580833643
22.252766895167515,272.08813149543596,1438.7968090447325,-170.8837200602469
22.159102757099728,272.31486824674425,1438.3610759886367,-160.0721999540573
23.31187331722399,269.6199386586754,1457.6757341135697,-258.30316264144534
23.198592190795896,269.8776534311937,1456.7968712071915,-248.1279783797821
23.081325921530667,270.1462687424642,1455.8748128206614,-237.41615587653104
22.96207379409872,270.4214125273107,1454.9190567636679,-226.36661580886584
22.842873169510725,270.69850327439775,1453.9378936386713,-215.2114019894779
22.7256196700851,270.9731537374682,1452.9370877363822,-204.19955387687546
22.611909728466408,271.2415454213506,1451.918942113667,-193.57815513633744
22.50293300840426,271.5007067663969,1450.8819718176192,-183.5738052585025
23.562994827005696,269.04783959906354,1467.0314053334505,-267.8968111583847
23.445908386656047,269.3119768504968,1465.9277484980562,-258.3389942452574
23.323989491894356,269.588842862102,1464.7585322710927,-248.25328462212926
23.199238008103855,269.87413449280126,1463.5355666621028,-237.82738342627016
23.07373814919374,270.1632418634992,1462.2704055715158,-227.28392459521373
22.94947185353405,270.4516595617187,1460.9727027290314,-216.86571584483107
22.828147869845754,270.73538393863527,1459.6488330723676,-206.81767546607247
22.711076827706005,271.0112249788744,1458.3010892037942,-197.3684014268105
16.92697368735812,284.35339617231466,1217.5749197806422,6.71161991809322
17.066890711120244,284.01844095019624,1231.9386789258206,21.42935798320721
17.2058074953271,283.6835183800855,1245.9691631837652,35.62440396742906
17.34190574407077,283.35289904234173,1259.464109073267,49.08828259820268
17.47374326403663,283.03001463639265,1272.263925205889,61.66098818854107
17.600333850171506,282.71724854360855,1284.2584591230839,73.23592610545185
17.72116874800087,282.4158678951611,1295.3879623195976,83.75909747919559
17.83618126647196,282.12609846151435,1305.6388681272565,93.22357251501333
17.66856049873203,282.35459578632083,1261.080080195911,-46.35629685754168
17.74556303165516,282.18294660999743,1271.0964019167948,-30.56008757817898
17.824619164623133,282.00460532020804,1281.0744159800179,-15.03496661360461
17.904617529820655,281.82186364971807,1290.8508700278144,-0.04702958753807707
17.984556118757528,281.6368318031834,1300.28409512266,14.178525777205891
18.063629232371273,281.45123489335657,1309.263015695803,27.469698127750092
18.141281181196508,281.2662810655665,1317.7118714751941,39.7130154115512
18.21722003006168,281.08262134489,1325.5904807402576,50.852255993222684
18.584371679784823,279.94217655931874,1311.6497710789404,-105.55218657617138
18.597296977631295,279.93010609973203,1317.4944394470522,-89.78301850638096
18.613372762859036,279.91006170560075,1323.4537887624267,-73.95297805614072
18.632498600477152,279.88175557214987,1329.4245124113381,-58.35761159611806
18.654471730027122,279.8451743305611,1335.307614474803,-43.2712354949181
18.679031976447813,279.8005050991911,1341.0162206286307,-28.927613306766148
18.705909011484454,279.74804627577083,1346.481457664412,-15.506539581267845
18.734860300823534,279.68812963702595,1351.6555624616292,-3.1278908250601773
19.533059644772564,277.50528543474184,1360.6100646252344,-160.49569201861235
19.494289375095992,277.615556151829,1363.275492961143,-145.86111401165908
19.457626907985,277.7217024398374,1366.0655273772209,-130.88559326528053
19.42392007509201,277.8212461144669,1368.9324624750202,-115.85418857091548
19.39384470279773,277.912066605285,1371.8249053492489,-101.05393959431245
19.36787406673721,277.99251802335056,1374.6921982879508,-86.75152673348927
19.346276544977265,278.061478732708,1377.4886598699547,-73.17416836356833
19.32913612260469,278.1183386676438,1380.1769016961457,-60.49661848143643
20.35007185342966,275.45465796245776,1400.186273336576,-203.3250712175384
20.278424215711198,275.6383358000854,1400.8917385467034,-190.30564278490826
20.206815742564075,275.8235966028699,1401.6641627154627,-176.79149073532133
20.136685314169593,276.00676377346707,1402.4907805864761,-163.03627132636444
20.06934895198114,276.1843449106005,1403.3543216686066,-149.31275476222325
20.005901332941544,276.353299783604,1404.234328252963,-135.8915477587295
19.947151910159203,276.5112371189432,1405.1089826666453,-123.0201701142924
19.89360210797821,276.65651541239777,1405.9571023059873,-110.90586517974151
20.944725146122643,273.98863423880147,1427.5853346339622,-232.1968216027227
20.855974689701284,274.20807833254327,1427.2574470745851,-220.63162953364764
20.765367969814577,274.4338531669297,1426.9367505391888,-208.51962793643375
20.67459080670851,274.66188929019995,1426.627011015375,-196.08464714391383
20.58528878155926,274.88808762621227,1426.3290852878843,-183.57894721246947
20.49892970890832,275.1086631938116,1426.0404478271962,-171.26440361784026
20.416694692674653,275.32043861420664,1425.7552654389779,-159.39210302771502
20.339414398380836,275.52103998397706,1425.4650216072757,-148.1837230373127
21.32422423599281,273.06408156290695,1444.484478027177,-249.7000723466264
21.22762790969987,273.298757652415,1443.6541483871688,-239.16291011147405
21.12789719546986,273.5427983450203,1442.790675636796,-228.0737738719595
21.026783872474827,273.7921027562573,1441.9044970317184,-216.63642338372435
20.926064448281082,274.04238783243966,1441.004656777212,-205.08735429526067
20.827385822471662,274.2895591642736,1440.09750860464,-193.6790844968581
20.73213168747992,274.5300525320371,1439.1858353635266,-182.66091314010927
20.641331629358795,274.7610883907158,1438.2685810289004,-172.25996617844905
21.545666383922775,272.52823152598666,1454.142700692688,-259.60182592983233
21.445618642903234,272.7690902236639,1453.0723692557904,-249.69614039353573
21.341693208551384,273.0210217579372,1451.9457741979645,-239.24588288966075
21.235645965059042,273.2799846949648,1450.775931593164,-228.4432072855009
21.12929761215269,273.54166593553174,1449.5754234463739,-217.51492275812237
21.02437292611269,273.8018592001937,1448.3547433244098,-206.7071818012783
20.92235487767055,274.0568287387062,1447.120944725748,-196.26698608136033
20.824378983645698,274.3035938340934,1445.8768841790902,-186.4235432947076
15.785311056446396,286.568583904192,1202.7945828355423,18.85288690157188
15.9143023576913,286.2481022137299,1217.4238168987915,33.95499633781495
16.04233824386752,285.92731095339684,1231.7161443160264,48.51836330100724
16.167783316011548,285.61017409203697,1245.4681898901788,62.33123931696622
16.2893553939572,285.29984658720247,1258.5201920718137,75.2318114554188
16.406195688955794,284.9984797082644,1270.7627298911232,87.11308113289175
16.517885206293077,284.70716182774515,1282.137558001153,97.92185762721749
16.624409169203524,284.42599595557874,1292.6331787852505,107.65295037380781
16.45052512110308,284.6816131504843,1246.5556209214387,-35.021434268352806
16.522742081829627,284.5151259559229,1256.8158772875354,-18.836381993683915
16.596842747251358,284.3419415513044,1267.0372652325602,-2.933415970150037
16.671814910236556,284.16417651811855,1277.0549738992527,12.417219790272355
16.746756930387367,283.9837585584284,1286.726675809003,26.98769127729514
16.820955936656798,283.80223646283366,1295.941515990557,40.60482078592642
16.89393506463778,283.62065875662165,1304.624765103727,53.155336337386984
16.965463176371884,283.43954199651137,1312.737898273913,64.58432702348418
17.269939582777862,282.4073205568909,1297.5333384701003,-95.16849435933838
17.28452565004531,282.39104100164,1303.584199166542,-79.01679380036981
17.302061181821408,282.36680622813066,1309.7535080335017,-62.808896153339475
17.32243375753481,282.33432255717094,1315.9362448641903,-46.84511375698287
17.34544698869433,282.2935406041624,1322.0323318602505,-31.403201752656457
17.370863205921975,282.24458375825844,1327.9545513251414,-16.718864327950513
17.39844662609783,282.18766514330014,1333.6344245597143,-2.972363446378637
17.427996346405333,282.1230185458934,1339.025212893796,9.71722936129163
18.117102590738423,280.1117685468339,1347.0467377222449,-151.08476155390002
18.08528387716264,280.21061017803925,1349.8684634885972,-136.08433263440705
18.055545774667557,280.3050579272061,1352.822367042343,-120.74112514773458
18.02862344653895,280.392769944362,1355.8594507218481,-105.34520862576142
18.00510071950359,280.47173356621573,1358.9273045106922,-90.18756466344908
17.985386431415304,280.5403710288328,1361.9746871570592,-75.53742102320382
17.969714845184022,280.5975839485961,1364.9558428538776,-61.62310605959303
17.958164625963,280.64274296028816,1367.8338206016429,-48.619031788190796
18.845943138347,278.1801067076869,1387.2190939553857,-194.763680302486
18.784601672929156,278.3481483730743,1388.033026398868,-181.40146554169425
18.723534460086952,278.5171149843661,1388.9232193019502,-167.53722842664766
18.664008394370153,278.68353932525025,1389.8763877210008,-153.42942378602297
18.607178753942026,278.8441275924804,1390.8747455303273,-139.35486524071612
18.55400512603613,278.9960060159367,1391.8974576436935,-125.58703452671878
18.505197751206364,279.13690170858723,1392.9225748566848,-112.37493405738778
18.461199193206212,279.2652359909657,1393.9290797324625,-99.9258955924096
19.376342173737555,276.798381365644,1415.1280404763236,-224.27004465878818
19.299601744372048,277.0002713839763,1414.8736270815214,-212.3850996304609
19.22146460873187,277.2075280065706,1414.6357477751442,-199.94236812656564
19.143422967800497,277.41631056779926,1414.4183167524227,-187.17001470574252
19.066928629034344,277.622755663235,1414.2222239054508,-174.32413525201537
18.99327377692091,277.823295302457,1414.0449439260358,-161.66948980143152
18.92349735034725,278.01492789411157,1413.8806992069894,-149.45879924726032
18.858330873964412,278.19539930936986,1413.7211499506857,-137.91402076143268
19.714972016102358,275.9263035307468,1432.3900626155537,-242.1905054991014
19.631135692792608,276.1426907753537,1431.6117600091384,-231.35174806511554
19.544770325986594,276.36729257851226,1430.8091152474665,-219.9479620082211
19.457430680083036,276.5962347239303,1429.9931234744367,-208.18679135904193
19.370687903581757,276.8254792340182,1429.1732412137676,-196.30827699144407
19.285994907902452,277.0511686214991,1428.3561292453537,-184.56768606609822
19.204570683452147,277.26994199267375,1427.544833375374,-173.21594108819508
19.127322208932735,277.4791703556291,1426.7385760702157,-162.48052176255732
19.912720492216614,275.4204105507241,1442.2771475908644,-252.3441790814524
19.82574531124904,275.64272350758813,1441.2468299476411,-242.14912578291285
19.735580363863523,275.87485920849844,1440.1685331857343,-231.39538364152406
19.643786298842123,276.11299693347183,1439.056047714999,-220.2786675056036
19.551975412693967,276.3530690889386,1437.9225834402214,-209.02909567051972
19.461671035103862,276.59111314084606,1436.7791304529837,-197.8954286035882
19.374180779598884,276.8236086703786,1435.6331492873742,-187.12622862689778
19.290505376347898,277.0477406331563,1434.4878643843317,-176.95105169030924
14.82960458883367,288.4588722818181,1189.6564018032868,29.496747525214687
14.949420722412338,288.15082093232473,1204.5059451842671,44.93745677635496
15.0683127521375,287.8421806611405,1219.015439912056,59.82544493716597
15.18479238697174,287.5366631334033,1232.9806510609958,73.94613752736456
15.29770461557704,287.2371975610525,1246.2417523420122,87.1361883208366
15.406290165226013,286.94574795617945,1258.6900158055075,99.28830163758089
15.510198107918843,286.66326066748064,1270.2685354363043,110.35005629210656
15.609450553484844,286.3897434845387,1280.967625694884,120.31784907775184
15.433413568389069,286.6635714582812,1233.6048668129342,-25.083164564415938
15.501412066197028,286.5018480491648,1244.0696040149396,-8.556634308465732
15.571144892725322,286.3334365897455,1254.4948681292162,7.678345068695336
15.641680690849757,286.1603073562288,1264.714586631273,23.3479626738592
15.712198240209014,285.9842378921312,1274.585918306273,38.22209745541147
15.782057861141942,285.8066332882777,1283.9982565403268,52.12660063633473
15.850843383990746,285.62841378007437,1292.8778017089874,64.948424020955
15.918369003460972,285.44998933429827,1301.1874904849412,76.6338579905107
16.175469622520087,284.50244972436184,1284.88768534922,-86.05735588334775
16.191031998936797,284.4832076286989,1291.114227640979,-69.57153703568554
16.209361082133764,284.45605315923984,1297.462234406919,-53.033363092762585
16.230336641868245,284.42068448909424,1303.8252311496476,-36.747247471572365
16.25376851477119,284.37702021163676,1310.1022379473825,-20.99389119666833
16.27943721762818,284.3251302196919,1316.2057757393845,-6.01064054533083
16.30713372893806,284.26515786456605,1322.067742179908,8.02188287580168
16.336688634064444,284.19725794874273,1327.6423187213782,20.985355714319326
16.941216860137203,282.3227885334784,1334.823314008243,-142.8142574155487
16.914644933166873,282.41267855276857,1337.7816268381475,-127.49643825978907
16.8901022135195,282.49799521999955,1340.8784027754773,-111.83400961657904
16.868235219396734,282.57650592876854,1344.0634808728123,-96.12130796327259
16.84955571066305,282.6462835879028,1347.283545478719,-80.65265746299337
16.834422141186753,282.7058036109684,1350.486842967682,-65.69943544306247
16.82304194243868,282.75398480125443,1353.6275673963642,-51.49083956313598
16.815489247042905,282.79018087646546,1356.6691680462247,-38.20096186601853
17.599292236881844,280.48888680038215,1375.457839448724,-187.2234957119682
17.545922624189366,280.6444413230365,1376.3701816280297,-173.56577618588426
17.492980435534133,280.8004315082901,1377.3666786064434,-159.39953988469898
17.441595462148946,280.9535615942198,1378.4334820851234,-144.9872861901223
17.392795531944174,281.10069901165787,1379.5522681472153,-130.60921865418527
17.347433555929708,281.2391040298515,1380.7018118976275,-116.54120437034047
17.306141643986038,281.3665981395425,1381.8600176428308,-103.03343835656494
17.26931607386006,281.4816517121944,1383.006007433759,-90.29325360174332
18.07801262329346,279.17666713326537,1403.7655832675164,-217.27274300911924
18.010644438016328,279.36442126443455,1403.581287865492,-205.1134279326345
17.94221012420629,279.55680445703916,1403.4216142115006,-192.3867394867813
17.874046346784887,279.75016573796523,1403.290451057957,-179.32446566058908
17.807450232572677,279.9408352572692,1403.1885789099792,-166.18588880916096
17.743574496577605,280.12542171462707,1403.1133626311034,-153.2381361693776
17.683345673918197,280.301065407923,1403.0589980444934,-140.7352269066867
17.627417263311216,280.46560763993426,1403.0172610765098,-128.8992777182513
18.383668381434667,278.3480477181392,1421.3119876179112,-235.54773518327042
18.30983128673374,278.5496439395007,1420.5863308991582,-224.45087915491004
18.233912170437854,278.75856403040285,1419.84407947804,-212.77767501850064
18.157306678601355,278.971123425848,1419.0965395374596,-200.7389974809838
18.081421266658495,279.18348701623177,1418.3533619146328,-188.57778673354608
18.00755430368857,279.3919912684883,1417.621335315297,-176.5516284993226
17.93679403643107,279.5934408173916,1416.9036296542463,-164.91263889304736
17.86995069944622,279.7853276461058,1416.1996457827731,-153.8885198556569
18.5622151808494,277.8671157717816,1431.3774852965573,-245.91314595409045
18.48550651341662,278.07439513465033,1430.390009645585,-235.47070837052107
18.406121633172383,278.29052301367244,1429.361939390396,-224.45737906391048
18.325463011936886,278.51186432148126,1428.3075569994014,-213.07182613766327
18.244975394105584,278.73455548338467,1427.2404421447413,-201.5468892291466
18.166021135846282,278.95483459853693,1426.1718617088286,-190.13344055182807
18.089768451595017,279.16935695310974,1425.109509139414,-179.08125644818438
18.01711146725068,279.37544135175904,1424.0568487775909,-168.62007577635325
14.016284746717963,290.09474185978365,1177.8938750559712,38.92313588143392
14.128303955658176,289.7974436041558,1192.9299321692192,54.66440167385858
14.239421968427541,289.4993232115231,1207.6231156544322,69.84060037677185
14.348271248760222,289.20388116457275,1221.768511520771,84.23470146097057
14.453800043454693,288.91385921392725,1235.206294450628,97.68204781550128
14.555328634010763,288.6310672966571,1247.8283880147446,110.07513327066675
14.652558991813699,288.356336502406,1259.579088035594,121.3622707971231
14.745539990740339,288.0895990607784,1270.4503126235904,131.54131454494302
14.569689884983077,288.3759550610548,1221.980142728149,-16.27799094838528
14.633976038263302,288.2185603306403,1232.6196675549904,0.551038561681878
14.699865123894465,288.05449413021324,1243.219031459911,17.080212420011748
14.766492829260045,287.8856029796054,1253.6111077919154,33.032606891437865
14.833103777297486,287.7135385848695,1263.6526517067023,48.17612481392746
14.899117274126091,287.5395868362229,1273.2333110608133,62.33580458631582
14.964165059414299,287.3645626666458,1282.2801306026427,75.39884736171277
15.028095983780862,287.1887896795231,1290.7573482523549,87.31265380426146
15.248368551109259,286.3092311708378,1273.4933732562265,-77.97678808784553
15.264489123298182,286.28784249389946,1279.8722978494154,-61.195995045743075
15.283211908070381,286.2585956078622,1286.375094391079,-44.366142844243626
15.304411511571987,286.22117959178956,1292.8940299204123,-27.795204389837323
15.32790355966859,286.17548475034147,1299.3273451660593,-11.766464045565414
15.353483538520155,286.12153541556614,1305.5873629141477,3.4813673319554255
15.380963601996498,286.0594169066983,1311.6063313958377,17.76738761833198
15.41019871742893,285.9892191041565,1317.3392632410328,30.973983638447834
15.947485486834616,284.226255868746,1323.7560682150524,-135.46677041205052
15.924981908639996,284.3089644553996,1326.8353978280795,-119.86988689254969
15.904445493999408,284.38697700925576,1330.058466536408,-103.92669010615668
15.886451418361872,284.45815018080725,1333.3740538925176,-87.93521143810511
15.871453617474364,284.5206262281508,1336.7280257938694,-72.19265383823966
15.859770125202079,284.57292313674606,1340.068170023541,-56.97222455978931
15.851586681667552,284.61397281200954,1343.3486408915965,-42.50382823467095
15.846973367590305,284.6431143012718,1346.5332543749469,-28.961222595443473
16.54764188143498,282.47401113741455,1364.7552083730895,-180.51077417395157
16.50058737187135,282.61939001539463,1365.7573233680905,-166.5941843310308
16.45406208038202,282.76482886015015,1366.8503731601488,-152.16330795056996
16.409084367785205,282.90717427799336,1368.0199288160043,-137.48412680583021
16.366578870798676,283.04342676606836,1369.2471243673003,-122.83974619885794
16.32731234542928,283.1709565760869,1370.510343446133,-108.50805229500111
16.291853843134604,283.28766214205365,1371.787335499368,-94.74020110578533
16.26056226894561,283.39205307826876,1373.0573373623492,-81.7435069023548
16.984021259150918,281.21995977398825,1393.3810363699238,-211.03062538185713
16.924130122136443,281.3961240782711,1393.2630471714433,-198.6315806972937
16.863418118943788,281.5763364900756,1393.176747543574,-185.65671471836498
16.80309481087909,281.75710496299024,1393.1258900344922,-172.34092130217715
16.744331520136402,281.93492064180487,1393.1110575833818,-158.94619568233367
16.688167918443416,282.10653833146444,1393.129437303692,-145.7416563091843
16.63543966148308,282.2692149569089,1393.1751457549344,-132.98237884562695
16.58673727025727,282.42086960683855,1393.2400314945767,-120.89054534132981
17.262615969292018,280.4277990694219,1411.155289052006,-229.6118884923343
17.19678105332412,280.61723227136554,1410.4813252433037,-218.28984686745008
17.129204133055907,280.8132806870227,1409.7976279167276,-206.38151453660424
17.061150415209173,281.01241944033455,1409.1156516293288,-194.1005252957563
16.993892059066848,281.21098287539854,1408.445100312464,-181.69229978433287
16.92860178571298,281.4054687996595,1407.792774417756,-169.41629789066866
16.866262035719817,281.5928182650887,1407.161878174334,-157.5256629018943
16.807604853879614,281.77062250463456,1406.5519226491256,-146.2481873856545
17.425368400553534,279.96787397410054,1421.3635255595427,-240.15912569322376
17.356888420382358,280.1627720493417,1420.4195134423744,-229.50096412468724
17.286126690685126,280.3657397104997,1419.4415084322698,-218.26120536295127
17.21435575963153,280.57329867586964,1418.4440964469818,-206.6410344689176
17.142883484680752,280.78175633360445,1417.4410569132679,-194.87559238221752
17.072941251372317,280.9875178346617,1416.4437899078116,-183.2175116193606
17.00558422835058,281.1873839024186,1415.4601075641958,-171.91754183369642
16.94162033471779,281.37878338705,1414.4936281239848,-161.20549743327166
13.314558672006969,291.52729968232194,1167.2937192453082,47.343574511210875
13.419877416671142,291.2393762777779,1182.4902262253884,63.35353523869691
13.524312598670877,290.9504321139445,1197.3412659396854,78.78740458941041
13.62659749348662,290.66378844296025,1211.6413744919503,93.4259969718899
13.725765763754247,290.3820288571514,1225.2307725094033,107.10353008805333
13.821202535200094,290.106834443554,1238.0019920742131,119.7123539269526
13.912651752363137,289.8389410712673,1249.900413783769,131.2014813354834
14.000182058413436,289.5782197609713,1260.9193895321723,141.57011319314404
13.825877092887435,289.8733302717154,1211.4815736303194,-8.408413678513654
13.886886313201629,289.7198478763828,1222.2728038870832,8.690687740227247
13.949382653071144,289.5597139479928,1233.0231053513658,25.482537173064884
14.012558287763648,289.394668974331,1243.5644539201198,41.687471620878966
14.075712701455963,289.2262576879884,1253.7532804858924,57.071672652890584
14.138313666583501,289.0556654998708,1263.4794859250328,71.45949699046903
14.200031523100217,288.88361942656974,1272.6708839022922,84.7384116991708
14.260742183377642,288.71037178318323,1281.292880179694,96.85684991441985
14.451735648131006,287.8865139895969,1263.1703989724715,-70.7470309728727
14.468149251696307,287.86353514876646,1269.6832990462435,-53.70345019774075
14.487017533482586,287.8327565367822,1276.3219937491672,-36.61372309074844
14.508211683096459,287.7938579103714,1282.977639361487,-19.788963607525858
14.531552713738082,287.7467043086524,1289.5478052612118,-3.5146839750009065
14.556848574471767,287.6912809693536,1295.944646849924,11.969204744520198
14.583928531356174,287.62762413657214,1302.1007421179825,26.48160597991648
14.612666810345647,287.55576945139035,1307.9718565489472,39.90557917301564
15.095389784208704,285.88537315530476,1313.6898403807131,-128.88197213425846
15.07611042182919,285.96220718628234,1316.8774760071478,-113.03707398602438
15.058732579015244,286.03425959765974,1320.2133273523525,-96.84432689288207
15.043772948569094,286.09946112920824,1323.6452021803286,-80.60500452841762
15.031638173103477,286.15601121365904,1327.1182199916525,-64.61882117777844
15.022613208578601,286.20246256852613,1330.5797528150188,-49.160560726975575
15.016865889858003,286.23775732281086,1333.9839209821146,-34.46070668806607
15.014462615170796,286.26122175831114,1337.2948757099434,-20.69267269163481
15.64734922594078,284.2022851806383,1354.9811014404481,-174.48313259058682
15.605397447419842,284.33923095118877,1356.0654277466338,-160.33693108096742
15.564043243576702,284.47594051168176,1357.2465743844705,-145.67130792439252
15.524212900847653,284.60938017962235,1358.5095314162695,-130.755292254714
15.486746030489801,284.7366618302917,1359.8348981666973,-115.87451368497136
15.45233851358541,284.8552473725674,1361.200672581991,-101.30859515611763
15.42150753495974,284.9630989850781,1362.5844444239642,-87.30950275141458
15.394581103150676,285.05875858475645,1363.965548412164,-74.08444259268254
16.04847874261647,282.99755337684263,1383.8649024406502,-205.41542405152006
15.994665260017449,283.1640672028558,1383.809261869122,-192.80401236144633
15.940217463943066,283.33416062784664,1383.7915413087917,-179.60927799259792
15.886239490421431,283.5044760391885,1383.8152878824703,-166.0688261260301
15.833798665178644,283.671640099481,1383.880833425283,-152.44700546576559
15.783841434893978,283.83253007736124,1383.9851463818532,-139.0146421307204
15.737128592580541,283.98450029818287,1384.1222309045584,-126.0276695168792
15.694198867621937,284.1255341801358,1384.283976807232,-113.70832754457228
16.304524296678704,282.23634895982116,1401.8250368270055,-224.26461812049627
16.245209978393163,282.41563279234464,1401.2009462507065,-212.74321283619065
16.18441863508211,282.6009554421984,1400.5732377797653,-200.62669377382673
16.123307035100833,282.7889275943349,1399.953405700489,-188.1310987093674
16.063036109435192,282.97602668055424,1399.3511143962019,-175.50399503461557
16.00467479925315,283.1588861468104,1398.773100873123,-163.00644498909503
15.949118320842407,283.33456125099246,1398.2225442333065,-150.89244048984068
15.897034335907964,283.50072588973404,1397.699018754006,-139.38979378139277
16.45409963661929,281.7942912712174,1412.149807866271,-234.97039636931464
16.392332565499167,281.9788471353155,1411.248612470633,-224.12127215178901
16.328593945893292,282.1708365138918,1410.319352560493,-212.681051181986
16.264048174927755,282.3669145090596,1409.3767891156508,-200.853108766086
16.199889612416385,282.56353312184325,1408.4347874509604,-188.87457431815608
16.13724136884179,282.7572381714619,1407.5047855012845,-176.9995816535574
16.07706535507587,282.9449523403494,1406.5946378359552,-165.47968048873162
16.020098478763515,283.12419631661743,1405.7080574858364,-154.54469011767168
25.590828970916156,264.92177410883653,1417.5616626118926,-106.32025083182707
25.78006074373822,264.5399804105714,1430.1984508482092,-93.27898524918982
25.96787380299388,264.1606994264649,1442.5503101829484,-80.62028794675558
26.15102416394649,263.7904928041729,1454.4112341482296,-68.55005922045754
26.326664394985066,263.4351296654681,1465.6095288033762,-57.23535884526818
26.49251844054773,263.0992287453101,1476.0162247493408,-46.79735734373044
26.646977424242237,262.7860611811869,1485.548259918522,-37.309599123865596
26.789114057005744,262.497519440449,1494.166832936387,-28.800893266347302
26.91572187865199,262.10305871127656,1457.8112935974395,-152.43108832153519
26.993666730364183,261.9557920355245,1466.3426168353917,-138.37705088032962
27.074382109893925,261.8027075204565,1474.8509894319545,-124.48112575108259
27.156134041862096,261.64710908512416,1483.1747863563387,-111.00014288327701
27.23714892890108,261.4924137404064,1491.1663659259148,-98.16077819924635
27.315765221947018,261.34185443381205,1498.7018994694981,-86.14581270880159
27.390560216245255,261.1982270134104,1505.6878110160128,-75.0862817689674
27.460433723343677,261.06371893061294,1512.0632714783706,-65.05993556460803
28.563300613707455,258.70070055709795,1503.4862468481488,-203.5223800789386
28.52656328413453,258.78250339790617,1508.2224044460584,-189.45726139007928
28.493247810484693,258.8583423305747,1513.0489927471515,-175.25467998996416
28.463647694114318,258.9274121707507,1517.8663657324253,-161.19548693571824
28.437709651963363,258.9895692213789,1522.5740645793016,-147.55034906045643
28.415071434508334,259.04528421193527,1527.0785267731853,-134.55982378698727
28.395139097963906,259.0955138448735,1531.2996655386305,-122.41910332441664
28.377184572890354,259.14152463592626,1535.175435374748,-111.26913197738956
30.27372225625067,255.2802887142154,1546.3419892310108,-250.42408705669823
30.144174505414068,255.53580127123345,1548.3331633072767,-237.34887318773428
30.014957605420587,255.7926226497114,1550.396834209248,-223.89260620493468
29.88819400997313,256.04657449718025,1552.4855926612431,-210.3233839617707
29.765633294769287,256.2940870386859,1554.546360051855,-196.9214877450372
29.648521834758924,256.532481266085,1556.5242546728346,-183.95761500385947
29.53755111046316,256.76010976343593,1558.3667689013391,-171.6726718408589
29.432885556046955,256.9763443877673,1560.0276021628956,-160.26223908643493
31.742907050291954,252.4262365989942,1579.8642466797396,-286.52176212167876
31.554626984305308,252.78393420084467,1580.258747451719,-274.8573668159498
31.362054300593474,253.15237924106233,1580.6606481462272,-262.68568873539573
31.16839994306058,253.52564346389624,1581.0519566851472,-250.24456740675646
30.976684194541846,253.89799413466554,1581.4102050350434,-237.79978319672222
30.789468844910488,254.2644138496774,1581.7094370268658,-225.62518007117112
30.608665778199843,254.62100057826953,1581.9217926765687,-213.981434631257
30.43545195168854,254.96518056504718,1582.0195030622017,-203.09695900070756
32.80717322153881,250.40394614593808,1602.4370429920364,-310.5858468651023
32.58856990111092,250.81028256209436,1602.0322145484013,-300.17941312792635
32.361731960433026,251.2348196296775,1601.5795556620728,-289.2292230248156
32.13029409154831,251.67111188444179,1601.0735363976114,-277.94604674274007
31.897913035646905,252.112495834674,1600.506449314338,-266.576779159052
31.667927668873954,252.5527158747714,1599.86801016363,-255.38741456439303
31.443072079430998,252.9864835209991,1599.1453585298764,-244.6428534683575
31.22529363748193,253.40986548742862,1598.3235835579812,-234.58682882829038
33.483518393619164,249.13739744399828,1616.0913100892244,-325.06194175274635
33.25107057350951,249.56398436190221,1615.3123785452262,-315.5367826725002
33.00781440575273,250.01339791385448,1614.45192009425,-305.4697297346654
32.757480032290495,250.47918927361053,1613.5089702954385,-295.0540250578748
32.50397279845801,250.95441541567308,1612.4820035074583,-284.5226848467567
32.2510056954044,251.4322958150995,1611.3679965138908,-274.1337239596931
32.00176213125002,251.90684731303188,1610.1616695476691,-264.1512792584542
31.75865291788061,252.3733749272527,1608.8551724272947,-254.82563800551037
33.87721183474687,248.40646679508262,1623.8047486716664,-333.216153389478
33.638674671493206,248.84110826904637,1622.8513669548886,-324.22919367579266
33.387855371681844,249.3011399869763,1621.7982729502892,-314.71052263229194
33.12847655638921,249.78022202320724,1620.6461371079968,-304.8434876948097
32.86452732659802,250.27136275049529,1619.395976905527,-294.85280925513337
32.59988661081342,250.76758051383737,1618.0480227844453,-284.9912018816222
32.33796210258492,251.2625709772097,1616.6006181228336,-275.5214593731436
32.08141378474995,251.75125141011213,1615.0494773993805,-266.6967913431085
22.678279996394345,270.13407313845335,1391.2705072551375,-82.50798954574569
22.849772177042293,269.7669388066698,1404.7096885376218,-68.77061349561366
23.020295671613432,269.4010320509401,1417.8547684043483,-55.450748560471396
23.18711566867191,269.04220830535314,1430.4935321739415,-42.76102620222453
23.347877368241864,268.6955340311892,1442.450655259011,-30.872401627634147
23.500748222315707,268.3649729542875,1453.596117807011,-19.907283206416196
23.644489827607195,268.0532236574347,1463.8481508151183,-9.938153918936536
23.778456312038173,267.7617174472938,1473.1710782155878,-0.9909975625661218
23.797280912618515,267.56043570974833,1433.5358380367566,-130.87584131231478
23.874261665562198,267.40718776461927,1442.6858517900764,-116.07236426806986
23.954064574635,267.2473167549988,1451.8172212749103,-101.45159070040816
24.03519197995307,267.0837822244622,1460.7626311758515,-87.27960564111089
24.116146883720276,266.91959047867823,1469.3705618251843,-73.78947514214207
24.195563921152427,266.7575226297463,1477.5153705146934,-61.16730817314382
24.27231240065214,266.5999151411783,1485.103631197691,-49.544711569360686
24.345557290162965,266.4485247049627,1492.07630966663,-38.99769739772344
25.18887522357475,264.44987721120634,1481.9292433306687,-184.64051761001895
25.168269109273734,264.50644677177445,1487.0561758483082,-169.79788459528743
25.151318107429194,264.55587394715485,1492.2896574435706,-154.82780778891367
25.138212843062796,264.59742810907943,1497.526441957703,-140.0225267738611
25.12886683827676,264.63095250297346,1502.663222224211,-125.66150542280448
25.122958224226064,264.6568080732748,1507.6046753689002,-111.99101719181854
25.119998894060704,264.675753702193,1512.2701791957054,-99.20883547205554
25.11941377975227,264.68879561968083,1516.5982901936172,-87.45567983266656
26.636285291819238,261.31353114193274,1527.8537163537562,-234.22131313105035
26.536121107005314,261.5307728564878,1530.011759737668,-220.37604916672836
26.437259790204898,261.7471217992271,1532.2629163205215,-206.14405131061682
26.3414455415162,261.9587609458948,1534.559627121264,-191.8057214940835
26.250098707014605,262.1624417866367,1536.8485052934943,-177.65175778516286
26.164219705526254,262.3557209040818,1539.0744274049905,-163.96052386235675
26.084356511501724,262.53707257825863,1541.1848972469563,-150.97741307664015
26.01063345736086,262.70587192895385,1543.133958819844,-138.89942882823505
27.883662530838908,258.68605671274423,1564.1961005207359,-272.5677251019821
27.7324908468872,258.9993040417402,1564.587878002937,-260.1684540301346
27.57887233386649,259.32006855957326,1565.0047066050583,-247.2433731492217
27.42550702524059,259.64287296662025,1565.4316205473865,-234.04218327735893
27.274904683977987,259.96246618011725,1565.8487005238853,-220.84145904089794
27.12917148327052,260.27427958126293,1566.232021385526,-207.92368149399016
26.98986263102377,260.574771086455,1566.5552757458827,-195.55528494448473
26.857921827350545,260.8616031745746,1566.7918446940835,-183.96732677878222
28.790429151163437,256.8171540407611,1588.9056237584832,-298.23645099065345
28.61245693816214,257.1770828297169,1588.3945726427319,-287.13775410086
28.42875818303265,257.55130717010286,1587.847742543074,-275.4686451804765
28.242429262883864,257.9338127802375,1587.2645366113225,-263.45066746224495
28.056545693451742,258.3184498677557,1586.6417934604376,-251.34104122333358
27.873884086105484,258.6994937014144,1585.973123518001,-239.41448352486987
27.69669340357719,259.07213602333144,1585.2487617414379,-227.94212554973424
27.52655501887791,259.43281913465887,1584.4560608480017,-217.17099274197963
29.368294946483722,255.6432522801293,1603.9539613855536,-313.7223811502588
29.177836446761294,256.0231504493057,1603.0133601000675,-303.5397537619839
28.97947553607322,256.4216139054077,1601.9985893621274,-292.78426729535977
28.77641556065029,256.8325831543733,1600.9145015987401,-281.65892759855024
28.571964937781704,257.24961520011857,1599.7651800157248,-270.4064249811317
28.369232328005708,257.66647845362644,1598.5526112667392,-259.29321591713665
28.17085350254219,258.0777170171046,1597.2756473086692,-248.58966730913843
27.978800448643348,258.4790777596636,1595.9295580285957,-238.54961566786272
29.70528538979427,254.96450504341246,1612.4905699797525,-322.4608138256823
29.509221141073642,255.35260437648904,1611.3473397578134,-312.83944151202536
29.30399567593027,255.76165927701993,1610.1087388181625,-302.653283700108
29.092820966959874,256.1856868787726,1608.7816226700247,-292.09476312516324
28.87909040315265,256.618177207709,1607.3731230026983,-281.3977703626906
28.666064097285084,257.05269642805854,1605.889060961002,-270.82316777490786
28.45657423632309,257.4834833578208,1604.332494870719,-260.63989741917106
28.252805249053687,257.90592693665366,1602.7027775042704,-251.10469588338748
20.466550278923446,274.2563389765675,1367.5784315761503,-62.065356396841096
20.62288658763989,273.90406741329576,1381.6437116027946,-47.72506194117446
20.778479355166333,273.55215690541274,1395.4078581421768,-33.83111592246841
20.930969456078007,273.2059028777571,1408.6544194026037,-20.60179923056819
21.07835920063032,272.86982521267305,1421.2058813614644,-8.211314121764133
21.21913219821947,272.54738555523636,1432.9320795234007,3.216967854453827
21.35230875937827,272.2408504673872,1443.752913455687,13.611560458264904
21.477434785601705,271.95130832026194,1453.6357611369467,22.948978317212436
21.430812399865626,271.880243170512,1411.1774550044902,-112.19303612235613
21.505259112193038,271.7251242949284,1420.8337884932753,-96.7529927452049
21.58242417333635,271.56295506000384,1430.4742240113333,-81.51586090343693
21.66098649665149,271.39641710415214,1439.9272032089793,-66.75528486843993
21.73965220209052,271.2281912796446,1449.0385440575942,-52.7094457328665
21.81726950650971,271.0607069057775,1457.6816634042443,-39.56703518663994
21.89291498860568,270.89594734525224,1465.763823048262,-27.45990965173442
21.965939284758353,270.735341186506,1473.2279939711525,-16.462424993273032
22.628412749970632,269.00814501568743,1461.4094883156672,-168.0413604307625
22.618386074422077,269.0467133123093,1466.8873187850652,-152.54915583237224
22.61199315398041,269.07750540441344,1472.4840275596862,-136.93799358913105
22.60934846254776,269.0998497971886,1478.0932147832816,-121.50923044170611
22.61034214849564,269.1135766043741,1483.6092200713988,-106.54923223636808
22.61468300794081,269.11895667194784,1488.9354246563466,-92.30863742125581
22.62196076641669,269.11659016795664,1493.9910733815307,-78.98693382380281
22.63171201357598,269.1072760924444,1498.7156165413007,-66.7243060281159
23.8741457552074,266.10816874932294,1509.4700168129261,-219.72301604293128
23.795064345025843,266.2958447837945,1511.8178161157962,-205.24121832683366
23.717768249605598,266.48124419924113,1514.2761135450673,-190.36878170552438
23.643709458837062,266.660860313169,1516.7964607990848,-175.39588001070146
23.574059509481007,266.83171102565296,1519.3246126478316,-160.62130792930148
23.509637154981817,266.99154124926946,1521.8048564573662,-146.32918883749366
23.450888153923508,267.1389158937712,1524.1845469142638,-132.7680489929969
23.397913137961417,267.2732022496831,1526.4180711663712,-120.13550065346976
24.949222809679195,263.6728673266527,1547.8328079286985,-259.85220162552287
24.825559044910598,263.95049617991435,1548.2855011839742,-246.84866995753933
24.700568887777393,264.2334394344042,1548.7800512370395,-233.30525091292117
24.576544031777466,264.51663161468974,1549.3029611084216,-219.48106641800135
24.455597002684485,264.7952411854088,1549.8354383846563,-205.66106319763787
24.3394880627298,265.0650755194602,1550.354411410585,-192.1341974152389
24.22950884333579,265.32288226843326,1550.8342577808223,-179.17095334494857
24.126437655405812,265.5665029713244,1551.2489681498864,-167.00387737855422
25.732256283689072,261.93620197199425,1574.1094408277913,-286.8078747977162
25.584925949220285,262.258160477484,1573.5768018821962,-275.14136987754944
25.433496485963175,262.5916361830133,1573.0219761145886,-262.88383015161423
25.280621055905687,262.9310330023917,1572.4474026462874,-250.26537281581665
25.128911655411084,263.2706686505352,1571.8525824990438,-237.55122907415245
24.980708549676255,263.6052795426239,1571.2333150503807,-225.02265311581783
24.837894174220207,263.93045786944947,1570.5815333753214,-212.95517288789424
24.7017823273164,264.2429450624198,1569.8858394066867,-201.5977795982644
26.23212725292953,260.8431050404682,1590.1969153986902,-303.1111459259022
26.073637177442258,261.1843465477796,1589.1887945258832,-292.3900098777574
25.909188012913138,261.5410513895585,1588.1170188402093,-281.071854156547
25.74153978319099,261.9075569164492,1586.990278893284,-269.36746208180705
25.573516427240275,262.27789065876993,1585.816204764376,-257.5270265807108
25.40775029117085,262.6463106439906,1584.5998333386615,-245.8232971599661
25.246457544976796,263.00781035468833,1583.3424581351146,-234.53112394344325
25.09128345977584,263.3584985944128,1582.0411576963413,-223.9063817536414
26.523981853288845,260.2102013860979,1599.3532510976547,-312.3252832483338
26.360421315336115,260.5595127511178,1598.1185047586328,-302.18475668269434
26.189818113588746,260.92651172383665,1596.7968154300092,-291.45352097631087
26.01494842514341,261.30559227654913,1595.3992462300787,-280.3312301323256
25.838716809078644,261.6907077369193,1593.9369241711543,-269.0588792478114
25.663891087221135,262.07592088735396,1592.4191932799026,-257.90341816671696
25.49285821929898,262.4559408557902,1590.8519915399092,-247.13811222232422
25.32744552267915,262.8265477262064,1589.2368417580979,-237.02182198409798
18.73017422221933,277.6030776041713,1346.426450483094,-44.39501712442467
18.873736713548276,277.2647165358883,1360.9906677959875,-29.52970760519949
19.01666794192404,276.92610269869306,1375.2478868924388,-15.134998748502085
19.15689323334369,276.5920828348414,1388.9786600654334,-1.4339126538395988
19.292681386949155,276.2667448802576,1402.0041373478816,11.3966544471281
19.422747985500465,275.9531590482266,1414.194471544096,23.232608993609176
19.546299138188324,275.6532599308946,1425.4713269848546,34.003434189404175
19.663014576787205,275.3678763393608,1435.8049328004595,43.6879039520083
19.575831000580887,275.3866377279932,1390.936593778627,-95.9416025122251
19.647188360893747,275.2318555566832,1401.0108660078242,-79.95441593822184
19.72110450195655,275.06979750429315,1411.0707691606672,-64.18702985081163
19.796394165519704,274.90291785791976,1420.9414840021138,-48.91936116489768
19.871916900070158,274.7336359057634,1430.4669336605411,-34.39376822280312
19.94667938823217,274.5641026272338,1439.5200989678117,-20.80095810988348
20.01990928796435,274.39602572304176,1448.0091629835429,-8.272821737059502
20.09109037064205,274.2305801073427,1455.8791020342092,3.1178656383246164
20.62416233100221,272.70876551106994,1442.4477752294888,-153.46495694657096
20.621202032824748,272.73434503506445,1448.234321164418,-137.4211575874753
20.6217487046864,272.7518100482155,1454.1491087845804,-121.26555315994213
20.625861148862406,272.7605322464015,1460.0830020257831,-105.30696791923589
20.633413775642357,272.7603265766022,1465.92838560186,-89.83733746501255
20.64413949011662,272.75138825316674,1471.5876814001513,-75.11068095191655
20.657686278685993,272.7341887910492,1476.9802225638662,-61.32768321934205
20.673673216633947,272.70936143943686,1482.0464736526787,-48.627815016784666
21.713718561449564,270.003395020142,1492.030711659498,-206.83863476812053
21.64998447939021,270.1682156290153,1494.5688722991117,-191.82109139648014
21.58826450166534,270.3298622504697,1497.2318306677325,-176.40993753468618
21.529786283524555,270.48508317428923,1499.9699099523687,-160.90329027679724
21.475533105708205,270.6311101219654,1502.7277816530068,-145.60641133276073
21.426188294082692,270.7658350966127,1505.4490235413014,-130.8078777664361
21.38212322553628,270.88788926756905,1508.080797188403,-116.75850626537189
21.343423533774736,270.9966266415873,1510.5778545579794,-103.65603024208426
22.654327917628326,267.7282044976535,1531.8685995507476,-248.41245945391813
22.551218201000378,267.97753146974594,1532.4129393675344,-234.90302418226452
22.44748417331949,268.23062854398034,1533.0140701446999,-220.84243465026157
22.34509693964835,268.48278190334713,1533.6590226782535,-206.49745055530434
22.245862402047855,268.72950860096813,1534.3293104407633,-192.15967853131005
22.151277986138624,268.96692090956446,1535.0020650067854,-178.12307809261574
22.06243851125509,269.19199513248594,1535.6518922621965,-164.66107801261938
21.980002219090306,269.4027076219568,1536.253126052878,-152.0070471052025
23.34010003161074,266.1028734498897,1559.311936382524,-276.4187742924905
23.215959432437728,266.39421211119185,1558.805400440394,-264.27830455374664
23.088809717454446,266.69504896867,1558.2898460285498,-251.53015204755476
22.960949758405356,267.00015689387595,1557.7694994771073,-238.41137679457748
22.834628245326066,267.3042522441005,1557.2453373757144,-225.19356729173833
22.71184927358189,267.602454102017,1556.7143173097297,-212.16301460727362
22.594217733240818,267.89067849731816,1556.169262031745,-199.59844616946876
22.48284914041853,268.1659013266501,1555.599466249796,-187.75000051937016
23.77833335855503,265.0783262840232,1576.1835868579344,-293.39351626882825
23.64420199221569,265.38813786053447,1575.164043167674,-282.2236954478058
23.505448882299792,265.7111170468317,1574.0920005550736,-270.4372652853645
23.36447515375513,266.0419599985109,1572.97862487692,-258.251298896016
23.223720898128118,266.37510308984764,1571.8337351366476,-245.92190164356288
23.085448271178677,266.70521639209727,1570.6641824649091,-233.7267539019694
22.95155239829377,267.0276631212674,1569.4726768948449,-221.94382500314475
22.82343413370247,267.3388401004729,1568.257351775368,-210.8302807289448
24.03439697603554,264.4844974462332,1585.8115488657609,-303.0001768352049
23.895692737533533,264.8021317775045,1584.5453873929632,-292.4275868620748
23.751422694681942,265.13501171082044,1583.2019950359554,-281.2432234213652
23.60400730378103,265.4778777167848,1581.79524473917,-269.6525750405038
23.455961353450707,265.82509026600235,1580.338829934233,-257.9022475668861
23.309667590924768,266.1711346893038,1578.8442812466965,-246.26385070990477
23.16717085595539,266.5111095185567,1577.3192791766746,-235.01377122596375
23.030029381616824,266.8411097614043,1575.7666485266077,-224.41213576202063
17.329350228002085,280.38043858431854,1327.556012133104,-28.988879428887373
17.462134627351592,280.05469423870323,1342.526081730972,-13.663245638763101
17.59434216816956,279.72824149220827,1357.1840373469258,1.171059237597916
17.724119218647644,279.40556224676493,1371.3082200195208,15.286967308780476
17.849939135297355,279.0903966974065,1384.7189668664746,28.5053425448165
17.970692646071726,278.78550383656574,1397.2869793426198,40.70156746565698
18.085723064436948,278.49255798700705,1408.9356505942287,51.80607130009736
18.19480583265934,278.21218758321817,1419.6378157255217,61.79969375454735
18.08208962720332,278.2944287817234,1372.7072507858247,-81.71087375301204
18.150266975529274,278.141140656644,1383.1307724074677,-65.24822212080187
18.220830672923743,277.98046113166276,1393.5405816006296,-49.01973038121926
18.292702688814842,277.8146559427517,1403.7592708792936,-33.31063023056171
18.364861778736557,277.64593039675316,1413.6293830940901,-18.366720419877765
18.436435475116213,277.4762113403024,1423.023751389415,-4.380310535144446
18.506764579347845,277.3069872784466,1431.851559899807,8.516818489956819
18.57543073800878,277.1392334631118,1440.0596946368555,20.253391440610415
19.013315995276905,275.7759254332997,1425.1335402732511,-140.6164936322068
19.015175209543607,275.7919648632952,1431.1902123552875,-124.09758946341077
19.020376116205657,275.799715574856,1437.3822745118437,-107.47297137605173
19.028936549452723,275.79857969621037,1443.5982163782255,-91.0577037883466
19.040720525632008,275.7883555119921,1449.7287844303066,-75.14831060619034
19.055480374019115,275.7691738472249,1455.6756725704413,-60.00151151822263
19.07290857290935,275.7414006742168,1461.35842712142,-45.81882247592813
19.09268621807676,275.70553524110676,1466.71854970705,-32.73891590814557
19.979944514565233,273.2312818760796,1475.8296986002315,-195.38616150607498
19.92761633277091,273.37823277752426,1478.5488690083034,-179.91039753715097
19.877396780479394,273.52140898638663,1481.4045675126727,-164.03861862243355
19.830339539031577,273.6577662113529,1484.3457657002152,-148.07553857722758
19.78728337433854,273.78470716415274,1487.3159910272968,-132.3317116971876
19.748808702741837,273.9002388707235,1490.258092765182,-117.09927462646522
19.715231096408733,274.0030416252147,1493.1190465732911,-102.63071320855119
19.686625990804277,274.0924539437173,1495.8539762064936,-89.12365269991216
20.81422678192851,271.0893331086858,1516.7694861483026,-238.15590067546896
20.726731581094157,271.3160447936945,1517.4178649937498,-224.21575347302945
20.63906601013549,271.54541026209426,1518.1359935184914,-209.71511012580117
20.55294853173529,271.7730097605905,1518.9108802164178,-194.9270524663208
20.469946170752973,271.99464667440947,1519.7238836055324,-180.14861496670045
20.391353729789525,272.2066796042054,1520.5519868559086,-165.67773336911475
20.318115985685452,272.40626609786904,1521.369785441127,-151.79002917719615
20.250801378782825,272.5914852864738,1522.1518190311606,-138.7193245973721
21.422739755989134,269.55729087576594,1545.0993259423599,-267.0362424350266
21.31639131665241,269.8238912438252,1544.6442322200514,-254.49339175333088
21.207788669766842,270.09848393998374,1544.1921845193874,-241.3289972238096
21.098948177088275,270.3761567842862,1543.7484008299657,-227.78585236741392
20.991832596392772,270.6519592806639,1543.3146024982716,-214.14071011636292
20.8881844695811,270.9213246897221,1542.8882906605936,-200.6838502851145
20.78939515993398,271.1804304047942,1542.4627105390034,-187.69638097708398
20.696430037661237,271.4264367270671,1542.0275390136344,-175.42916698328105
21.811838152482398,268.59047328448594,1562.573875246986,-284.57208408277137
21.696490531678336,268.8747415614788,1561.575001825592,-273.0220271397245
21.57747097892205,269.17043902977457,1560.5343727528139,-260.83901387082926
21.45689206536967,269.4725727750367,1559.4647257781935,-248.24529816036784
21.336889769573766,269.7759247049781,1558.3771992688028,-235.5017936246853
21.219436288855967,270.07550706855034,1557.2796896179223,-222.89000940987682
21.106178514862187,270.36698400072913,1556.1757077319958,-210.69030076296298
20.99833067024855,270.646982489626,1555.0640019006382,-199.16057491948817
22.039306047859252,268.0296549810578,1572.567136214363,-294.50784294526034
21.919819750148918,268.3214637630584,1571.3050075136507,-283.5695229895612
21.795828501948826,268.6266547667312,1569.9753797437825,-272.0018278592381
21.669465367903893,268.9402714819813,1568.5939911915784,-260.01504219939
21.542934992555,269.2570210827481,1567.1761678458915,-247.8603024732935
21.418317573691777,269.5717415266948,1565.7347801907245,-235.81288017122827
21.297392309211368,269.8798505566807,1564.2785521706826,-224.15148017997487
21.181511221135153,270.17769639994543,1562.8110941613436,-213.1369639735206
16.17371973394275,282.7277863181092,1310.6721047689982,-15.439013232380915
16.297348465941646,282.41334700456287,1325.9784803139823,0.29318297821205874
16.420424478969064,282.09784709397525,1340.9681534900606,15.516055058480873
16.541270219339232,281.7854666789093,1355.4177934360941,29.999064012094408
16.658520004608288,281.47966118257045,1369.147246667643,43.561189669306884
16.771200249719435,281.18293750254406,1382.0278689691972,56.07744309490147
16.878758229644138,280.89676188113725,1393.9846898947671,67.47917277853361
16.981039425974668,280.6216050343031,1404.9929050138662,77.74911856564847
16.852140214434197,280.74971993804604,1356.2862241875682,-69.1560245965943
16.917250754306547,280.5985051455276,1367.0053582686883,-52.27608740581391
16.984580254631936,280.4398447045066,1377.710823700434,-35.642732269134115
17.053137506813606,280.27584528966116,1388.2231277700944,-19.54571183248723
17.121996037861535,280.10853470588324,1398.3837629942034,-4.233744646661961
17.190377932310785,279.9396560570124,1408.0655872913835,10.099577461529805
17.257710900548258,279.7705203197069,1417.178791046214,23.32268313404566
17.32365026752832,279.6019427512658,1425.6720370787375,35.36571285355791
17.689696088384213,278.3634303452011,1409.3840401389496,-129.2271450253249
17.694906040817585,278.3723289384389,1415.6773901986774,-112.29400256906416
17.703284003019498,278.37285781827416,1422.1116399959974,-95.26040692893062
17.714817308792703,278.36444001812515,1428.5732123201606,-78.44671544795693
17.729363228227598,278.34685649629154,1434.9514574476918,-62.15333711885839
17.746690091066625,278.3201825940815,1441.1475133793842,-46.63916032056849
17.766525058544328,278.28469655977347,1447.0812024754225,-32.106290320467025
17.788596757209895,278.2407878981933,1452.6950359014538,-18.692573073756705
18.557851501829884,275.95266190500854,1460.9143752435648,-185.17249008392236
18.514184878516474,276.0854317411708,1463.8014505767692,-169.2994017021473
18.472648949319186,276.2140129799533,1466.8347343509445,-153.0282828825778
18.434160409283493,276.3355305934906,1469.9618344758555,-136.66942783452865
18.399445085744432,276.44752497140075,1473.1251524920908,-120.53781259853253
18.369003516090313,276.54809407929827,1476.2668366307457,-104.92847876418486
18.34310830038978,276.6359550759445,1479.3336949559573,-90.09517763188805
18.321827372033965,276.71043080316457,1482.281222278418,-76.23527035285858
19.306732982213767,273.92224069853427,1502.6963514843815,-228.95123283521275
19.231325890766975,274.13067929722416,1503.4514194761125,-214.63903865733468
19.156049945653525,274.34094105419166,1504.2874147834227,-199.75841180339313
19.08242219489533,274.5488513819609,1505.191008534819,-184.58776537518165
19.01182077960355,274.7504493912689,1506.1431516734442,-169.42865205020135
18.945381450585554,274.9422940498434,1507.1204931563655,-154.58224518008456
18.88393211188596,275.12168811239695,1508.0974933759658,-140.32586543160676
18.827971920923382,275.28679101528434,1509.0488264468572,-126.89348914991757
19.853011642055808,272.46864383372196,1531.7142867706962,-258.57146220989455
19.76054853300608,272.71508377884356,1531.3230449472194,-245.68189467455858
19.666370374499422,272.9683640247475,1530.945660838775,-232.15898094274922
19.57226647411366,273.223838643311,1530.5878409793609,-218.25033682427613
19.479971862376058,273.47683484079886,1530.2516025992138,-204.23700009960874
19.3910224331569,273.72304454430224,1529.9346231164975,-190.41248715421
19.30664219605851,273.958857528221,1529.6302975388958,-177.05975425553103
19.22767981905526,274.18158178344873,1529.328506604103,-164.43002630670412
20.202437431164395,271.5505368883994,1549.6617771638298,-276.58386101940846
20.101806680724593,271.81389594089677,1548.7012517528408,-264.70669731630676
19.998198776931073,272.08733703444875,1547.708913098434,-252.18263912604462
19.89349302844362,272.36613289505976,1546.6984766524786,-239.23825841041287
19.789582212282223,272.6453553960481,1545.6818441976366,-226.13852908874432
19.68820834464893,272.9203009173497,1544.667477749581,-213.16797036415508
19.590822991377472,273.1868799403538,1543.6593138199307,-200.6087949710109
19.498494821241266,273.4419052148698,1542.6564536919768,-188.71932033652564
20.4067813677521,271.0176310949723,1559.9435343482128,-286.7998781486118
20.30238210991686,271.28825027896664,1558.7058018127013,-275.54725912927574
20.194261966941426,271.5707985086384,1557.4097937546949,-263.6502448576165
20.08432095688234,271.86057960858415,1556.0724810174565,-251.32313410803783
19.97451487441639,272.1525934651625,1554.710213200884,-238.82079933782666
19.86668329070567,272.4419716976528,1553.3366620921925,-226.4214601470439
19.762395843328484,272.7243945870702,1551.9611606797007,-214.40558880977864
19.66284332152368,272.9964157431005,1550.5877911891353,-203.03444630655042
15.202599175105687,284.74228528285926,1295.4992604860618,-3.4232206977635258
15.318382663392779,284.43794006259304,1311.0888659159637,12.670627499437074
15.433621717831752,284.1322522530838,1326.3575943732958,28.23932878242016
15.546781992222167,283.8291486238842,1341.0808161917198,43.04933292669017
15.656627289345474,283.5318475700765,1355.0780960891711,56.91802296688982
15.762291544992577,283.2426483190603,1368.2214815653392,69.72015322582598
15.863302631366562,282.9628477689933,1380.4375255258055,81.38795977167723
15.959558379738025,282.6927901556878,1391.7035581642726,91.90593975675466
15.820456081901051,282.8547146334479,1341.4550732538926,-57.99741644970564
15.8826944888586,282.70583206703907,1352.4274689976496,-40.74799807108397
15.946996493483105,282.54948396510497,1363.3858249101595,-23.756050416861655
16.012442558163066,282.3876412211107,1374.1489266651542,-7.315239487488071
16.078183244828057,282.2221820564034,1384.5574546106332,8.323223429984466
16.14351626611628,282.0546965633936,1394.48439067175,22.96470228282496
16.207937604579318,281.8863495284865,1403.8408981948269,36.477897655027704
16.271159263584618,281.7178258092836,1412.5772759482434,48.794282620823026
16.5817312792264,280.57940729070606,1395.0569000320174,-119.06881608046277
16.58930811579392,280.5828637308665,1401.5585190095237,-101.77071084379256
16.59988418121981,280.5779232734282,1408.205329751089,-84.37675862696406
16.613423808258645,280.5640229319517,1414.8819403732086,-67.21189075955164
16.629780067441967,280.54092619859324,1421.476511099828,-50.57980109570505
16.648734683268547,280.50866018684684,1427.8897355104905,-34.74120632905871
16.670042405189882,280.4674292540608,1434.0417450210239,-19.898613287771582
16.69346897767663,280.41753181004043,1439.8760105310178,-6.189040249944924
17.36966255827743,278.281289608621,1447.2264371613812,-176.02156936196826
17.33270872806397,278.4026312501687,1450.2674906595466,-159.79992774086338
17.297868338166253,278.5194914491734,1453.462816221861,-143.178539240764
17.265948345280204,278.62913481232215,1456.758699418297,-126.47248302308117
17.23758473194559,278.72921375160087,1460.096469870339,-110.00049379986422
17.213214793899127,278.81789906483067,1463.417620215469,-94.06003125840505
17.193077247256976,278.8939360148345,1466.6688123760514,-78.90582609858794
17.17723417882409,278.9566324127939,1469.8059032870776,-64.73488468866205
18.048868428924877,276.3450178455318,1489.6660524352124,-220.66566689308937
17.982994835709647,276.53850184413693,1490.525469401335,-206.02813134185902
17.917457010742805,276.73317475711946,1491.4754704841912,-190.81530078073558
17.853609179529435,276.9250672979074,1492.5022142199705,-175.31015604703572
17.79267772536638,277.1104141198586,1493.586111432388,-159.81807870164965
17.735671279128233,277.2859388866587,1494.7033837082517,-144.64293297779858
17.68332479658382,277.449062355063,1495.8282940611139,-130.06337834647852
17.636082695034535,277.59800772827367,1496.9356103705045,-116.31338312561198
18.544278571074965,274.9578502422763,1519.22906103686,-250.92193649400835
18.46284123957561,275.1876766098703,1518.9067271026688,-237.72982010744514
18.380084553335877,275.42344115868434,1518.607866029009,-223.89413769042596
18.297613110672515,275.66072337269736,1518.3383528651473,-209.66662634470117
18.216977980248494,275.8950830363011,1518.100224617035,-195.33194388360874
18.139549090968732,276.12242674515767,1517.8911150328622,-181.18628821390425
18.066416774571774,276.3393188710891,1517.7044085302357,-167.51407339806522
17.998337070295026,276.5431872350367,1517.5300849547498,-154.56668391289648
18.861225735165892,274.08109076861217,1537.5548471446134,-269.34503575454914
18.772318404042192,274.32715901581963,1536.6418217296543,-257.18283952395586
18.68095567763564,274.5822427995339,1535.7060279120315,-244.36166868118684
18.58882644133652,274.84184109563876,1534.7617662457774,-231.11179930822306
18.4976262253532,275.10127038104025,1533.8213426778648,-217.70155631791317
18.40891175416669,275.3560637870952,1532.893483878007,-204.41801032311713
18.32397810143105,275.6023355877136,1531.9823199130833,-191.54481089624744
18.24377807493926,275.83705042503664,1531.0871453200793,-179.34047218869426
19.04661914311351,273.57191292116715,1548.0688125494976,-279.80310902005795
18.954257074058372,273.8249780747782,1546.866754855518,-268.2768722037989
18.858768604386086,274.0888156653711,1545.6149483609338,-256.0932153010407
18.761863024198068,274.35895229143483,1544.3311701872283,-243.46985132674268
18.665294037267294,274.6306352630964,1543.0323931929543,-230.66479073171288
18.5707070480971,274.89924199247696,1541.7327441299396,-217.9586774433517
18.47950357185366,275.1606705061445,1540.441890989433,-205.6333629788011
18.392745840658673,275.4116429894146,1539.1641928784825,-193.95029234831497
14.373830553062616,286.49362211600095,1281.7973597513933,7.312855124386488
14.482830625826885,286.1982950024048,1297.628871336714,23.730580138286513
14.591286359757799,285.9013927717763,1313.1356750698087,39.60909357416696
14.697782017306917,285.6066267040335,1328.0921114146786,54.7122101876825
14.80118754300101,285.31701513002133,1342.3175985355729,68.85594507224442
14.900723776251064,285.0346835947634,1355.6848773251127,81.91488310374228
14.995982343387166,284.7607889698438,1368.121907711447,93.82211269577391
15.086900879195968,284.4955725326327,1379.6079465473576,104.56375543811271
14.941513239053688,284.68284201398365,1328.0102437732583,-48.010464527585526
15.001098500654017,284.53637206553697,1339.2020197413192,-30.431298330742464
15.062606068567076,284.38243594931845,1350.379107182243,-13.119258804597905
15.125176600202614,284.2228872917636,1361.3588459669718,3.628563436232213
15.18802444160071,284.059476601978,1371.9812754246573,19.558803431205433
15.250508981312114,283.8936647315174,1382.1195586966107,34.475963853360014
15.312180909143555,283.7264942620374,1391.6857819283875,48.24905565932616
15.372796679688609,283.5585421268905,1400.631743448318,60.81080387097697
15.639662837924133,282.5017590196752,1381.9979388021547,-109.95303427345638
15.648931813121512,282.50099908738093,1388.6838365183617,-92.33046609164128
15.661041644383088,282.49184633489506,1395.5183047258001,-74.6161329147306
15.675939124622188,282.47374672450417,1402.3843497726634,-57.138959265433186
15.693474885079187,282.44644657090225,1409.1691015811057,-40.205478371390456
15.713442061245297,282.4099306564769,1415.7728972782475,-24.077948975720716
15.735617748335367,282.3643403424785,1422.1161877877857,-8.959153664756741
15.759797189443235,282.30989744451625,1428.143344820539,5.014700708366945
16.361220105333597,280.29942069072047,1434.6672118895954,-167.78163346229866
16.329566157501723,280.41141538897153,1437.848811617273,-151.25120634585255
16.299986974829206,280.51871754365925,1441.191465777733,-134.3195314386883
16.273200475382758,280.6187073931158,1444.6402073081376,-117.30586253895677
16.24976997229919,280.709129570374,1448.1353637930356,-100.53216240311048
16.230081818900135,280.788213872912,1451.617818361602,-84.29797900311132
16.21434744168035,280.8547273947483,1455.034111991416,-68.85877335374244
16.202624181485717,280.9079638559914,1458.3404482762667,-54.41116047361106
16.982739122812447,278.44336701822465,1477.630494767509,-213.17836491180157
16.924515142755325,278.6244544563601,1478.5895045330676,-198.2533574584063
16.866768023685616,278.80623539906736,1479.6474818159384,-182.74704081943128
16.810718509651295,278.9849137535043,1480.7899808300708,-166.94636232227907
16.75746916630215,279.1568879239957,1481.9968094220958,-151.1599974040333
16.70792529238227,279.31901856347247,1483.2437216719052,-135.69406953734136
16.662746614804732,279.468823427354,1484.5047528506225,-120.82836322692071
16.62233330348793,279.6045774443727,1485.754742990451,-106.79668689811515
17.435984454475566,277.1129217124877,1507.6334439561356,-243.98873535195958
17.36344709360267,277.3288967461449,1507.380940324228,-230.52977599752552
17.289887637003602,277.550088998407,1507.1604500315377,-216.41828418405987
17.2167585295896,277.77226969257975,1506.9778137424564,-201.9095673821376
17.14546009884913,277.9911948890725,1506.8349188394438,-187.29138892820447
17.07722684384486,278.20295117408676,1506.7292245405756,-172.86218693040595
17.0130405491074,278.40424788570596,1506.6540100583761,-158.90761183490454
16.953582201393427,278.5926117765606,1506.599292216039,-145.67901404025446
17.72598108883829,276.271527060563,1526.2673295879904,-262.77032140000404
17.646562321924236,276.50313871283225,1525.4059341941743,-250.3570455086855
17.565089075920902,276.7429053118597,1524.5299427155308,-237.27418966660295
17.483092917653796,276.9865192819073,1523.653978779221,-223.75523126046875
17.40210734091034,277.22950445186416,1522.7905194950254,-210.07136167019678
17.323537562460096,277.46759320700943,1521.9483647759725,-196.51179508680727
17.248551224098335,277.6970701367207,1521.1316936053827,-183.361332259301
17.178007191768206,277.91502572984257,1520.3398945143426,-170.87854449982257
17.895637902405305,275.7826651979021,1536.9715167349382,-273.44005548432887
17.813030939453633,276.021032808629,1535.8109537044945,-261.67299355285934
17.727758528482173,276.2692352691778,1534.608436275159,-249.23707252259015
17.641372123544116,276.5229902406441,1533.3822577043393,-236.35295006551854
17.555459174535105,276.77775531475845,1532.1497480213807,-223.2813141051239
17.47150611957692,277.0291152573928,1530.9252636235117,-210.3048385649772
17.39077741289522,277.2731505156995,1529.7186322428488,-197.70647335295524
17.314230932278864,277.50672336981864,1528.534366272265,-185.74770713291775
29.2173106026233,255.02001765806978,1547.5274108363656,-168.36905454010812
29.386519869073286,254.69167642459692,1559.1736615736286,-155.47841028796915
29.554213087892506,254.3664951908825,1570.5876852247213,-142.8899904520639
29.71681844879634,254.05144294714762,1581.5616176982116,-130.82065051857296
29.871028421630545,253.75296553586475,1591.9160297477056,-119.45265918905075
30.014015710448458,253.47656627336298,1601.5096385390789,-108.92470591962817
30.14358142051418,253.22651957947284,1610.2442029441668,-99.32821367537451
30.258227140615038,253.00573318257952,1618.0647358629571,-90.70856684546295
30.699852780252158,252.04861893917317,1584.040295290633,-209.95959870920115
30.743796222717474,251.96925395718785,1591.9300342483489,-196.19120273888353
30.790216543380346,251.88545583701008,1599.8142062340585,-182.50761457695614
30.837430207760757,251.80037473228478,1607.5311302121181,-169.17127179146993
30.883548389489373,251.7175621803612,1614.9287327115662,-156.42011215827912
30.92664247766436,251.64066223856076,1621.87500066345,-144.4521972992362
30.964907444409207,251.57310315864123,1628.2655351506714,-133.41586835684168
30.996799213512833,251.51783478335574,1634.0274502572456,-123.40623524407516
32.53571162707997,248.48424501912262,1625.0024909894594,-256.0380928384679
32.45143496030778,248.64519263870164,1629.474474074315,-242.31159479213102
32.36945299846688,248.8032213837724,1634.028068956545,-228.3895674479295
32.290522428230496,248.95684601364147,1638.5618776728315,-214.5537567782821
32.21490787136959,249.10544677055972,1642.9714909376044,-201.08201262684028
32.14238797504256,249.2492838566198,1647.1573132982796,-188.22740313855866
32.072332130647595,249.38938076392802,1651.0316423400425,-176.20120738892953
32.00382832606056,249.5273067623377,1654.5240040343901,-165.16205987141694
34.43026295808346,244.92894589171732,1662.9251840173995,-298.30562220514764
34.24315501789735,245.26934087929573,1664.9672950772756,-285.52823082067766
34.054021232290005,245.61600262987335,1667.0643925503687,-272.3276192685628
33.865744173931226,245.96379538140056,1669.163311523159,-258.97052061015336
33.680767398588195,246.30823357948464,1671.2046889541912,-245.74192775771087
33.50088911165755,246.64588215811813,1673.1269548711623,-232.9230952534089
33.32716215384954,246.97458136264814,1674.8707400577011,-220.77013877735132
33.15991065705497,247.29346521970223,1676.383057296429,-209.49662170688498
36.04760517986495,241.98476385717026,1692.2202713716683,-330.8115938922643
35.79588987800195,242.4291564684361,1692.8655609516209,-319.35082779863745
35.536397880644216,242.89068217906157,1693.5049487017486,-307.35048226281424
35.273234089890074,243.36240538116712,1694.1113867454517,-295.0470889645138
35.01033997563464,243.83747693310244,1694.6533953176245,-282.71069061180543
34.75112471666556,244.30979162101633,1695.0964696013684,-270.6252305271657
34.498187836422325,244.77451761529537,1695.4050002310669,-259.06659195299414
34.25318179611566,245.22840018078304,1695.5445211219526,-248.28190602538794
37.21342504245397,239.91077566102058,1711.7594664545886,-352.47352499794056
36.928401126286424,240.40413240509673,1711.7066361811571,-342.17490566957
36.63088197730958,240.92289869013644,1711.6000406734076,-331.3036801259892
36.32543149973227,241.45965438866932,1711.4235617058846,-320.0702421400469
36.016733584109424,242.00655546712596,1711.1589022871058,-308.72632857515003
35.70914303122141,242.5560955952683,1710.7858488772017,-297.548497096263
35.40629182385535,243.1018136018887,1710.2827933026697,-286.81748182052115
35.11082609493039,243.6388080532761,1709.6275875308288,-276.7967453931032
37.95188461521615,238.61679062565335,1723.505418466435,-365.5043425488258
37.65157298608378,239.13041183743678,1723.1234354345534,-356.0158743370483
37.33573310297031,239.674496444971,1722.6596369198228,-345.9568141944912
37.00902522048727,240.241656807123,1722.1020224375843,-335.52086274260535
36.67642606451569,240.82375195542892,1721.4378633606018,-324.94655278738014
36.34275120432834,241.41267344871204,1720.65355249703,-314.5030747878071
36.01220134935361,242.00113444236493,1719.7344918918561,-304.4710884013376
35.688021582264184,242.58330539456034,1718.6651944678547,-295.12148429544857
38.38091498812375,237.87169149439785,1730.1167075106832,-372.845398568157
38.07381348099278,238.39335676956583,1729.5795191886082,-363.8504790208054
37.74945706863158,238.94826708333377,1728.945732080153,-354.29442994596195
37.41249267736305,239.52916688168057,1728.2049231147485,-344.3615794838522
37.06799930870547,240.127861649282,1727.3467234229106,-334.2826310501369
36.721002040810156,240.73600371160552,1726.3605261198566,-324.321921756285
36.37599020364944,241.34591540270196,1725.2350998179372,-314.7592629989482
36.03653452212668,241.9512868582379,1723.958318580936,-305.86909938798414
25.52945875106723,261.4566338683103,1520.1635254377882,-141.51698693286832
25.689095617734814,261.1249973630729,1532.8793338756786,-127.86164679474993
25.847945558502058,260.7948193918353,1545.3475066511696,-114.54996375195239
26.002991247871186,260.47240364780174,1557.349829457543,-101.80618922700788
26.15149649764072,260.1634756199623,1568.6998909239178,-89.81671859219107
26.29118218835549,259.8728119029283,1579.252959536741,-78.7212869236948
26.420338423612698,259.6040028190954,1588.9106375549345,-68.60976333204599
26.53786548885683,259.35936449128866,1597.6204758142458,-59.52402718832185
26.785287208514582,258.7068659845526,1560.0961050548042,-186.23187957019738
26.83811760397156,258.60606475104436,1568.725208350324,-171.5945063691136
26.893890394315804,258.49922329875886,1577.3556224582194,-157.0711618895441
26.951130917749673,258.38922815536915,1585.8173033726725,-142.93558324928682
27.008232198704448,258.2792626932182,1593.951766587869,-129.43353164315437
27.06359973620231,258.1725180512519,1601.6229589902632,-116.76725375061389
27.11578525961948,258.07192110382675,1608.7248813691167,-105.08590172853616
27.163589223091158,257.979921444821,1615.1852109530955,-94.48260953304279
28.34490312413955,255.39682698897653,1605.405129154111,-235.9308339426861
28.287514602940796,255.52099137760428,1610.2495810238383,-221.27162115179823
28.233344550576017,255.63983884469374,1615.1969012488917,-206.426963943256
28.182960216448773,255.7520245719981,1620.1419129336618,-191.69318442372503
28.136521534902847,255.85698422410988,1624.9767807009403,-177.35968664623633
28.093801998021924,255.95492346424967,1629.5992822275598,-163.68735326481212
28.054261786124595,256.04669980982817,1633.920154916549,-150.8914231311494
28.017153610550714,256.13363060345387,1637.8684973545764,-139.13088996566694
29.96231658277636,252.07813672531785,1647.9283966044436,-281.7151717849836
29.81522603994682,252.37301140206378,1650.021581050446,-267.9998273083667
29.668062926193162,252.67050743420307,1652.1917363646744,-253.85048025234573
29.523233466289014,252.96583683026142,1654.3876195859825,-239.54974831329616
29.382740453359006,253.25486385129435,1656.551200352867,-225.3965438726089
29.24802846859656,253.53444485739993,1658.6217643225477,-211.68285671534977
29.119917724397105,253.80260801003334,1660.5404886663632,-198.67166944900595
28.99862954387389,254.05855439675798,1662.2547761899536,-186.57947253520064
31.351164462926988,249.31422655463282,1681.2178358426168,-317.0782125913433
31.146544258127552,249.7102771434198,1681.6942416922489,-304.7177967325347
30.93715474100689,250.11880226109943,1682.178042948166,-291.79060014959333
30.726515415254557,250.53321624508123,1682.6483927533432,-278.5483577178244
30.517946447085162,250.9471105268107,1683.079409472301,-265.2754942344318
30.31427105932081,251.35484212977119,1683.4412555602166,-252.26803017114912
30.117601377597133,251.75199304915964,1683.7018936301138,-239.81053665676149
29.929241809440978,252.13562158172726,1683.8293259348034,-228.15495637738076
32.357557320077504,247.3576934207214,1703.6592133036443,-340.7252322621415
32.12253386198395,247.8027709149444,1703.313684185362,-329.5773311006684
31.878757889352315,248.26804017091288,1702.9177386633662,-317.81976690816447
31.630207686941286,248.74635623612963,1702.4636088185168,-305.67666020361816
31.380890617534153,249.23029397903068,1701.9411417873753,-293.41345752676926
31.13446923763548,249.71284785055698,1701.3374404485703,-281.3188797573662
30.893944996363615,250.1880634233154,1700.6369209293161,-269.6829978000412
30.661457145551374,250.65148181695474,1699.8219255400593,-258.7750196405249
32.997491929949526,246.1327336926376,1717.2483753405827,-354.98302122093367
32.748131274358734,246.59884575722057,1716.5112234224312,-344.68661151169294
32.48740375023068,247.08995370254354,1715.6883810689296,-333.7775726127728
32.2194135887834,247.59887711823097,1714.77702126479,-322.46203275381276
31.948458582243973,248.1178506778893,1713.7737540492271,-310.9913767911061
31.678625552823966,248.63925706424692,1712.6737151582697,-299.6465816836128
31.413418789530528,249.15634209421998,1711.469809356302,-288.71765787201986
31.1554927269406,249.66377250812272,1710.1523976222636,-278.4816193036946
33.370200998326624,245.4258264316499,1724.9312980128755,-363.0265827287137
33.114301708694,245.9006489084227,1724.0084838457446,-353.2510174249692
32.84552750495639,246.40314560236718,1722.980848833095,-342.869939791417
32.567995463509085,246.92622471698309,1721.8474132388546,-332.0792451875625
32.28611502050555,247.46203462581917,1720.6076575455681,-321.121848866151
32.00417247521861,248.0027028838958,1719.2604104125317,-310.2734993818313
31.72593263432488,248.5410879296334,1717.8027257649753,-299.8232569559543
31.454333886750803,249.07139814970392,1716.2290955672722,-290.0516749544167
22.772191323352455,266.53138269404536,1493.9139083895188,-117.83174380859575
22.921397744835428,266.20274416542,1507.493254101417,-103.50748688509137
23.07018191731492,265.87442202991275,1520.8135609733658,-89.5618386404017
23.215946218486494,265.55215787471974,1533.6493326875586,-76.22539589799425
23.356378027710942,265.24108702661806,1545.8096588434278,-63.68806172154062
23.489597405430164,264.9454042775326,1557.1481303093249,-52.090465339739936
23.61424456000963,264.66816258676533,1567.5672508820708,-41.521137144618294
23.72950112944104,264.4112198302978,1577.017515459637,-32.01893288004359
23.851541804366626,263.9765380633158,1536.2133236163336,-164.98080289851495
23.90846392188492,263.8622919702905,1545.4805757197933,-149.60454756691735
23.968423569547404,263.74108795317494,1554.754293694802,-134.36720124922664
24.030106868760576,263.6155851176061,1563.858016095739,-119.55170487255887
24.092119742230427,263.4886577159245,1572.628650675063,-105.41011199711586
24.153116069678894,263.3631243136432,1580.9276580271412,-92.14786008363741
24.211909277305065,263.24150592087216,1588.648620256875,-79.91451151971027
24.267550820281034,263.12585042685765,1595.7205647288501,-68.80130594345245
25.192842859281214,260.895655587206,1584.6074408968684,-217.5217094082197
25.154244621042658,260.99146191806244,1589.827164540585,-202.08381617003124
25.119213197973437,261.08052968915126,1595.1675659037128,-186.4703446892388
25.088164717180014,261.16164951514634,1600.5198129133503,-170.98925291943075
25.061178726835372,261.234309588417,1605.773004957286,-155.93894044842358
25.038027518308084,261.2986686602695,1610.8228124773855,-141.5861756092419
25.018244091755733,261.35544106416035,1615.5790342867167,-128.14880789335626
25.00121104535581,261.4057265411369,1619.9709444407486,-115.78560243848375
26.587101334583622,257.7966120026039,1630.5014236969823,-266.1071779471916
26.47014931849803,258.05345005949937,1632.7249260414094,-251.6149866823911
26.354197815387764,258.31050097325726,1635.0467413044094,-236.6824161289748
26.24125408890197,258.56334143498987,1637.4160095770171,-221.60476310138537
26.132965602826847,258.80817563535743,1639.774747151118,-206.69174262065462
26.030502695150815,259.04212582020153,1642.0621575096347,-192.24335046584181
25.934514785614063,259.26337872662884,1644.2194080090644,-178.5273072164722
25.84515933273024,259.47117695101184,1646.1940833595845,-165.76167004801584
27.788522575207214,255.20517509435246,1666.8111820589388,-303.78753822448584
27.620683474849187,255.55890896258614,1667.2389715543218,-290.6833216511365
27.449961286402633,255.92179863230038,1667.691210753677,-276.99288255635383
27.27935818564566,256.28768008066515,1668.1509066689646,-262.980213277698
27.11167060697476,256.65061300435246,1668.5954482746122,-248.94097997791386
26.949247825351588,257.00540613915956,1668.9975778994526,-235.18027240575
26.793824291516106,257.34801826969255,1669.3271523835751,-221.98877632788475
26.6464500317002,257.67577050137623,1669.5534616462178,-209.6213079417778
28.662181170207806,253.36385633520916,1691.5035198366695,-329.0716336758909
28.467022648811255,253.76546694595206,1691.0023877836534,-317.22155116041216
28.265605588533706,254.18337956888433,1690.461375998023,-304.73424434025765
28.061365451159382,254.61084178570175,1689.878578693005,-291.84501149464364
27.85771749107193,255.04091684893896,1689.249284132264,-278.8300989085004
27.657745695100804,255.46712077081827,1688.5652585284752,-265.98742761045065
27.463946630985934,255.88398568426035,1687.8145884798837,-253.6137117654113
27.27807276062806,256.2874473800134,1686.9822324085308,-241.98173092140973
29.21925234461981,252.20780004503465,1706.547448964387,-344.3537934843556
29.010990327614525,252.6304366500963,1705.59792555406,-333.38936795830205
28.794220821814893,253.07388588337471,1704.5680436999314,-321.78050304791725
28.57251401974231,253.5313185103137,1703.4617527166974,-309.7435096193586
28.349557505742197,253.99544237679874,1702.28224351477,-297.539943480354
28.128815156747507,254.459177331238,1701.030543204243,-285.45970584972883
27.91322214940136,254.9162991731696,1699.7043955949075,-273.7995864078287
27.704970870209213,255.36193434747685,1698.297762507558,-262.84035699658625
29.54430012669528,251.5394371341419,1715.085301391584,-352.98850721066106
29.329965803260333,251.9710064360873,1713.9213680884977,-342.5675976714709
29.105814524083144,252.42592623621934,1712.6546626372642,-331.50730489478997
28.875442572159244,252.89742601443842,1711.2913594940314,-320.013031124793
28.642647568084655,253.37811021375072,1709.838061616102,-308.33737566367404
28.411075754764244,253.8606427334045,1708.300128526952,-296.76476519161645
28.183891984963225,254.33842889513636,1706.680106957108,-285.59088220730365
27.963534057628973,254.8061657752836,1704.9766819417239,-275.10016331851114
20.641868484544748,270.62709812068186,1469.638290788856,-97.03405041955001
20.781124186162945,270.3044414848622,1483.9174374822574,-82.12215265578322
20.920133103089675,269.9813071159766,1497.9284637708263,-67.61848846077662
21.05661797481401,269.6629702551393,1511.4406285434168,-53.759058857562096
21.18858463211728,269.35408555890865,1524.2600782898385,-40.736742251732466
21.314448483325368,269.05838201492145,1536.2397680442648,-28.69286843809276
21.433104376543845,268.77848907988994,1547.2836284795699,-17.714736192644693
21.543935123907254,268.5159079772066,1557.3451729117996,-7.838515631637932
21.584024263750894,268.2375071896778,1513.6047025036364,-146.12961903428993
21.64233637730229,268.11509850033804,1523.4149434534775,-130.11772977592983
21.703615656537927,267.9852046826279,1533.235107625397,-114.26582889589358
21.76667476599469,267.85028828421326,1542.8837358739208,-98.86447953468034
21.83028328770834,267.7129641373855,1552.194386104945,-84.17083632273459
21.893282299170252,267.5757451473791,1561.027008213121,-70.39283804641788
21.954679516850117,267.44082440825423,1569.275443664063,-57.680171288891756
22.01371084953121,267.30992816297504,1576.8704436578132,-46.1222658951817
22.75411330557396,265.3537451718352,1564.2126748839107,-200.94807187964318
22.72862620623795,265.42806129557897,1569.785602339232,-184.85090673986303
22.7067751738126,265.4947921562266,1575.49340744049,-168.58701302903097
22.688862033584453,265.5528397130697,1581.2238934232164,-152.47380631348307
22.674908336180163,265.6017302813199,1586.8634967041776,-136.816861543267
22.664689200938394,265.64157713642453,1592.3062392611598,-121.88744633432938
22.65779628313574,265.67296991796815,1597.4614163992615,-107.9052127420255
22.65371339603175,265.69682340723494,1602.2588634919748,-95.02834845965177
23.971291310282087,262.44720305469656,1612.5864377782937,-251.79614023708382
23.876809387701186,262.67329939197356,1614.9777335078056,-236.65232142351022
23.78391046618155,262.8980014656274,1617.4861469177017,-221.06394244473603
23.694285007664277,263.11721349523737,1620.060275440038,-205.33655073863136
23.609305284199934,263.32743239663034,1622.6414695779645,-189.78840093468833
23.529934898744433,263.5259998932978,1625.168385355109,-174.72559076044877
23.45670005193411,263.7112243302863,1627.5819502409222,-160.41924341144687
23.38971870010342,263.88236856492205,1629.829917165756,-147.08809144208573
25.022110394799334,260.0098950078564,1651.1753539124284,-291.37026559691424
24.882488020526388,260.3282518623724,1651.6286734517203,-277.6448501327926
24.741180114832062,260.65339464956213,1652.1236122862415,-263.3184760590291
24.60076367645266,260.97956476096726,1652.6453395904591,-248.66506726604885
24.463616869628655,261.3012475384556,1653.172941911255,-233.9891773918607
24.331720406135815,261.6136443330524,1653.6804185695198,-219.60282515960435
24.206523524126148,261.913027364865,1654.138533363026,-205.80107136584436
24.08889274194417,262.1969226599527,1654.5172381652114,-192.84047289427932
25.78797280679398,258.27324786256776,1677.6021468822394,-318.0078445221244
25.62387627484433,258.6377971512448,1677.0376376687004,-305.5725670881
25.455199969457894,259.01576409326753,1676.4463194059917,-292.478649531873
25.284920516480955,259.40079890277576,1675.8301709322081,-278.97047618147815
25.115969020066355,259.78642924566526,1675.1879207549346,-265.33284553052795
24.950969722125013,260.16664137974385,1674.5141579925116,-251.8707158281387
24.79202919853912,260.53638672792613,1673.7991116997346,-238.8855938169864
24.64061133752507,260.8919249305279,1673.0292327636469,-226.6524744526269
26.2772394796253,257.1805289810959,1693.7834887459799,-334.1445636262588
26.101278175752068,257.565679339483,1692.7217117206123,-322.62416701569657
25.918787599204787,257.9684751063235,1691.589016046237,-310.43435144113243
25.732877469405945,258.3824666768405,1690.3940984389792,-297.7997182897794
25.546728263728678,258.8008272441304,1689.1445742435706,-284.9898535376229
25.36330208808555,259.2169725853999,1687.8452810435529,-272.3015833664426
25.185087763916606,259.62514670643515,1686.4969793702116,-260.0364548694974
25.01392737601564,260.02086205254875,1685.0958049935737,-248.4776612756706
26.563102848669025,256.5478605535403,1702.9958714262827,-343.27536814566685
26.381588798786833,256.9419057582519,1701.6942951827955,-332.3178566583598
26.192402721791314,257.35599083010015,1700.2969902114833,-320.69422639503546
25.998686219045528,257.7837054606184,1698.8152713776485,-308.61762237864514
25.803723557836175,258.21811213708213,1697.2606624938767,-296.34831198623385
25.610640667846976,258.6523784897344,1695.6428705930866,-284.1773504462095
25.422128534943777,259.08039820091153,1693.967971536127,-272.40519210920127
25.240241538169048,259.497285104139,1692.2372543509723,-261.3187016176535
18.94844473987394,274.00354951264876,1447.5152481091868,-78.72863105838358
19.078675828530933,273.6880989559598,1462.3678728204186,-63.29775082252016
19.208736615304602,273.3715978086467,1476.944727071887,-48.30050216555627
19.336599522726907,273.0589323488631,1491.0112067399416,-33.977495599735875
19.46051484985112,272.7543631064263,1504.3715069569873,-20.524127490843057
19.579121251080625,272.4612426758212,1516.878547428562,-8.08224857582249
19.691502661713436,272.1818631474497,1528.4379051395563,3.262006255195132
19.79718837564241,271.9174450479898,1539.0060157361881,13.474898074769527
19.782696802581427,271.7527966805484,1492.6832960669099,-129.42053090912145
19.840924636412428,271.62561215062766,1502.955091400386,-112.85578641377403
19.901980905842937,271.49063830188095,1513.2389163970984,-96.46901512771464
19.964779848779834,271.3501675020682,1523.3493387785172,-80.55721206547022
20.02821937535645,271.2065958039632,1533.117435557172,-65.38172355373274
20.091284373118715,271.062183828744,1542.4022647774823,-51.152469484603245
20.153129393307427,270.91885803077713,1551.0982920686656,-38.019071277388036
20.21312800385298,270.7780855714661,1559.1381244772,-26.069237952763444
20.8174806626665,269.03613132690566,1544.9109064310087,-186.1057578421683
20.801257084725822,269.09412295344936,1550.8057976446491,-169.44251049318396
20.788607456157994,269.1440209129783,1556.8467237362975,-152.62027276639733
20.779747894497056,269.1848139173365,1562.9184657019875,-135.9642973965176
20.774658523931542,269.216052825197,1568.905174437531,-119.78600569255704
20.773119618754357,269.2378067150467,1574.6995813283427,-104.36021001148336
20.774769968390167,269.25055721504117,1580.2107739271273,-89.90781226196486
20.779172225949665,269.2550630542443,1585.3693635239356,-76.58623974358741
21.893707544743496,266.29473473685505,1595.1363636234933,-238.81562231319342
21.816104069403693,266.49616859181265,1597.7079540144134,-223.11714763020652
21.74039382651504,266.69511128243255,1600.4126528650474,-206.97110412161965
21.668018329367,266.88774637815305,1603.1980172155522,-190.69146623507345
21.600137506897827,267.07081308720706,1606.0043842027349,-174.60339001428932
21.53755853324362,267.241828958722,1608.769663402698,-159.0177666047672
21.48071715980736,267.39919411523204,1611.4344782040048,-144.2081712844523
21.429706332193234,267.54217731368993,1613.9467814380482,-130.39355762407592
22.82366045923084,263.9913705557358,1635.4635177667178,-279.95960069703426
22.705730585160413,264.280599473392,1635.9841581221822,-265.7081208870344
22.586893818401716,264.5748914872261,1636.5622814158007,-250.84394861287464
22.46938529585182,264.8688483706213,1637.1841095506686,-235.6491701848755
22.355253198261572,265.1573215872448,1637.8294432720213,-220.43550019505068
22.2461926756913,265.435840662247,1638.4727520401084,-205.52037736272854
22.143436538321602,265.7009316567522,1639.085152523876,-191.20209484513083
22.047716341653175,265.9502790761507,1639.6369406229296,-177.73817553315834
23.502370237300344,262.3467115362199,1663.2364962372267,-307.72824829108527
23.362440885536547,262.6803005098695,1662.6662799362985,-294.79888550578323
23.219088785940222,263.0251414801033,1662.0826096808667,-281.1935835277498
23.074914911968964,263.375255589046,1661.4899479961746,-267.164191152098
22.932462370200483,263.7245812089296,1660.8891112389606,-253.00238632550466
22.793993897196327,264.06750744355736,1660.2763229178536,-239.01862082388794
22.66131523515878,264.3993346343824,1659.6430148437962,-225.51791850842653
22.53567329596339,264.716582166161,1658.9764812427984,-212.77668287072046
23.93651898031117,261.310108844573,1680.3115596338723,-324.58376870593713
23.78585168762549,261.66368950173995,1679.2028622263429,-312.59488471702423
23.630053045141015,262.03249664664156,1678.0340864409318,-299.9162791226851
23.47185106216968,262.4104398726557,1676.8171760609946,-286.77933188290984
23.31401585573199,262.79111117463725,1675.562653376454,-273.4601806330552
23.15911078801902,263.168359015427,1674.2777647129506,-260.2608980680537
23.009277418301775,263.53682213045477,1672.9651188511032,-247.48661858960918
22.866091012006567,263.89232894825125,1671.6221576833966,-235.42201435640771
24.19041836056126,260.7092297136873,1690.0580614858002,-334.13370102243687
24.034694189071228,261.0715345168453,1688.6877606038474,-322.72460721380804
23.87283220936222,261.45132763472543,1687.230833816625,-310.62759817913945
23.70759428140313,261.84254542460457,1685.7022104358134,-298.06216992043824
23.541846370754357,262.2386681912293,1684.1167495543277,-285.2947338858594
23.378299061256442,262.6333061906942,1682.48700434875,-272.6214919854957
23.21927231428929,263.0207691579813,1680.821290264482,-260.34639870889896
23.066526668125494,263.3965151961356,1679.122509691128,-248.75781439365772
17.569665781639056,276.83877033552227,1427.4513253184703,-62.53353036172341
17.691871781440618,276.5308514215922,1442.7802051515168,-46.64163742200566
17.813932420230792,276.2214523107332,1457.8266549428427,-31.20539466889946
17.934018564412877,275.9151326157704,1472.35313195643,-16.46940746945009
18.05057238376149,275.6158259081512,1486.1625319868608,-2.631198885975948
18.162405056039074,275.32657677508655,1499.1080800148789,10.167008184981086
18.26874402983924,275.049404815554,1511.0970553700813,21.840190906974186
18.369227360846693,274.7853065761908,1522.0886422872713,32.35683598102568
18.317700579516927,274.7049318783725,1473.5060591461793,-114.56355633932304
18.375058976992676,274.575133341547,1484.1721689685032,-97.51318221044323
18.435084088373124,274.4373711529178,1494.8514076600977,-80.65631662590928
18.496773355232992,274.29378933253207,1505.3551422673136,-64.29541433339892
18.55912721162433,274.14659826773493,1515.512556455129,-48.695361601951845
18.621243307505676,273.99784825361655,1525.1822134189183,-34.0676592242574
18.682389394306465,273.84924658717335,1534.2593889933362,-20.561731325127255
18.74204364574351,273.7020495806598,1542.6785471004632,-8.2636577970257
19.244113819053233,272.1297626697099,1526.943951397488,-172.81073532932209
19.234548382578463,272.17522343187863,1533.1282395707194,-155.65525777525565
19.228436002518833,272.2122846075127,1539.4673268236384,-138.34753515439104
19.225928080448227,272.24000124476385,1545.8433089838998,-121.21941919179415
19.226974976867837,272.25793830611644,1552.1383697637916,-104.58722475664163
19.231363153749967,272.2661227698478,1558.2442304888868,-88.72858627101482
19.238769450538413,272.2649428088734,1564.0699602393188,-73.86528988135154
19.24881837392031,272.2550254847723,1569.5470488236815,-60.15391543515176
20.206965778204825,269.5293105765963,1578.5778960451942,-227.0809421667072
20.142226845393978,269.71087407769795,1581.3289043590933,-210.90382423520592
20.07953750295778,269.88917961901734,1584.2264718306692,-194.27678818496875
20.02014301701314,270.0606439080782,1587.2168797230102,-177.52088058167269
19.965037859068055,270.22220468701425,1590.2393095220832,-160.9669531053491
19.914909017575503,270.3715199213767,1593.2308638984268,-144.929747878202
19.870124339735597,270.50705898949144,1596.131861988691,-129.68467016539597
19.830760119894954,270.6280883807544,1598.8904952966295,-115.450599323408
21.039176996197885,267.34126532309585,1620.2516812490117,-269.5468106557521
20.938106947887594,267.6065330922319,1620.8612159549543,-254.84358283796598
20.83664942397205,267.8755827428569,1621.5423938359336,-239.51796812706218
20.736765020559,268.14332699991616,1622.281789237748,-223.8588722363172
20.64024041908438,268.40492642059223,1623.0593215959295,-208.1838953627977
20.548547332841707,268.6561820942628,1623.8494740946198,-192.81481683393557
20.46275167256717,268.8938253367745,1624.6234105613257,-178.05237180054726
20.38348334560887,269.1156638222456,1625.351607892689,-164.15458888486205
21.647048827815123,265.77642313503816,1649.0834579498446,-298.2732661876507
21.52608162393522,266.0842590757931,1648.5420277183757,-284.9209616558494
21.402510929202617,266.4016901852823,1647.9998213312938,-270.87831179025443
21.278632288913915,266.72306510842657,1647.4628339761932,-256.4033881797989
21.15667794152033,267.04267562909797,1646.9330843455346,-241.79350519154724
21.0386247313126,267.35525036959154,1646.407679433606,-227.36347818925196
20.92604395248026,267.6563770463536,1645.8786824404067,-213.4210648508079
20.820015901494276,267.9427847051744,1645.333855051634,-200.2434082752674
22.036223418492067,264.7887917851109,1666.8689519021107,-315.74039933742347
21.90550120483902,265.11595296811475,1665.7544210139552,-303.35133316385895
21.770660922111112,265.4564631530677,1664.5907443789292,-290.2555827353975
21.634117687288377,265.8045541898673,1663.3920572382126,-276.6901866249587
21.498310306120718,266.15418346569646,1662.1707577994296,-262.9365678392453
21.365484977701374,266.49956751675427,1660.935583357532,-249.301033709499
21.23751050783179,266.8356745790778,1659.6902508393932,-236.09139854632465
21.11575593442833,267.1585907335771,1658.432982142478,-223.59322514946732
22.263974665429313,264.21575786173946,1677.0428723837585,-325.64814375836136
22.128639788200793,264.551413873786,1675.6481668667593,-313.8538362767754
21.988291304219093,264.902562960724,1674.1765007994886,-301.35337403197815
21.845378207822346,265.2634557709358,1672.6453240230635,-288.37152100879996
21.70242752707976,265.6279394229048,1671.0717348395885,-275.1796933866425
21.561818013572296,265.9900035994517,1669.470129377151,-262.07817005315815
21.42557716435618,266.3443073246987,1667.850230327802,-249.37352741759838
21.29523738027208,266.6865914397864,1666.215939100894,-237.35502148607767
16.424295249117566,279.2573231252387,1409.258485683346,-48.11765042842117
16.539409850486575,278.95681469311415,1424.9881833452876,-31.81378765979437
16.654377319919416,278.65449234643836,1440.4295168338645,-15.984897425294463
16.767529433953047,278.3546382588352,1455.3426660330456,-0.8790585053258724
16.87746199857825,278.0609116255235,1469.5296542008762,13.304390487635544
16.98312234902681,277.7761015683217,1482.8442013867166,26.422973994419152
17.083849155467924,277.5020044214146,1495.1952602859149,38.39273405067206
17.179362806098023,277.23943535070845,1506.5445650772413,49.184211833664335
17.102305996962727,277.2226171214894,1455.981785003516,-101.29011839348314
17.158393984423984,277.09159032442994,1466.987305627641,-83.809401982651
17.216984976259347,276.95250250882106,1478.0063336981352,-66.53576631424394
17.27714569447967,276.8073677243278,1488.8476054879502,-49.77637924826621
17.337960071327352,276.6582372366211,1499.3388360754311,-33.79913926897186
17.39861590431457,276.5069840816326,1509.3383468332568,-18.816829513203942
17.4584699254187,276.35513326933375,1518.7423051507542,-4.97859083463058
17.51708126814592,276.20376744182875,1527.486967143785,7.6310359564400585
17.940619151871523,274.76784307993535,1510.3427156681355,-160.86768615113968
17.93592454984332,274.80355582322767,1516.785861168918,-143.2794834765762
17.934539156506123,274.8306868595073,1523.390729117115,-125.5449474565838
17.93656491213689,274.84834166316045,1530.0370308900397,-108.001591699725
17.941930565831342,274.85609187551614,1536.6052624309048,-90.96984119711132
17.950429078617418,274.853924920818,1542.9863344899827,-74.72967593626186
17.961768279926773,274.8421479257282,1549.0894212489939,-59.50349377945517
17.975621747359774,274.82127634192386,1554.8469270015912,-45.44698975252891
18.81107938010221,272.2879445646093,1563.068376777546,-216.4674189949596
18.756310870010815,272.45335131884093,1565.991342051121,-199.87218531587487
18.70366013071606,272.61495060122246,1569.072184120725,-182.8251118517452
18.654215792156137,272.7693536609149,1572.2558188507755,-165.65326773291375
18.60884152764143,272.913661281148,1575.4802408558048,-148.69227910291195
18.568130376615265,273.04564408181614,1578.6817479221106,-132.26008976304783
18.532397902446668,273.16382444323057,1581.8003842140447,-116.63345903809517
18.501708777600232,273.26746203704414,1584.7846070351716,-102.0310264220679
19.563361548784542,270.19913443647147,1605.8032635690465,-260.0630242675104
19.475583098727146,270.4445789474357,1606.511273548489,-244.96692145413493
19.387771912870008,270.6928304205082,1607.3034018702638,-229.2402053722963
19.301666477545457,270.9390673137495,1608.166141279164,-213.17756949410216
19.21884396811672,271.178710251104,1609.0791757040845,-197.10154096799155
19.140598699853992,271.4077855516723,1610.0167423412631,-181.3374339181837
19.067865571893677,271.6231913791922,1610.949883530424,-166.18792054880123
19.001195874639837,271.8228327832132,1611.8491746055975,-151.91119220704323
20.1131006935482,268.70335797697504,1635.4806329021662,-289.6113751955512
20.007199203492384,268.989699379779,1634.9877914421595,-275.8923519631147
19.899289637988815,269.28434294435635,1634.5058288742284,-261.4707050964174
19.791418275166773,269.5819216631042,1634.0416365591855,-246.60977296582925
19.685566280643517,269.87702889536604,1633.597860438228,-231.61157087370316
19.583481836800697,270.1646785171292,1633.1720179935191,-216.79448598320172
19.486550358270776,270.44069651968744,1632.7564551150376,-202.46834336619273
19.395721940565245,270.7019816905362,1632.339180199605,-188.91072778060337
20.465264459783125,267.75827745329616,1653.8388488310902,-307.60521063337393
20.350451340077583,268.06328418396174,1652.7436982177298,-294.869866992365
20.23227319233555,268.38015638501196,1651.6098411135183,-281.4133554853486
20.11288826990538,268.7034088614094,1650.4528735470258,-267.47748992544075
19.99446645119224,269.02731356724905,1649.286376657795,-253.34808588858837
19.87899901641117,269.3463989258548,1648.1199782027547,-239.33488595259573
19.768137648888395,269.655908248675,1646.958033186319,-225.74776571166436
19.663089078586925,269.95213902454225,1645.7992202409496,-212.87279531773763
20.67145691960983,267.2095039519624,1664.3593675534353,-317.8218703710262
20.552418469389906,267.52275766681834,1662.968201115968,-305.6946785797217
20.42921024390513,267.8499179242803,1661.509579730652,-292.8457435527447
20.3040235245806,268.18551317676486,1660.0027040186394,-279.5042642324916
20.179109419994845,268.52370798169665,1658.4661618093903,-265.945803688489
20.05657925372453,268.8588150111412,1656.9155244700564,-252.4739355544359
19.938227078093185,269.18578622789687,1655.3613830557965,-239.397241560062
19.825405164988435,269.50059575753255,1653.808252518625,-227.00548224260245
15.456611658922514,281.34841330886115,1392.728659402845,-35.20522079198406
15.565460418839244,281.0549827663419,1408.7999143503614,-18.531065135074698
15.674146887607026,280.759470697745,1424.5774427870183,-2.3490150400764946
15.781135593010035,280.4659212697753,1439.8196212371106,13.08980216674155
15.885147667574795,280.17776063707913,1454.3278916930562,27.584489733342537
15.985239962382112,279.8975633047836,1467.9565687234317,40.99241139089145
16.080839010242823,279.62694014774985,1480.6162076959934,53.230628048915634
16.171728597306206,279.3665575179148,1492.2708873308256,64.27158062554324
16.07686362131385,279.3984793915241,1439.9658558242,-89.36804219133779
16.13149523343337,279.2671171279818,1451.2659559949327,-71.5029870688953
16.18847348337284,279.1276428182713,1462.579432866491,-53.857000957705424
16.246923659270973,278.9819559087144,1473.7128257352235,-36.741367079647915
16.305998865926792,278.8319700016169,1484.4926906813598,-20.42657545107025
16.364960263760945,278.67940711384523,1494.7772698851018,-5.126464989432975
16.42323581200034,278.52563880356377,1504.4636453088792,9.010163202374628
16.48044840412468,278.3716029142603,1513.489770129355,21.900219849717587
16.842502553170807,277.0468847023059,1495.04403720541,-150.09600238713907
16.841430576738112,277.07490815299707,1501.7186864523392,-132.123768262677
16.843518709227617,277.0942449952604,1508.5605702439548,-114.01042540253601
16.848830578315447,277.10403902155656,1515.4472810379816,-96.09840172110012
16.857279088735204,277.10386334463243,1522.257852152803,-78.71164921987219
16.868663625565205,277.0936686091381,1528.8825403424078,-62.13210840370863
16.882717542836932,277.07369130203745,1535.2307007656434,-46.58259993852991
16.899153842907143,277.04435160811494,1541.2356482449345,-32.21793109755188
17.636652574888075,274.6706662659515,1548.631073624,-206.84502190588248
17.589741606042505,274.82279051785946,1551.7156781353415,-189.8806736572646
17.544965229083825,274.9707047414289,1554.967729870998,-172.4628599992829
17.50328541260302,275.11118311139734,1558.3307711480663,-154.92385242682565
17.465460882235227,275.2414611122604,1561.7416321005617,-137.6033666101089
17.432009829730212,275.35940094379663,1565.135846395141,-120.82198888260595
17.403206755374065,275.4635657825797,1568.4532113924552,-104.85756120546054
17.379107813758715,275.55320622423824,1571.6424682602633,-89.9283625275749
18.32277071064492,272.66756753068614,1592.2160387934694,-251.41909495038757
18.245628649531042,272.89647202580016,1593.0251957367252,-235.97749636014728
18.168701014752457,273.1274255406512,1593.9294255737163,-219.89816639002916
18.093544672944322,273.3558335101746,1594.9148743991084,-203.48078071143985
18.02156675253042,273.5773361103549,1595.960784306386,-187.05205813681036
17.95391860709762,273.7881475483616,1597.0410014004608,-170.9402724227677
17.891430232413352,273.98530354672164,1598.1263591426298,-155.44958662276602
17.834590868702172,274.1667868419915,1599.1874857333528,-140.83821227377325
18.824270279618705,271.23168400868195,1622.5791815435114,-281.6813961458365
18.73050445874205,271.4999611405236,1622.1456358644664,-267.6407505712574
18.635173769749855,271.77551173503406,1621.7335357011289,-252.88683160753905
18.540119257699434,272.0532147252914,1621.3502418854127,-237.68749698383408
18.447117041853026,272.3279208738314,1620.9986540002005,-222.34874641205514
18.35772988247171,272.59488480299984,1620.676401377276,-207.19193220740578
18.27319353777762,272.85013126853147,1620.3758984582432,-192.52851053572851
18.194354224225965,273.09069842212347,1620.085268448834,-178.63627209403464
19.145659312177553,270.32361595910277,1641.4058166148473,-300.13400181463385
19.043702508298573,270.6099338372942,1640.3451217484671,-287.09552982937566
18.93895330023128,270.9069243610518,1639.2554372540394,-273.32328387174914
18.833357746926602,271.20934850626224,1638.1533150505095,-259.0632520146699
18.728865150383626,271.51174888493244,1637.0530514912468,-244.60487116861174
18.627259401283858,271.8089186527943,1635.9647700676212,-230.26075225144217
18.53001674976739,272.0963321224623,1634.893162259403,-216.34238803463708
18.438213861000037,272.3704619584894,1633.8371613601742,-203.1361024803711
19.333900321743474,269.7959880027319,1652.2113083892173,-310.6202606193895
19.228052561056412,270.0903068504443,1650.8410036945475,-298.2020177649106
19.11868271269811,270.3972495645909,1649.4122655987867,-285.0484882639527
19.007768511581027,270.711587805121,1647.9455046484045,-271.39265653866573
18.897334418657575,271.02775990384464,1646.4602842282532,-257.51357728279845
18.789273716117567,271.34035377523315,1644.9729038233431,-243.71753633523105
18.68519146154114,271.6445682622339,1643.4944703295348,-230.31467895304183
18.586295245132085,271.9365716539545,1642.029866267154,-217.59501168451933
33.002470790934,245.29636155738692,1659.6751522507843,-224.16297308850508
33.13479291637642,245.04996404726933,1670.2067272622528,-211.4380388335896
33.26533030057975,244.8074099359222,1680.5648166029005,-198.93702165022327
33.39039296138043,244.57558941300002,1690.5459912069832,-186.8869181840199
33.506377167211596,244.36120969764298,1699.968998416737,-175.48472266995842
33.6100141451185,244.1703387625291,1708.6853546192197,-164.88657059593672
33.6985723841248,244.00803743308745,1716.5857180465337,-155.20199426693472
33.76999673441653,243.87810938255492,1723.6017796467627,-146.49342206867996
34.58316512634277,242.33027355868856,1690.9788805987407,-260.7056705272129
34.58238031200551,242.33102044391018,1698.2783809620923,-247.30266981016993
34.58314842841495,242.32971017026713,1705.5869046154837,-233.91463064505453
34.58400383952466,242.3290390442782,1712.7459154301264,-220.8070209578912
34.583100774677824,242.3323774214932,1719.6027253737261,-208.22680493820712
34.578376880074494,242.34348210991143,1726.0211863586806,-196.3856143392385
34.56774469890752,242.36615750298154,1731.8899391095729,-185.44807253327062
34.54928235897247,242.403915540782,1737.1273910638183,-175.52621631253592
36.53229744591102,238.78899578536462,1725.8321568125614,-301.3437262609043
36.39645104412216,239.02559959297787,1730.2148849854398,-288.07812081380087
36.26087000740352,239.26359187941475,1734.670561086869,-274.56708650233986
36.12683589346253,239.50081545531916,1739.0954623914786,-261.08947430654524
35.99502528803524,239.7360967308366,1743.3815857754134,-247.9264270015742
35.86546759195913,239.9693426104579,1747.4245013117293,-235.33997058577393
35.73760549444032,240.20146272874905,1751.1306960780582,-223.55463695720576
35.61044198268163,240.43413746573506,1754.4233802809567,-212.74472671419662
38.533409887698085,235.27577031925952,1757.8258358722226,-338.7593831054799
38.290328212589294,235.68613083390585,1760.1457147153633,-326.4214231694995
38.041987836622155,236.1085550167926,1762.5121188160842,-313.63070120473594
37.79196322029709,236.53724608401865,1764.8634104317828,-300.6486388062539
37.543379672136815,236.96700020573059,1767.1316503917592,-287.76032365726763
37.29862414369298,237.39371630123262,1769.2469734309166,-275.25281902756274
37.05918319861883,237.81471401858184,1771.1423381154086,-263.393100468645
36.82563270648435,238.22880481681784,1772.7579988398027,-252.40918256624155
40.23376610888218,232.38001061232782,1782.3556400895918,-367.63601704213403
39.92382688968709,232.8898148278012,1783.4852743696788,-356.5292449320205
39.601954306926935,233.42332760532568,1784.6119259981824,-344.8655079305336
39.27298539411002,233.97306270646808,1785.6964425127476,-332.87647318760133
38.94167631822456,234.531443381183,1786.6950635074659,-320.8317649007474
38.612239597591866,235.09156090591736,1787.5616413033003,-309.02022875655666
38.28797529051597,235.64781921001995,1788.2502443660792,-297.72781126944255
37.97106789866108,236.19633514641913,1788.717863026937,-287.21582314191573
41.45540230460548,230.34660467160563,1798.6284946784829,-386.93874240267394
41.111095428133964,230.90276655279422,1799.1542116597345,-376.9045464621138
40.74956839519239,231.49122302186436,1799.640111054343,-366.28475882339694
40.37610465227868,232.1040958321522,1800.0567717957106,-355.2860360730088
39.99625308218409,232.73284077246123,1800.371961137738,-344.1604001758149
39.61528407501343,233.36909737506738,1800.5519588838897,-333.1896524305556
39.23769168044159,234.00551333273359,1800.5630309311382,-322.66486259164293
38.866841173300564,234.63637619859315,1800.3729657157394,-312.8641515904586
42.22775793536835,229.0802013219667,1808.3787848101656,-398.57793737952954
41.867650678613465,229.65539877105326,1808.6133122344227,-389.28782752867465
41.486973699613664,230.2680603202641,1808.7871637433236,-379.4146774424088
41.09108869293909,230.91038982246923,1808.8749133316628,-369.1494077109661
40.685854434508116,231.57356533659882,1808.849412352052,-358.73157076076745
40.27705781755817,232.24860126777554,1808.6827913445309,-348.4361653437238
39.86985131319744,232.9272516523587,1808.3474417496382,-338.5547031528566
39.46831021562046,233.6027715503063,1807.8169508480523,-329.37334692389146
42.67609898311971,228.35158346020356,1813.8573418194433,-405.14616065161266
42.308942321922466,228.9342854324584,1813.9514517482526,-396.3085281398281
41.91931978036753,229.55728026850866,1813.974136592612,-386.8968020388889
41.512566705671134,230.21292794873187,1813.9016916481407,-377.0931019615526
41.09465021480224,230.89236196603377,1813.7092557878013,-367.1296392264492
40.67159469822749,231.5863444136692,1813.3717003463498,-357.2769766706661
40.248889552714395,232.2862007566681,1812.8644019944204,-347.82617909729515
39.83099801241395,232.98464686891927,1812.1638887276708,-339.067422132802
28.521297987395695,252.80303785631412,1635.6108904095186,-196.62506205094803
28.65568305403887,252.53337755730283,1647.352250629729,-183.06887632054125
28.789367348695325,252.26543212500582,1658.9002233212382,-169.78078158166502
28.919194125094474,252.00558153364398,1670.0369768507555,-156.99588727829266
29.042149846944316,251.75990871700046,1680.5705946886821,-144.91562128390854
29.15556967380504,251.5337871471304,1690.346094198077,-133.69703831187164
29.25729338149698,251.3315691481609,1699.251668560584,-123.44769824762682
29.34575814202103,251.15640155013418,1707.2200653539057,-114.22589681132253
29.879664266729723,249.99212930547597,1671.6148014540465,-237.0243782669755
29.898378187050472,249.95868793226697,1679.65748465141,-222.63981496617055
29.919751661362387,249.92056830585082,1687.7180561472494,-208.299801637895
29.94246908683058,249.8803136157484,1695.6276699146758,-194.28322627362343
29.96493161318501,249.84102395188935,1703.2249837761515,-180.84653591921273
29.985405906603184,249.80607353906703,1710.367484941176,-168.2066690301288
30.00218453548986,249.77880181347382,1716.9400562242818,-156.5295595068971
30.013733159730013,249.76222599323808,1722.859848246284,-145.92528475581986
31.562578365440594,246.6221720905706,1712.1673475933844,-282.0226711939767
31.462436506299234,246.81692391018078,1716.8179801915592,-267.6862371913843
31.364430587385346,247.00932935456663,1721.5633100884088,-253.10980657812794
31.269595631489388,247.19735594115733,1726.2965820567856,-238.58984723475533
31.17844019228486,247.3799074552706,1730.9065619537905,-224.42195374543581
31.09093235214312,247.55688093353095,1735.2858573358385,-210.87842426648962
31.00656600206917,247.72907217796802,1739.3386422891722,-198.18956863918663
30.92448790851915,247.89795946366826,1742.9867072774805,-186.53115316080064
33.30162143347417,243.2606487364182,1749.8966293706012,-323.5455407630562
33.10529281454623,243.62661856199938,1752.105581598895,-310.1291664686241
32.906789237840556,243.99973706202238,1754.3770542297134,-296.2398795205779
32.709197847641825,244.37438816846932,1756.6537384129658,-282.15799751890876
32.5151571678708,244.74561259324548,1758.8712125293698,-268.1858474311217
32.326632295540946,245.10955571674762,1760.9622025231788,-254.62447245000783
32.144801648418046,245.4637298024288,1762.8613729787812,-241.7505319330332
31.970067579067603,245.80705309541693,1764.5099499057712,-229.7970998454847
34.78940347056328,240.47462851192137,1779.1936967358004,-355.661562762019
34.53162425624422,240.94099701843996,1779.974869837146,-343.523725224886
34.26608232396032,241.42542445156874,1780.7543993094073,-330.78991437558625
33.99707109655601,241.92050812172673,1781.502034415927,-317.70940839334776
33.728719228824936,242.4189001561609,1782.1825676589758,-304.56932362734267
33.46460412447121,242.91401353088054,1782.7574020238487,-291.67393161260446
33.207460181468434,243.40059740165884,1783.1866878394717,-279.3210743599699
32.95903265663527,243.87507520131606,1783.431822315333,-267.7795858335213
35.86440109899488,238.50956569215083,1798.8225444784762,-377.1639324496566
35.57413043463184,239.02421035717504,1798.8756511024185,-366.15865714279704
35.27150639897089,239.56520830782125,1798.8768838759504,-354.5181355891692
34.961304588843674,240.12464663967333,1798.8075702309925,-342.4647349179416
34.64842321428123,240.69413226326986,1798.6465982540049,-330.26691179162316
34.33741465938736,241.26560344396222,1798.3707932841735,-318.22180378383246
34.032074829321395,241.8320894810179,1797.9555642491418,-306.633050762835
33.73516864576357,242.38826970372813,1797.3758878363528,-295.7874213535231
36.54674464149347,237.28201327760667,1810.6619557830772,-390.1422143978494
36.24107473738512,237.81728024911976,1810.364884163388,-379.928904760201
35.920076031632874,238.38399697453428,1809.9862290800727,-369.077863935744
35.58864977114494,238.97425280338754,1809.5118104966273,-357.7941287851385
35.25202036143848,239.57931027733002,1808.9266265737901,-346.3325712933794
34.915235850240975,240.1904425863785,1808.2148021575354,-334.98295086539093
34.5826949356327,240.79977847233496,1807.3595552154416,-324.04937121462024
34.25779107575309,241.40099090980198,1806.3433588894245,-313.826983023606
36.94380814359439,236.57443993965515,1817.3410672589869,-397.47019120145495
36.63106190761515,237.11823076361046,1816.8761040589109,-387.74044114587855
36.30127833679857,237.69629769962438,1816.3137324945096,-377.3796568222756
35.95936682020547,238.30084089703143,1815.6415472802482,-366.5830588092528
35.610679031423,238.9230368096135,1814.8472001335808,-355.59739167786427
35.26049940744799,239.55387625212873,1813.9182029992642,-344.7075180488157
34.91354116369014,240.18504749982063,1812.8415997150441,-334.2168609337728
34.57354680411204,240.80969027055082,1811.603718444474,-324.4246408624242
25.185954119778582,258.76862905707765,1609.8152236066544,-171.26891556383526
25.317631917606583,258.4865341411937,1622.5961827234369,-156.98707238088463
25.449167149595816,258.2047217530157,1635.1686296916005,-143.01228886994113
25.57782517926326,257.92909677045003,1647.3040482056833,-129.58663816004847
25.701047831847113,257.66519057459175,1658.803131769614,-116.9152906965063
25.816626831519322,257.41778469000764,1669.5069851394587,-105.15608920722144
25.92282658056661,257.19064352418184,1679.3031787716427,-94.4148850479179
26.018445585214035,256.98637965323815,1688.1265729200027,-84.74640771522115
26.359604575711664,256.1193054750742,1649.2917945081012,-214.75372270997315
26.390606874857532,256.0606185297129,1658.0310877774095,-199.53362156916901
26.424714939989183,255.99565171001595,1666.7962761022477,-184.38537170959262
26.460728958456354,255.92681364148905,1675.4101413809024,-169.59880430957108
26.497242283030072,255.85696508460256,1683.7047114822112,-155.43794978551023
26.532775980428557,255.78914587423984,1691.533079480941,-142.12371997861712
26.565914214930284,255.7262945326071,1698.7780671041837,-129.82275107377666
26.59541922307741,255.67100516140215,1705.3568990479678,-118.64309530833724
27.81714123920669,252.93405540239652,1694.173348700366,-263.288458090905
27.74397674626488,253.09297055548544,1699.1522041169753,-248.05054343845381
27.673872821588915,253.24711988372889,1704.2472536929213,-232.58112990508445
27.607637533121977,253.39465251069691,1709.3483216751379,-217.19094540028237
27.545630262804153,253.53458445444534,1714.340906405043,-202.18693529967965
27.48776633128664,253.66682519171263,1719.114948829075,-187.84911055742666
27.433583670599237,253.79207521001882,1723.5728663093057,-174.41167566762624
27.382352119947537,253.9116273865752,1727.6357069966443,-162.05079466885766
29.329505763594437,249.7433240805199,1736.4065325072997,-308.21010309819474
29.170995328667125,250.0677331089907,1738.6295595640327,-293.88635383348185
29.01216109130991,250.3957855754332,1740.9360991250162,-279.07790597115536
28.855618212050302,250.72219145851372,1743.2712347583183,-264.08060223856785
28.703561348134002,251.04233431519614,1745.5722446590535,-249.21045850535796
28.55759117425517,251.35266016514734,1747.7729354961266,-234.7791401042869
28.41863611975968,251.65089307466312,1749.8085919462314,-221.07014122210376
28.286974563002964,251.93605183363957,1751.6207662887696,-208.31953730229637
30.62975212247283,247.0864745871724,1769.568289470854,-343.0661729421579
30.415784200695757,247.5097409401234,1770.1516872902264,-330.05775480826827
30.196830518155302,247.94673018308924,1770.745177193786,-316.4259082538491
29.97661688870683,248.39034868742309,1771.325124115872,-302.4347581221327
29.758665971414608,248.83365444686913,1771.8623141421658,-288.3855578205056
29.54597945372708,249.2704995173017,1772.3231409352381,-274.59452392133653
29.34080807618314,249.69603809427605,1772.6715417405417,-261.3681496417856
29.144546340409846,250.10701195325643,1772.8714772369945,-248.98009810232062
31.573444553203327,245.2049589697976,1791.986685774749,-366.46424497136064
31.329567457101064,245.67687600035973,1791.7232387189067,-354.63644721591027
31.07676251104547,246.17036517998105,1791.409630694097,-342.13666997784884
30.819233700387684,246.67775227302755,1791.0359049759527,-329.20071598274313
30.561218331021614,247.19102628335875,1790.589481716469,-316.1105481976865
30.306590856628837,247.7025953509834,1790.054858704043,-303.17535847778004
30.05852725156008,248.20597520185413,1789.4137461361433,-290.70809708798356
29.819291144720946,248.69628011481922,1788.6457807595816,-279.0012931927937
32.17441065585928,244.0262165740221,1805.5920935762547,-380.6119577107885
31.916062472251326,244.5195010576459,1804.918397600963,-369.6153579590052
31.646185691216406,245.03925880594144,1804.1576651699897,-357.93964247118134
31.36913228008106,245.57775842532655,1803.3052428015617,-345.8020567618953
31.089457881501154,246.126606986305,1802.355861691098,-333.4701533017539
30.811493496080004,246.67753924011086,1801.3027708294908,-321.2454910627543
30.53895098385507,247.223195993338,1800.1370073329635,-309.4414771400703
30.274639765185647,247.757736323544,1798.847105125517,-298.3593929127452
32.524853766865476,243.3455501119897,1813.2964635789547,-388.6089238459143
32.259727936964936,243.84794112159838,1812.4254559947888,-378.1217091067461
31.981563738958236,244.3795518370422,1811.447294339463,-366.9598943760949
31.694741916320005,244.93272450699752,1810.3593724008088,-355.33010018678203
31.403950056141525,245.4989521755665,1809.1595979003448,-343.49118335407536
31.113741418872863,246.06967553801545,1807.8453212760883,-331.7393912743212
30.828112188444088,246.63709965363174,1806.4122154543647,-320.387431075486
30.550178241077727,247.19487236673402,1804.8534687822203,-309.74070723551336
22.63237613316834,263.59146300788524,1584.47570395319,-148.40410677379222
22.759168368104977,263.30392962191746,1598.1321059140585,-133.4837787353245
22.886090143524733,263.0156949098153,1611.567864995006,-118.90433457332627
23.010737564161047,262.7322436790693,1624.546515651531,-104.91379427469484
23.130902879782745,262.4586345161383,1636.8636283722676,-91.72051526516375
23.244723197652167,262.19915427128427,1648.3581082937376,-79.4829562322377
23.35077916370831,261.95708598344555,1658.9180084224492,-68.30542983791466
23.44813519779878,261.7346109870516,1668.480826194265,-58.2395234550374
23.657430307549298,261.09208716254903,1626.5036624158947,-194.37942124163936
23.69580605295645,261.0154755490726,1635.868459698366,-178.44120384279537
23.737400095250962,260.93161119672646,1645.2652827418444,-162.5989378104117
23.781107411815416,260.84277634757285,1654.510152296467,-147.15148264485282
23.825674036305735,260.7516179644941,1663.4300569361935,-132.36897291834708
23.86981901354073,260.6608860752972,1671.8751041477503,-118.47538952292872
23.912350265494258,260.57317844807557,1679.727209301453,-105.63764885690448
23.952256050982726,260.4907332086881,1686.9044991754024,-93.96181580481328
24.931339257032267,258.08193419404614,1674.6323062924025,-245.78929581053075
24.87795364465015,258.21182786444666,1679.957293101091,-229.7874004114793
24.828033169659783,258.3354107991882,1685.4171778519133,-213.5630335742938
24.78220256261211,258.4510068702659,1690.898276478318,-197.43852250222216
24.740705696778917,258.55773364274404,1696.2829944131722,-181.72980913280458
24.703422034695322,258.6555069636941,1701.4589845255286,-166.7228082213129
24.669930987710053,258.74493642922613,1706.327433284198,-152.6543503927167
24.639606401467923,258.8271438760049,1710.809212093273,-139.70037875044326
26.256111222612883,255.0575045148751,1720.3342625570867,-293.5103045607095
26.12699851173363,255.34593840466286,1722.6524442216737,-278.42177253761093
25.9986465232245,255.63556622320337,1725.0752931312154,-262.8413312742185
25.873268970379357,255.92144844621305,1727.5487460103109,-247.07749675750813
25.752696801768153,256.1993082623376,1730.0104644099729,-231.45715435452414
25.638243194926552,256.4658705875801,1732.394350739185,-216.30007148431764
25.530649708318716,256.7190408698451,1734.635694987828,-201.8946448823836
25.430113173025465,256.95790971312726,1736.6761267758604,-188.47854965822327
27.39875213014573,252.52993971699303,1756.5522438300475,-330.65908184331204
27.219885472769306,252.91436073006673,1757.051821344778,-316.9175237580661
27.037853582397315,253.30927504254797,1757.5774246851481,-302.5324953305353
26.855876194708852,253.7079712224399,1758.1098403098824,-287.7803727165079
26.676959097061527,254.10394629116186,1758.6236360557473,-272.9737303148939
26.503631746378964,254.49148805802724,1759.0881840378245,-258.43799137258407
26.337763889823236,254.8661255648332,1759.4695692653108,-244.48590834041613
26.180488779392608,255.22487254300125,1759.7331425010325,-231.39421970359774
28.230726637977842,250.73400863091533,1781.2244482709557,-355.66626386647175
28.024667325054963,251.16646665695635,1780.7714718353413,-343.14565474532446
27.812047725950908,251.61679417569286,1780.277264369832,-329.9251778048536
27.596541569324426,252.07766545427083,1779.7383046448876,-316.25183036043325
27.38180440328471,252.5415195735585,1779.1480256753598,-302.4184758400069
27.17113882384978,253.0012583633705,1778.4960916889231,-288.7436666492251
26.967218253047825,253.45086945853623,1777.7682654737282,-275.54716194940914
26.77191827606735,253.88585909742892,1776.9470348766758,-263.12530609378126
28.761873060831103,249.60610107530263,1796.2779104909405,-370.81712283913913
28.542475517628958,250.06006785883955,1795.3588487651023,-359.16075634613156
28.314247611436105,250.5365666933908,1794.3562628131153,-346.7933247926526
28.081017022178894,251.02817575431672,1793.2728422651162,-333.94230585524645
27.846738038654184,251.52693662468997,1792.1104947554425,-320.88555166268384
27.6151252160923,252.02509054772,1790.8689152194022,-307.9337618566644
27.38932417447629,252.5157899875506,1789.5444297925474,-295.40725480117067
27.171682413459624,252.99364658353971,1788.1294819446032,-283.6113392256298
29.072113446403197,248.95375282441444,1804.830615376974,-379.39181506026557
28.846391843325517,249.41707270832572,1803.6859899547685,-368.26670804579777
28.61051126417085,249.90555812218196,1802.4343455377907,-356.4330954109678
28.368338630956035,250.41183396220183,1801.0807933146402,-344.10718024038056
28.12395636666337,250.92781228945944,1799.6309717858444,-331.55765788162114
27.881282627815118,251.4454398941791,1798.0893440124885,-319.0896644908606
27.64371600554219,251.95744901390273,1796.4575642530472,-307.02276058996347
27.41387135714437,252.45796841557765,1794.7333630991252,-295.6664468364132
20.623517461906108,267.5620972347167,1560.5308088154297,-127.93312203530489
20.74466315576114,267.27337287856943,1574.921725351693,-112.44708401299036
20.866056885134963,266.983251693858,1589.0818123522145,-97.33127697358118
20.98555623592442,266.6968527211489,1602.7686045480955,-82.83883346106664
21.1012259294262,266.418832941087,1615.7741023134186,-69.18080886162876
21.211467264211457,266.1530677480745,1627.9360970585797,-56.5161194107753
21.31509912181971,265.9024464099958,1639.1437428734816,-44.94765243060655
21.411383615786328,265.6688017021769,1649.3373706028328,-34.524173904317436
21.52965243316188,265.1956421120145,1604.4523326213816,-175.9529078007366
21.572270675286614,265.1064911024166,1614.3677187210042,-159.39061558519057
21.61805927277395,265.00949278177126,1624.3194305391328,-142.9452876612047
21.665992635709767,264.90681024729713,1634.1180074958356,-126.92333507746939
21.714939641145964,264.80090038335885,1643.5865775179734,-111.59990392466754
21.763774802579714,264.6942636830324,1652.5732479569688,-97.20136772112802
21.811478884727627,264.5892102985856,1660.9597585846127,-83.8946573392902
21.857213097802408,264.4876810783848,1668.6656063891935,-71.7839202729634
22.655419785099163,262.3428358386942,1655.0289082631375,-229.7302767037966
22.61648480290993,262.4496876828403,1660.6925116479845,-213.0734231369487
22.58114609979599,262.5492375054299,1666.5064745383734,-196.20265894946203
22.549886218181513,262.6399580575295,1672.3537346131188,-179.44988155873446
22.52286304670933,262.72104712624736,1678.1138883215683,-163.1383116679648
22.499933492269204,262.79241700322507,1683.6726925623893,-147.55843670044936
22.480714826624848,262.8545902485108,1688.9305216705068,-132.94892420527637
22.464666856847362,262.90853447362673,1693.8084815561751,-119.48513090506812
23.827236369826643,259.4705025815711,1703.4017436105828,-279.77477559285626
23.72073936549681,259.7288069105492,1705.860205695688,-264.03540118274753
23.615633611485553,259.9865839018255,1708.4426572323187,-247.79940620104134
23.513806532182926,260.2392203151487,1711.094873178331,-231.38572921339454
23.416801147183023,260.4827407978799,1713.7540953502364,-215.1300048126035
23.325709352812158,260.7141069268969,1716.353776023835,-199.3583125309898
23.241134658335593,260.93136877712277,1718.8289314957524,-184.36257392565068
23.163221192925192,261.1336616230419,1721.1212151248342,-170.3812739075472
24.8399327943721,257.06338198891007,1742.0248359212178,-318.84744816150493
24.68873794070339,257.41427312825505,1742.5169986601572,-304.4840188968687
24.535581851824148,257.77325499781955,1743.0519424120712,-289.4617973756708
24.38325988391721,258.13399701611417,1743.6131907697459,-274.067286098291
24.234356536577323,258.4904075410251,1744.1775006251034,-258.62219192247005
24.091026435941597,258.83716374461943,1744.7158627103813,-243.4591216490813
23.954845730770874,259.1701146535833,1745.1954787988693,-228.89544057933537
23.82675458783047,259.4864935026913,1745.5824265681003,-215.20975092418047
25.578928938847938,255.34844836676697,1768.5030438471777,-345.21931506118693
25.403089215177765,255.7462386545323,1767.9519129460136,-332.1120028271214
25.222337661115986,256.15905152577443,1767.371575761505,-318.28289861972365
25.03989208926619,256.57993190952317,1766.7630341530296,-303.98828976444
24.858923715994198,257.00175933507506,1766.1237668108652,-289.52985567366176
24.682272151374523,257.4178923262326,1765.4467694007053,-275.2334697872794
24.5122151516944,257.82273508602776,1764.7203143161464,-261.4239432547445
24.35033253761836,258.2121244542865,1763.9285910045155,-248.40003886877977
26.05158201228181,254.2691977517791,1784.7316181633914,-361.227859036142
25.863543889325562,254.6882733215481,1783.6649316737962,-349.01340595262775
25.66860082047495,255.1267942847488,1782.5227680927524,-336.06248134159136
25.47012178286618,255.57768600750677,1781.3132200773584,-322.6110433745391
25.271553612157902,256.03342825068427,1780.0432754314834,-308.9453675248394
25.07610519496211,256.48674236636225,1778.7170219497336,-295.3832208071679
24.886470639069927,256.9312417494717,1777.3342578070447,-282.25007132064246
24.704640193292956,257.3619275897995,1775.8898955647437,-269.85384832519037
26.328002647233014,253.6441493245674,1793.9781842325424,-370.29911397500956
26.134134779734588,254.07260727912308,1792.660328011661,-358.6348679911556
25.932188280452642,254.52302373622285,1791.2409244323571,-346.23500634037487
25.72557581251916,254.98835210028062,1789.730885560305,-333.32370602528647
25.5178645728674,255.46093605450434,1788.141448966625,-320.17762667325803
25.312448147750302,255.93320830313468,1786.4820468948255,-307.10885561701446
25.112245062601144,256.3983818274987,1784.7583646033054,-294.4420284421177
24.91947945758876,256.8510043277443,1782.971080213364,-282.4893163172211
19.004576523400385,270.88739650407905,1538.3032207765705,-109.61522970940179
19.120011004113046,270.5999796772477,1553.3130646953223,-93.62478849028163
19.23573027679453,270.31065799725104,1568.0832277936406,-78.03021463949958
19.34980171756111,270.0242328368964,1582.3666526434945,-63.08904113898569
19.46050508252735,269.7450200491225,1595.9528181647786,-49.01462542661207
19.566447039167535,269.4765514318635,1608.679085451539,-35.96619963641112
19.666628803295954,269.22139225121174,1620.4360283866317,-24.04531043349374
19.76046156286666,268.9810916505515,1631.166818886083,-13.298155694788903
19.81490991357718,268.6367638962085,1583.652839734903,-159.34396379568255
19.85981827894138,268.53888639846656,1594.0495071057062,-142.23368278056893
19.907776254276058,268.432795678144,1604.485309649833,-125.25869695210305
19.957825611659683,268.3205436697302,1614.7662890004722,-108.73185363624754
20.008935382453,268.20441872322726,1624.7125903706406,-92.93245044011583
20.06010367089235,268.086706733764,1634.1709894318506,-78.08876913188615
20.110446342362707,267.96947499419,1643.0235007773472,-64.3675729284449
20.15925827236122,267.85441603606705,1651.19122369487,-51.87117986989654
20.820752814761736,265.92229279587565,1636.0985064095871,-215.10166283650364
20.792466736684457,266.0108982252308,1642.080815104543,-197.87651221594416
20.767767356575057,266.0915587357945,1648.2260220215358,-180.4452439002357
20.747027778195413,266.1628682959181,1654.413925210271,-163.14776891148392
20.730342216849614,266.2240846413463,1660.5216186779444,-146.3133385959396
20.71755400757923,266.27510852976826,1666.4333100932176,-130.2360458531607
20.708313780150576,266.3163811139346,1672.0488785127009,-115.15585246770868
20.702151646423314,266.34873321716196,1677.2899311988172,-101.24733718138125
21.867877963989084,263.18527972164173,1686.546475764996,-267.0987531932381
21.778849442960627,263.41862375211423,1689.1664339904992,-250.79892095861936
21.69157493511901,263.65021242708195,1691.9273201575372,-233.99914514194978
21.607680427145425,263.87571850566985,1694.77414161637,-217.0270764899608
21.528482233237288,264.0914234359253,1697.6432763559678,-200.22551774420654
21.454901620431166,264.29448373401834,1700.4674584922477,-183.92556532865828
21.38743915164395,264.4830619592281,1703.1813256503547,-168.42174796911277
21.32620414813815,264.65631894531583,1705.7265830469864,-153.95284881004727
22.77381004918275,260.88669581615727,1727.072814217905,-307.800458645853
22.64442492291898,261.20914628227433,1727.6052845001896,-292.9037719751126
22.513889818852945,261.53787876680053,1728.19656388125,-277.33607821497924
22.384651779337965,261.8669126041751,1728.8317315608515,-261.39233465956073
22.258956230746083,262.19052047274937,1729.488668270909,-245.40172161177685
22.138661683400688,262.5037140141859,1730.139118733944,-229.702538480824
22.02511748007608,262.8026078222438,1730.7507828930302,-214.61565850672696
21.919119279980226,263.0846095625349,1731.2901056999594,-200.42074460595012
23.43588427098376,259.24556730398444,1755.0023471079212,-335.33691355140724
23.284119255496183,259.6135542312216,1754.4147448786048,-321.7277787699105
23.128611611896797,259.99435829978756,1753.8108325024766,-307.3790395540759
22.972198562111203,260.3813777102828,1753.19469806817,-292.5547445328133
22.817655655496527,260.76789303357964,1752.5664566837677,-277.56378401518236
22.667451455380252,261.14766471794616,1751.9211800224166,-262.7378247033506
22.52355310280882,261.51545172407305,1751.2486453265392,-248.40554256580427
22.387313628183033,261.8673636340646,1750.5340409589908,-234.8671717722001
23.859901373429302,258.2110115553747,1772.1855754688982,-352.08191792328466
23.69699233636064,258.59986628299464,1771.0395416278616,-339.3909462027839
23.52857536554502,259.0057380948469,1769.8280324406205,-325.9427012936295
23.35763229562229,259.4218919687443,1768.56302792646,-311.9802501411974
23.187191157529025,259.84121476939714,1767.2550370925792,-297.7966832959436
23.020052280289754,260.25685611353873,1765.9110839139566,-283.71543537115053
22.85855172288046,260.66282842495605,1764.533207968443,-270.06582538183795
22.70440281817746,261.05445923698073,1763.1178678231388,-257.1574667531455
24.10811168671416,257.6111689202306,1781.9996738899322,-361.581304399627
23.93984890744898,258.0093092080475,1780.5799023392876,-349.45725442078395
23.765033832010822,258.42686398857825,1779.0666388606337,-336.57531111073206
23.586692986483513,258.8571139145877,1777.4750644205772,-323.1663112031449
23.407966187882373,259.29280768652933,1775.8203982365853,-309.513411780101
23.2318207449801,259.7268159480118,1774.1154898642344,-295.93420019231576
23.060792592766166,260.15277108132244,1772.3687075362343,-282.7571180632042
22.896801139554714,260.5655749087501,1770.5826307649427,-270.2960529245942
17.67242652470789,273.71501140289996,1517.829319165814,-93.18150500729836
17.782400387771588,273.4303311461854,1533.3647239426787,-76.73869188789806
17.89265311879224,273.1433618615348,1548.6526023265574,-60.71430416941365
18.00142279327335,272.85862910883,1563.4422948977822,-45.36972725391148
18.107161787368035,272.5801572598241,1577.521487289151,-30.92028224400093
18.208639199163056,272.31118899058896,1590.7275362656374,-17.525401427299897
18.304998219666448,272.05402053622055,1602.9525774817387,-5.285360160621252
18.39576424672777,271.80996798857126,1614.1425332886429,5.75600601826261
18.404705193929995,271.564873228634,1564.2749446512425,-144.3628612180022
18.450690094187916,271.4609427261496,1575.09224811913,-126.76696591330868
18.499574829530022,271.3485734900712,1585.9503521332151,-109.32247426572923
18.550458969059083,271.2297143653514,1596.651581934158,-92.34774527603687
18.60239419686837,271.1065045046837,1607.013727961818,-76.12561249295842
18.654478303648542,270.981044589448,1616.882697978458,-60.88588488351482
18.70593425735348,270.85519588233245,1626.1410484382177,-46.79503870822296
18.75616158674853,270.73044246727875,1634.7115705520896,-33.95365406551133
19.312567917219667,268.97114349941444,1618.1697868070246,-201.80283573166327
19.29223531911585,269.0452216612147,1624.446191137717,-184.07908687500205
19.275409300103522,269.11093375380585,1630.8956139252132,-166.15621923610138
19.262378297460472,269.1669707306263,1637.3949822696159,-148.3809767379764
19.25318896740735,269.2126340697415,1643.8191922452982,-131.0876400844312
19.247676907405655,269.24780757838437,1650.0511760797222,-114.57325789488692
19.245521599654477,269.2728575982866,1655.990550013105,-99.07869019127222
19.24631057191637,269.2884946656638,1661.559584045488,-84.7776386416106
20.2573565634245,266.35321422921487,1670.2508846109074,-255.46298031681707
20.181963260776328,266.56588345386945,1673.0391286693693,-238.6748559589872
20.108527603481175,266.77590354031173,1675.98291315983,-221.38430131664484
20.038465452205582,266.9791930783793,1679.0261398691277,-203.92634745079164
19.972913418706966,267.1722493235259,1682.1041018717883,-186.64976033985712
19.912659762792867,267.3523879389121,1685.148699562977,-169.88974861976794
19.858126747778073,267.517859071022,1688.0941763885196,-153.94276716339152
19.809400020626455,267.6678363699316,1690.8823358414747,-139.04759175010616
21.075187122114034,264.1510145424326,1712.2990576843738,-297.55941375655374
20.96312063751331,264.4494500100067,1712.9000208824943,-282.20017236514127
20.850462487246133,264.7527826693846,1713.5745030187109,-266.15985186772866
20.73937486620664,265.05534245700125,1714.3083418764259,-249.7405600157117
20.63182980832128,265.3517175716742,1715.0798519113864,-233.27769191831075
20.529450382660198,265.63720285994987,1715.8609947833297,-217.1141714523648
20.433408274506746,265.9081327831432,1716.6196071803133,-201.57352159803324
20.344389069307233,266.1620532333807,1717.3223064626432,-186.93602094400057
21.673465299135447,262.5759553913979,1741.4047049065491,-326.0987571913155
21.540984351883054,262.9185098423752,1740.8207827764302,-312.05557377860026
21.405608545111452,263.2721495331296,1740.2332260428245,-297.2579115434713
21.269860085452596,263.63059386794066,1739.6481774545282,-281.97637497949387
21.1361920066936,263.9874775846642,1739.067412970837,-266.5258380588697
21.006774675000802,264.3369077038187,1738.4872422213957,-251.24266648395064
20.883328959507253,264.6739429442065,1737.8983030974389,-236.4584540768492
20.76703173987729,264.99491640853205,1737.2863557213905,-222.47438110902354
22.0569929499533,261.5816460148799,1759.368929027765,-343.48098729603004
21.914305567489023,261.9445627903851,1758.1896889587645,-330.37865337847296
21.767145096743846,262.3225644001778,1756.9555430300875,-316.50156297586074
21.61817055697945,262.70922942415285,1755.6812349746483,-302.0988631053733
21.470066074130408,263.0978092958166,1754.3796805285915,-287.4691985781508
21.325301499505375,263.4818269811536,1753.059834714279,-272.94060058085404
21.18592728408448,263.8556352599158,1751.7251601903906,-258.8453335027913
21.053439536832382,264.2148334053514,1750.3730747293775,-245.4940697923427
22.281660636139893,261.0045862718999,1769.6500902769003,-353.3520388382891
22.134052743212195,261.37662521920805,1768.177444120689,-340.83153286667766
21.98103485276901,261.766039813831,1766.6204027093006,-327.5344300909385
21.825309729635556,262.1664167606504,1764.9972594191872,-313.6971394896035
21.669665042216796,262.5708696908474,1763.3260397561487,-299.6081853897492
21.51672194335181,262.97265360626915,1761.6219214580294,-285.58957517550056
21.368710021387827,263.3657607909232,1759.8950429042163,-271.9726509793303
21.227308533528564,263.7453900136708,1758.1492056664251,-259.072377663417
16.556589608649777,276.1517520546299,1499.020645265082,-78.37933731350219
16.661478820486696,275.8705897666706,1515.0063260636973,-61.52856777097004
16.76661928897714,275.5868386181555,1530.7374152249888,-45.11625571528063
16.87039017692649,275.30478333465413,1545.96038527609,-29.407172723702445
16.9713846967197,275.028197413834,1560.461635838239,-14.61832751705353
17.068502603848618,274.7600780395506,1574.0787825675534,-0.9092615923581775
17.160999526483494,274.50249576728083,1586.7055622498656,11.620958971838775
17.24848970565682,274.2565732901755,1598.2905036263942,22.93068002928976
17.224461582609063,274.08895962215735,1546.3217428062567,-130.81374720582596
17.27076707497064,273.98085537070875,1557.5078923362958,-112.7840296465723
17.319815347501365,273.8641745068389,1568.7356620777384,-94.91997840778262
17.37075598749191,273.7407708364574,1579.80426166665,-77.54474910462537
17.42270982712912,273.61265103405486,1590.529603200645,-60.94420331915342
17.474856218250217,273.4817550983132,1600.7570421393816,-45.34939647281641
17.526504298607858,273.3497682831142,1610.3698291600326,-30.92643862108079
17.577136687204966,273.21799841323855,1619.2924535720592,-17.77426333400004
18.051360916842537,271.6005927855537,1601.357821711505,-189.70302636436995
18.03705710966761,271.6630011669828,1607.9030302937892,-171.5375276068526
18.026146441145542,271.7167659375841,1614.6294407325233,-153.17918399979044
18.018851156923034,271.7606553257586,1621.4113777910893,-134.98063780939984
18.015182002290178,271.79400204487126,1628.1218052527279,-117.2804529300171
18.014970526208565,271.81666987546623,1634.6426060456347,-100.37812007524693
18.017921015632563,271.82895701997387,1640.8732944173096,-84.5151315226328
18.02366808781741,271.83146850240325,1646.7368936718062,-69.8642610046065
18.91134492437787,269.08718201111463,1654.7422423762787,-244.7978584802757
18.846734505756487,269.2826385739574,1657.697375014578,-227.57977962212547
18.784189157884438,269.4747825600265,1660.8205980148578,-209.85731490490826
18.724954492261535,269.659742361459,1664.0545372103331,-191.9718353922435
18.67002312113388,269.8341960790078,1667.3333069664973,-174.27717128619568
18.62007793791115,269.99559006164947,1670.5879504246486,-157.1118972586943
18.575480578423583,270.1422426836185,1673.7523313986626,-140.77397893560604
18.53629999124508,270.2733323854073,1676.7683980335848,-125.5019675358516
19.65589141530175,266.9701351401286,1698.0222386040941,-288.1019071650927
19.557727584177655,267.2482518107242,1698.7072554517586,-272.33706665002626
19.45936417562659,267.5301861113469,1699.479042677377,-255.88262381138682
19.362729390025898,267.8105398173669,1700.3236685532509,-239.0468130163003
19.269573053738025,268.0841724014338,1701.2194411306286,-222.17027817582687
19.18132884761869,268.34661818282075,1702.1382107257598,-205.59975831707584
19.09902726280379,268.5943939522156,1703.0477398721098,-189.66084394821715
19.023268117912604,268.8251564731468,1703.9147153621561,-174.63410453482692
20.200907759997712,265.45379319843585,1728.0912649237812,-317.51340243244067
20.08401940256123,265.7746449988124,1727.5364734247985,-303.0906912713248
19.96486454245518,266.1052009029048,1726.9900148812958,-287.9008054079452
19.845704330954504,266.4394661881804,1726.4593594142116,-272.21995557339596
19.728727446174812,266.77138475249126,1725.947276334008,-256.36803231482224
19.615862553095326,267.09536047773315,1725.450757082176,-240.6853330562268
19.508632776983077,267.4067053768937,1724.9608874796302,-225.50566408644033
19.408075708337524,267.7019369736801,1724.4637378832936,-211.1307810661685
20.550535667212802,264.4954083907165,1746.700630233175,-335.4518647403673
20.424259747262727,264.83609021150335,1745.5187723680433,-321.9905199028774
20.294293922431585,265.19029726556346,1744.2924418562611,-307.73949251997686
20.163027735424507,265.55189161643915,1743.0383270165985,-292.9530237192311
20.032862240169134,265.91444523027053,1741.770965267352,-277.93449295671746
19.90599789524325,266.27180415641743,1740.5005536432914,-263.01567501443077
19.784254816735256,266.61861077373885,1739.2314340410874,-248.53112652652325
19.66895611186795,266.950691326414,1737.9616078873096,-234.79215719442954
20.755454753651968,263.9387442280734,1757.369645044075,-345.6481087101547
20.624642757513225,264.288352963121,1755.8772810044584,-332.78208931569895
20.489292972234384,264.6536829001284,1754.3098289306495,-319.1234077449726
20.351837518530985,265.02859800801616,1752.6878440853566,-304.913242420346
20.21477318831767,265.40653494525844,1751.0313169086066,-290.4446127407408
20.08043825384324,265.7810827180546,1749.3569951905224,-276.0431364913006
19.950814541538744,266.1465412724728,1747.6761703086013,-262.0424030307125
19.827389376698395,266.4983588066384,1745.9934222306383,-248.75802274549747
36.75115387932689,236.22672438726252,1751.929322754102,-271.37970738157117
36.8370138464027,236.07151324921557,1761.5184842309159,-258.85581865138727
36.92056302322579,235.92105933950984,1770.9886555641074,-246.4857752498082
36.99819739970426,235.78178492791034,1780.143807749705,-234.50512589553432
37.066202952466135,235.66027344015188,1788.804548445426,-223.12424648112327
37.12102225485324,235.5628088946486,1796.8192293473876,-212.51569620771923
37.15950252622335,235.49495226591355,1804.0713446079108,-202.80652340047735
37.179101349721456,235.46119368949763,1810.4827311611234,-194.07596935134086
38.36885369314085,233.38913793527902,1777.7631505302993,-303.07262795024445
38.32022106487562,233.4664330133613,1784.6779976062594,-290.07720692706926
38.27161879855442,233.5447577824272,1791.6156059082746,-277.03729354934654
38.22190797169161,233.62621016916432,1798.4210452808334,-264.21927385743857
38.16941549405032,233.71376853295956,1804.9425050153036,-251.87690759897396
38.112078361904665,233.81105458163896,1811.0419752552039,-240.2333929334245
38.04764849921624,233.92199526894993,1816.6038741237921,-229.46799930075292
37.973926761574894,234.05043393349655,1821.540683370562,-219.70858455894276
40.36013484283091,230.00405799582964,1806.4712467157228,-338.60070727049214
40.17570363756783,230.30216184659758,1810.9627236582955,-325.8374334068315
39.98886922536115,230.60644086043064,1815.525984357591,-312.79143793726706
39.80140363848804,230.91421787200142,1820.0537049613044,-299.7366716863284
39.61440956078087,231.22382536999322,1824.4336433288108,-286.9549331071188
39.428221160222,231.53478770302263,1828.556598327683,-274.7143486801967
39.242434229516796,231.84780038186406,1832.3239509876507,-263.25000819960894
39.056057329503425,232.16451091813576,1835.6537385556442,-252.74963211970405
42.40036149574605,226.6489479680002,1832.7616926494688,-371.5802408503091
42.10863965821093,227.10884807320798,1835.5212096203095,-359.72168530487977
41.80801760569673,227.58642295398545,1838.333383979838,-347.39397467446014
41.50260222842619,228.07556691609707,1841.1268214644995,-334.8517611631154
41.19609110364677,228.57064737689547,1843.8236329959605,-322.3777729080996
40.89140644246193,229.0670975475299,1846.3444378490194,-310.26177028001
40.59046707022223,229.5618187346693,1848.613637965973,-298.77825696372076
40.29413951714398,230.0533133964975,1850.5642484157684,-288.16656529586214
44.1312337153729,223.88493618913586,1852.8773409936402,-397.22150110074966
43.77278713538317,224.43705769964717,1854.616426283325,-386.5124243984855
43.39813567610337,225.01866054223635,1856.3729225920854,-375.24146849445907
43.01262275851615,225.6221298175534,1858.0950927538847,-363.63431651181014
42.62162867706688,226.23956609212317,1859.725851808782,-351.95802575467263
42.230030723335375,226.86360367758343,1861.2060140765088,-340.5032796130504
41.8417508320096,227.48813929325428,1862.477834920876,-329.5625235788352
41.45948348894571,228.1088171534053,1863.4884002433273,-319.4076508487216
45.37378532634441,221.94400892838783,1866.2036752497252,-414.46151751273976
44.98100221626314,222.53903034675022,1867.4088590213707,-404.7425367331839
44.56637783882422,223.17204354276814,1868.6059485221977,-394.43665593812204
44.13566771887064,223.83513618139767,1869.7523939683729,-383.74585366876755
43.695056858793706,224.51950680879793,1870.8014634444658,-372.9203738514076
43.25054480164368,225.21635435453362,1871.7047527919078,-362.244221915
42.80735902317202,225.91777769855608,1872.4148442630549,-352.01512796815484
42.36951695775434,226.61749871911604,1872.8877979381027,-342.5220187233356
46.159165314872745,220.73484831559668,1874.1825478024632,-424.8990399223085
45.750531733778736,221.3474723797869,1875.1214346939696,-415.86462840193866
45.31652161407953,222.0031681724301,1876.0381549795698,-406.2460059277888
44.862945809239434,222.69414357577776,1876.8943825881538,-396.2303533935809
44.39630124657647,223.41134633413057,1877.648290442939,-386.05617546502094
43.92313677091392,224.14535382306227,1878.2567672665787,-376.0012099639151
43.449401124821456,224.88734419150106,1878.677691574408,-366.36405638375646
42.97990652302017,225.62995019432515,1878.8719772128316,-357.4421353080909
46.615081081191676,220.0389349978356,1878.6642794283814,-430.80422998276765
46.19933668053013,220.65849790251514,1879.4709544600692,-422.1857194937939
45.75622146884967,221.323904361442,1880.248357686624,-412.99126020859285
45.291506956549746,222.02753243638895,1880.9601940555704,-403.3997660456681
44.81179873774965,222.76029430371946,1881.5670091200286,-393.6428599662086
44.32390051087926,223.51251250145506,1882.0282877083694,-383.99422291960616
43.83413267063561,224.27491814851388,1882.3045603650692,-374.75234306122513
43.34774357938911,225.03957027540343,1882.3592377695245,-366.21901036637126
31.539172181628935,244.52519346094942,1734.9250467035104,-245.3557825970042
31.638426588956403,244.33239931612349,1745.7065260741217,-231.9237751760009
31.736905870764843,244.14171845350657,1756.348047661957,-218.6881638468144
31.831472376179264,243.95925247150515,1766.6362863240347,-205.89374763030384
31.918969243106027,243.79111620498836,1776.3781173307307,-193.75605437633192
31.99644683629464,243.64300660548375,1785.4123834348648,-182.44890259419395
32.06136047724578,243.519829502792,1793.617452851162,-172.0973114539821
32.11171851460614,243.42542253718,1800.9141144315834,-162.77605176819762
32.95902122676397,241.76041187847449,1766.22817830237,-281.30978223793903
32.93809569118978,241.79794997195518,1773.7922872994245,-267.2337046286479
32.91908957732408,241.8328930202338,1781.3875765052826,-253.1380504096439
32.900960712742304,241.8672514286018,1788.8480335004556,-239.30468894535707
32.88223567443292,241.90381899887365,1796.0118508450066,-225.9987122774502
32.86114967800386,241.94592234433406,1802.7329086897973,-213.4500676783756
32.83582478325144,241.99709821156034,1808.8899495130186,-201.84027439415482
32.80445833271781,242.0607484808149,1814.3923691901937,-191.29567150970314
34.71524194395459,238.45244964786076,1801.3509546586183,-321.5615353401672
34.57131639482649,238.71109308703262,1805.9722646991324,-307.62306741639134
34.42784978710106,238.97112893603736,1810.6815850137295,-293.39837016147186
34.286374137150226,239.22988596416332,1815.3696421846041,-279.18133890133254
34.14780575111968,239.4857099667938,1819.9216351643117,-265.2707789352959
34.0123849945117,239.73810034829032,1824.2255834622586,-251.94754304948376
33.87972317164411,239.98766008332043,1828.1802881679523,-239.4545347099963
33.74894148742517,240.2358765764042,1831.7017678171242,-227.98247936106057
36.52584356203245,235.16113784696876,1833.8767487869327,-358.888923861124
36.28283907821559,235.584396457164,1836.3799322907762,-345.8561964825967
36.03502341035608,236.01969996379427,1838.9399037722437,-332.3223166629796
35.786101671176134,236.4608537135299,1841.4911558519477,-318.56267328470864
35.53932734732152,236.90225201590368,1843.9610011356242,-304.87969892306455
35.29720428767169,237.33942258842566,1846.2742226427997,-291.5799044706112
35.06131725630436,237.76937450740033,1848.3582016038563,-278.9501915471491
34.83231585223234,238.19069047056703,1850.1478123055876,-267.237292336767
38.07147185890225,232.43935917541782,1859.0253442988037,-387.8872042159221
37.765345348399215,232.95846981700822,1860.281677697547,-376.06285431426613
37.44808587201041,233.50110282297402,1861.5410294315184,-363.62499796237313
37.12463498317391,234.0593909958582,1862.7616407731678,-350.81810819945093
36.79984367172118,234.62535536891374,1863.8966091998745,-337.92872385387363
36.478002907469026,235.19169907287682,1864.8962572239102,-325.2655274144455
36.16247189272709,235.75248333786132,1865.7109352731172,-313.1356719835038
35.85547342106545,236.30355338055514,1866.293966369087,-301.8212512556482
39.18658721447003,230.5223766118869,1875.8220178284669,-407.3706668174954
38.847062428616645,231.0873472430581,1876.4331196896906,-396.60468131271637
38.49135076600001,231.68435208266047,1877.0068818866216,-385.1898106012189
38.12486871042341,232.3050966454153,1877.5119868624129,-373.34448960339404
37.75328113495078,232.94058878270795,1877.914057539901,-361.33698953937204
37.381950109964215,233.5820236181993,1878.177063253713,-349.4689429212101
37.01543324569316,234.22164412031256,1878.2648906590323,-338.0533444683163
36.657130729612646,234.8534038578058,1878.1429904538873,-327.3904953591765
39.893812781379324,229.32576254979838,1885.9335216335294,-419.15992089256724
39.53839768881868,229.9102611873765,1886.2282527097982,-409.13105030140576
39.16355523502186,230.5319702446325,1886.4623679981885,-398.4513958612562
38.774814763531445,231.18264158811084,1886.6088793567403,-387.322788482507
38.378184485154755,231.8529582647272,1886.6390131257626,-376.0004202441394
37.97957191041009,232.5334346711739,1886.5232768793335,-364.7788910168272
37.58421569882599,233.2153590812663,1886.232487944701,-353.9719719992556
37.1962403176092,233.891592760749,1885.7387477676612,-343.88877325506746
40.30520742733599,228.6362534274053,1891.6317966925303,-425.82738467217183
39.94245090764996,229.22880714768587,1891.7720593810727,-416.24790002480427
39.55841371191771,229.86143038613503,1891.8395051954549,-406.0239712268513
39.15862377031275,230.5260071903313,1891.809014069746,-395.3480506779853
38.74922347905815,231.21314370849493,1891.6543524305682,-384.46755065358
38.33638241214175,231.9130626221218,1891.3491248431797,-373.6724508752523
37.92569648974779,232.61658135558554,1890.8675749199542,-363.2761068281795
37.52169362573008,233.3159789802278,1890.1852302989362,-353.5920290808322
27.638185260362725,251.22675118835838,1712.6677322873102,-220.0313324043413
27.743680741510786,251.00736023842836,1724.5559324664187,-205.81176333958618
27.849225273213868,250.7882887812049,1736.287713159945,-191.82876639412055
27.952065723708888,250.57530638122566,1747.6360897612208,-178.33491383039805
28.049493232729343,250.37407954403702,1758.397665228277,-165.54997539458117
28.13903734445797,250.18976934691364,1768.4048473806017,-153.64864014685745
28.218624105377526,250.02670499318035,1777.533328178422,-142.75402250168094
28.286682224786677,249.88816553786856,1785.7045413870405,-132.93691484519462
28.879090562501585,248.57034333090743,1748.335357267893,-259.55406294294374
28.878344818828445,248.57429173771098,1756.5693053999312,-244.55063856141385
28.88045922533931,248.57324646775345,1764.844554983358,-229.55404696417665
28.8844491981657,248.56917320161386,1772.9855236005797,-214.85893744591428
28.88899082788156,248.5647153485714,1780.822221094017,-200.7394614339328
28.89255276357407,248.56293955478176,1788.2023742232223,-187.43061806516684
28.89355032992045,248.56703309493227,1795.0009239001515,-175.11519389031585
28.890496660168456,248.5800022634909,1801.125789625188,-163.91763255168271
30.419047250203903,245.38328400684918,1788.716819398635,-303.82557081984754
30.308548187526238,245.6035564680308,1793.567424020354,-288.87826393866476
30.200144957408117,245.82181291007393,1798.5273596652105,-273.6485132860813
30.09509251950714,246.0355434879053,1803.4848007081669,-258.44690149818376
29.994100079115437,246.24322171515985,1808.3220733587314,-243.5859617540145
29.89730071163074,246.44439923627067,1812.9244443252228,-229.35632071581978
29.80430743907112,246.63963428422335,1817.1884609728036,-216.00638217536093
29.714337084613497,246.83028118618367,1821.0286534357217,-203.72824953818431
32.01443586832176,242.19986886251695,1826.5163491766564,-344.93241240503716
31.81421916172511,242.58346573634378,1828.8985108963275,-330.88480470318655
31.61187876628238,242.97470854291112,1831.3528509076775,-316.31616315359224
31.410633306872015,243.367592416207,1833.8182907005498,-301.5197294277815
31.213249320543596,243.75676784216716,1836.2257296947123,-286.8142628417978
31.02180483536871,244.13802642456858,1838.5025634026101,-272.5195307808079
30.837567142782785,244.50859449733727,1840.5778462169244,-258.9316016950781
30.66099883696193,244.86719067350492,1842.38733551733,-246.3020188266695
33.38364816741407,239.5564049213637,1856.0475107110183,-376.9135447105616
33.12517643549701,240.03690614158617,1856.9615522733857,-364.1180185042195
32.859208634748214,240.53592455672396,1857.880122790781,-350.6717217397401
32.59014245598232,241.04569363574183,1858.7702534854993,-336.835869558538
32.3222078455976,241.55847480762054,1859.5934636881648,-322.91357666198724
32.0590716271524,242.06730009034564,1860.307468120094,-309.22817007744635
31.803538704287366,242.5665828227347,1860.8685179892595,-296.09808273345436
31.557401579766793,243.05248364658334,1861.234147783371,-283.8124937565595
34.376032316085215,237.68814972866127,1875.934622571995,-398.4268316375819
34.08606340696119,238.21612576142311,1876.0860704324339,-386.7445119183625
33.784170977209214,238.77088402480217,1876.1890577012696,-374.3662723748996
33.47524872881998,239.34413129313012,1876.2228885191155,-361.5255072876782
33.16430821134196,239.92705120315088,1876.1641362180271,-348.50615655293416
32.85600077788728,240.51115291365699,1875.98710382451,-335.62447636892443
32.55419937553084,241.0890700886233,1875.664575489578,-323.2054301781974
32.26171952886854,241.65515423505153,1875.1689236820025,-311.55749777762105
35.007479683694626,236.5191508500251,1887.9737839816048,-411.4545913156495
34.70218610680886,237.06793517667916,1887.7520890410156,-400.5531226727415
34.382076589258894,237.64861037510317,1887.4502683379687,-388.94916077769994
34.05219309088626,238.25286216793938,1887.0524994846855,-376.85804806280754
33.717895942386775,238.8714949787606,1886.542021052053,-364.54962722341673
33.38435363243296,239.4953062081044,1885.9011427971373,-352.3327414559368
33.05605906303899,240.11597652864057,1885.1112684330622,-340.53308347130735
32.73646960370106,240.7267948947809,1884.1531048797501,-329.46835448077826
35.3755457544238,235.84455725348863,1894.781530856886,-418.8259158380975
35.06302540528775,236.40220719281618,1894.378476152839,-408.40223361064795
34.734015825329706,236.99459934130002,1893.878253827684,-397.2802905239409
34.39358451996336,237.61351327965383,1893.2670083580092,-385.6651260793131
34.04723768346775,238.24964212129132,1892.5309259331493,-373.81812652135403
33.70039773354696,238.89346955611825,1891.656094829037,-362.04301986418216
33.35788850171685,239.53619786867586,1890.6282071071016,-350.66502730800266
33.023528987132075,240.1705442952012,1889.4323204993782,-340.0063116940383
24.657019905994687,256.6899617726392,1688.610238817335,-196.35975869545402
24.76414161599527,256.45305659535177,1701.481992418321,-181.4511783008143
24.871726244744004,256.21525490443986,1714.1836727382538,-166.81541628229098
24.97733340285809,255.98200404794332,1726.477665415213,-152.71163211313342
25.078610640416784,255.75855934699985,1738.1530606844822,-139.36307073731416
25.173461263779657,255.5496093879072,1749.0380866485384,-126.94504698512762
25.260172819905726,255.35898856478943,1759.0074457747423,-115.57889894972448
25.337493414629243,255.18950555091732,1767.984270548094,-105.33186780808072
25.746590792261205,254.15111115819587,1727.6575511161684,-238.83670305138472
25.759698671210472,254.12863147354864,1736.5366597598465,-223.03571222607664
25.776065800764954,254.09961738153768,1745.4660427679125,-207.26664652670084
25.794753855048672,254.0659936428516,1754.2619998904956,-191.83467924648733
25.814560523772794,254.03026358275625,1762.747956054547,-177.0212493157101
25.83414229544662,253.99525666312738,1770.7671041525657,-163.065145667146
25.852148165637217,253.96384689608092,1778.1920451372189,-150.14977109813756
25.867341941954045,253.93868954658592,1784.9304094518639,-138.39754622496451
27.101056708529352,251.09880573041417,1772.1999137002333,-286.47073166254347
27.016518217239007,251.2853778224408,1777.3398679799857,-270.6618408195361
26.934939552048377,251.46760385757315,1782.6103996736597,-254.57748903889436
26.857328109945136,251.6431786140562,1787.8966217901357,-238.54200659069477
26.784215956358388,251.81072493133868,1793.0778039575348,-222.87889582185352
26.715650346270046,251.96985474357808,1798.0365901138293,-207.88629304111072
26.65125283454713,252.12108555611235,1802.6676846381204,-193.81635338772898
26.590329216633886,252.26564072841714,1806.8846773845537,-180.86157380142492
28.50880604571557,248.0400442895305,1814.2842792439417,-330.78934106162785
28.34365355066844,248.3861833643042,1816.6569448544778,-315.8746688814742
28.178062875920233,248.73670387094228,1819.1217174579415,-300.4266502926636
28.014793695626558,249.08590650304248,1821.6201648827837,-284.7534499789454
27.856177113472388,249.42877242642317,1824.085084886623,-269.18705451362666
27.703928487402795,249.7613935820331,1826.445068982162,-254.0575349279972
27.559059956372906,250.08121975494234,1828.6298131952044,-239.6676244398732
27.421898923791648,250.38709201455197,1830.5753436922482,-226.27177376892087
29.721826773606704,245.4906510367111,1847.4694903125928,-365.3502049264923
29.5036116625016,245.9328946611218,1848.1736251704465,-351.72247703571765
29.280397208448605,246.38970567610502,1848.8929168156797,-337.416923394909
29.05603642730827,246.85359589329954,1849.6011195246942,-322.7090414947114
28.83417720658311,247.31720210554204,1850.2658493540594,-307.91560625248025
28.6179319897787,247.77397047646397,1850.8498853983988,-293.3715302354674
28.409637811867416,248.21870408268512,1851.3132930031397,-279.40365036020535
28.210745918642225,248.647876281273,1851.616143342872,-266.3059146475375
30.604268623483783,243.6829969572925,1869.9869766136708,-388.6459421319394
30.356909670174346,244.17320444349215,1869.8158749912186,-376.17651167555414
30.100698164254027,244.68588262309765,1869.5971881901019,-362.9754423646227
29.83997512561208,245.212952625473,1869.3189753992976,-349.2890892244599
29.579115500468728,245.7459503271769,1868.9663904117729,-335.41447724084014
29.322118700552824,246.27682481906282,1868.521445868449,-321.67958242331486
29.07226157271757,246.7986714822356,1867.9632354688379,-308.4184282279359
28.831877919152355,247.3062591639298,1867.2687607976325,-295.9451976413809
31.167312914489116,242.54925284600438,1883.6899921113709,-402.7731885811153
30.90554821713734,243.06093918109684,1883.0884080158762,-391.12127308773734
30.632375698191975,243.60004682823714,1882.4006499035265,-378.7268091306773
30.352300647036873,244.15842429762444,1881.6204501850418,-365.8169580619143
30.070034877991414,244.72719567624583,1880.7408197977493,-352.6739143518187
29.790053775652115,245.29759290534886,1879.753224937805,-339.61795922320016
29.51618876523334,245.8617820535153,1878.6468938344474,-326.98396146999426
29.25133515883046,246.41351860278053,1877.4085625178827,-315.09561242659066
31.49609082523082,241.89403178787063,1891.4635841999977,-410.7736517749911
31.227437240796622,242.41507844855903,1890.6523617118992,-399.62361651834544
30.945884127047485,242.96633301784576,1889.7337787600436,-387.7332300087618
30.655978270396325,243.53970606617116,1888.7038138301855,-375.3185993893986
30.362578080410227,244.1261870243548,1887.5589558192078,-362.652919280881
30.07039668702892,244.7166844712514,1886.29517091217,-350.05105572839517
29.783564793224183,245.3028928130539,1884.9067931057157,-337.8473409558174
29.5052972400873,245.87801735493247,1883.3857132454148,-326.37002531604867
22.324388614404675,261.2048115909262,1664.5945505544855,-174.6535605969327
22.43050217782226,260.9569894037285,1678.322311187949,-159.13631429120335
22.53726652459997,260.70742853700443,1691.8682310131483,-143.9240448212108
22.642494696663057,260.46127698546303,1704.986423075929,-129.28152404621278
22.744117525623757,260.223423148866,1717.460479974316,-115.43491279636063
22.840330228664268,259.998146447861,1729.116031462571,-102.55994640524241
22.92969855653824,259.78886203229865,1739.827874814086,-90.77629893926851
23.01121387805231,259.5979857467636,1749.5214296049458,-80.14801515081153
23.289284949721484,258.7796361009742,1706.243348613904,-219.58712649126383
23.311653681832773,258.73700763034736,1715.718920867651,-203.0940479202954
23.337392967152777,258.6868591438971,1725.2517861415085,-186.65569019294287
23.36560677018084,258.63106795389166,1734.6514186774575,-170.58599668281968
23.39519451711256,258.5720032689685,1743.7359976940788,-155.17231217741102
23.424965033979657,258.5122788560291,1752.345418590476,-140.65635144990537
23.453753494032362,258.4544914408017,1760.3510019721416,-127.22170884937027
23.480521788921727,258.4009897207871,1767.6608942113858,-114.98877203158452
24.489384843360543,255.8599188997772,1754.042229004172,-270.0341576269348
24.424552695299653,256.01824018769315,1759.4967826001553,-253.48525779603528
24.363096563738047,256.170638665788,1765.1008872192747,-236.66887124426665
24.305821539896243,256.3150063141635,1770.7363719771683,-219.92070055130716
24.253120660669982,256.45010078124716,1776.2794847013292,-203.57310672074493
24.204979278274962,256.5755813340982,1781.6105154475813,-187.93001837373689
24.161034565899502,256.6919181548137,1786.622743666865,-173.24621610399197
24.12067258362452,256.8002059022386,1791.2293227424984,-159.71396813838552
25.739010914912868,252.92663625251018,1799.5533742683306,-317.0689013863392
25.60174718265253,253.23959087982362,1801.9934345636357,-301.412263711385
25.46508379952931,253.55454246085478,1804.546098847769,-285.2144032991346
25.331387368877614,253.86612091741858,1807.1541233877838,-268.79591321897885
25.20262845737048,254.16963666795849,1809.750937693074,-252.49949824986632
25.080232584118804,254.46146211958327,1812.265364727385,-236.66326309233855
24.965017762204372,254.7392408559809,1814.6271249711103,-221.59484089850898
24.857219034745,255.00190625206844,1816.7722430065878,-207.55031810381595
26.81875964190033,250.47426257929305,1835.7257014063534,-353.84041225354497
26.633374387434355,250.88142751567793,1836.3234409086876,-339.5008180889586
26.444686882037693,251.3001134934664,1836.9510958474589,-324.46316833862954
26.256064100284853,251.72317561392347,1837.5871509482004,-309.01497351779204
26.070654908995003,252.14365616076057,1838.2032890984212,-293.484176610303
25.891113089807956,252.55541302653666,1838.7654906465273,-278.2148275288338
25.71940282380561,252.9536116224917,1839.2361044675192,-263.540034878474
25.556716246238498,253.33499701784464,1839.5766376358351,-249.7568250694581
27.606443794210854,248.73044684995463,1860.4324890815583,-378.68211162018434
27.394336823601513,249.1852973279384,1860.052887342245,-365.5392528490444
27.175563984391854,249.65918062474083,1859.633314729863,-351.6370487584275
26.95395686517666,250.14432600466367,1859.1685334696042,-337.2328534613814
26.733330178168572,250.63267960939586,1858.6499882493904,-322.6344684349672
26.517131065887927,251.1166501412075,1858.0651063723162,-308.1791800770376
26.308149430531255,251.58978020245087,1857.3972192933124,-294.20785024996053
26.108340919636927,252.0472181281219,1856.6262844247367,-281.038476250255
28.110126696423766,247.63442167468943,1875.5377435945843,-393.77150410104997
27.88466580271528,248.110965434785,1874.673727297969,-381.47757616016236
27.650282028745206,248.61129778900192,1873.7257309801746,-368.4095448078342
27.41097451198877,249.1275397882185,1872.6950781285577,-354.80462637907624
27.17087463862324,249.651209923034,1871.582230350301,-340.9553152412501
26.933861420060808,250.17401099564046,1870.3853603700832,-327.19092691400544
26.703217868911274,250.68859183534664,1869.0991952939426,-313.8533044977437
26.48139075045745,251.18914209731568,1867.7145155546805,-301.27023565059153
28.404667236281735,247.00013538404167,1884.1316048279366,-402.3256603866447
28.172759989820225,247.48628377101036,1883.03060936064,-390.5543722327562
27.93060294999316,247.9989157398902,1881.8210910706453,-378.0093283184773
27.68224487337174,248.53019018197443,1880.5069877188573,-364.9161037745716
27.43195799047632,249.07147768893557,1879.0927947686037,-351.55767578860525
27.18384003250275,249.614156766101,1877.581860935392,-338.2578040419346
26.941442077880655,250.15041922226254,1875.9747266715003,-325.35772892988547
26.70749229265624,250.67393098089732,1874.2679774976439,-313.1898818771257
20.45718515567413,264.9904499613236,1641.515760178102,-154.90888853989688
20.560908924720376,264.736248909247,1655.9830648302504,-138.84935719555403
20.66534851234171,264.47970973507626,1670.2581117745915,-123.12325548489258
20.76852380365572,264.22570736456123,1684.0885221487183,-108.00018871906846
20.86859248900983,263.97880673092817,1697.2538491676885,-93.70877632044767
20.96397972113053,263.7429353385552,1709.5781954842603,-80.4250140426437
21.053467243331816,263.5211543043055,1720.937115021078,-68.26700942357765
21.13623319697695,263.31555176640086,1731.2585974284561,-57.29590015002101
21.31996367121573,262.6698377071702,1685.1791361170888,-201.90814753784053
21.348443758202308,262.61202320711556,1695.1942626769178,-184.8083512390399
21.380258985589858,262.54605456767354,1705.2718033509682,-167.78364204358206
21.414552905047014,262.4737551536446,1715.2154928506452,-151.15539422844475
21.45031095045575,262.39736669668724,1724.8393303922817,-135.21580746239604
21.486466159414856,262.3193087129306,1733.9808348873703,-120.20888776531378
21.522002560328858,262.24193481034246,1742.5107736750865,-106.31815407539133
21.55603878676391,262.16732856360323,1750.3383143274189,-93.66201033571012
22.392764161787323,259.8735105322533,1735.5324924668735,-254.7276549129263
22.342842640342994,260.00859512016365,1741.3038720659151,-237.53703340985288
22.29646279932888,260.1366848571071,1747.2409473692705,-220.08687560676782
22.254269418839943,260.25584431530945,1753.2222677257205,-202.7224008845693
22.216549247036088,260.3649422702412,1759.1212379946378,-185.78322870030604
22.183244590394185,260.46366903893113,1764.8161033663937,-169.57785746998798
22.154011614597838,260.55244240795554,1770.1990994134565,-154.36290649462143
22.128306442026936,260.63223427844827,1775.183337777175,-140.33006220703584
23.510813915659433,257.0588276048818,1783.779514191428,-304.0695891973478
23.3955430700467,257.34323802307506,1786.3342002863733,-287.77313713512586
23.281509343939103,257.62789742960103,1789.0207088351171,-270.93019120788495
23.170754671633723,257.90774857451333,1791.7819635047226,-253.87175300086875
23.064959086747233,258.1784003927109,1794.5511988953542,-236.9493053565109
22.96532081978645,258.43646849331924,1797.2568923486488,-220.50732814958104
22.872511387859003,258.6797553174627,1799.828479193294,-204.85705365536512
22.786703450900507,258.9072580576939,1802.2019027276206,-190.25544655490214
24.478611596142958,254.69969623897046,1822.3811680337226,-342.73713069437395
24.319658211029353,255.07588158825308,1822.9459518840931,-327.7851605825509
24.1585650567699,255.4612427147552,1823.5566263014243,-312.11945005699954
23.99828595656177,255.8489840960866,1824.194813225499,-296.0376185234043
23.841556870978376,256.2325351341008,1824.8347360847324,-279.8767883858215
23.690661462938316,256.60612865654633,1825.4442583385096,-263.9882686630283
23.54727156706049,256.9652451710005,1825.9869995408171,-248.70993980812347
23.412383838382738,257.306854392521,1826.4252424600213,-234.34074774566062
25.18605941377062,253.01813293106545,1848.8962039954445,-368.9171771725662
25.002665640889393,253.44126965780367,1848.3939023421221,-355.19575382964155
24.81417371679821,253.88071557819725,1847.8625117709803,-340.69288453579827
24.623972699614438,254.32903402394712,1847.3017224256314,-325.6752190478405
24.435405058482004,254.7785790362079,1846.7074208254999,-310.4594440116864
24.251464364182656,255.22219136228418,1846.0707058412954,-295.39026112330953
24.074551219072006,255.65381455641622,1845.3776667621817,-280.8137830635981
23.90632787544558,256.06892315927115,1844.6101041721627,-267.0504902987142
25.63919398438258,251.95928305829597,1865.1723202902926,-384.8454368446902
25.44349409813203,252.40402896133517,1864.1368672494418,-372.00047205793203
25.240692442602196,252.8696388143435,1863.024175029269,-358.3559420284986
25.034342087399313,253.3485442266447,1861.841369359988,-344.1576031042815
24.82807892467981,253.83266801786635,1860.594404780053,-329.7063851913933
24.625287176729096,254.31416397728577,1859.286223650949,-315.33889202420846
24.428806100491315,254.7861224798356,1857.9153226261715,-301.4022471540426
24.2407298895808,255.2431130295085,1856.475144846806,-288.2270070630947
25.904477906822706,251.34577098942546,1874.455764832396,-393.8845759002028
25.702799525998707,251.80019290373264,1873.158129102073,-381.5804616625474
25.4928349457255,252.27807368340936,1871.7560627116982,-368.4754911491673
25.278189970465284,252.77186547793175,1870.2596997332375,-354.8032657719248
25.06263317606393,253.27333601525308,1868.6795559197203,-340.8548402104356
24.849748158657484,253.7743202205593,1867.0243449212435,-326.9610828650254
24.642614126340725,254.26746930976597,1865.2989623713152,-313.4684844509811
24.4435738852332,254.74685640061213,1863.5031638285923,-300.7123106154571
18.931519868828154,268.20889429284085,1619.7574165203812,-136.98780777663922
19.032199970510234,267.9513695972666,1634.8636412457463,-120.44162918589049
19.133595282551482,267.6910667408719,1649.7682209255877,-104.25415025944594
19.23389624935627,267.43261388562144,1664.2136351888848,-88.69915436716067
19.331444259906018,267.1802920186758,1677.976438443289,-74.00735980624664
19.424847817906556,266.9377259457921,1690.8799234810535,-60.35489850054576
19.513058450429686,266.7076770708346,1702.8007870300987,-47.85839535017608
19.595399325992002,266.491959168297,1713.669682361783,-36.576321169728104
19.710324085987928,265.98235358789276,1664.9985016741089,-185.7466483698987
19.74279558796658,265.91311521695445,1675.4967447896008,-168.1098392749116
19.77849544836482,265.83531172010686,1686.060932784131,-150.56626935557696
19.81660414598169,265.75070836168817,1696.4899721896531,-133.4436487323291
19.856180254651175,265.66142727425085,1706.5944936010067,-117.03827483789613
19.89625886535767,265.56971410980697,1716.2103146791144,-101.59596683025272
19.935943918727336,265.4777101468494,1725.208137203594,-87.29999025789289
19.974478866389962,265.38727045197476,1733.4984443744443,-74.26684182151872
20.677984356641346,263.2979239507073,1717.3729326916964,-240.5893351306096
20.639417154026212,263.4139895631976,1723.450355108373,-222.83647681297995
20.604419358007767,263.52232388472027,1729.7069284100894,-204.83159862236104
20.573509522670427,263.62113668634623,1736.0180607237853,-186.92798103534102
20.546893421130896,263.70938472615677,1742.2545472894053,-169.47132444873287
20.524483635076837,263.78677578642186,1748.2928947727007,-152.77376887902693
20.505956061115224,263.85367312876775,1754.0246045626277,-137.09323918981454
20.490826750718348,263.9109345478043,1759.363031941792,-122.62063916033641
21.686678774875897,260.5919718930312,1767.8166273010252,-291.9078449653187
21.588796352385174,260.8521159854751,1770.5119930795377,-275.0542891877224
21.492539672994702,261.1112121280513,1773.3564609190898,-257.6505347117204
21.399685500142965,261.3644848580475,1776.292460996724,-240.03639320243676
21.3116809111412,261.6078035544522,1779.2525357106238,-222.57062613660065
21.229545809056216,261.8379886061284,1782.1644989349236,-205.60289572079157
21.15384026334815,262.0529699994497,1784.9573685567198,-189.4471012943088
21.08469414699056,262.25178727430495,1787.5670185901092,-174.36058577266584
22.560780992297165,258.3193481455166,1808.3998119378632,-332.211167457202
22.423093652393376,258.668635555123,1808.9808477516615,-316.7278018154201
22.28407518776135,259.0252779209634,1809.6234767017522,-300.51810962438174
22.14633471970799,259.3828087111328,1810.3112826239826,-283.88828004879986
22.0122702809761,259.7350079430288,1811.019954408644,-267.1830649882232
21.883868262454506,260.0764371850154,1811.7183532166546,-250.759650549532
21.762570387821338,260.402845034125,1812.3707307282789,-234.95953156142315
21.64922466264222,260.7113832414218,1812.9397622851461,-220.08287621704218
23.200663046683825,256.69615046919415,1836.4096586916335,-359.55415210863504
23.040589921717384,257.0914170178525,1835.8458383431814,-345.33173116660663
22.876559996173857,257.5008242989082,1835.2650558000437,-330.30974736837476
22.711587400011556,257.91726187369676,1834.6705368772296,-314.7627415881829
22.548622799734574,258.3334631795045,1834.0612259126653,-299.0147885581899
22.39029056101309,258.74265657079064,1833.4306456514719,-283.4166001415893
22.238680183734466,259.13913499339714,1832.7666341244235,-268.31827802280316
22.09522548562166,259.5186467287017,1832.0521203419567,-254.04198021328585
23.611041665975808,255.67242401433165,1853.6629405071037,-376.2154610241482
23.439638207085583,256.08903818293516,1852.522812209595,-362.89402874742746
23.262486540844204,256.52415516357297,1851.3144366780928,-348.751974197255
23.082757963436052,256.9705180311112,1850.0492865187775,-334.04237391671097
22.90367348071425,257.4204329851518,1848.7372938481158,-319.07307974883565
22.728211271930224,257.86646422461536,1847.3847384800063,-304.18661052124975
22.558853193803763,258.3020914553934,1845.992664544824,-289.7341481739014
22.397415621895277,258.72220864811095,1844.5562520566368,-276.04810074272376
23.851508779186908,255.07863756280472,1863.5253332537513,-385.6799806235091
23.674577235658674,255.50488905556205,1862.1003679612222,-372.9156103470477
23.490833744082327,255.95213953448027,1860.5778914468674,-359.32792317536615
23.30350260292255,256.4131406190342,1858.9727704615295,-345.15730497539585
23.11592877316375,256.8800401027207,1857.2999756256245,-330.7015168793181
22.931271888356335,257.3450919041199,1855.572066602735,-316.2971601622555
22.752229301991324,257.8013553561333,1853.796961860895,-302.2947546861868
22.580838419086323,258.24325424961495,1851.9765435672966,-289.0314647189665
17.662244335504777,270.9798423433429,1599.4387564281592,-120.70812041814467
17.759633542435278,270.7210340163412,1615.0990261308705,-103.72250547591267
17.85770339034038,270.45911395044664,1630.549116057009,-87.11813336310549
17.954786363364974,270.19848870309926,1645.5273540813878,-71.17247275583219
18.04937459536268,269.9431895652411,1659.808057423364,-56.11803219535042
18.14022479510338,269.69657999120153,1673.214187155133,-42.13098476854759
18.226423793093943,269.4611662422251,1685.6237931817514,-29.326548156575285
18.30740882736972,269.2385309013485,1696.9701764574856,-17.760727075956453
18.371418201194714,268.8371826886045,1645.9315797372997,-170.9848681579168
18.406456145939806,268.75933143246004,1656.8608793609276,-152.86866364234004
18.444584100660368,268.6726474143619,1667.8584086887251,-134.86191046968008
18.48501670695298,268.5788360376454,1678.7189782962905,-117.29780885180243
18.526875168664183,268.47990823845873,1689.250486386612,-100.4761424563919
18.56927920493862,268.3779544213261,1699.287536406605,-84.64419255640608
18.611430315527027,268.2749303667633,1708.701083759194,-69.98485592866285
18.652672275428877,268.1724939751372,1717.4030826147036,-56.61280787374088
19.25166348423895,266.25308252380813,1699.923068561494,-227.57287075998354
19.22183533878239,266.3535463294348,1706.2893593673948,-209.3226255464319
19.195529586326497,266.4457672369752,1712.8459314605716,-190.8273123141237
19.173165017673547,266.5280751098137,1719.4652484322894,-172.44715001819878
19.154885217622095,266.599495421277,1726.0157557890939,-154.53295480933156
19.140582303580818,266.6597429641499,1732.3724810455064,-137.39987490624836
19.129951172162503,266.70912680455933,1738.426435154633,-121.30675246520286
19.122558676426948,266.7484003843481,1744.0914131846546,-106.44359249921234
20.169048810547615,263.64538471450214,1752.1466530953248,-280.60146311375007
20.085025444277665,263.8849490891253,1754.994888238624,-263.25804030976326
20.002861857043392,264.1224884226532,1758.007469704772,-245.3616912151434
19.924118142395713,264.3534750890623,1761.125929253521,-227.25977588996673
19.85005377577968,264.5740020045171,1764.2818348188944,-209.31720339972887
19.781547263462986,264.78106101456666,1767.4021865820032,-191.8878551083566
19.71907281286421,264.97268355513876,1770.4155395119378,-175.28770140542466
19.662730230350476,265.147936368994,1773.2577446318971,-159.77411671350853
20.964519210758915,261.4516180608539,1794.3576146883547,-322.3273213180254
20.84403769539593,261.77769292415445,1794.9865501682111,-306.37843908447735
20.72279762433215,262.10969084418747,1795.6918359115366,-289.69283165659465
20.60312174293632,262.4414442159265,1796.4581822774496,-272.5840268886999
20.487131332914483,262.76704327856777,1797.26200864729,-255.40320085578836
20.376572727270258,263.081333792048,1798.0725939883291,-238.51236322285905
20.27270484732023,263.38029037655474,1798.8544244935792,-222.25581932061291
20.1762606460452,263.6612125963167,1799.570352036134,-206.93445738034723
21.547433098031313,259.8820405886359,1823.609927189686,-350.6872547788913
21.40637599232334,260.2530208129845,1823.0269045470704,-336.02702890822405
21.26220841890959,260.63639784637553,1822.4391960036583,-320.5520306696547
21.117629523813942,261.02536481846306,1821.8525184405307,-304.5435574647404
20.975265700488407,261.4129975423516,1821.2678718326429,-288.33187511361706
20.83744024479941,261.7928649344523,1820.6803308652488,-272.2726908255768
20.705992314938083,262.15956092088794,1820.0788048244995,-256.7191508115807
20.58217555270701,262.50906280650634,1819.446896330659,-241.99451834264312
21.921636005658563,258.89076868501206,1841.6822672420249,-367.9924487976707
21.77012735236593,259.28273757634224,1840.485050677123,-354.25538287532953
21.613893879856896,259.6912877646928,1839.2294906892434,-339.67991941992784
21.455783775411504,260.10945717925955,1837.9302845140674,-324.5253384163391
21.298672753560645,260.52990153448076,1836.6002131727832,-309.10537547266495
21.145205565893683,260.9455501671906,1835.247863030986,-293.76736554346894
20.99757478146296,261.3502211343252,1833.8759777260161,-278.86565256121287
20.85737564505171,261.7390836627347,1832.4808597749234,-264.7338614520455
22.141058674068223,258.31527627410605,1852.0325074980965,-377.8317347752804
21.9844355473612,258.71677879099275,1850.5303283791463,-364.6663453238823
21.822125609544106,259.13726560118846,1848.9389215803615,-350.65859532929426
21.657028991476306,259.5697745278412,1847.2767386496625,-336.0546889602904
21.492136574204373,260.0068029317923,1845.5620209072322,-321.1580091422005
21.330258712789117,260.44097955823503,1843.8100640263783,-306.3098376137008
21.173782553831426,260.865720453882,1842.0308695146705,-291.86382551047075
21.024501320235874,261.2757488703311,1840.227740032126,-278.1583861131559
40.30023725331525,228.0989930405936,1825.5304314263801,-309.79903580104707
40.33821131067155,228.0280094546906,1834.4651123220697,-297.51133049049656
40.373035334850975,227.9630456745725,1843.3270770236018,-285.3186983571509
40.401332707845256,227.9098527860832,1851.9278629056512,-273.4632492761979
40.41943130684343,227.87463502769546,1860.091372592694,-262.16672436580143
40.42363127402689,227.86361520871102,1867.665195748755,-251.6163189428405
40.410484595564704,227.88258660353532,1874.5286175818223,-241.95524969975315
40.37705736823194,227.93649612000473,1880.5967343347236,-233.27865504124762
41.90898125653421,225.45445424823006,1846.471918824548,-337.284962364391
41.81564293861841,225.59530169060886,1853.2223284204829,-324.6996472276741
41.72041331432839,225.7404943724908,1860.011171440425,-312.0235053921968
41.622508125622105,225.89154339666172,1866.6861328014884,-299.5224153271165
41.520492568040986,226.0509654145933,1873.096199143169,-287.455022133919
41.41239338606703,226.22211165616065,1879.1022726878678,-276.0540370676515
41.29590132279879,226.4088568396203,1884.5859961317394,-265.51143767107453
41.16863444690275,226.6151907180556,1889.455733021533,-255.96933809371257
43.89177236783884,222.2899985034676,1869.811991286786,-368.43736359973747
43.66573447105323,222.63257611959955,1874.552415375396,-356.1553883993768
43.43438972174483,222.98582935819894,1879.3735133724817,-343.56594219595866
43.19990419296806,223.34675974133236,1884.1635599626188,-330.9376068365334
42.96375451968413,223.71333981557734,1888.805494341937,-318.55150494359026
42.726571451923135,224.0847704147829,1893.1851198453774,-306.67993645008175
42.48813208721282,224.46152115602078,1897.1988827712971,-295.5663770801256
42.24750173088379,224.84514280375967,1900.7601564531112,-285.409834826592
45.925827890096144,219.14383121267252,1891.2404472364499,-397.67734703163865
45.59478000868369,219.6347193588746,1894.5103983973308,-386.2693766144622
45.25125314111969,220.1480220002027,1897.8522770131428,-374.38599131225254
44.89971225295189,220.67759776859887,1901.1852671293539,-362.2754233736214
44.54427968043392,221.2176440715826,1904.4215600491843,-350.2173321629643
44.18830740504553,221.7633401083941,1907.4720856118706,-338.5026247599202
43.834087669760805,222.31131496318935,1910.2524463973843,-327.41120418249477
43.482761384883794,222.85983907246217,1912.6882057084422,-317.19136693874384
47.65375802198472,216.5443378580366,1907.668242452431,-420.6319363869184
47.25716241679383,217.12016706627344,1910.0429137609235,-410.2964879933139
46.84041427126401,217.7299846778037,1912.4678830703783,-399.40210058308674
46.409161414045194,218.366317536018,1914.8801804599902,-388.16899395258474
45.969213543538295,219.02123869090784,1917.2102537452552,-376.8612569798627
45.525946092306924,219.68721003829822,1919.3862418102622,-365.7700952530036
45.083779017661044,220.35786316311442,1921.3385425161514,-355.19240955432656
44.645841060286095,221.02854895232653,1923.0040221183892,-345.40822063687256
48.89583536343426,214.7143844841867,1918.5668245092465,-436.17918169054553
48.46529783441192,215.32999342372915,1920.4544768903415,-426.7604006093262
48.0087840956841,215.98782939692052,1922.3766580278611,-416.7599091516233
47.53231851410645,216.68019216650458,1924.2795454162124,-406.3754451607393
47.04251151606822,217.39831716202642,1926.1032788061984,-395.85506955010544
46.545896712404144,218.13327081452522,1927.7855655824928,-385.48369376388496
46.04827518461984,218.8768892389042,1929.265544314247,-375.5636409277486
45.55420357210684,219.62256355857247,1930.48734405465,-366.39208271106867
49.68177873512136,213.57225930647093,1925.0982645793188,-445.638308605718
49.23544486520319,214.20433406662332,1926.7337757772334,-436.85241725287045
48.759500981329936,214.88353892634066,1928.3952764615524,-427.487043804673
48.260008310967486,215.60231331880834,1930.033583825834,-417.7259308327432
47.74388747607702,216.351661257274,1931.59379370137,-407.80603951119326
47.21824248892744,217.12203712008247,1933.0185749075645,-398.00648025999385
46.689640794954144,217.90434816650418,1934.2517110047938,-388.63077400882673
46.16349937325967,218.6908660065126,1935.2413364255174,-379.98499670843717
50.138380320216996,212.91414070505203,1928.769128121581,-451.0060860866216
49.68489884492666,213.55277437396612,1930.275757261943,-442.60472802087514
49.19975962725313,214.2412141606635,1931.8041552471568,-433.63123284265197
48.68897543667983,214.97207276516687,1933.3075403122355,-424.26151092634154
48.159575468968654,215.73632197891803,1934.7335586154418,-414.72602218695056
47.61893109685681,216.52416009125722,1936.0274328586431,-405.3001325262628
47.07400800486612,217.32603675416414,1937.1353519429492,-396.28754132926053
46.530696588619705,218.13362986641874,1938.0075616466675,-387.99889898234187
34.47111683982277,236.88860262701274,1817.7601521540141,-286.75957920757793
34.53058964946299,236.77445369038557,1827.764012560401,-273.4870734026709
34.588973245703066,236.6631252659434,1837.6748969159698,-260.34670155781953
34.64328426116894,236.56019176236717,1847.2856878970247,-247.59126780302194
34.69035311906275,236.47153337374155,1856.404580306043,-235.44886779833905
34.727060070610854,236.40291127572624,1864.8672927996404,-224.10881824625966
34.750566656236174,236.35955575858267,1872.5455440499481,-213.71273767221814
34.758516220170215,236.34581243318095,1879.3511295962312,-204.35138874433545
35.915089932325046,234.24473976118284,1844.3651497749274,-318.5695538008081
35.85380277440755,234.34736636118157,1851.6327034616265,-304.8304301584494
35.79327972679341,234.44997013944027,1858.9435076510226,-291.0168995226607
35.73281652753231,234.5539619144149,1866.1342381164272,-277.4120130242923
35.67115039178835,234.6617014867149,1873.0433784396068,-264.2875232049635
35.60657853989187,234.7762994915798,1879.5227131151344,-251.88446401399008
35.53714313044043,234.90130406658636,1885.4468260139552,-240.39836421762024
35.460851869399754,235.04032265686894,1890.7195177556227,-229.97063217192314
37.701370110235445,231.07892358427884,1874.2165566688054,-354.4600661867859
37.516616572802235,231.38936759248247,1878.9668007162759,-340.9408953392632
37.330240841583304,231.70517188745393,1883.804447176349,-327.0997425576855
37.14423975621986,232.02316124339728,1888.6165009080598,-313.226452544049
36.95994189399118,232.34118822104833,1893.2838756760098,-299.62096687675523
36.77789540954351,232.65834898442688,1897.689861721593,-286.57033638821116
36.5978858598795,232.97498884487973,1901.7282846474236,-274.3277896996334
36.41907543540676,233.29250107958197,1905.3102003115432,-263.0970003193022
39.54258267736781,227.9271593782641,1901.8456232057065,-388.00190547535044
39.25847239470882,228.39205880500103,1904.7649758435773,-375.3712428176232
38.96667643665536,228.87363732334595,1907.7468095578697,-362.22149903370837
38.67140495636806,229.36538363669504,1910.7164035012138,-348.82217493328835
38.37644877650772,229.86126490523677,1913.591691570938,-335.47399132021985
38.08481297256741,230.35634602597037,1916.2885043925655,-322.48650310500295
37.79848874021131,230.84721471166247,1918.7261909915217,-310.1541702718271
37.51840244081114,231.33213218218862,1920.8328533826984,-298.7347931592255
41.11412347672518,225.31910421577675,1923.193806112099,-414.2366909444504
40.76666429694691,225.8738686113951,1925.0160162665507,-402.7472340937521
40.40465720492184,226.45693340163743,1926.859333878453,-390.63618114287874
40.033536385113905,227.06026927951385,1928.6701635058757,-378.14255800238345
39.658743700541926,227.67556137572743,1930.3891186174537,-365.5507525182244
39.28518910681719,228.29505812429045,1931.9543563748207,-353.1715066916453
38.91680442342738,228.91232386980857,1933.3052539443574,-341.3184560173249
38.55627783085205,229.52274233156746,1934.3859858099283,-330.28402149694466
42.24805734494206,223.48087662665904,1937.4453640563847,-431.95575084041843
41.866964794678545,224.0786713059268,1938.6856915386466,-421.4562428193845
41.46594928578512,224.71323671335816,1939.9167732294486,-410.30294679862226
41.05089742432837,225.3761988531408,1941.0948446062584,-398.70980124127925
40.628083276824704,226.05828626138614,1942.1718654216907,-386.94340223853436
40.203551285591445,226.75025252955976,1943.0980490502943,-375.30755048837744
39.78253440221874,227.44380601539058,1943.824544349985,-364.1216849694335
39.369025269675205,228.13235599775456,1944.305967588979,-353.69650609827755
42.96740027371409,222.3326603903918,1946.0225728580663,-442.71566664167767
42.570217259677335,222.94881834790505,1946.9699893693232,-432.9036974472165
42.14969053769767,223.60686638118122,1947.8909730811954,-422.43626308752016
41.71180289802576,224.29851227522641,1948.7462064599508,-411.5114044617221
41.26317800868631,225.01418453127104,1949.4929904247203,-400.3831391851114
40.810439291446286,225.7439594248863,1950.087473675374,-389.3485577680846
40.35956019407384,226.47856630724257,1950.486900360003,-378.7281173561665
39.915335121275646,227.21027135050133,1950.651621989467,-368.8416215810442
43.3859526437007,221.67071828179368,1950.8557211841526,-448.81443560583216
42.981290117770584,222.2944735102902,1951.656905794468,-439.4212967611314
42.551332130221454,222.9629416093608,1952.4227694145466,-429.37851873102915
42.10204999590905,223.66797687723434,1953.1160897802124,-418.87516941699056
41.640204008521806,224.39994029268826,1953.6967213028756,-408.1578104989063
41.172697524900826,225.14861500248256,1954.1237113857178,-397.51915840450846
40.70589427047403,225.90424352377386,1954.357367863233,-387.27946662839975
40.2450365433755,226.65847913019,1954.361017264566,-377.7631853361137
30.055152754315298,244.12615315868,1801.4142193670918,-262.8766580295468
30.12896702588305,243.97615166353404,1812.4874837050984,-248.74815308963423
30.20286643498547,243.826722407029,1823.4521685289965,-234.7901853073691
30.274193456957434,243.6832510033284,1834.0854943809293,-221.26448358671954
30.34019127251184,243.55129467253147,1844.1830944952774,-208.4042311886541
30.398210934193,243.43617364269065,1853.5719013383632,-196.40010098009841
30.445901347439932,243.34259944355014,1862.1187709766205,-185.39194408636146
30.48136051779583,243.27438104666848,1869.7343229206729,-175.4663999349873
31.335840494862463,241.53388982471486,1832.9016934928593,-298.50395509505915
31.300778807921787,241.5996752112293,1840.7526207275387,-283.7567901194435
31.26800036444935,241.6622771898668,1848.657026915999,-268.9573462491756
31.236810412656208,241.72310751163755,1856.441681341121,-254.4032299092202
31.206050443266715,241.784442346143,1863.9360357339147,-240.37688155496124
31.174217620611063,241.84920549848178,1870.9844672929885,-227.1257284724928
31.139629804420746,241.9206631877646,1877.4563061323627,-214.84745043702083
31.10060850244163,242.00208029621555,1883.2524163531953,-203.68204452173993
32.925329876440266,238.4246318189993,1868.4987787503612,-338.63969011407136
32.777859831728094,238.69884045717976,1873.3639624668358,-324.02915062380845
32.63113095844881,238.97423773038582,1878.3335338848665,-309.09299247072784
32.486855505653786,239.24772078913995,1883.2929864760808,-294.13965336376566
32.346127769881306,239.51722540079174,1888.1210662461035,-279.48491162288235
32.20935114321079,239.78189520744695,1892.6985986605046,-265.42763426273723
32.076274577110084,240.04205520924893,1896.9170381503782,-252.2282930487131
31.946122828585302,240.2990073896478,1900.685531503354,-240.09323506471966
34.57130525469551,235.32110932387852,1901.7467752245307,-376.1107022908154
34.332027852548485,235.75208291356049,1904.4271791177434,-362.3892427660072
34.08850370666459,236.19481646667967,1907.176080288225,-348.11931923382605
33.8445015576504,236.64279324439374,1909.9245689339923,-333.5897894074682
33.6033372371882,237.09008209262853,1912.595652864129,-319.11972355311434
33.367573160634464,237.53190814901376,1915.1091608562474,-305.03421312631417
33.13884624809986,237.96502415302763,1917.3872349594794,-291.6391239020661
32.91784932900542,238.3878188148203,1919.359634264215,-279.19900087249266
35.983149766086676,232.7456969739967,1927.6644551671238,-405.4006343543065
35.684224173625736,233.26938979331527,1929.0350426259188,-392.87224691156115
35.37508626869587,233.816140919368,1930.4157737707442,-379.67491188930836
35.060710831484734,234.37777880057521,1931.762856316218,-366.06540046832185
34.74596764748755,234.94600909478496,1933.026796168965,-352.34634714852353
34.43515381602567,235.5132328743774,1934.154869967803,-338.84528561904165
34.131625304000245,236.0732457347873,1935.0941036953977,-325.88946886038184
33.83759535687486,236.62168259569276,1935.7944466593854,-313.7806222883897
37.006084871615215,230.92617890718853,1945.0887073543395,-425.1752015660923
36.67480551144806,231.49522777366914,1945.7695483443163,-413.69738503151854
36.328501240461186,232.09576167348635,1946.4162888092271,-401.5088216182384
35.97264087717601,232.71915514421494,1946.996344155922,-388.83908333990485
35.61291713949113,233.35606707017098,1947.4738092161742,-375.97180994454015
35.254695974840445,233.99735191993787,1947.8108968795314,-363.22737377695586
34.902519013443154,234.63494645435404,1947.9695688394809,-350.939455127401
34.55975646832802,235.26255467146643,1947.9132735272738,-339.429219958246
37.65690047772968,229.7877856479049,1955.6257280439659,-437.18003949787504
37.30979475428193,230.37671677793983,1955.9634738519303,-426.4367266346312
36.944545573302584,231.00230166282412,1956.2411653601393,-414.97662982420246
36.56676167361304,231.65593289727954,1956.4309026796163,-403.0117850751278
36.18250242309313,232.32790803777328,1956.5029385492703,-390.8120643502272
35.797696422039685,233.0083578218676,1956.4267529126578,-378.69061252578035
35.417574226806664,233.68822130245394,1956.1720895651742,-366.98200747301087
35.0462309633815,234.36006754582837,1955.7099341257206,-356.0169319004578
38.036260960837886,229.13084978761702,1961.5805570214634,-443.9831812616559
37.68164798230685,229.72825982794197,1961.7490407075038,-433.68880107466106
37.30709145134849,230.3652022993278,1961.8436619057566,-422.6815485147165
36.91821979434799,231.03318136841125,1961.8385401575806,-411.16350785720715
36.52124621613116,231.72239164515847,1961.7067367560016,-399.39633125711435
36.12237716612379,232.42264283715514,1961.421210970437,-387.68821826087935
35.72721249735016,233.12437005215324,1960.955598002421,-376.3734407635035
35.34025669975554,233.8195290705847,1960.2848198029312,-365.7873805333757
26.666572690346747,250.10052340517026,1780.743352930322,-239.58234288583148
26.748752894244966,249.92315196611344,1792.8256428903233,-224.70879856371877
26.831636462520578,249.74482175365188,1804.786200576214,-210.04239280451475
26.912838251636067,249.5707161070821,1816.389455271152,-195.85228411815473
26.989939568544788,249.40607626626462,1827.4213025609301,-182.37571197595733
27.06067028359494,249.25581203302173,1837.7024304976976,-169.8042123982392
27.123065481885607,249.1241681510295,1847.0969346375077,-158.27582054647252
27.175579589170216,249.0144820482592,1855.5157738988323,-147.87336835044394
27.800829473256655,247.58530435595034,1816.2334715428094,-278.48137396217254
27.785504300320785,247.61922653528774,1824.6907874695876,-262.86169710805035
27.77323757659163,247.64780334816973,1833.2126049811081,-247.21336378654476
27.76332851624641,247.6724750782837,1841.6168675505191,-231.84608207645564
27.754698078964694,247.69545252110407,1849.7253724668094,-217.05088755224094
27.746005190602723,247.71949035505952,1857.3766393590822,-203.0800029333166
27.73579311308944,247.74759466948245,1864.4362746032205,-190.13229741958716
27.7226407504593,247.78271444911596,1870.803559090121,-178.34594857655122
29.21163368721234,244.56334934248363,1856.6385624972477,-322.2972608533584
29.09496381774592,244.8026721033507,1861.7058445150674,-306.74088404456563
28.980429736807814,245.040123431593,1866.8983332233415,-290.86151592717806
28.869452034918062,245.27278527635335,1872.0993268565958,-274.98329007509966
28.7628965481202,245.4987538556363,1877.1849819765855,-259.4349161858647
28.661031364665234,245.71726695125622,1882.0335548483804,-244.5244753464673
28.563573974467,245.9286539576595,1886.5343309262616,-230.51757602438104
28.469810653751093,246.13413384401716,1890.5949461682276,-217.6218423122415
30.677825473116933,241.53869943870598,1894.705800022135,-363.22971641262154
30.47745193146593,241.93416350552744,1897.2659736177952,-348.5576942849483
30.275136186591343,242.33748750058987,1899.9097200693268,-333.3180991706196
30.074169437146523,242.74235369750684,1902.5724811079988,-317.8165387627537
29.87739114020834,243.14309399792887,1905.1807618049343,-302.38742404894566
29.68694607741247,243.53520620523742,1907.6569008592899,-287.3682936521891
29.504157041657894,243.91567304914633,1909.9245982370119,-273.0736015522678
29.32952729485869,244.28303675318284,1911.914377780581,-259.77231467783247
31.94074198768821,239.02091544190424,1924.6365171691778,-395.2580142587758
31.685174437835652,239.5100861449686,1925.681093126946,-381.8190587587303
31.422532284965243,240.01790284019316,1926.7379904490153,-367.67609256003516
31.157253725380095,240.53631410061746,1927.7719129776597,-353.10165745265755
30.893604369415996,241.05727538317,1928.741462038614,-338.4140008352688
30.63527951311813,241.57351903880138,1929.600967810626,-323.95443186681223
30.38510385800405,242.07919215571508,1930.3030284630042,-310.0607621744183
30.144881054326618,242.570243031396,1930.8015014481316,-297.041352745698
32.85920378307905,237.23728437909872,1944.8995599317225,-416.90220291152593
32.573192954869754,237.7731398662125,1945.1434379577295,-404.56370040036853
32.275860140321804,238.335851642597,1945.3436234143494,-391.47037781741454
31.972147322497978,238.9168300064075,1945.477839218096,-377.86597475965004
31.667103896523635,239.5069309143775,1945.5207484665084,-364.0489611414426
31.365406203563886,240.0973322442875,1945.4444725756402,-350.35352675614746
31.070938629329408,240.68036231941426,1945.2194339022597,-337.1246009724674
30.786516295690596,241.25011754496953,1944.8155829084415,-324.691059559015
33.445148208088014,236.11917905167678,1957.2123452729516,-430.05117932733265
33.1439939895931,236.6759448480128,1957.058473806882,-418.48697330838974
32.828722483627644,237.264669654763,1956.8270785430695,-406.1575556417538
32.50444125209653,237.87672459313916,1956.5011552544888,-393.2878214208232
32.17656374194337,238.50255938012666,1956.062610488311,-380.1615964798879
31.850294713798196,239.13260602371759,1955.4923024653517,-367.1054719206816
31.530145105551952,239.7582009205715,1954.7700981729975,-354.46537057060584
31.219573147852053,240.3723389493602,1953.8751263872277,-342.58001737557913
33.787287917577686,235.47316723020307,1964.1912873628546,-437.505939526281
33.47884370665773,236.0390576985172,1963.841845286648,-426.4165059289027
33.15465379013677,236.6397722446236,1963.3964913693653,-414.56381746744336
32.81986587862831,237.2667613496093,1962.8403848647092,-402.16194801647237
32.480052990412716,237.91034361563692,1962.1586836691922,-389.485879359147
32.14068558191061,238.56061256431957,1961.3364266998403,-376.8569001708902
31.80661428356447,239.2083982509336,1960.358241509719,-364.6205405795229
31.481664243231958,239.8460951749658,1959.2081075934848,-353.1203366161685
24.017128513058587,255.0753091579861,1758.3852844704602,-217.5891473010346
24.10351469966385,254.8779932439917,1771.3857071462567,-202.06135534345879
24.19090182346076,254.67867239131238,1784.2526737838461,-186.774242442173
24.2771318660875,254.48232403626838,1796.740264219034,-172.0032429944607
24.36006225633455,254.29388960139576,1808.6269342126375,-157.98886699177237
24.43772626194024,254.11790646881124,1819.7290718213458,-144.92317957374271
24.50846373468866,253.95820764573565,1829.9095160897632,-132.9424278924547
24.57100774297346,253.81772214238467,1839.0805612234712,-122.12595562136843
25.026213400401616,252.64595598523374,1797.0863329970298,-259.2684764062737
25.02516479432175,252.6537716887268,1806.1376270136288,-242.89109748172035
25.02751456825066,252.6547927531665,1815.2631092819545,-226.507958097946
25.032558695777027,252.65048361838723,1824.2729881551709,-210.4388320508995
25.039286775399347,252.64298821324485,1832.9826656732334,-194.98172775198952
25.046493034095576,252.6348997691813,1841.2261341128801,-180.39247455159997
25.05290626990608,252.62898303717196,1848.866512317096,-166.87049568427997
25.057315802484542,252.627898252551,1855.802540324302,-154.55197391053508
26.282667500644422,249.72318786031354,1841.4132173800053,-306.2356587952153
26.190386062411605,249.93140261135542,1846.738101957269,-289.86152010142257
26.10101386453124,250.1355635274519,1852.208906923096,-273.1700677946702
26.01571572711644,250.33296781982557,1857.7061826041354,-256.49856326252115
25.935165374413895,250.52188309313019,1863.1032370189582,-240.1862163914152
25.859524139706977,250.70163978286558,1868.27579115278,-224.54830975712056
25.78849306695,250.87256619600402,1873.1112612526176,-209.8540431304717
25.721421276518274,251.0357924214055,1877.5162273996634,-196.3113987130284
27.591598603151752,246.79073478513192,1883.4951543856841,-350.1683685501861
27.423384369671176,247.1526073419507,1886.032626375595,-334.6739836125642
27.254723685019588,247.51935707997438,1888.672599855837,-318.5995509686703
27.088468358467342,247.88495128304325,1891.3532512229644,-302.2649056440649
26.927038529304735,248.24403759128862,1894.0030489395622,-286.0170961885847
26.77222673941967,248.5924075931173,1896.5455535448646,-270.2035136871568
26.625104407609694,248.92726995755748,1898.9050803546088,-255.14503675506347
26.48603639554346,249.24730144564847,1901.012360477915,-241.11337335882513
28.722664836066258,244.3425967342979,1916.8401147342367,-384.60365062018667
28.503835089336317,244.79780103480425,1917.674009899252,-370.3750688244155
28.280138705975084,245.2680960077033,1918.5301328172409,-355.4162692445693
28.055495405240958,245.74568514745667,1919.3798107604443,-340.01340705969085
27.83361801889137,246.22287241909646,1920.18764440039,-324.49778602046666
27.6176757302485,246.6927790191305,1920.9129284781652,-309.2218097570726
27.410049091474832,247.14992208006677,1921.511969777226,-294.5313567080691
27.212216858438094,247.5905519786047,1921.9410553640832,-280.7393102735915
29.54775746398396,242.603733257457,1939.5600013092674,-407.911704164469
29.300661418067612,243.10612727609728,1939.4868843976244,-394.8255144447224
29.044961700601934,243.6315222155713,1939.370688340057,-380.9502402300689
28.785070127851217,244.17152627042933,1939.1977172770285,-366.5420121421179
28.52542938803332,244.7173228105119,1938.9510375667865,-351.91184191315415
28.270097001462215,245.26050135868138,1938.6103033917352,-337.4051513720041
28.022393850007617,245.79382377949327,1938.1520718978984,-323.375652413299
27.784679885845634,246.31178348590043,1937.5507591266157,-310.1575788214207
30.07536195859813,241.51157856239126,1953.427830969536,-422.0881140860209
29.81403300439362,242.03546451135125,1952.9023703341154,-409.8102249658059
29.541609522368127,242.58732247750333,1952.293414740212,-396.72881909752624
29.262679508785045,243.15867706000145,1951.5933312363031,-383.0801002562067
28.982034955289187,243.74027685980107,1950.7936027594783,-369.15985846631963
28.704219834556472,244.32296260910948,1949.8840425987023,-355.3056157556544
28.43311790928122,244.8985277238053,1948.8521393817352,-341.87216878092227
28.17165675056257,245.46040850344957,1947.682854719626,-329.2040104769101
30.383903206410782,240.87978107497784,1961.3100973932178,-430.1313424466652
30.115650990458708,241.41320532190738,1960.5619217423591,-418.35055393160394
29.834842153937778,241.9774121011525,1959.7079144086233,-405.7663021366857
29.546116962328828,242.5639778696221,1958.7428940837954,-392.60330469971734
29.254424385365915,243.1635011841966,1957.6621294041715,-379.14792752215476
28.964556676514228,243.76647621524987,1956.4603329903907,-365.73221524684845
28.680705446479628,244.36419777564294,1955.1305643401492,-352.7105042112163
28.406124354843584,244.94952268999856,1953.663428066934,-340.43221125032176
21.9032992894901,259.2649420012271,1735.8378419098935,-197.168250354033
21.99123405398775,259.053487022258,1749.6575924214844,-181.06018556586972
22.080288230334027,258.83929941799624,1763.3331259038168,-165.22308276419116
22.168493816982455,258.6271540515134,1776.6101799782623,-149.93770566586448
22.253933908994078,258.42171486099363,1789.2615238773715,-135.44727399156815
22.33488525538245,258.2271867423573,1801.1006697189698,-121.94414123397917
22.409928791812952,258.0470437641734,1811.9902204640366,-109.56282653131248
22.47801592388924,257.883864142975,1821.844411603397,-98.37947402153065
22.807472296651476,256.92125489921136,1777.1021230872766,-241.21648870879937
22.816586495320895,256.90821165354083,1786.7140331737637,-224.1757222865731
22.829197945672792,256.8874042872861,1796.407866557313,-207.15046265561486
22.84460563305505,256.8603077327627,1805.987120003514,-190.46895432979784
22.861860587657308,256.8289940897082,1815.2619105048539,-174.43489968253974
22.87987111421414,256.79590244876783,1824.0627650377169,-159.30691854388726
22.897518625757442,256.7635763410606,1832.2512593231227,-145.2845657284107
22.91376365461893,256.73441609313494,1839.726339084215,-132.5019865981807
23.93354629275985,254.098737666764,1824.6010906015508,-290.88105247957594
23.860266012181828,254.2802297873706,1830.2110891999835,-273.7961755215281
23.790293844023918,254.4561210337866,1835.9858292510362,-256.4008843312358
23.724583608568594,254.6239159520868,1841.8028197288477,-239.04346416956423
23.663656249630456,254.782037344058,1847.532468891201,-222.0717378209943
23.607593584229498,254.929891744289,1853.0481424402187,-205.80663202267124
23.556092571026088,255.06779408142506,1858.2357236188059,-190.51990724798324
23.508562905484247,255.19678082004444,1863.0011723267598,-176.4193227635705
25.108317528733153,251.2612133043216,1869.9876541993094,-337.404229387056
24.96612448912403,251.59287523191978,1872.5723318251478,-321.19692297252163
24.82444519242067,251.92715624336904,1875.2791379565683,-304.4012391622107
24.685753310375407,252.25832933072067,1878.0476468014926,-287.3490477156182
24.552119269943447,252.58135559425168,1880.8071172117077,-270.3978203083789
24.425051288931304,252.8923009725451,1883.4814266865837,-253.90280523999755
24.30542623438519,253.18857248799588,1885.9949268781215,-238.18965437224693
24.19351171752571,253.46895115219647,1888.2782844397025,-223.53173859715946
26.12576782514272,248.88630343988277,1906.1944132135316,-373.94034605593356
25.937288816004127,249.31005881673101,1906.9095266337806,-359.02737861584376
25.745489591349344,249.74608604908693,1907.6605575921408,-343.36412444971893
25.553828334067887,250.1868969020496,1908.4236734724454,-327.24836868734496
25.365542904031255,250.62516749733797,1909.1676477364585,-311.02227749235954
25.183364502506524,251.05440374159795,1909.8550567552284,-295.0471647645178
25.0093164230108,251.4694665000578,1910.4445272934393,-279.6751141559068
24.84462707863351,251.86687057242477,1910.8937768427404,-265.2220068330421
26.869739996665878,247.19542113807313,1931.004910460696,-398.7152782275593
26.655181004238994,247.66628699293872,1930.7155572682805,-384.98100509498283
26.43400241229567,248.15700899316502,1930.3897609056894,-370.43051799116756
26.210131471479116,248.65946907974518,1930.020573328132,-355.33061766498867
25.987478161426818,249.16522361897654,1929.5974101129718,-340.0028193367565
25.769574699363254,249.66628656820973,1929.1053932150278,-324.8016584645143
25.559278329047622,250.1558384101924,1928.5253493246944,-310.08757563747054
25.35858856488582,250.62873253251988,1927.8346506717166,-296.1985800384497
27.346369870950078,246.1314893151874,1946.2100431876493,-413.804293214087
27.118564071579893,246.6240870131386,1945.4167181255689,-400.9079098552726
26.88191682793795,247.141351092109,1944.541244219285,-387.17725338095954
26.640532682419828,247.67504740262459,1943.5835991452675,-372.8583349977994
26.39864981535571,248.21628333442695,1942.5427553677691,-358.25693133717687
26.160244477898928,248.75633293756204,1941.4152727115743,-343.71951470673497
25.92867820448515,249.28744016923596,1940.1941647059598,-329.6077351447351
25.70645167891406,249.8034509304314,1938.8684375884236,-316.2701562444346
27.62545243330308,245.51530096362217,1954.8742626431235,-422.37274479003474
27.391156009838454,246.0176644317634,1953.8319540718096,-409.99298897016536
27.146706024346667,246.547429388317,1952.6818942227396,-396.7772702045499
26.896265121859923,247.09639234557147,1951.4268748236286,-382.9595362017155
26.64422183543061,247.65549822541124,1950.0702046480744,-368.83573636449063
26.39478112272579,248.21567448384647,1948.6140165852166,-354.74666794612904
26.151582112179497,248.76867974657708,1947.0576020455646,-341.0535005420363
25.917415065492374,249.3078048318409,1945.3962613096292,-328.1098192838601
20.183798129891116,262.83545252251065,1713.895993110671,-178.35612444768245
20.27166033061609,262.6141796808971,1728.4405269505844,-161.7287696093008
20.360662400259223,262.38965522005,1742.8308387711838,-145.39961900416193
20.448996083045508,262.1664598401113,1756.8059155824121,-129.6540067414554
20.534929969839155,261.9490043608502,1770.1341645517637,-114.73742615422239
20.616937541296902,261.7411992679812,1782.6272358216188,-100.84234976738313
20.69379180471871,261.5462071804246,1794.148163118949,-88.10164046872757
20.764616372799807,261.36630580700086,1804.6134583384269,-76.58849549971934
21.000460412847403,260.5729709986712,1757.2145367767214,-224.43825706151793
21.016776229507258,260.54342258963857,1767.3443245898056,-206.81130699247007
21.036559210271044,260.5054580159948,1777.5618766530488,-189.21925977574625
21.059116597190403,260.46054898383085,1787.664883308938,-171.99760080728572
21.083554655410477,260.41069221333794,1797.4591052410372,-155.45474203177093
21.10887807393509,260.35818161288825,1806.7724349452183,-139.851496335339
21.134093967607967,260.3053602103359,1815.4655937860764,-125.38727827295826
21.158302156777097,260.2543969601257,1823.4382376134988,-112.19422289432164
22.017184576279067,257.84635174441115,1807.2822258754095,-276.4244667939451
21.958678614107047,258.0052674833642,1813.1851996815749,-258.7167918395288
21.90365954632395,258.1574804004993,1819.2692944734051,-240.70588773690872
21.85291097551525,258.30068014349314,1825.408899439045,-222.74937559760588
21.806834542458997,258.43342081833345,1831.4716129430776,-205.20226384016306
21.765453953789837,258.555166295581,1837.3286915200242,-188.3899593255693
21.728469763626954,258.66620785049105,1842.864813628155,-172.58605244699345
21.695347311385017,258.7674875581403,1847.985682266,-157.99773439231953
23.07860312476654,255.10081909065332,1855.3841281403381,-325.19071231723626
22.95733755633364,255.40597810682343,1858.0618577525463,-308.3613456891919
22.83720052355491,255.71204136790035,1860.880452270177,-290.9378572932333
22.720349286581293,256.01357643283706,1863.7799063114103,-273.26234648001497
22.608568347618352,256.3058327495984,1866.6894670035672,-255.7009442840404
22.503139454958248,256.58511768167887,1869.532754687201,-238.6152754812037
22.404789797302808,256.8490043940652,1872.233841440424,-222.33455815071304
22.31371876474412,257.09635076630315,1874.7232372915078,-207.13309393157127
23.999300558036015,252.79791679727194,1893.9791766644748,-363.5609167362146
23.83566385942494,253.1934468207194,1894.6433099849578,-348.0519043387095
23.669798421646227,253.5990163032651,1895.3584183529263,-331.7767850524123
23.504766470044412,254.00745387211668,1896.1040467772868,-315.0432832059893
23.34340838727326,254.411794603774,1896.8517273717964,-298.20264320906006
23.188097408670632,254.80589849772275,1897.5660856165318,-281.6234186108398
23.040572000250965,255.18493059209734,1898.2071176686338,-265.6624361548644
22.901868609842403,255.5456273989239,1898.7333405222653,-250.63759525320552
24.67372733542301,251.1548451764056,1920.557512611684,-389.626731710925
24.486065283490756,251.5970323522884,1920.130062006288,-375.3286467360542
24.293242261844746,252.0565225584584,1919.6759829060716,-360.19237002935216
24.098762019407882,252.52549634242098,1919.1934637323095,-344.4938600610176
23.90608152825156,252.99588336884102,1918.676576246909,-328.56343892274833
23.718296896530166,253.46009976166917,1918.1143027527821,-312.7630598198819
23.53788960257116,253.91170590820505,1917.4903666300966,-297.45838498182434
23.366575374426297,254.3458683865084,1916.7840581941036,-282.99003137247786
25.10644723752539,250.11931808359572,1936.9041122059566,-405.5237850501213
24.90650652717205,250.58324085990864,1935.9254157572427,-392.08980912086633
24.699413626942626,251.0691087923858,1934.8702161499386,-377.7963391461621
24.48884555861048,251.56896304701317,1933.7444828169355,-362.89791131042034
24.27856443339783,252.0742801225917,1932.5528904978519,-347.70859826272056
24.07207079920122,252.57675202212602,1931.2969660424983,-332.5821952287673
23.87229877161699,253.06903807589924,1929.9736500827871,-317.8856829649826
23.681408771147787,253.54534666264607,1928.5747113699615,-303.9704722023185
25.36007814717343,249.51894244906376,1946.2396969985462,-414.55914121519027
25.1540905559503,249.99272407865624,1944.987546687975,-401.659121881834
24.939769261004912,250.49110247492317,1943.6306442547066,-387.8963838964812
24.720851113795653,251.0061341586282,1942.1781597487698,-373.51282096191505
24.501240255154492,251.52912553659664,1940.6396300677156,-358.8124313491294
24.284646771723,252.05142674235563,1939.0227557986502,-344.1431445650333
24.074255135080552,252.56522783663087,1937.3313517425372,-329.87144645823753
23.87248384843017,253.06420717206885,1935.564001266097,-316.3538475242485
18.760183790010828,265.91319168250294,1692.94852858055,-161.07740979051607
18.84701697555814,265.6852527745521,1708.1326372592575,-143.98180154607556
18.93495824903166,265.4536812830811,1723.153193331706,-127.20891097569994
19.022334393826657,265.2228753593436,1737.7436539568685,-111.04807186895968
19.10756783014591,264.99701650918007,1751.6690644956718,-95.74669700697892
19.189292530333727,264.7797551829082,1764.7399283635675,-81.49725652921221
19.26643604650838,264.5739837182933,1776.8201330133852,-68.43103043849543
19.338259081261523,264.38172199292103,1787.8286256689044,-56.61848586857441
19.503645374570283,263.7257866828438,1737.926875021506,-208.9222894509305
19.525064614010486,263.6832000456165,1748.5295629278185,-190.77281654034437
19.549854643331035,263.63175552319666,1759.2242336287811,-172.67584797852743
19.577334493120457,263.57291056503954,1769.8035696047766,-154.9730895481615
19.60665995247471,263.5085852877786,1780.0697138895248,-137.9769511676283
19.636917421664457,263.4409384305572,1789.848566601976,-121.94998231651732
19.667218010308797,263.3721325608169,1799.0004848798067,-107.09128134801814
19.696775306057873,263.30413182906676,1807.4261595054622,-93.53103287934815
20.428565843599262,261.0883997686484,1790.0874528631662,-262.9228125937917
20.38160901085933,261.2283468762001,1796.2790910389263,-244.6645707143873
20.338190048623904,261.3607988341499,1802.6658173429219,-226.11012686566647
20.29895595887652,261.48360482760796,1809.1189552514772,-207.62511886530388
20.264215214617664,261.5954271421845,1815.5034736795585,-189.57057777821217
20.233949239441074,261.69577023051403,1821.6887667467681,-172.27557939156583
20.20786637505831,261.7848948562514,1827.5585971239843,-156.0150152744054
20.185481565335998,261.86365131897486,1833.0186937626777,-140.9952971365044
21.394311238693966,258.4292697177661,1840.4291199670984,-313.64320598856847
21.289915212716792,258.7114327688852,1843.2277524179653,-296.2666472613081
21.18704051902681,258.9931852971505,1846.1844325719344,-278.2918640664648
21.08758212721278,259.26936511594926,1849.2389062349657,-260.0697287348897
20.99309176919215,259.53547765495966,1852.319891243189,-241.97367448416986
20.904670315409895,259.78803823797654,1855.350419370138,-224.3705097857689
20.82292923872991,260.0247560169946,1858.2541237198827,-207.59221576552943
20.748019442825182,260.2445442128654,1860.9613572877288,-191.91351364773976
22.232854851137187,256.19472484614414,1881.0208169350817,-353.62121541582064
22.089546697893965,256.5653053276726,1881.68174576695,-337.5893392525176
21.94479054815426,256.94414563936584,1882.4087428279804,-320.7785316039549
21.80131399293264,257.324377924791,1883.1836110036634,-303.5050603418573
21.66162760510229,257.69936767982546,1883.9796049103347,-286.12782595390814
21.527812823459197,258.0632906414405,1884.7625369957104,-269.02132461868155
21.401380597113786,258.4115747194641,1885.493142091164,-252.5460823249618
21.283218648547773,258.74114030952677,1886.1303546780423,-237.02130553933983
22.84791499952899,254.59748224750538,1909.0942733612683,-380.8258303057783
22.682444731993243,255.0140468347621,1908.5867157959283,-366.0340393750003
22.512900331182617,255.44583378923045,1908.0637711419479,-350.38584551862647
22.342422717791496,255.88531992363843,1907.5274613593767,-334.16509303079704
22.174088273516233,256.3247874048033,1906.9752054907494,-317.70951589240383
22.01063348861691,256.7570180760699,1906.3986546663186,-301.387232436334
21.854235217856434,257.1759085461149,1905.7834573473901,-285.5679321029729
21.706384603427658,257.5768930861876,1905.110127488879,-270.59403792842164
23.243005756673632,253.58938176249725,1926.414282057488,-397.4392783612132
23.066159602216025,254.02753334129852,1925.3129443005093,-383.53517796230324
22.88344365991664,254.4853852304252,1924.1430831255407,-368.75052792347617
22.698165179484935,254.9552594901898,1922.915308398452,-353.3471377311685
22.513683579693538,255.42898612604233,1921.6385734200596,-337.6461550358225
22.333103953380977,255.89864300636202,1920.3180145039412,-322.0073681208494
22.159011474312237,256.3572609288291,1918.953331883653,-306.8019420139308
21.99329445497173,256.79936275061135,1917.5381656353688,-292.3832620601084
23.47477171146163,253.00434705959634,1936.325384690334,-406.8899533717421
23.292303299907463,253.45235971580263,1934.9282805267171,-393.53538524320766
23.102895437159287,253.92264043458192,1933.4322759131583,-379.2956482595522
22.90991500336958,254.4075148168332,1931.851562590833,-364.41948426834574
22.716854322536772,254.89863956815316,1930.2004385521088,-349.2176810736899
22.527010481334145,255.38775777038612,1928.4907362205606,-334.04402264791383
22.343195181305372,255.86744791506862,1926.729524834423,-319.26916417522057
22.167528071853,256.33172703625274,1924.917670218642,-305.25165075971256
43.5557910655921,220.99441839612084,1883.5425040157595,-340.49004886323144
43.54977291311262,220.99331365658864,1892.0878197584614,-328.4518670159997
43.53951877551262,220.99971538816524,1900.5996470977225,-316.46164112998895
43.52194392974533,221.01866411035223,1908.8958501869697,-304.76620441672037
43.49351213836198,221.0558701301448,1916.8035817759842,-293.59657639825883
43.45048999416727,221.11732552712726,1924.1706590269223,-283.15258230040337
43.38924254671495,221.20885890858483,1930.87395246811,-273.59185784095655
43.306537889637404,221.33567953945933,1936.8240647880266,-265.0241280087258
45.129208253564194,218.55880734593003,1900.4831576118222,-364.5422951096947
44.99729480320403,218.74822784815677,1907.2324780699623,-352.33717800129347
44.861428787947375,218.945104307514,1914.039113956811,-340.0069433454292
44.721153026862304,219.15045094979342,1920.7521616572265,-327.816295792382
44.57528133489184,219.36634596868424,1927.2207912015701,-316.027431944363
44.42197214077085,219.59582903049989,1933.3048452537455,-304.88085266830655
44.258917262292655,219.84263117154075,1938.883793043955,-294.5794569324388
44.08362011138514,220.11077065206354,1943.8629238943513,-285.27794275086757
47.07540819661569,215.62775648500798,1919.4756502961814,-392.13844389223215
46.81556301011088,216.00015119815535,1924.5345375346385,-380.2823510357523
46.54760151249968,216.38702017013287,1929.6913750434383,-368.1035748038913
46.27397836798214,216.78520426996977,1934.8299764154062,-355.86582590358455
45.996467436200454,217.1924466361564,1939.8283904607542,-343.84919578311013
45.7159538605862,217.60770870270082,1944.5674388548043,-332.3290966716603
45.43238677043979,218.03126700920058,1948.9388006700203,-321.55586649071296
45.14490434637789,218.46456354046828,1952.8515087389083,-311.7381384057386
49.079123932794396,212.696975099758,1937.0060485442973,-418.35880881159005
48.717371521241404,213.2051836499144,1940.7898482409466,-407.3413837327769
48.33990730500878,213.73947747994157,1944.6732592903013,-395.84841942571495
47.95141300680674,214.29383882157893,1948.5673054824665,-384.1227354006382
47.55630390531343,214.8624639970677,1952.375230609906,-372.4412217128998
47.15825258346157,215.44043508901598,1955.9989674839776,-361.0954243398255
46.75984736696527,216.02423415806697,1959.345773793884,-350.3694868578131
46.36245944830662,216.61198369743957,1962.3340422561782,-340.5191042185356
50.78690705124884,210.26315523251478,1950.501446910429,-439.15953421056753
50.36101944459113,210.85000846294625,1953.4790593864664,-429.1456284886555
49.91155265401256,211.47411373901994,1956.5461242381057,-418.57937019349475
49.44431563183764,212.12826638298148,1959.6304457004599,-407.6765719228896
48.965395010345524,212.80467608733656,1962.6517462396125,-396.69877088391
48.48052007692293,213.4958117658296,1965.5268512939401,-385.93737495338087
47.99448777373799,214.19521047958276,1968.1752432423893,-375.6927292516235
47.51077228664613,214.89807220093576,1970.5241221990138,-366.2514594074153
52.0178334529828,208.5430288036754,1959.4801212627135,-453.3583275870021
51.55840209890025,209.16719710058024,1962.0013615154771,-444.19822457157466
51.06947609819479,209.83652528968662,1964.6040093480337,-434.46408153081654
50.55721236816328,210.5436267590203,1967.2252305905429,-424.3502483552735
50.02849082470556,211.27992467278844,1969.7941192639078,-414.1029072452939
49.49022093610322,212.03653458444876,1972.2362226524563,-404.00750296680786
48.94863441736127,212.80521802756385,1974.4785050377886,-394.36990105159447
48.40871264872159,213.57920662022696,1976.4539591776675,-385.49392505061434
52.79825036702883,207.46650468551465,1964.870479753868,-462.04175803214025
52.32303238020099,208.10636445697688,1967.1471234590686,-453.47114222354065
51.814635066921774,208.79609439645455,1969.5008855686474,-444.3278628262239
51.27923925426775,209.52845410373678,1971.8740333230974,-434.7928715674806
50.72403424869524,210.294645763198,1974.2007752655497,-425.1017508750877
50.15651596544228,211.0851810105797,1976.4114371422206,-415.5345046538625
49.583717580793355,211.89089111504575,1978.4371316070192,-406.3984548408506
49.011532438193285,212.7038728379591,1980.2141410584281,-398.0065710255465
53.25221712964417,206.84513409319808,1967.9031428779506,-466.9846912749125
52.769778878481176,207.49135759579943,1970.0515699303787,-458.7725631059325
52.252082092507,208.19002986312887,1972.2750768902586,-449.994055274097
51.70525468637292,208.93407902108473,1974.518683255175,-440.8226331768535
51.13659567729339,209.7146736816333,1976.7193496914342,-431.4876604356261
50.553878901164666,210.522067121926,1978.8099663101143,-422.2656258167199
49.96455727140912,211.34662612205003,1980.7238699579561,-413.4642212241122
49.375028709863294,212.1798398756451,1982.399126182183,-405.401184530583
37.235271247798,230.0273851990139,1885.6088430903187,-321.097316403731
37.254935415348235,229.98463015184163,1895.0667515034347,-308.01345436919405
37.272935759579305,229.94573548177547,1904.4713120962351,-295.00658056295083
37.28653168846277,229.91563083929134,1913.6215247652967,-282.3356780774678
37.292642482582416,229.89979425215904,1922.3278790393715,-270.2395393208034
37.28808060456971,229.90385592711328,1930.424772085258,-258.92129937895015
37.269806084456995,229.93317182696708,1937.7795913121336,-248.53784054162904
37.23517155122545,229.992415834266,1944.297630451561,-239.194985665208
38.67612972302392,227.5417520838128,1907.9999206427883,-349.3000863583589
38.57714230149241,227.69884627255956,1915.1449427896148,-335.89929242935455
38.477477098923735,227.85865563643532,1922.3464143371161,-322.3797017610381
38.37678118926845,228.02202193861626,1929.4427498380023,-309.0242903027183
38.274044760002795,228.1908373560731,1936.2725175813966,-296.109777391614
38.167689533026866,228.36790843177786,1942.685899459938,-283.88647291834627
38.05574926932768,228.5566706885686,1948.5543937155821,-272.562165892791
37.93611207598321,228.7607992948403,1953.7776067522857,-262.2918956931965
40.46201623781078,224.5555899026738,1933.1999126388873,-381.42458689018497
40.24142108364513,224.90497672373152,1938.1895014415018,-368.3075134701744
40.01695230956042,225.26346784514527,1943.273474410787,-354.8425365696262
39.79100402259864,225.6275387882586,1948.3343529365052,-341.31499672630383
39.565281749551794,225.9946555497105,1953.2481856793352,-328.0247911399988
39.340638362590234,226.3635602846408,1957.8932524081065,-315.263490638342
39.117057247631024,226.7343346654635,1962.1584628177002,-303.2927585675506
38.89378252581932,227.10822924050586,1965.9502634978148,-292.3273843937482
42.306117270753525,221.57312440446134,1956.5835579046266,-411.732392490782
41.98737314737589,222.06599725178316,1959.9759904573325,-399.4811379855267
41.65809235148936,222.5795470540115,1963.446726281038,-386.70087640914414
41.3228686954289,223.1071517927774,1966.9119580506801,-373.6553581056369
40.985930838735804,223.64254450477551,1970.2801144141654,-360.64291509242935
40.65071675275866,224.18048433950773,1973.4578000296967,-347.9747647833147
40.319589797810664,224.71724423351242,1976.3560287468235,-335.95107308814613
39.9937493850943,225.2508171011327,1978.8958852626279,-324.8386785774172
43.882715219109386,219.09801399712885,1974.686161219282,-435.6321040891941
43.50111519986804,219.67478446726597,1977.0968506966778,-424.4590073724426
43.10174630609069,220.2837208461249,1979.5565826002162,-412.66253144571675
42.69039298395538,220.91683570587017,1982.0008446617612,-400.4765810136169
42.2729536534855,221.565699467712,1984.3582732998004,-388.18294803803644
41.85484559691484,222.22231730140908,1986.554971678554,-376.09323107817465
41.44049398278904,222.8799343069463,1988.5191476231737,-364.5257464679367
41.03300837484927,223.53360136060655,1990.1854470679243,-353.7811084295147
45.021936243575745,217.34936796383647,1986.787239168051,-451.8737894230404
44.60675426282527,217.9665691337235,1988.661426079027,-441.6293671258046
44.16821671202437,218.62422334846573,1990.5632324290968,-430.73158919769554
43.71253419966944,219.31406549243042,1992.4377858637451,-419.3901819469424
43.246441782954264,220.0267677823705,1994.224300795806,-407.8696358477971
42.776532524578826,220.75287377919688,1995.8596752955132,-396.4747376039077
42.30860890994426,221.48376983392868,1997.2823202493773,-385.52954573161605
41.84718549299469,222.21249275850442,1998.4356865423738,-375.35292685952993
45.745438460182505,216.25525042299745,1994.0765346664755,-461.77731590269514
45.31406895643708,216.8898419681585,1995.6727896752038,-452.1769120089331
44.8558041953303,217.569882498567,1997.2846803480475,-441.92130238591545
44.376934798054556,218.28721269107044,1998.8620743058918,-431.20490918612563
43.884546965911724,219.03222581429137,2000.3494622495252,-420.28009078590713
43.38583614204739,219.79479810721406,2001.689257147842,-409.44520368983666
42.88739093835296,220.56532866195326,2002.8252607336603,-399.0255094996709
42.394590191243864,221.33568274742947,2003.7058034294387,-389.34918098064355
46.16672999167102,215.62381567439323,1998.1861514557772,-467.40477577970034
45.7277807490717,216.26566376648347,1999.6404877979398,-458.19667209701777
45.25991751019414,216.9557175233414,2001.1043414642058,-448.33852101202706
44.76941133606663,217.68597058710807,2002.5299651183532,-438.0161064052237
44.26348593971536,218.44675497002206,2003.8645024363343,-427.47460392044576
43.749629906964685,219.2276546620911,2005.0531544259038,-417.0081982232505
43.23484818264219,220.01857350653282,2006.0424924432266,-406.94210983944066
42.7250039803356,220.81074462645415,2006.78340651394,-397.6093377019282
32.37563765045502,237.60760283052613,1876.5066315802587,-299.56226469370046
32.41563278979396,237.5254176377453,1886.9324542779887,-285.5561904211875
32.45554622398823,237.44436426135263,1897.2908093460376,-271.66112264585576
32.49290580268851,237.36928586539875,1907.3640857700398,-258.1463359908585
32.52499855820733,237.30544545590067,1916.9487339920115,-245.25686161737437
32.54908181173302,237.25813087201837,1925.8685158352841,-233.19807094368718
32.562598336851195,237.2322565572675,1933.9840001698688,-222.12558139906503
32.5633691361013,237.2320092179649,1941.1974672411716,-212.14127321709424
33.67310527520117,235.12530167325173,1903.9331390714265,-331.61717704983823
33.603994524980656,235.24673284365366,1911.5536961547527,-317.1458150869241
33.5363008972427,235.3671286897316,1919.2386655605414,-302.57103165422564
33.46965836384229,235.48732197685723,1926.8167762619605,-288.1918702917731
33.40313061296725,235.60914473832548,1934.117293347712,-274.2973185279771
33.3353093266919,235.7352626633571,1940.9822714715722,-261.1455170211551
33.26448142703396,235.8688851006083,1947.2769139136294,-248.9475481563577
33.18883682815711,236.0133979755848,1952.8967169189077,-237.85781301555895
35.28547942558512,232.1427913396385,1934.9741829197628,-367.99474179116635
35.103561404542475,232.46105754031686,1939.9785233039047,-353.7320020067887
34.92076775234318,232.78381648638387,1945.0871339720125,-339.1089998210633
34.739241736043006,233.1074853075953,1950.1817817188526,-324.4308932377312
34.560463617541515,233.4295222985561,1955.1369645064665,-310.01503644032005
34.3851314374818,233.74866848117574,1959.8288626248973,-296.1665926983846
34.21317087650176,234.06497354383703,1964.144086132514,-283.1561555892806
34.04386366665595,234.37961201172666,1967.9869952191984,-271.20259507208067
36.956733912675745,229.16134704907924,1963.9827420228344,-402.2025657176038
36.6825409684016,229.62774135823386,1967.0536081742734,-388.81587514622663
36.40183228496221,230.1097487932598,1970.1981651361089,-374.8613798560227
36.11884707337771,230.60053713865193,1973.338871333146,-360.6228564869527
35.837396083590995,231.09376010620988,1976.3899548699337,-346.41826875163207
35.56050056790318,231.58419566253284,1979.262866107863,-332.5760872023371
35.29016861880999,232.06818743840145,1981.8722302480887,-319.40977938597865
35.02734603181317,232.54380696111912,1984.1414708258696,-307.1947373819635
38.39137487682153,226.68398487643697,1986.5999145610785,-429.1077740718551
38.057059076052305,227.23809564259756,1988.4938700928683,-416.85826302619466
37.709796973257646,227.81924910259653,1990.4139055192868,-403.92893508813825
37.35503199795323,228.419090568402,1992.3051623988827,-390.57165762349996
36.998182766875594,229.0289884455499,1994.1065212123167,-377.0873570929522
36.64411214718003,229.64090309315858,1995.753970512182,-363.8058907837439
36.29669293799719,230.2481556295513,1997.1843903579907,-351.0610299471334
35.95855331748327,230.8459431112305,1998.3393061604356,-339.1646275016193
39.431562923067226,224.93173973898405,2001.8064954055017,-447.3577892182619
39.064479878622386,225.52886619800188,2003.0682365344687,-436.10141900739376
38.67934639069378,226.16144476851088,2004.3206358084035,-424.12623255445754
38.28208677444831,226.82073882275404,2005.519390492766,-411.6575718904641
37.87896539495486,227.49711847164596,2006.615810408557,-398.9776070415721
37.47597527949899,228.18100750557838,2007.5593099971416,-386.4089557574912
37.078268697176355,228.86383364111924,2008.3000689506066,-374.29164094902393
36.6897435485148,229.5387891844925,2008.791581435269,-362.95692732865604
40.093748719892794,223.8344699430974,2011.0030798773678,-458.4722425273216
39.710538527853465,224.4505220304276,2011.9437503705517,-447.90859767654615
39.305988944996884,225.10716124392943,2012.854575539668,-436.6203536759524
38.88615288313768,225.7957013164995,2013.695969006496,-424.81583603375026
38.457670940314706,226.5061731908806,2014.4250810529136,-412.76376964278614
38.02713242507965,227.22827953802903,2014.9979727092818,-400.7797076469921
37.60043403205568,227.9524282329383,2015.3717941880554,-389.20467646332196
37.18226875036258,228.6706309014775,2015.5067144575914,-378.3796390099551
40.47990485448366,223.2008947541388,2016.2007402671516,-464.7830868921623
40.08899734763981,223.8250524032694,2016.980247806674,-454.6425397284401
39.67485526948777,224.4926538055495,2017.719102000352,-443.78093506404167
39.243543679799934,225.1951385285587,2018.379896535827,-432.3969192490646
38.80186131028408,225.92244357294902,2018.9225504364995,-420.75121470542973
38.35669332220852,226.66394963865142,2019.306374451284,-409.1545733158977
37.914336921650474,227.4095463457979,2019.4920372443403,-397.947835717105
37.47993503771471,228.1506045488605,2019.4432052205511,-387.47682905280567
28.617161621673077,243.95263648786403,1860.7333454632294,-277.5534243320659
28.67144621723715,243.83694975937868,1872.1255122376401,-262.74302508329356
28.726535119817157,243.72047742120523,1883.4388301188671,-248.07850020680715
28.780178138937654,243.60796984678785,1894.4414806402613,-233.83765877823356
28.82996691160116,243.50447431926693,1904.9184436483392,-220.27046321292457
28.873524048749506,243.41494924943288,1914.6853958631996,-207.58367799798302
28.908684249000927,243.34389754535118,1923.598356658898,-195.93134780491764
28.933645070934766,243.29506309002414,1931.558400674979,-185.41151673335105
29.77807441903399,241.50778095737894,1892.523102765417,-313.03583742979527
29.733285965429452,241.59537620878473,1900.6747416242836,-297.6259810497876
29.69111626452466,241.67919370672743,1908.9022714135035,-282.1325851496316
29.651150342766876,241.76012810706052,1917.02550004056,-266.8683112935949
29.61249005093793,241.83999885477363,1924.8654918544062,-252.13216588598485
29.573856332998055,241.92136341523042,1932.257534641527,-238.18825900624543
29.53374193046052,242.0072294371421,1939.0619783880063,-225.24969704845734
29.490587433045054,242.10071558180388,1945.1715646506977,-213.4695271922688
31.223820700915766,238.56788444094954,1928.7176583996682,-353.23782751031484
31.07588538265371,238.8530016408471,1933.8301681362352,-337.96296325922424
30.929003882035055,239.1389866007537,1939.0644729295145,-322.3243894017126
30.785011463439133,239.4223763060599,1944.3010989168897,-306.64452945206455
30.64512884835625,239.70075987030285,1949.4126276803154,-291.25541886594164
30.509880821633413,239.97297439786607,1954.2729859577917,-276.47314064214027
30.379124488863546,240.23909916479573,1958.766575711088,-262.5748909352756
30.25217210133901,240.50026422242553,1962.795930667414,-249.78191462420065
32.727511010400384,235.6239849171726,1962.7970090965782,-391.0047522079997
32.49424449926383,236.05908338481308,1965.6515053155706,-376.6061371394455
32.25733205409799,236.50550730615174,1968.5874495621351,-361.6129966729574
32.02055398931077,236.95648226749424,1971.532875898819,-346.32711121876815
31.78723804609026,237.40581584155058,1974.4068105810825,-331.0834646614425
31.559960464151644,237.84848882607213,1977.124415329882,-316.22486348901185
31.34037493033847,238.28104422908208,1979.6028343490718,-302.07521501665224
31.129192926592815,238.7017094021178,1981.7669085303814,-288.91593009876357
34.02340078169568,233.1726194501404,1989.5686304767214,-420.69624565467404
33.73370898754298,233.69767018351283,1991.04662522491,-407.48057931601164
33.434751997383884,234.24516391379726,1992.5430300705762,-393.5419460944294
33.131482848001816,234.80668978578458,1994.012437025449,-379.1488590642987
32.82873372474635,235.37370898566215,1995.403144306043,-364.6192780643185
32.530755069129825,235.93839049942497,1996.6597075428126,-350.29864003434574
32.240854795256816,236.49432683472895,1997.7260809203722,-336.5332245067099
31.961203732534745,237.03699080023935,1998.5490131121699,-323.64335915531234
34.96625158404084,231.4354498460534,2007.6795319905782,-440.83312343318113
34.64529044746565,232.00534601541284,2008.4212150026606,-428.66455532987794
34.310491686582054,232.60602144972933,2009.1330086706841,-415.72508156781754
33.9673144525706,233.22859065438905,2009.7815267976864,-402.25483379700836
33.62141364615152,233.86344407527733,2010.3297715907677,-388.5520119614944
33.27809545845216,234.50117859868368,2010.7385699364108,-374.95471659609507
32.941829301375606,235.13350294053308,2010.9682415046984,-361.81613994717463
32.61591183923944,235.75393608243988,2010.9804167980233,-349.47717272010607
35.567979339916334,230.3461173424811,2018.679338755151,-453.09605735784515
35.231368987722135,230.93614009645486,2019.050088086969,-441.6623107049557
34.877929551113226,231.56209460036135,2019.362178109936,-429.44770034500124
34.51328167313647,232.21508974725805,2019.587287865997,-416.6738730745939
34.14346307224162,232.88512490956063,2019.6951630870376,-403.62465904162957
33.774349564883096,233.56204247083303,2019.6546655025522,-390.6305416501973
33.41109838216164,234.23652125123604,2019.4347750596344,-378.04579609794496
33.057721464913534,234.9009171614799,2019.0055667674628,-366.2213608298771
35.919435075399036,229.71657971990433,2024.91245503825,-460.0588735272213
35.57524531143659,230.31540870590675,2025.0985595807042,-449.07528871362746
35.212486850454226,230.95305758488104,2025.2104955292948,-437.3125360950427
34.83681675883373,231.62073058325245,2025.222126876446,-424.9817074419423
34.45444051232623,232.30830434823812,2025.1062982511316,-412.3578552292694
34.07152244556763,233.00527592040424,2024.835751719772,-399.76633091201677
33.69359375237102,233.70179629579056,2024.383846773654,-387.56107997362113
33.32507524931464,234.38958531778636,2023.7251194030657,-376.0980197246049
25.67024373332994,249.28719319208477,1841.4524881531495,-256.0828620808778
25.73381223196701,249.1446993836904,1853.7657844951195,-240.5686950595242
25.798640197208076,249.0001015513918,1865.9899683890417,-225.2338163366067
25.862666741205498,248.85804110706962,1877.8812911488542,-210.3631475684947
25.923737782649816,248.72334819284058,1889.2155777569933,-196.21051927107152
25.979775559164043,248.6006685127646,1899.8025259851383,-182.98354676908227
26.02893178122676,248.49412750344305,1909.495395927885,-170.8345500108974
26.069705904219305,248.40707159125256,1918.1953835000145,-159.85794024227485
26.709613398909205,246.8978703363747,1876.893971714947,-294.5551211801933
26.68354438768842,246.9557856109013,1885.5982832176746,-278.3262185473569
26.660718041753633,247.00799086200482,1894.3900734893841,-262.0350002587243
26.640670797774654,247.0554580271181,1903.0810177164608,-246.00553452510206
26.622534760222358,247.10000055683076,1911.4850365823972,-230.54497065283505
26.605139817018,247.14407347204397,1919.4318957964358,-215.92191719340033
26.58715207407861,247.19049234794576,1926.778354482744,-202.35059272189542
26.56722295628434,247.24212295270823,1933.415540279922,-189.9822895860712
28.005677394336722,244.0221317405045,1917.4696747368569,-338.1198072239808
27.885852349406964,244.2756552528824,1922.7652691431938,-321.96029051080336
27.768249443728863,244.52732215978932,1928.2029103983573,-305.4388858196827
27.654409324998632,244.77386738478896,1933.6611819787802,-288.8927227969795
27.545315710558246,245.01306013993556,1939.010291302699,-272.6659465497519
27.44134330671117,245.24385824772887,1944.1217423614214,-257.0832949475756
27.342296981254297,245.46637898608864,1948.8778556737966,-242.4267105819221
27.247526801817074,245.68170544870685,1953.1796640760294,-228.91857619364757
29.3571907301457,241.13707248620315,1955.9449630564454,-379.0543083500496
29.15914525520271,241.54032170638084,1958.686388254178,-363.76744477278623
28.95941026841848,241.95145525186314,1961.5241499892895,-347.8679390522216
28.761305576099193,242.36390170842552,1964.3904402345115,-331.6732589875353
28.567701198763597,242.7717329440249,1967.2075926231123,-315.5327371691434
28.380772426677375,243.1702037033544,1969.893101405283,-299.8007870592812
28.20187080900589,243.5560902191155,1972.3655041643774,-284.8093297101778
28.031523468922376,243.92778130245063,1974.5502721063035,-270.8437808499179
30.525770153271285,238.7290506576156,1986.388606771916,-411.25969024927105
30.275400205467445,239.22312753279743,1987.5621909728075,-397.1922617427682
30.018455369988306,239.7357651417257,1988.7572207942408,-382.3691380573353
29.759367406732057,240.25868826441345,1989.9363751408482,-367.0736398353304
29.502389527893676,240.78361235121127,1991.055605484652,-351.6383684820516
29.251200988544205,241.30303395410598,1992.0660795556935,-336.42164718278997
29.0086094890643,241.81088886112045,1992.9169146536697,-321.7795960458493
28.776402829196773,242.30295534357973,1993.5584197629173,-308.0386107342226
31.378608958541474,237.01891076414543,2007.1070371701749,-433.1194240274588
31.09886127540091,237.55891885075312,2007.4394335017596,-420.1444201670562
30.808476207311575,238.12563065634677,2007.734088218043,-406.35746480348325
30.512392510695577,238.71022464675877,2007.967486444014,-392.01206054433663
30.21564249055603,239.30330268850847,2008.1126854133481,-377.42037884198555
29.92287411360039,239.89578705916165,2008.139870479899,-362.93348046791596
29.637937133673425,240.4797693334141,2008.0172769549379,-348.91515176959314
29.363609272081924,241.04914975355456,2007.7125468567328,-335.71330816620184
31.924145937735585,235.9448177968966,2019.7432638631967,-446.44009694320755
31.629506940695585,236.5057793573298,2019.6521671388157,-434.2361086384461
31.321537960187733,237.09853226425727,2019.4872059342497,-421.2061465076359
31.005357024128937,237.7142005807944,2019.2305562944423,-407.58404649369965
30.686370514840863,238.34295819407757,2018.8631163186978,-393.6668434234006
30.369758786364926,238.97495660574492,2018.3645564128697,-379.79769928498126
30.059996594021467,239.6012679293921,2017.7133916829987,-366.34154041114016
29.76049915308289,240.21466184115695,2016.8872811157858,-353.6567862515744
32.2432558245048,235.32345677343565,2026.9222474801863,-454.00664831888116
31.94132598704747,235.89374078004977,2026.620828584994,-442.27638835553586
31.62448817652655,236.49868700996018,2026.2257304649497,-429.7199757718473
31.297912469226976,237.12948692503645,2025.72149646307,-416.5599319760362
30.967174398563298,237.7761682725986,2025.0925917652355,-403.083955622496
30.637727563550115,238.42852402355302,2024.3232785284908,-389.62977889596647
30.314389864509984,239.07709905242976,2023.3973119202028,-376.56194696222735
30.00094353600751,239.71404139849864,2022.2977023648946,-364.24398926391507
23.319902900125342,253.80897204620845,1820.673623747371,-235.67406522235032
23.389114785558853,253.64571334933134,1833.8391095681204,-219.53883196315843
23.459791209703404,253.47944029615078,1846.905707451392,-203.61389153822725
23.53003345113998,253.3146737431809,1859.6197444861577,-188.19013650273504
23.597899978622287,253.15603048362988,1871.7497864960621,-173.52451923465466
23.66155856206117,253.00786515297625,1883.1012192261983,-159.82511815831668
23.719416935066693,252.87396247699252,1893.5258638232579,-147.242488753578
23.770216232414125,252.75731664245438,1902.9259506032781,-135.86764417549637
24.25463760780277,251.4826982176099,1859.1254861227271,-276.73947894819827
24.242604427562714,251.51561453071562,1868.376543526062,-259.79285529033274
24.234092523433336,251.54147663033308,1877.7252268692303,-242.80476362659283
24.228601047278282,251.56132452971252,1886.9759016759722,-226.10887169574534
24.225292102050897,251.57695768658638,1895.9363630012745,-210.01895349243924
24.223090656560153,251.59072709534368,1904.4319341865275,-194.8070663960846
24.22080965096271,251.60526433645512,1912.316832898789,-180.68792293539866
24.2172770549123,251.62319825610487,1919.481478324642,-167.8108665927196
25.420835334826698,248.68063285278984,1903.3594001468298,-323.23629003276744
25.32360141670562,248.90571484377827,1908.8873511351724,-306.3037095218136
25.229263263602487,249.12692899305807,1914.5773771329955,-289.01384270772326
25.13910607268389,249.3412279782372,1920.3055705004094,-271.71628155788375
25.053915844363637,249.5465637517952,1925.9394743984199,-254.76516659412107
24.973948645365525,249.74200770994278,1931.348162459713,-238.49205873381953
24.898976387104494,249.92770359859057,1936.4120912298267,-223.18233529928938
24.828392616751195,250.1046773094351,1941.0311762553388,-209.0586848782837
26.63903103031218,245.86459452251611,1945.567422425534,-366.9584345823382
26.470298770804213,246.23775853369432,1948.2801104244231,-350.89487994246446
26.30118438838538,246.61610848121262,1951.1071540012717,-334.20633171034274
26.134590894281864,246.9933395025435,1953.9834543925003,-317.2237318988509
25.972989820320212,247.36382272139605,1956.833280467442,-300.30840388023256
25.818220327925868,247.72309562449442,1959.5753078206517,-283.8241286395403
25.671391658500514,248.06815781973134,1962.1286383132126,-268.10888777931325
25.532895184814425,248.3975366888141,1964.4188784576677,-253.45071114677347
27.69499876097865,243.5088622402696,1979.1833338478132,-401.4008991601487
27.478028414939438,243.97272448037097,1980.1525180217113,-386.5873966965623
27.256416941953464,244.45196620172612,1981.1525979856951,-370.9930960274833
27.034105927091673,244.93854802143747,1982.1526472374453,-354.91422271811257
26.81482814636695,245.42450945496995,1983.114393551738,-338.69577430797705
26.601768756731268,245.9027108808622,1983.9937617951857,-322.706597775957
26.397319468334413,246.3674358108799,1984.7433896998637,-307.310518293285
26.2029638306159,246.81474999322324,1985.3158599816982,-292.83815280423323
28.467600625875164,241.83228396438452,2002.1868014543118,-424.80936999118575
28.223279996831018,242.3425564591837,2002.214639038395,-411.1271457589609
27.970710697487533,242.87609842422998,2002.2054389956152,-396.60038383493804
27.714326620141524,243.4242737771986,2002.1439628365808,-381.49436870654864
27.45858677361602,243.9779897762488,2002.0113549220732,-366.1332127480018
27.20755776566513,244.52855253150142,2001.7850244601223,-350.8786939819162
26.964561939224204,245.06845970745476,2001.4390595732748,-336.10290124067046
26.731953766699505,245.59198311460182,2000.9453222853804,-322.1588828055496
28.96278626988427,240.7775755873624,2016.27143234509,-439.088014707584
28.70447018610344,241.30929848513787,2015.8238444649455,-426.20824342551583
28.435488253733254,241.8692666902448,2015.2968916187754,-412.466115259413
28.160460355243558,242.44875028347073,2014.6818055242388,-398.10636525352743
27.884201791987998,243.03820569597875,2013.9687218641216,-383.43728877109004
27.61127029889298,243.6281661720397,2013.1459184820196,-368.81259853407016
27.34555259806285,244.21013180460216,2012.1992032421983,-354.60566616822865
27.0899694567541,244.77728575434296,2011.1117746375771,-341.1803988064602
29.252820093122654,240.16679470042607,2024.292794417679,-447.2039755068199
28.987597775651228,240.70818435176602,2023.6088441142733,-434.8185702547532
28.710284136877085,241.28064281517226,2022.8219820825689,-421.5688735811467
28.425559522985232,241.87548484103507,2021.9261054277156,-407.68758287069636
28.13840434132417,242.4830033033544,2020.9154486107593,-393.4732930922031
27.85363074487139,243.09336772452843,2019.783591884277,-379.2740361794091
27.57543750015021,243.6975588163792,2018.522375926595,-365.46278509682816
27.30707342543635,244.28815806909756,2017.1211204978392,-352.4086814580002
21.412065775288497,257.6791541340269,1799.594033761302,-216.5462947935277
21.484432601995966,257.5000876626716,1813.5344469633942,-199.85776343693243
21.558327554085857,257.31736933395354,1827.366494598254,-183.40790205634968
21.63199158789729,257.1353924318274,1840.8282615919848,-167.4926879905489
21.703661247306137,256.9585690252207,1853.6825738667394,-152.37162566889265
21.771706002355852,256.79098686028635,1865.7317655549332,-138.2529952475311
21.83474088695346,256.6361264381911,1876.8271546750225,-125.28560505997092
21.891700948163553,256.496672308625,1886.8725975068733,-113.55730251463748
22.25796937111842,255.4173225483255,1840.5190406138026,-259.86508026342244
22.256360812614734,255.42959285806802,1850.293567681156,-242.28481531643138
22.258354135263378,255.4338740800011,1860.1739786434653,-224.68276937369563
22.263423301485147,255.43125752471727,1869.9581330560864,-207.40078784188358
22.270761147371736,255.42351781662182,1879.4486201329328,-190.75809082428694
22.279375984857477,255.41290086590854,1888.4672284917478,-175.02941400576847
22.288204919577016,255.40186417353405,1896.8664624659127,-160.42955670241287
22.296223050537392,255.39281797332265,1904.5367080631204,-147.10584969190654
23.31326054935148,252.6911974289691,1887.789289931701,-308.91815278741484
23.23398878277329,252.89141139057085,1893.5765013611008,-291.3066209362723
23.157978345320497,253.08627672887206,1899.5441930858678,-273.34370384926535
23.08630195852483,253.27295548335786,1905.5656480546218,-255.3895877026277
23.01958656835855,253.4495653919621,1911.5056413789403,-237.80675558414427
22.95799776521799,253.61527331902812,1917.2309364570776,-220.9321895051128
22.90128928188306,253.7702347111204,1922.6204019644947,-205.0537504212474
22.84889966326435,253.91540971693402,1927.5732102180834,-190.39390773804666
24.416712488079995,249.94732850276148,1933.139676806295,-355.08708654434986
24.2720226620409,250.29316351626628,1935.8856876541263,-338.34264512946885
24.127818758680615,250.64208148278752,1938.7647452976187,-320.9646270681777
23.98664417982294,250.9880599793787,1941.7132569082269,-303.29552926391955
23.850636112673268,251.32576548822007,1944.6563666921581,-285.7067045912174
23.72136003634399,251.65099890223613,1947.5131058168708,-268.5695696277707
23.599735084255855,251.96095699510937,1950.2026116239595,-252.2266917373063
23.486054540151706,252.2542775944718,1952.6503772144408,-236.9677334384146
25.3749692247138,247.64725168648368,1969.466501873353,-391.51037486904625
25.18587405334031,248.08298759971322,1970.3118837259883,-376.0429802942843
24.993526923133373,248.53152371134357,1971.200931708191,-359.7751301406502
24.8014343804824,248.98509824199976,1972.1075297098341,-343.01421756977163
24.61288137268598,249.4360914602845,1972.9975565842442,-326.1157076548274
24.430639791414812,249.87772044968872,1973.8301944684576,-309.45707565137724
24.25676330767547,250.30459233792317,1974.5603695164768,-293.40811762550805
24.092498378254646,250.7130246455853,1975.1420472533155,-278.3024126391605
26.07747789344647,246.0070209254857,1994.447632865314,-416.30161338865594
25.863023887180212,246.48920419092497,1994.2592108050023,-401.9996066042321
25.642101978098232,246.99180403992327,1994.03969677233,-386.82676908862993
25.418688205946463,247.50642918199088,1993.7804951319572,-371.05865199181835
25.196739212141967,248.0243263029609,1993.4690078316312,-355.0294874615838
24.979827278309312,248.53719120080993,1993.0880288615037,-339.10994753671736
24.770838314992602,249.03791096188348,1992.6158411146896,-323.6785909217106
24.57178816563073,249.5210946678068,1992.0271903072771,-309.09216835236987
26.52846872357434,244.97360005578568,2009.7971706782255,-431.44096557049386
26.300948311937088,245.47747462231962,2009.0841118242793,-417.96914118788004
26.064785850449905,246.0066071872399,2008.292548397782,-403.6052561075098
25.824142432786253,246.55248347894315,2007.4211919884403,-388.6035088814878
25.58330981908021,247.10588601454356,2006.4675464044935,-373.28185885230897
25.346310364168712,247.6577460622026,2005.426525811892,-358.00271158747967
25.11653935867115,248.19998101053415,2004.2893620340922,-343.1461150059977
24.896516743590333,248.72615636772048,2003.0432055034685,-329.07995744550965
26.7929068114051,244.37454901388054,2018.5583441921262,-440.05257122622476
26.55890214476096,244.88829577445614,2017.5837675160587,-427.0933954414134
26.314966549803653,245.4300611166394,2016.5040035301245,-413.2385832028688
26.065325653217446,245.99135667163776,2015.3207851899429,-398.7297528319416
25.814428751979097,246.56279045149495,2014.0362571842354,-383.87479527648065
25.566533231033215,247.13493011219077,2012.651299257963,-369.0302603724484
25.325317364755534,247.69918584474428,2011.1638722411185,-354.57579351195136
25.093594597100665,248.248543846622,2009.56788843482,-340.8846251384154
19.83728568682883,261.0247192918728,1778.8925431905298,-198.7482060811419
19.911156647669163,260.8337386343159,1793.5313975929453,-181.5624422872902
19.986541241030867,260.6386503029187,1808.0526844518135,-164.64121908031032
20.061801126317476,260.44371787244773,1822.1876362414125,-148.28487617798572
20.135322703071413,260.2531603234758,1835.694522974898,-132.7550452626756
20.205642068652832,260.07082291009664,1848.373562358181,-118.2600293916295
20.271543114526416,259.89991595851245,1860.0762149497925,-104.94693441248228
20.332117335623092,259.7428527891602,1870.7083219214137,-92.90065824188142
20.608019566941625,258.82549439528094,1821.8553206852475,-244.036031224784
20.614146995322375,258.8208505727956,1832.1210833766174,-225.89172955362227
20.62384662654571,258.80756396971617,1842.4991471369342,-207.743924055372
20.636577106629524,258.7867603832932,1852.781631496558,-189.94145887550513
20.651562031974187,258.7601802099385,1862.7666975649367,-172.80814175607705
20.667882640782736,258.7299653978067,1872.2733427763199,-156.6208024231657
20.68458098119443,258.69841091326975,1881.1529891334326,-141.59406108382922
20.700754631356507,258.6677276398988,1889.2964717813472,-127.8732414526985
21.56906090311418,256.173606150967,1871.6480902619103,-295.32681725243526
21.50406289067043,256.3523752893833,1877.7051778703358,-277.1147194693204
21.44250343519097,256.5247000345248,1883.959042807246,-258.55761850897335
21.385281374880996,256.6879317921122,1890.2800253943165,-240.0248019576511
21.332896988382785,256.84033187843187,1896.5301788557554,-221.8857384759196
21.28544774393836,256.98114267941463,1902.5741338905427,-204.48182963215845
21.242679129020445,257.11051865680037,1908.2894546676985,-188.1027270311394
21.20407312237865,257.22934959202576,1913.574898061714,-172.97034475737644
22.574420721572928,253.50101507754124,1919.640493180308,-343.64803656231504
22.44937801630955,253.82252159465662,1922.4624528225725,-326.30327894320465
22.32539714575812,254.14546665816536,1925.4355105367051,-308.31883214054324
22.20471760427393,254.46410191899233,1928.4966727350238,-290.0471469993854
22.08920007286572,254.7733677347027,1931.571204511802,-271.86805358715014
21.980188673003926,255.06930032784075,1934.5779554244707,-254.15919155450382
21.87845406320689,255.34926357936158,1937.435784662548,-237.2666959993315
21.784218498791915,255.61198047851005,1940.069978136399,-221.48115987786844
23.448602746730764,251.2565987456323,1958.2764682655154,-381.8256726074158
23.282629295661234,251.66680191832143,1959.0592031963006,-365.7826304257042
23.114410179640895,252.0877133979352,1959.899737920885,-348.92338247752633
22.94707594042726,252.5118581246018,1960.7754458727222,-331.5649822292084
22.78353339229328,252.9319465797244,1961.6550730023753,-314.07177183107973
22.626212854388985,253.34152671206766,1962.4999343277996,-296.82834197452405
22.476895136047155,253.73549439371098,1963.266370947837,-280.2091816079343
22.33664164938157,254.11038190762224,1963.9091515982304,-264.54989886979143
24.09045928631004,249.6531590031312,1984.9611661222602,-407.84985091323523
23.90098985589443,250.10954740538241,1984.62643498525,-393.00277859332147
23.70639042935055,250.58398909700566,1984.2695023626784,-377.263250126631
23.510235327056883,251.06835917559624,1983.8869697950772,-360.91574329203996
23.316051199971202,251.55424407212396,1983.4709692937522,-344.30311773974006
23.126995936601258,252.03371099067562,1983.0082248972767,-327.80335315621744
22.945598027625202,252.50000223055216,1982.4799654626474,-311.8001827049369
22.773602920586352,252.948023624051,1981.8628752570573,-296.6529786107768
24.503053060947423,248.6414891411693,2001.409104839442,-423.7606774256627
24.301416171548976,249.11962572212002,2000.5042764712425,-409.76861709369956
24.0926849497619,249.62051559742008,1999.5257262427924,-394.85981173650714
23.880613765074653,250.13588948726587,1998.4781937973776,-379.296707904472
23.669042237331585,250.65686409422267,1997.364940180832,-363.40549744375295
23.461540556526323,251.17475543031173,1996.1859059430599,-347.55578885301566
23.261097774810413,251.68186752057332,1994.9362974410317,-332.1329304646897
23.069910376404568,252.1721070658198,1993.606052143491,-317.507680547148
24.745196556033978,248.05449963088168,2010.81597164198,-432.8180734896088
24.53749705853793,248.5426104425506,2009.626041730291,-419.3550569184821
24.321533745872816,249.0561654663067,2008.3331121108358,-404.9702317208396
24.101126585185735,249.58690674940115,2006.94532031289,-389.9129984451664
23.880263858918816,250.1257698630486,2005.471087128623,-374.49916960696
23.66273223252684,250.66371093572687,2003.9169152518962,-359.09235379675164
23.451777673653815,251.19254115739625,2002.2853357441318,-344.07749602834394
23.249860286452048,251.7056106957775,2000.5735703718894,-329.83078514733575
