13.226693450716878,156.10399048498763,0.2642750904623083,-60.00655072487355
13.409678743884676,155.88136595700536,0.27048985917488333,-59.53080351274527
13.571570979699672,155.68530105387407,0.28131106556370095,-59.09045730582603
13.726217121784954,155.49672624656523,0.2915536122661773,-58.67799207031465
13.874132781329127,155.31529328699716,0.3012640681488727,-58.29077256918515
14.015782517031536,155.1406585415393,0.31048394376653266,-57.92649588457287
14.151586481444177,154.9724877463481,0.31925040426081475,-57.58313937917526
13.541046444572544,155.8493733788892,0.2636703134727192,-60.043131328737566
13.736719529421835,155.62563213622775,0.2763175239743159,-59.521103741471926
13.923380744461449,155.4099769585284,0.2882535710745425,-59.034309456035906
14.101693218112564,155.2021400246916,0.29953884733582553,-58.579182290334465
14.272255917978116,155.00182186684552,0.3102268585221987,-58.15263954769296
14.435606438710426,154.80871168102158,0.32036517430473355,-57.75199879874391
14.592230349471517,154.6224953581493,0.3299962685727946,-57.37491382865997
14.742567768647232,154.44286180263697,0.3391582076381917,-57.019322273841155
13.989233460375363,155.4141307532554,0.2789051121901934,-59.61617688071339
14.201748077360268,155.17921565225316,0.29200686703104495,-59.07949052927537
14.404743404808551,154.952291744009,0.30437864930974945,-58.57875308462383
14.59890830824839,154.73314507210037,0.316081932661605,-58.110351547919635
14.784856471598287,154.52152807769022,0.32717116282825437,-57.67115690707805
14.963146048811515,154.31716603462382,0.3376948392985972,-57.25844622764306
15.134280719919916,154.1197748176346,0.3476962955892676,-56.86983553409522
15.298717951978093,153.92906709534003,0.3572144032818336,-56.50322773860938
14.410591834850061,154.99100019185957,0.2928452369583421,-59.220989401154206
14.639347353639785,154.74536388918787,0.3063593173952108,-58.6710499576053
14.858117736968271,154.50760653101065,0.31912636734172806,-58.15769723124678
15.067609023638042,154.27757261148523,0.3312087949079825,-57.677276017566555
15.268451221722625,154.0550619438942,0.3426619245641154,-57.226618347628175
15.461218803808427,153.83983742172768,0.3535350822069097,-56.80296523939587
15.646431118520304,153.63164519050218,0.363872376800104,-56.40389950673488
15.824560772146333,153.4302221030802,0.37371340726221436,-56.027293450729026
14.808493676402705,154.57938369058616,0.3056819363440744,-58.85297763926716
15.052939278517943,154.32343704300953,0.3195723797619779,-58.290971718021304
15.286967937126654,154.07524493797155,0.3327001851394891,-57.7661247991456
15.51129801721476,153.83471165188797,0.3451285942199089,-57.274744251995706
15.726579397706274,153.60167812130027,0.35691376846556544,-56.81362904879282
15.933394486130732,153.37595079071653,0.36810574567674287,-56.3799871379906
16.13227824431761,153.15730425324986,0.37874935383949304,-55.9713723300281
16.323716530865518,152.9454998346025,0.38888485479808554,-55.58562974962646
15.185671950772763,154.17870460955209,0.31756705165663907,-58.508492398595465
15.445299083914442,153.9128243973767,0.3318028835604355,-57.93543382440284
15.694107112955905,153.65456450846338,0.3452616986091863,-57.400050955202644
15.932826197587671,153.4038864778803,0.35800751172067524,-56.898618552546154
16.162118272943445,153.16067749781575,0.37009721479502056,-56.427905152344685
16.38257734533967,152.92478196263517,0.38158153327396577,-55.98509050847225
16.59475031590374,152.69600481117993,0.3925059429952323,-55.567702198957804
16.799134668234483,152.47413203046048,0.40291131469229075,-55.17356107792809
15.544375917309594,153.78841670273997,0.3286231642436266,-58.18458484052688
15.81871268351872,153.51295086110503,0.34317745090502455,-57.60134883329526
16.081854195355387,153.24496319000824,0.3569413953620468,-57.05625756424702
16.334540328816022,152.98447176527253,0.3699797236064256,-56.54555692202332
16.577440821038046,152.7314120012079,0.3823499867814478,-56.065988095892926
16.81116666311714,152.4856589742686,0.3941035854865134,-55.61470651161331
17.036268045507477,152.24705505425314,0.405286553089592,-55.18921543092972
17.25325502447996,152.01540863828532,0.4159403369298474,-54.78731419953493
15.886481777185006,153.40800734291489,0.338950674447293,-57.87883758528917
16.1750883301501,153.12327903430685,0.353799799756635,-57.28618660153687
16.452146442116483,152.84588034786475,0.36784617016765725,-56.732108114993686
16.718403897052045,152.57588517260862,0.3811551695763643,-56.21282235770139
16.974538806355888,152.31327450495237,0.3937849724224876,-55.72504638006653
17.221168443938193,152.05796309635022,0.40578755474806405,-55.26591279597489
17.45885923963417,151.80981630593837,0.41720954666578525,-54.832904393257394
17.688122710160588,151.56867495073303,0.4280928778189121,-54.42380029626472
13.52795148688487,155.67081650047407,0.23707954026579214,-62.918298024792854
13.731602099434506,155.42283041750244,0.24959953556427283,-62.412842896907755
13.926127535984934,155.18416444063382,0.26142709963829674,-61.94080158301235
14.11218308432341,154.95444843969904,0.2726201647519881,-61.498849368601995
14.290352996005092,154.73330116615713,0.2832300703009544,-61.08410200452631
14.4611689272652,154.52033341451093,0.2933025845209599,-60.694046870318196
14.625110947387723,154.31516225479672,0.30287862396744697,-60.32648117640489
14.782615325031955,154.11741476182445,0.31199491357969517,-59.97946499408743
14.039175976868483,155.20486182046702,0.2540720801812578,-62.47286101592177
14.262834647762357,154.94261184981693,0.2671096062545592,-61.950947337536334
14.476804979750316,154.6895951387923,0.279433675007,-61.46321980703562
14.681760350100708,154.44551139232735,0.2911033430657551,-61.00630380566412
14.87830934732247,154.2100289548778,0.3021710632147933,-60.57727124437183
15.066997184527766,153.98280715662605,0.31268356781079587,-60.17356507920817
15.24832402818561,153.76349580832,0.3226827328994375,-59.7929438075238
15.422743868645666,153.5517492731673,0.3322061703432553,-59.4334310976786
14.517672869787916,154.75250172822925,0.26949228252137714,-62.063468011006556
14.760593928988394,154.47658478198625,0.282994905902857,-61.5267798757024
14.993313942607676,154.20979193013588,0.29576513414388605,-61.024959165863926
15.216521743142069,153.951890714748,0.30786303755118954,-60.554588957354724
15.43084158771045,153.70260378249844,0.319342025112587,-60.112701596867865
15.636833682162143,153.4616346212264,0.3302497282030106,-59.69670330383335
15.835013541279121,153.22866793131905,0.340628869253582,-59.30431835975552
16.0258500439845,153.00338609235797,0.3505178550876103,-58.93353872329667
14.967891850651004,154.31305647263156,0.2835923811512696,-61.68446576087578
15.229394176720225,154.02401119646728,0.2975160764876397,-61.13440409819039
15.480225542638179,153.74396321391353,0.31069015268302,-60.619816083265064
15.72108674914322,153.47274727961002,0.32317559311270216,-60.13724815749104
15.952612323421155,153.2101423914952,0.33502665465389514,-59.68369776983819
16.17538127487984,152.95588968647954,0.34629182600765746,-59.25654050598926
16.389915168442084,152.70971577178284,0.3570145508072005,-58.85346923940789
16.59669761645053,152.47132934637304,0.36723397123064694,-58.47244855363688
15.39337297085029,153.8858622412812,0.29656852466150335,-61.331452465678694
15.672830365986465,153.58417967214464,0.3108758437695743,-60.76919921728723
15.94118357277602,153.291353561928,0.3244177500606696,-60.24296301316024
16.19914242325921,153.0072851736799,0.33725605717100937,-59.74925837925754
16.447351079305697,152.73180754834814,0.34944580758877913,-59.28505266300066
16.686398791366504,152.4647055488545,0.361036232178767,-58.84769317538774
16.91681708663744,152.20574183091094,0.37207147339286056,-58.434846453181684
17.139100241017424,151.95465379981383,0.38259133262394274,-58.04445241311513
15.79698469195276,153.4702862574898,0.30857628208616533,-61.00093305395047
16.093818195560846,153.15641767041973,0.32323501539832444,-60.42749755413218
16.379145991949308,152.8512535328141,0.33711375308138236,-59.89056922376655
16.65368444300013,152.5547608639167,0.3502750698466169,-59.38663465154727
16.91808506083388,152.26682637975264,0.362774729534793,-58.91263469940512
17.172942611318422,151.98728124521105,0.37466262994312344,-58.46589135897357
17.418804594937097,151.7159162685431,0.3859836035476082,-58.04404881635895
17.65616630567483,151.45250579382008,0.3967780128426652,-57.645024048516454
16.1810879662225,153.06573330940398,0.3197411350159321,-60.69008551497654
16.494759618191203,152.74009620316113,0.33472331094625696,-60.10633880204946
16.796551644110053,152.4230026640366,0.3489119462025832,-59.559543712805635
17.087184784839238,152.1144846881035,0.3623703180302233,-59.04616228946055
17.367315933917308,151.8144822426488,0.3751548572197971,-58.56311199385044
17.637546025842834,151.52287015539966,0.3873160931705731,-58.10769267126903
17.898426660398325,151.2394777433337,0.39889943994715193,-57.677527385545034
18.15046859973956,150.96410025548016,0.4099458704866547,-57.270514290358875
16.547652485752074,152.6716476698411,0.33016578371269945,-60.39659796905232
16.87766021521834,152.33463044386906,0.345446906052379,-59.80329868323818
17.195438569556888,152.00598890456126,0.3599218416888469,-59.24735594492013
17.501710804152403,151.6858192323013,0.37365452032286495,-58.72521016754035
17.797144940371524,151.37410710615507,0.38670213502087175,-58.23375340057232
18.08232414788845,151.07079202123268,0.39911537782918427,-57.77027977292005
18.357827732133938,150.77571780675953,0.41094064527996577,-57.33237968800315
18.62416203866663,150.48871910465076,0.42221927898080297,-56.917938224466
14.010388402146992,155.0241542692548,0.2281884596578389,-65.3457450266726
14.24263207230081,154.7365691533276,0.241103486519825,-64.84369005725317
14.465150772674974,154.45940992993116,0.25332430365969294,-64.37374508203563
14.67859536902759,154.1922851299891,0.2649074067469605,-63.93280151522757
14.883556131940574,153.93478212067785,0.2759030693460623,-63.518155121455045
15.080563128939222,153.68648834186234,0.2863561541252483,-63.12743787752912
15.27010435929719,153.44698911862332,0.29630693487414933,-62.75856984160657
15.452623940858867,153.21588096265748,0.3057916395447093,-62.409712980507194
14.555446711555318,154.5374894549431,0.24541987359957898,-64.92039702021654
14.810543825259835,154.23268251143708,0.2588660223994781,-64.40178311926698
15.055355207918867,153.93819209227175,0.27159671938078417,-63.9160053170289
15.290544906135342,153.65370561042448,0.28366956814858235,-63.459913369225546
15.516714876437936,153.37887589549146,0.29513587318457335,-63.0307628991422
15.734415073928021,153.11333558615345,0.3060415329141686,-62.62615090316574
15.944141373838844,152.85671722548668,0.3164277029655059,-62.24396057526735
16.146354151427925,152.60864802775518,0.32633150381610265,-61.882322046438816
15.066062774549822,154.06542351829404,0.2610456969367522,-64.52931233078968
15.343169758473255,153.74409825633455,0.2749681168731437,-63.99580903952398
15.60948497326117,153.4329544913935,0.2881559016668383,-63.495781377255504
15.86568116556425,153.1317580921475,0.30066764525770506,-63.02604363989486
16.112369880070645,152.84022549275704,0.3125555898051249,-62.58381769533632
16.350109137379853,152.5580430855201,0.3238665035505605,-62.166668038363035
16.579412335114732,152.28487833345085,0.33464242766924196,-61.772449564000915
16.800743887353608,152.02039921987182,0.3449212212968496,-61.3992625344186
15.546900639722121,153.6071833254616,0.27532500487416967,-64.16710798915992
15.845245600248662,153.26997644614974,0.28967771400364795,-63.620103316274104
16.132338714798983,152.9427960753457,0.3032782918639435,-63.10714247946707
16.40885779738036,152.62548586714917,0.31618622797902945,-62.62500937648178
16.675420649497937,152.3178257042982,0.3284546140398784,-62.17089676382146
16.932592489870668,152.01955374657152,0.3401310224118887,-61.74234147961821
17.180894880414577,151.73037941640445,0.35125825469690164,-61.337172248761554
17.420800286165452,151.4500054990633,0.36187488670302453,-60.953464804845126
16.00167096730979,153.16202616988056,0.28845904279486945,-63.82959678458976
16.32054304833232,152.80951956501482,0.3032029855779605,-63.27026132069669
16.627742232850817,152.46686888047967,0.3171787079359154,-62.74547822237666
16.923948351018986,152.13399479825355,0.33044651708751194,-62.252005197812345
17.20978265615088,151.81074036106503,0.34306028177539954,-61.78700975738586
17.485814988623574,151.49689554186892,0.3550683110619464,-61.34800462814661
17.75256979317001,151.1922149734828,0.36651408673069785,-60.932795219696665
18.0105341631026,150.89642777675152,0.3774368953905593,-60.53943690349422
16.43338084955009,152.72925171570847,0.30060727367302625,-63.513456638968805
16.77212176737794,152.3619813133758,0.31570890360973014,-62.94278980479479
17.09880212524143,152.00438410576842,0.33002741468126806,-62.40713328634968
17.414101183119815,151.65645698651846,0.3436238668071536,-61.90322214418887
17.718641257575715,151.31810577804112,0.35655284528549774,-61.42820190213983
18.012994612196334,150.9891721954131,0.3688633395808794,-60.97956416934632
18.29768924239616,150.66945349902986,0.38059947635179614,-60.555094219557
18.573213761379513,150.35871690439947,0.39180113518886256,-60.15282799914994
16.844505935168684,152.30820615040383,0.31189821921412053,-63.21600686099512
17.202503096430437,151.92666870405012,0.3273284410031872,-62.63487107607967
17.548080792531266,151.5546123589848,0.3419616661038707,-62.08916020904021
17.881915490363433,151.1921093799617,0.3558596522118364,-61.57558969159578
18.20462851652281,150.8391279249046,0.36907765004031523,-61.091285840578884
18.516792664879397,150.4955612933932,0.381665281857153,-60.63372170245767
18.8189377401337,150.16124941971276,0.3936672748810605,-60.200664761946214
19.111555236926346,149.83599477557698,0.4051240778002834,-59.79013401711253
17.2371122818072,151.89828234686038,0.32243699836459677,-62.93505237666197
17.613793160674053,151.50294074138654,0.3381703628508458,-62.344198806323035
17.977720572775358,151.116881029544,0.35309373741435185,-61.7891472535259
18.329566271133377,150.74024999059884,0.3672695306031954,-61.26659611577525
18.66994881340361,150.37307762920398,0.3807536148476875,-60.77365489594219
18.999439881554448,150.0153086066912,0.39359620452924604,-60.30778028023096
19.31856957778681,149.66682549892414,0.4058425895314739,-59.86672398901744
19.627830889601334,149.3274661357079,0.41753375232744777,-59.4484899325791
14.50191758626657,154.36891747465472,0.22032328364071943,-67.7550482078688
14.765744226334641,154.03835257077378,0.23364882347563085,-67.25979439063929
15.019352989514486,153.71921692661488,0.2462787222464306,-66.79505431260463
15.263375176155133,153.41111421169649,0.2582679738595438,-66.35796551326597
15.498384994672818,153.11362334387394,0.2696656537422101,-65.94602694489062
15.724906593682539,152.82631369003,0.2805157311460492,-65.55704212108932
15.943422374748394,152.5487528558115,0.2908577638743725,-65.18907350884518
16.154368932576702,152.28052264964592,0.3007273945492592,-64.84040181832904
15.082280498319953,153.8589767959942,0.23781500431535496,-67.3504116377993
15.372139862089961,153.50786268356768,0.2516859660412082,-66.83850926357572
15.651241866972184,153.16802773006896,0.2648397198273335,-66.3577920554244
15.920222399626084,152.8391672365115,0.2773323391790345,-65.90536422226296
16.17966160969537,152.52093480005252,0.28921392432241266,-65.47869239219014
16.430090791810983,152.2129605633266,0.3005294156115888,-65.07554904840458
16.671998163371434,151.9148638634252,0.31131927187538044,-64.69396641131797
16.905836367724575,151.62625930389126,0.3216200584305028,-64.33219912401329
15.626464457192101,153.36475018022108,0.25366715804986895,-66.97810982704944
15.941405883947578,152.9939082734899,0.26802610198489746,-66.45120223829251
16.245109147345723,152.6341667024369,0.28164829304343497,-65.95606977111693
16.538210011935437,152.28531198803392,0.29459077372118786,-65.48978872153138
16.82129034669119,151.94707249309516,0.3069045662980806,-65.04979841484165
17.094884698034168,151.61913967053792,0.3186354865041463,-64.63384495450524
17.359485806859098,151.30118310507217,0.32982482285709946,-64.23993528597278
17.615549267821052,150.99286118034863,0.34050990780041523,-63.866299428882336
16.13934748563234,152.88535310302578,0.26814581497579826,-66.63306062895329
16.47849934740102,152.49552896442805,0.28294466121557943,-66.09251373151886
16.805980913630002,152.11660449013453,0.296988864828517,-65.58426482429478
17.1224240510968,151.74845671018267,0.3103363484644811,-65.10536670737511
17.42840884631335,151.39088862601687,0.32303897366701323,-64.65323551411477
17.724469857928224,151.04365328441534,0.33514335439311904,-64.22559478074653
18.01110135958092,150.70647108436253,0.3466915369836286,-63.820429705912126
18.288761763350124,150.37904227358467,0.3577215723788706,-63.43594949404811
16.62481125276359,152.4199497162094,0.28145744848031495,-66.31131373419116
16.98736932214307,152.01182643423078,0.2966554163071555,-65.75827942911002
17.337865771281653,151.6143855292772,0.31108223153659775,-65.2380098778015
17.676925402661322,151.2275937374821,0.32479662410990345,-64.74753805211786
18.00512357415882,150.85132842708788,0.3378512268804838,-64.2842603126566
18.322992124667657,150.48540434323436,0.3502933887576941,-63.84588080385023
18.63102433429756,150.12959306556866,0.36216585495359793,-63.43036591947874
18.92967910206294,149.78363724943054,0.3735073399687366,-63.035906770461644
17.086002408020004,151.96776047842215,0.2937655267753974,-66.0097367111393
17.47122062336063,151.54196854960713,0.3093276336225085,-65.44519858410429
17.844020338816534,151.12662922667693,0.32410324588366335,-64.91384444602866
18.20501660406413,150.7217980956371,0.3381518400863283,-64.4126905264897
18.554777540343427,150.32742651997492,0.3515267638460479,-63.93911629515996
18.893829937001982,149.94339091695392,0.3642760483357614,-63.49080918481718
19.222663924073476,149.56951426255586,0.37644308855880293,-63.06571927032466
19.54173689743892,149.20558200050777,0.3880672168350831,-62.66202187108826
17.52551254652496,151.52806322558519,0.3052017054874281,-65.72580286320233
17.932695519307735,151.08518814551712,0.32109764823109127,-65.1506098867228
18.327132346749153,150.65252671983652,0.3361927562558366,-64.60897942904515
18.709426019603026,150.23022249976782,0.35054720150522034,-64.09791360321388
19.080135266711324,149.81830040297265,0.36421499867828516,-63.614777444354814
19.439779822915394,149.41669839509433,0.3772448168001946,-63.15724396131128
19.788844811581104,149.0252909480584,0.3896806592908459,-62.72324903444148
20.127784412751897,148.64390654696558,0.40156243772070027,-62.31095416070486
17.94550558898287,151.10019104844838,0.31587360069708365,-65.45744370776913
18.374002463165226,150.64077927979383,0.33207690531395273,-64.87233561401517
18.78945046829979,150.1913357006571,0.34746590441980335,-64.32113337802197
19.192438541252013,149.7520909303232,0.36210142177455146,-63.80082725201443
19.58351415071723,149.32314295058143,0.3760380985399722,-63.30876995058319
19.963188238901672,148.90449107749131,0.3893252037561782,-62.842622030334674
20.331939313389444,148.49606128721118,0.40200731400243095,-62.400307010186
20.690216855469664,148.09772525673117,0.4141248872249146,-61.97997426524409
14.994771410629795,153.71715141704206,0.2135564339905175,-70.11187927574878
15.292890152704217,153.34069896996905,0.22730517096223607,-69.6268692588148
15.580450306067375,152.97652036569906,0.2403571653219781,-69.17050603209356
15.858045139838762,152.62423490559306,0.2527658411650039,-68.74019633765336
16.12621774815301,152.28342986500698,0.26457902714017617,-68.3336642194865
16.385467010207496,151.95367732129367,0.275839707102611,-67.94890255338562
16.636252762710004,151.6345454701345,0.28658664820115604,-67.58413332618575
16.879002856677594,151.32560352914734,0.29685494955301106,-67.23777560286265
15.61146176388118,153.18160473448503,0.23132968145937358,-69.72823988061826
15.939109948558642,152.78092221746326,0.24563870978354613,-69.22650124070668
16.25570473564009,152.39230031644618,0.259228985783219,-68.75401710307293
16.561833247285385,152.0154648771573,0.27215498440693486,-68.30816982867279
16.858034741119653,151.65009112593086,0.2844655374624962,-67.8866588715054
17.14480641416089,151.2958236629084,0.296204584577954,-67.48745278014984
17.422608265468387,150.95229047659646,0.30741180184201977,-67.10874979025029
17.6918671960401,150.61911276853178,0.31812313160223593,-66.7489452723628
16.190253378420703,152.6629721681506,0.24742914586390452,-69.37488661530305
16.546365682301843,152.23900885612167,0.26223827867513266,-68.85802419821582
16.89099183672177,151.82686166241217,0.2763086259873919,-68.37094814460359
17.22470785516221,151.42636262484183,0.28969560995964155,-67.91102104687477
17.54804470537087,151.03727509135382,0.30244896940385685,-67.47592212344675
17.861493748652638,150.65931686748343,0.3146135099953203,-67.06359968864341
18.165511284404516,150.29217676485655,0.3262297330872865,-66.67223205771076
18.460522371074184,149.93552647723132,0.3373343662158456,-66.30019519905623
16.736233685565296,152.16024041915975,0.2621279346309995,-69.04706364168351
17.119831182926422,151.7138603717483,0.27738686221425923,-68.5164115974204
17.49156043230233,151.27902890028673,0.2918885879930036,-68.01601535569772
17.851982399042654,150.85568352010307,0.305689398563754,-67.54322149774691
18.20161605858938,150.4436756470763,0.31883986247833956,-67.09569256878562
18.540943473208653,150.04279670250725,0.33138557947571595,-66.6713600036948
18.87041401604544,149.65279704950674,0.3433678090535121,-66.2683853421535
19.190447907518813,149.27339981193253,0.35482400136083553,-65.88512808905874
17.253452503027923,151.6724669958503,0.2756377913015876,-68.74107595904782
17.66363010679032,151.20446382783032,0.2913038966588717,-68.19775981973534
18.06159912467388,150.74772486205563,0.30619573204800526,-67.68511675762883
18.447902159139314,150.30229229056508,0.320370380795628,-67.20048045951982
18.82304306796931,149.8681053928393,0.33387917808828455,-66.7414997593984
19.187491684789194,149.44502942232305,0.34676845891229297,-66.30609200740703
19.541687724223216,149.03287679972033,0.35908018613523784,-65.8924045914223
19.886044031740933,148.6314227772486,0.37085248147193056,-65.49878300758705
17.745194309992645,151.19878235338032,0.2881262259873993,-68.45399439165408
18.181110829974113,150.70989014275622,0.30416299590354107,-67.89897573109405
18.604513024021838,150.2319658161074,0.3194095699187395,-67.37500327337474
19.015922305659494,149.765155394641,0.33392377192687717,-66.8794004313223
19.415824744051964,149.30948571371175,0.3477576514351475,-66.40980482400491
19.804675437478977,148.8648959328465,0.3609582299702397,-65.96412207660046
20.18290210386334,148.431260867697,0.37356812841970266,-65.54048764393669
20.550908044542446,148.00840841128985,0.3856260978154958,-65.13723509167389
18.214165713837442,150.73838710728,0.299728057055497,-68.18345649647199
18.67503578058442,150.2292887996035,0.3161038992748839,-67.61756583546412
19.12311454091793,149.73085399978189,0.33167460090992523,-67.08305673458831
19.55889978401349,149.2433316880812,0.3464986792846538,-66.57724456128621
19.98285748507808,148.7668358754017,0.3606288543506995,-66.09775784778301
20.395425842789333,148.30137959356279,0.3741127933505485,-65.6424925097372
20.797018561258284,147.84690025852507,0.38699373719449065,-65.20957396667741
21.18802752985663,147.4032787683085,0.39931103083997693,-64.79732563334876
18.66262809597906,150.29054715642008,0.3105534177349343,-67.92752826156891
19.147715534052566,149.76188119107363,0.32724076280685827,-67.35148981642679
19.619758638759357,149.24356941766135,0.3431088757957702,-66.80713568102325
20.079229457838526,148.735962897503,0.3582169274978268,-66.29177509138904
20.526571867140188,148.23926238441936,0.37261827114204,-65.80302932495177
20.96220528420853,147.75355466480687,0.3863611851203857,-65.3387863261161
21.386527648901396,147.27883985412882,0.3994894982019002,-64.89716311814942
21.799917822490347,146.8150520981399,0.4120431193084887,-64.47647450343656
15.481217978638773,153.08022783799808,0.20794030834449403,-72.38416886988955
15.81590757479755,152.6556098992514,0.2221212027180847,-71.9126804182396
16.139891402226674,152.2438993945157,0.23560458171636042,-71.46774114863697
16.45370597516757,151.8447526502581,0.24844224046589455,-71.04704180529315
16.757845614389062,151.45778534478842,0.26068070224630346,-70.6485460511917
17.05276733075837,151.08259098162426,0.27236190922505676,-70.27045011051109
17.33889514833769,150.71875343145422,0.28352380287816753,-69.91114945775409
17.61662373975775,150.36585556072197,0.2942008142786218,-69.5692111746404
16.13479155990559,152.5170469821478,0.22601511676897362,-72.02144827530816
16.502793234734327,152.06419804500533,0.24077153524355893,-71.53315938230935
16.85966620495881,151.62395422942905,0.25480786385943505,-71.07195438546762
17.205928039279346,151.1960953762634,0.26817691640749725,-70.63550902410158
17.542057308033243,150.78034053978627,0.280926195429146,-70.22177059639566
17.868498365810748,150.37636966982578,0.29309858244180237,-69.82891823537024
18.18566532655112,149.9838389754122,0.3047329178495819,-69.45533004024651
18.493945388621317,149.60239184046281,0.31586449142615947,-69.09955574190688
16.748804149921565,151.97203237445896,0.24238202469845396,-71.68688018326843
17.14893263867802,151.49203738833123,0.2576508939649304,-71.18334487572778
17.53757407895998,151.02431215370598,0.27217902026986057,-70.70735831899749
17.915221815235086,150.56875982551063,0.28602013938491644,-70.25658505746308
18.282333927369656,150.12520316845794,0.2992226437653715,-69.82895971692535
18.639337635765003,149.69340949557625,0.31183027094235305,-69.42264787679797
18.98663293587332,149.27310866495083,0.32388268256134994,-69.03601362462025
19.324595614830873,148.86400614179877,0.33541595467935376,-68.6675925213703
17.328543474873022,151.44402706201475,0.2573210928655403,-71.37605413672802
17.75970701796943,150.93787633717457,0.27304975550692484,-70.85856517446642
18.179076795393723,150.44363670185223,0.288018593449402,-70.3690323787212
18.587117764574888,149.96133399137128,0.30228218792042505,-69.90511220736519
18.98426354207022,149.49089479196203,0.3158897499506374,-69.46472963477237
19.37092045066525,149.0321744119551,0.32888580665013967,-69.04603958890321
19.747470825359187,148.5849773438096,0.34131077906877216,-68.64739491102299
20.114275727697883,148.1490723468499,0.35320147197786983,-68.2673196118988
17.878220865791423,150.931970883304,0.27104927395865236,-71.08554405622142
18.339407825928433,150.40057623274717,0.2871931757285431,-70.55519296842073
18.788535907485866,149.88071802903715,0.3025594824843974,-70.05315752814515
19.226038145049234,149.3725440848058,0.3172035586884022,-69.57708868428233
19.652320307349747,148.87608477039578,0.33117537605897046,-69.12490427340352
20.067764608693256,148.39128381775902,0.3445201974718045,-68.69475099318672
20.472732701376252,147.91802109718492,0.3572791533628868,-68.28497275043917
20.867568096576154,147.45612960754445,0.3694897307107704,-67.89408419915033
18.40125366130352,150.43489594098233,0.2837380695693773,-70.81263399338206
18.891521960895297,149.8791025831113,0.3002590792510438,-70.2703542331306
19.369499838146858,149.33446077162702,0.3159858366788908,-69.75670910110654
19.835585359124757,148.8012395605215,0.33097443831465834,-69.26934620495844
20.290153524281415,148.27957296446442,0.3452755689793952,-68.80617836460443
20.733559668320822,147.7694934152535,0.3589351831554624,-68.36534609578551
21.16614215576636,147.27095671714056,0.3719950796797713,-67.94518633042453
21.588224518917734,146.78386084214696,0.38449338967034985,-67.54420622757141
18.900459654176398,149.95191921919172,0.29552541425646567,-70.5551332415199
19.41892817509167,149.37251497431555,0.3123905741448094,-70.00173195395536
19.92490178437552,148.8038716421789,0.32844578312338685,-69.47724969974593
20.41874092674499,148.24637876989692,0.34374782700985224,-68.97933259040823
20.900787289418936,147.70027380290264,0.35834806420094506,-68.50589024061566
21.37136691543271,147.16567803054303,0.37229310416414224,-68.05505873764955
21.830792620045553,146.6426235962818,0.38562538019071446,-67.62516971897563
22.27936585718261,146.13107400492436,0.3983836360337628,-67.2147244472578
19.378194646600637,149.48223448096994,0.30652391201536755,-70.31124800542601
19.924036158104165,148.8799570426638,0.32370448994403356,-69.74742990256541
20.457199992319453,148.28804775366234,0.34006025436514153,-69.21278545962922
20.978006641926896,147.70701590463045,0.35564864465357826,-68.7049608787218
21.486762246832484,147.13720210218477,0.37052165966229184,-68.22186413198416
21.983761446281324,146.57881655457894,0.3847265332022008,-67.76162839441098
22.4692895341924,146.03196802378793,0.39830630464477557,-67.32258146429903
22.94362406587541,145.49668595961586,0.41130030405670676,-66.90322009369545
15.954223261416915,152.4677340309592,0.20351024660888348,-74.5435293618011
16.32720418916666,151.99342370308463,0.21812747508590474,-74.08847113567553
16.68955745898546,151.53240176540953,0.23204675261165533,-73.65768950060617
17.041745509720634,151.0843820656148,0.24531819472080507,-73.24916450077545
17.384197019099723,150.64902847219494,0.2579869661131134,-72.86110608422028
17.717310807724175,150.22597489115944,0.2700939140064563,-72.49192128996101
18.04145939963867,149.81483895210457,0.2816761026750968,-72.1401869588957
18.35699198521946,149.41523156562783,0.2927672664762078,-71.80462692786293
16.644772098348042,151.87526449627137,0.22190306578405125,-74.20128594565189
17.055087224096923,151.36845329931663,0.2371111328301515,-73.72936281889247
17.45445334531345,150.87451072983245,0.251597990211239,-73.28216892981062
17.843299320742872,150.39329293078083,0.2654147332601801,-72.85767886699787
18.222024152846135,149.92458459165658,0.2786074768524769,-72.45409472753565
18.591000922544282,149.4681221265961,0.2912179874502882,-72.06981407374009
18.950580008068886,149.0236102518455,0.3032842159562058,-71.7034031867376
19.30109173268597,148.59073390055548,0.31484074986215543,-71.35357465778064
17.29418993159915,151.30223315594833,0.2385540910860357,-73.88501776486102
17.740531416578822,150.764146839183,0.25428692473440095,-73.39772129274583
18.175668586296336,150.2384755380886,0.2692771456020923,-72.93554302685799
18.59999100908518,149.7252177955962,0.2835767390909603,-72.49645513859005
19.013862879397447,149.22427975834995,0.29723268805051706,-72.078654938918
19.41762661889018,148.73550164450103,0.3102876017137546,-71.68053352463508
19.811605781100678,148.25867699558373,0.32278024651768206,-71.30064953878086
20.196107402797193,147.79356678479297,0.33474599702626195,-70.93770713637345
17.90795095809364,150.74732923935488,0.2537501324731995,-73.59067152121713
18.389110994080795,150.17908976758875,0.2699526307298976,-73.08924399912242
18.858862744749455,149.62278935207732,0.28539263113955277,-72.61327137640161
19.317551989344313,149.0785685283174,0.3001229392196532,-72.16072590630154
19.765503746718842,148.54645532849347,0.3141913408258493,-71.72980262655624
20.203025584046454,148.02639478422958,0.32764122771691034,-71.31888864695469
20.63041023827615,147.5182706591986,0.34051212604467473,-70.9265373844258
21.047937693154232,147.0219216039924,0.3528401457152632,-70.55144688215213
18.490417285777003,150.20936822901785,0.2677131954187171,-73.31509829913738
19.00527402623773,149.61201123557726,0.2843387824289427,-72.80059009475805
19.508558596845265,149.0261035211446,0.3001832557362409,-72.3118299641564
20.000569102871946,148.4519271660653,0.315300184707781,-71.84679231854582
20.48158760758538,147.8896323789863,0.3297381061479275,-71.4036720204094
20.951883191627584,147.33926980614237,0.34354114624350546,-70.9808542693656
21.411714324114246,146.80081457024616,0.35674954643872775,-70.57688928264949
21.861330689177645,146.27418433932766,0.36940011093553526,-70.19047094810064
19.045130476275013,149.68727957635187,0.2806186458209512,-73.05580132862804
19.592636967430842,149.0617671957905,0.2976274983725767,-72.52911207739726
20.128438510518624,148.44720714161085,0.3138377016703729,-72.02842741628682
20.652782133349902,147.84402257963185,0.3293035431945005,-71.5517256660749
21.165903630659134,147.25248608850538,0.3440742685521505,-71.09720329235624
21.66803041796234,146.67275456893842,0.3581946995650634,-70.66324535080891
22.159383686050983,146.1048954305975,0.3717057572602016,-70.24840058624879
22.640180001725703,145.54890645448586,0.384644907228997,-69.8513604012939
19.575012338774027,149.18009403878168,0.29260742586800553,-72.810766073238
20.154187477349627,148.52732484729356,0.3099651555069127,-72.27267498409844
20.721548757482672,147.88500907185212,0.32650763413973904,-71.76081381936653
21.277289115406283,147.2537105055465,0.3422898298851148,-71.27316630672593
21.82159514736377,146.63382421557503,0.3573616627672998,-70.8079320416951
22.354649801848122,146.0256138642457,0.3717686187118942,-70.36349745682021
22.87663435140992,145.42923989948582,0.38555226939656967,-69.93841131452486
23.387729792341343,144.8447811009601,0.39875071520405514,-69.53136397440313
20.082506967176542,148.68693191423532,0.3037945142224912,-72.57834236440156
20.692428042216356,148.00774881030992,0.3214711681253798,-72.02953098269938
21.29044433244242,147.33852237655054,0.3383167873040517,-71.50714811752124
21.876691992258426,146.67995658016963,0.35438698962924253,-71.00918419790945
22.451305812362964,146.03256903241993,0.3697323413227495,-70.53384327442237
23.01442179387056,145.39673054903233,0.384398966634961,-70.07951447964555
23.566178970976992,144.772695212004,0.3984290643072779,-69.64474789181237
24.106720633899187,144.16062349908015,0.41186134786607964,-69.22823408469644
16.40792741412863,151.88681935106752,0.2002760748841226,-76.56649308541262
16.820267297929604,151.3621176796145,0.21532794942136638,-76.13023046401925
17.222300153726597,150.8508073956955,0.22968178170086934,-75.715863194972
17.614400017378134,150.35267771506076,0.24338596760955547,-75.32165622934372
17.996915337513222,149.8674585802601,0.25648426703681804,-74.94606423842654
18.370172087567738,149.39484201117162,0.2690163832079497,-74.5877055471189
18.734476733805288,148.93449675766618,0.2810184538914124,-74.2453402890946
19.090118662172664,148.48607865234993,0.29252346873051877,-73.91785200879364
17.135079914488916,151.26388689987704,0.2189961020035619,-76.24395799203894
17.588954889067693,150.7022136205556,0.2346538735564754,-75.7907732823434
18.03233353193435,150.15336539543458,0.249589549986629,-75.3598461797707
18.46554019645111,149.61729395524918,0.2638524585171683,-74.94944561310393
18.88887798271734,149.09386926829808,0.2774872721563808,-74.55802696089998
19.302632096220727,148.58290390491968,0.2905345870540144,-74.1842068660839
19.707072535398506,148.0841705858187,0.30303141067323996,-73.82674200096872
20.10245624705965,147.59741490600982,0.31501157721950873,-73.48451112833742
17.819645103418235,150.66165902507763,0.23594067699184695,-75.94522235711591
18.313624643523077,150.06438295482045,0.25213520163486086,-75.47653433274789
18.79698474390434,149.47933215992984,0.26758535722306126,-75.03040866665283
19.269993761900817,148.90662151170375,0.28234131955634106,-74.60512059015628
19.73290375599371,148.34626214619274,0.2964486001135066,-74.19912869103821
20.18595362103437,147.79818907182303,0.30994861894175924,-73.81105047256379
20.629371548505674,147.26228136286633,0.3228791895390066,-73.43964167760602
21.06337695169379,146.7383770623863,0.33527493186907587,-73.08377877306462
18.467265807272273,150.07866716182272,0.25140306942997304,-75.66659407118888
19.000025029006547,149.4470448439562,0.2680767359313982,-75.18358656788668
19.522091306794508,148.82702801109622,0.2839852162256413,-74.72339909092688
20.033671993422345,148.2188947054633,0.2991794717275035,-74.2843151316821
20.53496315467542,147.62279819730944,0.31370579441243607,-73.86479855273244
21.026152549927975,147.03879754476353,0.3276063749798424,-73.46346982771524
21.50742192083122,146.46688020731727,0.34091978412457113,-73.07908587940813
21.9789487298502,145.90697895430492,0.3536813827913395,-72.71052295512315
19.082440617948635,149.51360102762433,0.26561012020498664,-75.4052039029065
19.652745696155648,148.84879538632572,0.282714274084574,-74.90887985044469
20.21232133959849,148.1949652980988,0.2990336460985253,-74.43559446048994
20.761309471704383,147.55255200788986,0.31461993358530044,-73.98364112381437
21.29984578884301,146.92185176868722,0.32952016359081926,-73.55149071824245
21.82806265603879,146.30304909099493,0.34377725605268283,-73.13776847370121
22.346091281044767,145.69624157207537,0.3574305011490915,-72.74123428353778
22.85406331097237,145.10145865221187,0.37051596645288815,-72.36076594130554
19.668823509249176,148.96528768575885,0.2787408905664287,-75.15877588646038
20.27552024584158,148.2683816837833,0.29623396641743693,-74.64999613770031
20.871478076619177,147.58181880711996,0.3129237087526416,-74.16444097877024
21.456769533730338,146.90620355079238,0.3288625113631305,-73.70041509644504
22.03146603189547,146.2419759085881,0.3440981005993285,-73.25639787532661
22.595640749267915,145.58944707287063,0.35867409330007427,-72.8310208376698
23.149370744152325,144.9488262928813,0.37263046990863236,-72.4230483907851
23.69273845456329,144.3202413345776,0.3860039781945405,-72.03136139792566
20.22943029599731,148.43267304137015,0.29093919555698744,-74.92547274906623
20.8714347436756,147.7046802819231,0.30878533009770054,-74.40498463267582
21.502709827093284,146.9864016892798,0.3258104865500283,-73.90787938130102
22.123255106902562,146.27860507130268,0.3420677237449598,-73.4324741858465
22.733074194544493,145.5818748409879,0.3576054391382905,-72.97725823401535
23.33217768792598,144.8966499470405,0.37246792120991756,-72.54087067894625
23.92058528760644,144.22325258966939,0.3866958180341515,-72.12208178850626
24.49832724343209,143.56191025175303,0.4003265372420624,-71.71977682492519
20.76678469418236,147.9148060547884,0.3023222791755128,-74.70378872514422
21.44307539522531,147.1566792056715,0.32049026035539907,-74.1722474830488
22.10865882473734,146.40764570645476,0.337820418248449,-73.66422383576841
22.763458317595937,145.66863674856071,0.35436645173430054,-73.17804853684089
23.407406499907495,144.94038176486265,0.37017740718045805,-72.71222171692378
24.040448348317565,144.2234483884148,0.3852982250271174,-72.26539133899067
24.66254336144645,143.5182728674974,0.3997702034994376,-71.83633471780603
25.273666996389718,142.82518354666368,0.4136313944863045,-71.4239426846273
11.854401106326273,157.9834108970007,0.21577919223934447,-60.64934683688387
12.00513680582444,157.80386575257236,0.22770376304049206,-60.154823421441016
12.148510774999592,157.6311995292315,0.2389503214457105,-59.69406106559983
12.28509675801518,157.4651571491225,0.24957737547976475,-59.26360892051707
12.41540562445272,157.30546414871023,0.2596366180431505,-58.860485970833906
12.539894802204453,157.15183804522968,0.26917393414367846,-58.48210226155905
12.658975519719112,157.00399618651508,0.27823022314409,-58.12619525400837
12.77301884091308,156.86166090763643,0.2868420807733971,-57.79077843862659
12.264594974144337,157.60173176071015,0.2326858365047701,-60.19205927833807
12.429877959750321,157.41344558762327,0.24511866740192165,-59.68132051240684
12.587324980533815,157.23189975015896,0.2568528190688089,-59.20515090133657
12.73752925348549,157.05690015322918,0.26794792794895106,-58.760041485282414
12.881024318798886,156.888217665229,0.27845678418117686,-58.34296043136909
13.018287933431449,156.72560683228906,0.2884262893480298,-57.951270558398114
13.149750490384001,156.56881459905424,0.29789829334039963,-57.58266605174616
13.275801122401251,156.41758690655354,0.30691028044842694,-57.235120730597814
12.647589076673528,157.23018386980502,0.24809890929951786,-59.77173801997174
12.826852545006808,157.033577605919,0.26099135079589897,-59.24644509676917
12.997844272473664,156.8435605972846,0.27316652371590927,-58.756435065320446
13.161176589257074,156.65999609645806,0.28468509231587313,-58.298150260772
13.317401592793795,156.48270076190892,0.2956008116211196,-57.868513948268095
13.46701456700603,156.31146609952114,0.30596148723816124,-57.46484771400489
13.610462544265337,156.14606881337738,0.31580981558132604,-57.08480787672875
13.748150446018037,155.986278774715,0.3251840733397588,-56.726333476031485
13.007131200705599,156.86828515637762,0.2622556868665493,-59.382633722201874
13.199860732964513,156.66373129871263,0.2755667169558958,-58.84417259407796
13.383916216630253,156.4656055388264,0.28814360631760577,-58.34163061291119
13.559930295098233,156.2738238066006,0.30004797288644397,-57.87140917807153
13.728466909336388,156.08825182875643,0.31133440472362195,-57.43039043150268
13.890037878953981,155.90871663501258,0.32205153091406336,-57.015860221064145
14.04510474574182,155.73502472373437,0.33224280976315107,-56.62544145116226
14.194086291616708,155.56697008546237,0.34194723203687716,-56.25704240991647
13.346207430563556,156.51556275665104,0.2753413909690158,-59.020251763698504
13.551934595986152,156.30339348396123,0.2890359920143953,-58.469794562029755
13.748616254378502,156.09748188590677,0.30198103436802876,-57.955829023670695
13.93689975748104,155.89779822509135,0.3142389713204486,-57.4747187379032
14.117362437268994,155.70425333086035,0.32586517455165015,-57.02331105839693
14.290529385380085,155.51671064184242,0.3369090101747281,-56.59885962282462
14.456874834787284,155.33500639587572,0.3474146283359033,-56.19895764165773
14.616829778007556,155.15895879439975,0.357421668999073,-55.82148601911371
13.667242121777091,156.17155904692794,0.28750339098021854,-58.68101061581693
13.88553616618738,155.95207595750583,0.3015513391610201,-58.11956060731846
14.094440233248193,155.7386722192792,0.31483553891293864,-57.59511984607354
14.294612090982831,155.53137382950027,0.3274191911956162,-57.10401812051705
14.486645437019975,155.33013150106567,0.3393584167121943,-56.64307314530304
14.671072032577941,155.13484941895044,0.35070322112427427,-56.20950854210604
14.848378857745079,154.94539189434138,0.361498398924486,-55.80089140587561
15.019007689761475,154.7616013597011,0.37178418475794067,-55.41507810849058
13.972230987781098,155.8358413259613,0.2988608510337122,-58.36201041545131
14.20269529617336,155.60931847407036,0.3132358193366444,-57.79043459681782
14.423448444544418,155.38869098839336,0.3268339009732407,-57.256338589139986
14.635158313381412,155.17403825510465,0.33971899288482477,-56.756022492991406
14.83842877426725,154.9653545886869,0.3519478731959124,-56.286276315795085
15.033801304364767,154.76258027220948,0.36357116657671723,-55.84429800900862
15.221772750202906,154.56560896274036,0.3746342507093783,-55.427630790650916
15.402794430805448,154.37430729087058,0.38517790856371875,-55.0341089414745
14.262840510453726,155.5080006588609,0.30951150211491163,-58.06086939666898
14.505107730886882,155.27468948956368,0.32419036590927036,-57.47992375339898
14.737363262989522,155.0470852169981,0.3380801158452725,-56.936887741754795
14.960283517399233,154.82531972274975,0.3512452909765749,-56.42803492711743
15.174481096200202,154.60943033659478,0.36374327688699254,-55.95013045538668
15.380505887301826,154.39939306955418,0.3756252709352618,-55.50034917933522
15.578863404226784,154.1951307315034,0.38693719106248736,-55.076212767363415
15.77001341615307,153.9965340785868,0.3977203286512459,-54.675535518941174
12.250012382720188,157.45729528170256,0.20813622115204153,-63.08648768990834
12.421947925658905,157.2465063348063,0.22044479334151504,-62.59236706674334
12.585944872599473,157.04365668895304,0.23207342892235433,-62.13101598145189
12.7425873302779,156.84845212533583,0.24307929319186247,-61.69916022143545
12.892401842019055,156.66057538344256,0.25351307784249577,-61.29396513154459
13.03586108013976,156.47970281679187,0.2634198897444002,-60.912959681211454
13.173391921929412,156.30551167538601,0.2728400379667921,-60.553979137556006
13.305381250615632,156.13768554062472,0.2818096783787489,-60.215117847286635
12.6870987118418,157.061773543679,0.22534029201418723,-62.64847589088622
12.875636345011602,156.84012021122751,0.23817145785714128,-62.13805903376231
13.055746303460836,156.62626282984283,0.25030192274885077,-61.66118029559895
13.2280358388454,156.41996873246913,0.2617900115782112,-61.21451809722828
13.393046374904003,156.22097633860136,0.2726874339252997,-60.79518929799279
13.551269857482003,156.02900268152985,0.28304029940396846,-60.400680901780184
13.703150373082355,155.84375863980551,0.2928898458652872,-60.0287886670778
13.849091276505339,155.66495473040032,0.30227309994518353,-59.677570440263516
13.09563519674665,156.67704041948966,0.24101774035312304,-62.2458387291339
13.30013606138888,156.44502571499996,0.25432061381964627,-61.7207858817694
13.495765898001185,156.22064465720638,0.26690411563235444,-61.22995115540721
13.683147892968853,156.00372853749752,0.278827568225352,-60.76996996646689
13.862838606468284,155.79406785504298,0.29014361944771666,-60.3379191844586
14.035345090217575,155.59142141466478,0.3008992616760735,-59.93124859770815
14.201125933275932,155.39553398886204,0.31113656163592235,-59.547719495353846
14.36059850289556,155.20614347371838,0.32089332407464044,-59.185357807822804
13.479550285440736,156.3025312905478,0.2554122923932762,-61.87305027304861
13.699435444239013,156.06060052778548,0.2691440424202328,-61.334745645429905
13.910044236995459,155.82612707442516,0.2821394610951293,-60.83126535252565
14.112011126375629,155.59900680801792,0.2944587538205145,-60.35920671864334
14.305909955176045,155.37907715828476,0.30615545115679793,-59.91561348214557
14.492255494339915,155.1661432471645,0.31727730202180826,-59.49790093517277
14.671520191334135,154.9599822922804,0.3278671337673285,-59.10380065512318
14.844133355738794,154.76035984753898,0.3379634539292952,-58.731310429080864
13.841973884183153,155.93770648491702,0.2687139400178126,-61.52579609491136
14.076715152102487,155.68625883766015,0.28283805295678627,-60.97540958312745
14.301807505571487,155.44208105439384,0.29621030419655126,-60.46039177009431
14.517895626441037,155.20513121554578,0.30889171087395006,-59.97730713416752
14.725563835677336,154.9752974055055,0.3209365704487929,-59.52316854578805
14.925336992347031,154.75242657157258,0.33239335407427073,-59.09536252910782
15.117697973673017,154.53632979820054,0.3433055699873344,-58.69159377017304
15.303086267622394,154.32680045658472,0.3537123662143763,-58.309835065240605
14.18544482546393,155.58205636373353,0.2810736539836356,-61.20064268356819
14.43455745657367,155.3214532475384,0.2955586584374792,-60.63917470001365
14.67367714937059,155.06792373098295,0.309277481417356,-60.113567274611896
14.903456632145813,154.82148712644712,0.32229188154877764,-59.62035592750974
15.12448677397132,154.58208350288737,0.33465684454078015,-59.15652572810099
15.337306537619178,154.34959562201573,0.3464215434059235,-58.71943905822447
15.542401744447405,154.1238740711566,0.3576300708030985,-58.30677523297348
15.740222482729031,153.90473820646136,0.3683221763663813,-57.91648519569832
14.512054341764241,155.23510311363134,0.2926133824937189,-60.894812382933
14.77509111775895,154.96567446550281,0.30743189312208596,-60.32312716446298
15.027815928330275,154.70311615426343,0.3214709400085787,-59.787749303706626
15.270887678601447,154.4475077613911,0.33479296368901684,-59.285188680532734
15.504903879347031,154.1988389747133,0.3474535958947378,-58.812406081880006
15.730410602874226,153.95703333584308,0.3595026206486946,-58.36674100407096
15.947900604445696,153.72197549469857,0.37098470668122197,-57.94585138994055
16.15783144256347,153.49351256785692,0.38194014765105416,-57.5476681161556
14.823547989171551,154.89640064761687,0.3034330387957481,-60.60602589652926
15.100094389966692,154.618449750769,0.31856102570535555,-60.02487673918893
15.366031843093499,154.3471603967797,0.33289716501280536,-59.48044270101088
15.62202380816262,154.08267149070855,0.346504528126162,-58.969210880087886
15.868672947078261,153.8250217287614,0.3594393452666617,-58.48812038586223
16.10652881688375,153.5741773259431,0.3717519534550822,-58.03448986484227
16.336096612967484,153.33005005409905,0.3834875981194221,-57.605959064538425
16.557833450023658,153.0925215059316,0.39468703714458553,-57.20043975527932
12.66322810602426,156.90376086750658,0.20195421110944517,-65.53747270972389
12.859040885803443,156.65851717760515,0.2146661738465509,-65.04688463478716
13.046379545156656,156.42224172493115,0.22669662180592368,-64.58778663704346
13.225834508597169,156.19460680991614,0.23810135686464112,-64.15711805046658
13.397933520093426,155.9752670266727,0.24892993416474452,-63.75221464535358
13.563157638580924,155.763864866009,0.25922662329898294,-63.37074940158903
13.72194223028433,155.56004482939179,0.2690310781784146,-63.01067643977531
13.87468376118412,155.363458039231,0.278378957698998,-62.67018939801821
13.129028083980254,156.49172511208866,0.21946730139963713,-65.11973244708636
13.343780736585954,156.23318972269894,0.23271701387743632,-64.61280018835636
13.549571390963479,155.98345807534434,0.24526432645891724,-64.13808237907064
13.747003690232306,155.74227741825365,0.2571661148053147,-63.69247498732709
13.93662426777578,155.50935767974732,0.2684730026713541,-63.27327624117896
14.118924004470738,155.2843938523487,0.279230183172386,-62.87811899460571
14.294353959539905,155.06706785133773,0.28947823404502493,-62.50492302949536
14.463324441275347,154.85706220987828,0.2992536694579324,-62.15184917296502
13.564869811368391,156.09124330282498,0.235418519195356,-64.73561689486141
13.797844860112978,155.82000919455731,0.24915268415151487,-64.21399005182678
14.021418638155241,155.55739289420777,0.26216562311238417,-63.72521705631148
14.23620558257685,155.30321440460875,0.27451518065071084,-63.266157391072575
14.442761782991509,155.05724441822568,0.2862528817048925,-62.834073986163624
14.641594323135473,154.81922126179745,0.29742482633217215,-62.426569277458285
14.833160336173906,154.58887119858431,0.30807236236198987,-62.0415303893897
15.017883108405169,154.36590699872417,0.3182327850080414,-61.677090271600946
13.974867705211437,155.70165588952787,0.2500583492487269,-64.37985509112833
14.225414437930322,155.41824954251643,0.26423217502728197,-63.844907883331196
14.466161825545283,155.14325831874953,0.27766763827068713,-63.34338380302247
14.697731970599568,154.8765739909309,0.29042345616383214,-62.87211077191786
14.920689157665697,154.61802598469023,0.30255197952446095,-62.42832166852321
15.135549214452931,154.36740058304454,0.314100089037428,-62.00959048401612
15.342777768276749,154.12446386563232,0.3251098680697818,-61.61377766229719
15.542807256563156,153.88896078465766,0.33561930640156473,-61.23899103599743
14.362299044578078,155.3223478018739,0.2635817947099956,-64.04833682787992
14.62982326429639,155.02724235580814,0.278157148195665,-63.50122999591897
14.887185362457192,154.74033616694052,0.29197841220334897,-62.98805681763882
15.135012482087228,154.4615917554646,0.30510509710933126,-62.505617753732324
15.373874686804532,154.1908967344061,0.3175903056836835,-62.05111940013008
15.604292164904212,153.92808730075052,0.3294816151042056,-61.62211021951381
15.826743471295028,153.67296293713866,0.34082182628152624,-61.21642877904192
16.04166184204394,153.42530746851716,0.35164951800088273,-60.83215907694012
14.729821750715756,154.95274823622876,0.2761436303466048,-63.73779455662185
15.013777621819544,154.64637305426115,0.2910876843982324,-63.1795202376915
15.287239091037145,154.3479708794595,0.30526311479147555,-62.65564023316028
15.550836113087621,154.05757394717244,0.3187301586041112,-62.16293100087538
15.805142472431914,153.77512746244724,0.3315426086560537,-61.69857603653449
16.050682808775125,153.50051528231725,0.34374869597558066,-61.26010177181288
16.2879385070993,153.23357858520114,0.35539182484267123,-60.84532542887742
16.517355084634982,152.97412706950053,0.3665112049116212,-60.45231265182378
15.07962490134108,154.5923288909834,0.28786875052799016,-63.44558723864924
15.379508365026885,154.27507674589086,0.3031529716822533,-62.87700225387055
15.668591681949314,153.96556320078187,0.31765505666438215,-62.34322945572103
15.947505706717774,153.66388918120822,0.3314359128765987,-61.84102424837353
16.21682617360833,153.37005686124525,0.3445499706927742,-61.36754974424488
16.47708053540774,153.08399743132523,0.35704606612592626,-60.92031284258748
16.728753697411403,152.8055914397658,0.3689681765952927,-60.49711217910386
16.97229544234283,152.53468116237332,0.38035605442590886,-60.095995764954445
15.413535597919514,154.24060139767127,0.29885939032958125,-63.16954933224836
15.728878996974965,153.91283400789618,0.3144587666317648,-62.591400369320695
16.033139735009467,153.5925644493693,0.32926337871297623,-62.048444398907066
16.326947912062245,153.2799613310698,0.3433347559837999,-61.53741831065558
16.61087967509496,152.9750831602571,0.35672792136334663,-61.055467175624116
16.88546386456986,152.6779080997449,0.3694922739469054,-60.60008051643601
17.151187586254572,152.38835590952036,0.3816723252744186,-60.16904036486729
17.408500910840036,152.1063042447306,0.3933083177890399,-59.76037862367505
13.089018352293344,156.3308657897172,0.19724263315673704,-67.9670617379123
13.311324202891674,156.04816853359108,0.21037454380549672,-67.48338641947984
13.524701316821266,155.77538755497758,0.22282374994771964,-67.02964063344292
13.72972827625414,155.51218129277248,0.23464455840410536,-66.60300211512191
13.926929068925093,155.2581830016927,0.24588538379790334,-66.20100663033567
14.116781742763763,155.01301368982095,0.2565895796502945,-65.82149220901806
14.29971752847394,154.77629859729547,0.266796052952515,-65.46254979763353
14.476135871941157,154.54766370647837,0.27653992793433535,-65.12249074276484
13.585039530443087,155.89985003360016,0.21506952666930357,-67.57037506746913
13.82890926440509,155.60112506355028,0.22875504883778514,-67.07034469131509
14.06337779094986,155.31211589394553,0.24173677146916603,-66.60091501143467
14.289031903943537,155.03256498649134,0.2540700555617752,-66.1592291605032
14.50640442872042,154.76217414184336,0.26580431426297235,-65.74278955030515
14.715982972614354,154.50062009336588,0.2769838458461287,-65.34940231684293
14.918208079963911,154.24757416011062,0.2876484481116956,-64.9771282178366
15.113489366434083,154.00269935694604,0.29783408747683326,-64.62424998969972
14.049654071642369,155.48124973518483,0.23129780711527045,-67.20542012626312
14.314284353274882,155.1671884198439,0.24548106173751225,-66.69066186714873
14.569093600496664,154.86261743163965,0.25894145145182135,-66.20709551927253
14.81467285628149,154.56736235985727,0.27173527896564,-65.75183486694434
15.051560185158829,154.2811932330798,0.283912851111779,-65.32235383640752
15.280247318193103,154.00384477190096,0.2955192962566564,-64.91643043038935
15.50118738569787,153.73502850195624,0.30659526260091713,-64.53210164930667
15.714791016318806,153.4744515081246,0.31717742317329156,-64.16762322408076
14.487164986077786,155.0742999502997,0.2461849317861705,-66.86721067904745
14.77182639847973,154.7455178754722,0.2608190264126397,-66.33907930098475
15.046291199215164,154.42598131429415,0.2747128534946511,-65.8426651049087
15.311151469275556,154.11559792898493,0.2879235664753852,-65.37505681211664
15.56694753300254,153.81420550843052,0.3005022810027298,-64.9337038542754
15.814174390623725,153.52159481498583,0.3124948927993739,-64.51636058629907
16.053287111509263,153.23752594486137,0.32394276024523844,-64.12104071359164
16.28470780405917,152.9617376346884,0.33488329518962134,-63.74598034702838
14.900999119962476,154.67830197476007,0.2599310873660189,-66.55186284488862
15.205024801287971,154.33535377563786,0.27497615260178987,-66.0115022236571
15.49851589154909,154.0013912361526,0.28926493337173415,-65.50332881274716
15.782062823109955,153.67640299796003,0.30285535886781756,-65.02440983402226
16.05620567701033,153.360294051075,0.31579928359976034,-64.57217354791969
16.32144039504282,153.05291102977125,0.32814330543469833,-64.14435374938765
16.57822398610835,152.7540605346684,0.3399294489236771,-63.738944365927686
16.82697891695252,152.46352247793916,0.35119574007874965,-63.35416207080345
15.29393535515445,154.29261718403947,0.2726949948284228,-66.25629181498743
15.616711980282929,153.93600734025694,0.28811674939607324,-65.70467946096572
15.928648234917434,153.58811163285878,0.3027673743900153,-65.18567746898172
16.23033062616243,153.2489985815597,0.3167055120067689,-64.69633456396944
16.522296862513034,152.91863976427484,0.3299836971040187,-64.23406063922508
16.80504184110234,152.59693743193043,0.3426491751355728,-63.796571538234424
17.079022661488395,152.2837446947904,0.35474458597521,-63.38184383111875
17.344662850333453,151.97888037724525,0.3663085395504386,-62.98807753310994
15.66826224326802,153.9166612826666,0.2846046145237279,-65.97800613316555
16.009222745256192,153.54685224981222,0.3003732932113224,-65.41598616752813
16.339064858018258,153.18547684435603,0.3153570006976247,-64.88695949822335
16.658369212983626,152.83268237388089,0.32961503902060896,-64.3879589114466
16.967669315511294,152.48850636152474,0.34320057380723323,-63.916378326015554
17.267457305580066,152.15290636202934,0.3561614518917104,-63.46991786245786
17.55818877576113,151.82578192388658,0.3685408853991007,-63.04653880356687
17.840286825581156,151.50699088702348,0.3803780280170531,-62.64442642623623
16.025889872595066,153.54989897480732,0.2957646060214929,-65.71496418943586
16.38450750348205,153.16731746337223,0.3118541432074769,-65.1432722586931
16.731752794048692,152.79288224732863,0.32714573637380506,-64.6049217250866
17.068198813200855,152.42681835472033,0.3416993018693695,-64.0969316368115
17.394373274814413,152.0692285980783,0.35556859363679305,-63.616681999673126
17.710764072088846,151.72012548472892,0.3688020203253288,-63.16185913369113
18.01782389825518,151.37945487411287,0.38144332943746845,-62.730410821974374
18.31597412799725,151.04711365735457,0.3935321840422681,-62.32050926235383
13.521482349453377,155.74798010528332,0.19393621636805547,-70.3410854001652
13.772707286021204,155.4251875036342,0.20750089960308035,-69.8677790371149
14.01466574116174,155.1131318333335,0.22038208102879858,-69.42258123546875
14.247911356458523,154.81147348587976,0.23263251851984887,-69.00293122288683
14.472948356031406,154.51984247153555,0.2442993930572466,-68.60658328557969
14.690237650977236,154.2378543707584,0.2554250636620792,-68.23155839198904
14.90020404621572,153.96511905531898,0.26604771577632297,-67.87610545797517
15.103232665302915,153.70125596474756,0.27620181941277155,-67.53866516756455
14.048840186556363,155.29583294214922,0.21207585813889873,-69.96596431398706
14.324528787494891,154.95397780242223,0.22621055268228418,-69.47633045171658
14.5905132227396,154.62260343427357,0.2396403584156461,-69.01541446913573
14.847347335182091,154.3014664048365,0.2524190528186049,-68.58062946061817
15.095536922379416,153.99027600593902,0.26459478750066345,-68.1697036601094
15.335545700322687,153.68871321692873,0.27621084369234294,-67.78063248468806
15.567800303250516,153.39644392841402,0.28730626379726903,-67.41163921109803
15.792696808874911,153.11312581098795,0.2979164014323634,-67.0611432660681
14.543325262157135,154.85704104754024,0.22857940978730942,-69.62056210243375
14.842581972031272,154.49692057018532,0.24322550548913088,-69.11619269399945
15.131753342172189,154.14699631767954,0.2571473172304236,-68.64107608753581
15.411389327978503,153.80712008980842,0.27039953598843236,-68.1926037010458
15.681993568256587,153.47708014697983,0.28303118496809404,-67.76848191708645
15.944029098063112,153.1566230821254,0.29508637508717445,-67.36668455272691
16.197923134020137,152.84546936870169,0.3066049372444684,-66.98541381327597
16.444071108320006,152.54332444612226,0.3176229550557031,-66.62306801997299
15.009428792814282,154.43072594956354,0.24371139939738543,-69.30020344528164
15.331439267474531,154.05305198817038,0.258819779585306,-68.78242356671801
15.64303024000287,153.68526807150744,0.2731861100076075,-68.29437007002494
15.944744496664823,153.3273200991318,0.2868659094771435,-67.83341632295378
16.237080429602667,152.9790748299462,0.29990899273381433,-67.39725029556132
16.520497496108653,152.6403444809952,0.31236022561649784,-66.98382744476824
16.795420784492546,152.31090446357,0.32426015772098504,-66.59133194318976
17.062244856879666,151.99050623764845,0.3356455559835798,-66.21814458516623
15.450727024954103,154.0160988454003,0.2576772813504877,-69.00125001717441
15.794745651736,153.62151444407368,0.2732062370207277,-68.47117838133029
16.12805014104355,153.2364973932666,0.28797673390487194,-67.97125533451556
16.451173364493723,152.86108652833124,0.302045048115001,-67.4988392045874
16.764605871653753,152.49522654336997,0.31546172002801937,-67.0516024097095
17.06880109717109,152.1387951547818,0.3282723089093393,-66.62748474612884
17.36417970601295,151.7916229036839,0.3405180256716066,-66.22465488915375
17.651133242007962,151.45350768757984,0.3522362670231974,-65.84147847981266
15.870119779999348,153.6124480172801,0.27063979587091924,-68.72081417962903
16.235459797789566,153.20153945473842,0.28655350425361004,-68.17940686185183
16.589824514241986,152.79986304699145,0.3016934918518943,-67.66852675965016
16.933734557010474,152.40754940276304,0.3161167331221763,-67.18551969386002
17.26767042100975,152.02462053540032,0.3298744390555098,-66.72804494252645
17.59207742763594,151.65101944569918,0.3430128110073157,-66.29402892095766
17.90736985083471,151.28663188090133,0.3555736733356926,-65.88162695129093
18.213934370764626,150.9313024605538,0.367595007869377,-65.48919153088477
16.269995166605867,153.21912877737836,0.2827300333376359,-68.45656509413686
16.65602069294065,152.79243465906015,0.2989974230257374,-67.90464787492762
17.03083826072577,152.3746281894252,0.3144768123454144,-67.38359912027532
17.3949542535463,151.96593060910382,0.3292258242288183,-66.89075429957381
17.74883720471265,151.56644060811752,0.34329629375262966,-66.42376160754971
18.092922514748935,151.1761661965596,0.3567350209891814,-65.98053602606306
18.427616361613016,150.79504832064316,0.3695844033123268,-65.55922135829874
18.753298960593888,150.42297850719063,0.3818829699778416,-65.15815867910777
16.652346418761805,152.8355551618675,0.2940551344227807,-68.20659365870537
17.058465944610244,152.39357345506943,0.31064902225700924,-67.64488643133399
17.453169244437166,151.96012814858966,0.3264414812009325,-67.11435655634975
17.83694672242118,151.5355300056589,0.3414907400290592,-66.61233100435447
18.210253289966918,151.11995374057562,0.35584921815756937,-66.13644865826184
18.573512848988152,150.71347205778613,0.3695642773440678,-65.68461474672254
18.92712199092401,150.31608103421945,0.3826788534781429,-65.25496313870163
19.271453065225955,149.92771921330092,0.39523199109133017,-64.84582497531294
13.954148907344399,155.16515070490553,0.1919134282200719,-72.62796811908188
14.236391172998376,154.800125114624,0.2059190136653146,-72.16836331220422
14.509181166097278,154.44648486300375,0.21924072486737844,-71.73482466005989
14.773032725372898,154.10391048494765,0.23192971252948716,-71.32506716815678
15.028416391900496,153.77204554668893,0.24403186564375404,-70.93707757913282
15.27576463272477,153.45051400875025,0.2555885078719989,-70.56907396697348
15.515476342122755,153.13893202072174,0.2666369814109025,-70.21947242002403
15.747920636867184,152.83691596605098,0.2772111395578227,-69.88685942634767
14.513503325653273,154.69013046555392,0.21035982501685413,-72.27461018131298
14.823359932953105,154.30273433066333,0.22495214850565157,-71.79874307169828
15.123384273734558,153.92638869328502,0.23883883549779453,-71.34948090515508
15.414080860974485,153.56088402584547,0.2520720182034093,-70.92452138752141
15.695912981319978,153.20595557579963,0.26469852571627644,-70.52183293159045
15.969307789363482,152.86130383361345,0.27676058011556093,-70.13961482944265
16.23466056585239,152.52660893205066,0.28829638053417644,-69.77626434324692
16.492338300308955,152.20154078913546,0.29934059649753864,-69.430349369447
15.03852561680493,154.2294615876948,0.22713264418482762,-71.94886942386876
15.375003729958188,153.82060397224865,0.2422502441707078,-71.45828364371437
15.701329623896596,153.42243057514796,0.25664238958731095,-70.99477313276583
16.017994267054483,153.03484082793284,0.27036209428394753,-70.55602195225876
16.325449822470357,152.65766136233884,0.28345703428587105,-70.13998371376702
16.624114467621865,152.2906695050933,0.2959702429415227,-69.74484230959101
16.91437641086948,151.93361010812328,0.3079406948539584,-69.368979393451
17.196597259760875,151.58620765905147,0.3194037996554884,-69.01094731550035
15.533891551279517,153.78214671167441,0.24250345989111646,-71.64640246200672
15.896086771604718,153.35264172188366,0.2580948951580077,-71.14238297343385
16.247859133212835,152.93343122088703,0.27294264606350166,-70.66585265346758
16.58968270304302,152.524522400378,0.2871005277546077,-70.21448488629945
16.921995308001446,152.1258328271122,0.30061698803515746,-69.78622136600511
17.24520309027429,151.73721676064136,0.31353580129415315,-69.37923335586218
17.55968428769161,151.35848426059692,0.3258966520328183,-68.99188954254467
17.865792390129474,150.989415148273,0.3377356287658629,-68.62272923402818
16.003324033514662,153.34730263847564,0.2566829849848576,-71.36383170953894
16.39040683839914,152.89788765410628,0.27270462238878906,-70.8474636433575
16.766837057473882,152.4583600086061,0.28796566758737663,-70.358951412899
17.133069034781983,152.02883344326955,0.30252067100583413,-69.8959601835915
17.48952354591099,151.60931592555937,0.3164187905332001,-69.45642212814154
17.83659210166766,151.199738608371,0.32970448403227803,-69.03849818871093
18.174640500953643,150.79997707677677,0.3424180922033887,-68.64054628950224
18.504011780419766,150.40986705603726,0.35459633236363014,-68.26109478977042
16.449841726519107,152.9241410246328,0.26983797897521633,-71.09847791274609
16.861046761052737,152.45548997456828,0.28625238246125057,-70.57068903076458
17.261403618750418,151.99630641513312,0.30189040362852815,-70.07108260732798
17.651344511928286,151.54680944697833,0.3168072731446169,-69.5973176540343
18.031270835245497,151.10709686036745,0.331052807636237,-69.14731884116296
18.401557232529864,150.6771765731635,0.34467210057829867,-68.71923873914506
18.7625549326873,150.25698989296282,0.35770610428327326,-68.31142637551886
19.114594499614217,149.8464288767907,0.3701921233317911,-67.92240093545861
16.87593067303234,152.51195381952712,0.28210266782407983,-70.84817929414469
17.310548105899933,152.0246872226183,0.2988773984220769,-70.30977136151427
17.734150369122197,151.5464593193164,0.3148609145772803,-69.79983819078264
18.147145458910625,151.0775934173892,0.33010908079110324,-69.31603439497283
18.549913364648745,150.61827653402278,0.34467232918629265,-68.85627886344592
18.942809914869052,150.1685931653395,0.35859634860010137,-68.41871746117918
19.326169907989136,149.72855045129091,0.3719226655066673,-68.00169191701181
19.700309670733045,149.2980971007444,0.3846891368993768,-67.60371376432032
17.283665987589057,152.11010184551878,0.29358668204870864,-70.61116572260406
17.74103445635386,151.60479459401597,0.3106933863354965,-70.06283815995752
18.187244784820436,151.10809130118494,0.32699487493191504,-69.5432479756721
18.622678928685744,150.62041837674602,0.3425476066560294,-69.05004689163876
19.047693694046757,150.14205146664273,0.35740259235904465,-68.58114949939198
19.462624379260202,149.67315142016406,0.3716060820646822,-68.13469639746407
19.86778771311669,149.21379125474465,0.3852001446493434,-67.70902339866366
20.26348423083937,148.76397656742674,0.39822315999671776,-67.30263570375286
14.380351273918924,154.5924250099984,0.19101573516870976,-74.80009472695203
14.695248204449692,154.18366715438043,0.20546476813111095,-74.3571988008558
15.000687566303068,153.7867337436441,0.21923001853015653,-73.93815915547326
15.297129486019243,153.40134313902706,0.2323609817338252,-73.54097173575869
15.584997401643351,153.02716922703777,0.2449022030821313,-73.16386212200207
15.864682452365034,152.66386018789618,0.25689391825254565,-72.80525257615852
16.136547318698263,152.31105133727675,0.26837259232688065,-72.46373465542946
16.400929445618544,151.96837400027385,0.2793713760997385,-72.13804635396096
14.971863078875261,154.09327732265191,0.20975866662062412,-74.46835829292534
15.317735942558128,153.65860992435697,0.22481124394943838,-74.00930023328934
15.653854375629368,153.2353281476718,0.23915782115599793,-73.57455845862195
15.980658361799618,152.82327538832195,0.25284883077290865,-73.16212055437434
16.298553840590614,152.4222310961962,0.2659297225718624,-72.77020170452633
16.60791703092498,152.03193268041616,0.2784416028249826,-72.39721244880803
16.909098018624984,151.65209104643606,0.29042177257454765,-72.04173180881432
17.202423752249555,151.28240165144766,0.3019041838354465,-71.70248480003737
15.527614942090054,153.60950915914464,0.22679118605547183,-74.16208595215144
15.903370226699218,153.14995736131206,0.2423829113090752,-73.6883484675815
16.269137295842402,152.701318381431,0.2572483044686122,-73.23932494015968
16.62533161289302,152.26355967790556,0.271438641428422,-72.8129974689952
16.972337585990644,151.83656602136392,0.2850001891387422,-72.4075737174011
17.310512630671557,151.42016449821017,0.29797484284394604,-72.02145532953627
17.640190520154317,151.0141425469254,0.3104006632784616,-71.65321153599739
17.961684164374052,150.61826104560214,0.322312332448326,-71.30155701537643
16.052460310772457,153.14000189341357,0.24239176978180904,-73.87728072049369
16.45709988116411,152.65648647617584,0.25846880660249083,-73.39009867203092
16.851568441274377,152.18338645511028,0.27380071805355394,-72.92797691119078
17.236253471299097,151.72079212833165,0.28843954841028024,-72.48889438364857
17.61151446726924,151.26869321308405,0.30243231168116635,-72.07105357806675
17.977686767490983,150.8270067198994,0.3158216266315215,-71.67284955794368
18.335084684372376,150.39559731404873,0.3286462526497557,-71.29284401750468
18.68400408038435,149.97429230194578,0.3409415448398029,-70.92974347401965
16.550263451521253,152.6837759938773,0.2567762896302028,-73.61083588904674
16.98286997918357,152.17713324291643,0.2732930206470779,-73.11125279324467
17.405164290497524,151.6803908800256,0.2890471135912381,-72.6370333826794
17.817502939498418,151.19376084229268,0.3040913197298906,-72.18615537723502
18.220217618862613,150.7173373549322,0.3184733428635141,-71.75681803895046
18.613618776795423,150.25112747302143,0.332236471940679,-71.3474117801356
18.997998551216774,149.79507361212848,0.3454201153751957,-70.95649264349387
19.373633158426816,149.3490703135416,0.35806025520913615,-70.58276080809873
17.024157703281393,152.23996487706776,0.2701154542207322,-73.36028784696042
17.483883193643184,151.71096103620334,0.28703277873282684,-72.84919661651489
17.93318929000224,151.1913304881053,0.30317103593879696,-72.36373611462626
18.37239907443132,150.68140565815364,0.31858363318465904,-71.90188445215239
18.801813922290837,150.18138481557935,0.3333189166821157,-71.46183930637352
19.22171693726819,149.69136510022253,0.34742080154418525,-71.04198807067486
19.632375709996637,149.2113670813548,0.36092930435131293,-70.6408827353593
20.03404453649867,148.74135319276203,0.37388099616604903,-70.25721869157188
17.476723715209047,151.80779574923565,0.28254657477930517,-73.12364916962726
17.96278023974537,151.25713796980594,0.2998306422041927,-72.60182218549495
18.43833806323087,150.71531865812952,0.31632014295649147,-72.1058618632187
18.903684560714467,150.18278964045268,0.3320690977897671,-71.63374807820081
19.35908857432946,149.6598527633042,0.3471264557227785,-71.18367832460972
19.80480369473336,149.1466952398185,0.36153672133588105,-70.75403837539452
20.241070866963124,148.6434161083823,0.37534048539890547,-70.34337754233445
20.668120456506934,148.15004623799925,0.38857487653916334,-69.95038776337272
17.910115789762756,151.38657501409304,0.2941817350668944,-72.89929261454843
18.42176791767187,150.81491985648412,0.31180298385081545,-72.3674043798351
18.922864838751593,150.251564100994,0.328614974628017,-71.86159187832787
19.413656234528666,149.6970779551871,0.3446723054936006,-71.37983793007821
19.894376438931182,149.15186638575352,0.3600244948941813,-70.92034105609122
20.365247594580943,148.6162066334026,0.3747166060337565,-70.48148662031181
20.826482129052057,148.090276453712,0.3887897753898022,-70.06182244920885
21.27828468683803,147.5741756012827,0.40228166284807504,-69.6600381889807
14.793630457939242,154.03921721105058,0.1910653935778066,-76.83491388504767
15.142246126518208,153.5859710760539,0.20595418365002602,-76.41122978801509
15.481597167182064,153.1447547276242,0.2201597790046342,-76.00908884098394
15.812078354880502,152.7153399489732,0.23372998398428116,-75.6267637624267
16.134054337668665,152.29744621648723,0.2467079573141722,-75.2627174322956
16.447863307693993,151.89076077902683,0.2591327998041906,-74.91557664669135
16.753820285872905,151.4949524656384,0.271040051082228,-74.58411012297827
17.052219855274448,151.10968133296555,0.2824621113674792,-74.26720999891684
15.416942899701372,153.51522749582008,0.21009101280698952,-76.52431627138559
15.800052889783322,153.03235951259305,0.2255999650734702,-76.08460096608977
16.173711033316714,152.56095237892626,0.2404029775038059,-75.66680273857476
16.53828020960097,152.10091894033837,0.254548738616195,-75.26919470011327
16.89409618054322,151.6520992915489,0.26808126839914964,-74.8902372271907
17.241471318579748,151.21428395160746,0.2810405041759505,-74.52855253371636
17.580697665015762,150.78723041334712,0.29346279548046067,-74.18290326401504
17.912049453199845,150.37067501738903,0.3053813247744436,-73.85217443051297
16.003122390036275,153.0076528722752,0.22737062420588322,-76.23701953274944
16.419531042251464,152.49630634928516,0.24343236749108751,-75.7826834926899
16.826366109619233,151.99581587032418,0.2587672414214452,-75.35058224872908
17.22395397964555,151.5062344560272,0.27342473071675527,-74.93899143901331
17.61259727345629,151.0275227045449,0.2874496353152635,-74.5463712026192
17.992578368892683,150.55957508296962,0.3008826531172254,-74.17134147838506
18.36416226483502,150.10223899707614,0.3137608727719602,-73.81266113975316
18.727598919706313,149.65532872104927,0.32611819304962625,-73.46921033892816
16.55719028138625,152.51525402317176,0.24318935424393898,-75.96938006433803
17.005803756464815,151.97645895526352,0.2597476220148502,-75.50159912499278
17.444773813564847,151.44789013365119,0.27555957116139407,-75.05632445192012
17.874386716380382,150.92973958592623,0.29067541299714833,-74.6318359553931
18.29490831763382,150.42208820761385,0.30514066249953387,-74.22659538413534
18.706587419375207,149.924934915589,0.31899671775158245,-73.83922229398779
19.109658477961904,149.43821804098377,0.3322813504182021,-73.46847368438232
19.504343785907043,148.96183116149282,0.34502912352001636,-73.11322672053291
17.0831446033793,152.03695550483408,0.2577680525449694,-75.71856647207508
17.562955408000363,151.47164997871477,0.2747752125919242,-75.23833538724176
18.033094382493676,150.91592403065232,0.29101783713863905,-74.78084343868228
18.493804521411096,150.3701075994718,0.3065468075173093,-74.34437624785502
18.9453117474914,149.83440164246215,0.3214083011770986,-73.92739870861821
19.387828152199067,149.3089099234993,0.33564436767821904,-73.52853157596431
19.82155457741152,148.7936625516989,0.3492934166479961,-73.14653156846693
20.246682670140494,148.28863357766056,0.36239063372197966,-72.78027444296669
17.584227332242982,151.57181280542008,0.2712812432615341,-75.48233361603683
18.09430217421352,150.98085854023168,0.2886965036584361,-74.9905046572068
18.59470978922293,150.3988266553648,0.30533005575978567,-74.52161509535844
19.085647125946785,149.82618399705353,0.32123340439829323,-74.07395747022696
19.567297373207477,149.26325135195188,0.3364533464730029,-73.64600111893286
20.039833124228515,148.71023766475528,0.3510325433407285,-73.23636934060194
20.5034188718572,148.16726556141413,0.3650100060560799,-72.84381993278953
20.958212966579044,147.63439058273974,0.3784215092590562,-72.46722859546934
18.063108845615226,151.11898861171653,0.2838692222788438,-75.25887021413097
18.602578811962633,150.50318274989715,0.30165729788847945,-74.75618164123155
19.132412347188495,149.8956365533502,0.3186473903681331,-74.27660489921078
19.652757864749493,149.29695286898036,0.3348915894874595,-73.81844047383503
20.1637532986471,148.70757209956543,0.35043727610604125,-73.3801632590089
20.665529234984888,148.12780866399393,0.3653276908101567,-72.96040025762748
21.15821135793148,147.5578783574335,0.37960241624780144,-72.55791152296587
21.64192234190405,146.9979191059267,0.3932977887519329,-72.1715738707123
18.522018638571993,150.67773506128194,0.29564644939316426,-75.04669301996387
19.090071167557124,150.03781933670035,0.3137765508342721,-74.5337905159368
19.648538659522973,149.4054990448085,0.3310931768187766,-74.04414832945363
20.197518733836063,148.78151222079018,0.34764896988709987,-73.57607577895298
20.737101779448263,148.16641869554925,0.36349186541717887,-73.12805428245176
21.267374097245924,147.5606386270917,0.37866565635709626,-72.69871555870013
21.788420334050528,146.96448156157194,0.39321047247048685,-72.28682294699365
22.300325339984,146.37816860126847,0.4071631894918759,-71.89125540760493
10.936989743862908,159.3399073507597,0.2121096487129053,-60.73444574175091
11.068514368781194,159.18271095211628,0.22388694251111096,-60.24735131184316
11.193502937128041,159.03142859192636,0.23499559024199546,-59.79352674166564
11.312474930696348,158.88586479065475,0.24549351238664718,-59.3695645987151
11.425891898542728,158.74580007764243,0.25543185213497954,-58.97252221627042
11.53416629324888,158.61100272590767,0.26485598163758556,-58.599843689313396
11.637668212598493,158.4812369729073,0.27380632250807857,-58.24929681415598
11.736731006346599,158.35626851688676,0.28231902584957425,-57.91892219487502
11.299798730730174,158.99990207823603,0.22921056992836203,-60.27876003008675
11.443860603297773,158.83603143491374,0.24149772440919384,-59.775437293375376
11.58096281223804,158.67789295902284,0.2530956518314633,-59.306194252382085
11.711646310414645,158.52534893402802,0.26406342527522186,-58.86756681872094
11.836392916126693,158.3782261013439,0.27445326743937026,-58.45656031923293
11.95563405519104,158.23632999927685,0.2843115598951682,-58.07057123107142
12.069757596721303,158.09945494287942,0.29367966766667464,-57.707323752158445
12.179113547912626,157.96739090295213,0.3025946234314196,-57.36481854930677
11.638377226117848,158.66796580579665,0.24484026344684232,-59.85951448025934
11.794474110847789,158.49779183038046,0.25758959104755647,-59.3416094915031
11.943225344300084,158.33315548085216,0.26963121881231283,-58.85850336921716
12.085187699328193,158.17397773340033,0.2810252125440284,-58.406680490091546
12.220861429523202,158.0201302040493,0.2918247615200335,-57.98310143263879
12.350694448263626,157.87145546222595,0.30207714377496947,-57.585120975708584
12.475090158028388,157.72777790332808,0.3118245633995581,-57.21042506387062
12.5944132040978,157.5889119421335,0.32110483820171154,-56.85697926234808
11.956071767433947,158.34372738446658,0.2592292236747737,-59.47108169343554
12.123752337478356,158.16757147199826,0.2724004546532992,-58.93997309706345
12.283730525877942,157.99675121278503,0.28484721949950204,-58.44430478235883
12.436578886067226,157.83124315518623,0.2966304968695559,-57.98051774488324
12.582812933490521,157.67096386045912,0.30780433376366256,-57.5455325162565
12.722894975661713,157.51579260867103,0.3184168126537396,-57.136667059978784
12.85724205833498,157.36558377598672,0.32851089160759356,-56.751573478065374
12.986231754923605,157.220176281231,0.33812509484571734,-56.388186226091584
12.255551015776971,158.02683041047655,0.2725577917932753,-59.1090523360566
12.434404744130534,157.8449767012781,0.2861164766764145,-58.565908219144085
12.605225120264725,157.66825087250854,0.2989353651984386,-58.05878110089335
12.768601695071805,157.4966809904818,0.3110762884535225,-57.584075282326076
12.925059863163824,157.33023092539875,0.32259404002085906,-57.13867412371854
13.075075676202642,157.16881528844326,0.3335374401407241,-56.7198634132374
13.219078207609572,157.01231826821848,0.34395013030542204,-56.32526510468424
13.357456493807085,156.86060326979666,0.3538712758238368,-55.95278588876236
12.538980692610862,157.7169348813421,0.2849697206939558,-58.76990709915406
12.728632538845694,157.52963705938103,0.2988860806422635,-58.2157288928468
12.909944689300772,157.34725315901412,0.3120485508342845,-57.6980904009658
13.08351866362221,157.16986451502717,0.3245197116790778,-57.21336176534883
13.249891189992614,156.9974788729596,0.33635506244500574,-56.75839474022664
13.4095494748693,156.8300466916688,0.3476040876263198,-56.330445829244084
13.562933224088653,156.66748175748603,0.35831105280613745,-55.92710997142404
13.71044166901321,156.50967188873187,0.36851570940994083,-55.54626893063711
12.808144880973938,157.41371838029505,0.29658144496134176,-58.45079206678069
13.008250323908902,157.22120519232712,0.3108294986335002,-57.88644680591543
13.199730553560455,157.03338790713755,0.32431062307207426,-57.35911704507873
13.38319743078961,156.85040014252414,0.33708808446169575,-56.86514241368315
13.559197549510266,156.67229284929678,0.3492180289146316,-56.40134634961768
13.728227931628854,156.49905191104554,0.3607505506748562,-55.964959042098066
13.890737699695388,156.33062046600736,0.3717304889102681,-55.55355110188433
14.047135172886325,156.1669106333012,0.3821981343349276,-55.16498180025411
13.064531904518942,157.11687732113666,0.3074885881705711,-58.14936089876258
13.274773475788562,156.91935591413701,0.32204548394661814,-57.575605577595155
13.476122253391445,156.72631012045568,0.335823322873148,-57.03930100806298
13.669198179900373,156.53792537823125,0.3488859944085017,-56.5367588558393
13.854560694415394,156.35429120566573,0.36129027096558664,-56.06477830302537
14.032711198122326,156.17543245491308,0.3730867796645759,-55.62056457711402
14.204108583547882,156.00132002456925,0.3843208998155368,-55.20166669112786
14.369169283692209,155.83189019383013,0.39503342111724876,-54.80592353131271
11.302105433400707,158.83065608047704,0.2066705046496315,-63.17234835351627
11.452255020502804,158.64518269649702,0.218831485171236,-62.68514345515929
11.595331009514055,158.4666183320248,0.2303216263852053,-62.23027359490334
11.731866224407284,158.29472790429298,0.24119753792301196,-61.80450082982153
11.862339403642636,158.12924980149012,0.2515093857784549,-61.405022865716546
11.987179495478403,157.96991176625278,0.26130178593724585,-61.029397613620034
12.106773066492206,157.81643877319186,0.27061458871083605,-60.675486296304626
12.221469752377075,157.66855876262264,0.2794835217492151,-60.34140660158964
11.688491927638589,158.4808126557104,0.2240054865947616,-62.736374901647956
11.852933852704963,158.2868999540076,0.23669092651706178,-62.23291384116749
12.009867105951168,158.0997031967818,0.24868495418837383,-61.76255851635165
12.159842904898522,157.91905203105088,0.26004528815858113,-61.322020883966324
12.303358167751444,157.7447363859283,0.2708231380087714,-60.908452046427506
12.44085901700982,157.57652576699275,0.28106409851273695,-60.519366835628844
12.57274832517942,157.41417895143195,0.29080893752396036,-60.15258668924477
12.699391204482206,157.25745123045937,0.3000942425638567,-59.80619257392437
12.049353162200447,158.1395214110966,0.2398358338005347,-62.33533971409242
12.227522017381332,157.9376102358566,0.25299584911509343,-61.81727170902564
12.397784846287284,157.74220970633652,0.2654459420619594,-61.332991054644864
12.560712226203513,157.5532089286517,0.2772448510951417,-60.879168308435794
12.716812961167792,157.37045181698093,0.2884446790300402,-60.45291173433484
12.866548823493053,157.1937484327602,0.29909190225146814,-60.051699320044406
13.010336592399604,157.02289141894482,0.30922810573994614,-59.673317699152726
13.148554678037446,156.85766366969162,0.3188906437745274,-59.31581565036338
12.388217076165033,157.80635795612818,0.25439886557664304,-61.963815067162436
12.579601941586962,157.59683459875325,0.26799138927388394,-61.43251839297888
12.762718831843385,157.39360397030913,0.28085720406427594,-60.93561809303795
12.938151512246758,157.19661682446042,0.29305593116836726,-60.46974657235488
13.106421289189594,157.0057676980898,0.3046405045559662,-60.03197656183404
13.268002346677118,156.82090780534045,0.3156581831404254,-59.61975293942852
13.423323354408218,156.6418635935963,0.3261512873000036,-59.23083164001849
13.57277418450938,156.46844567712083,0.33615786223060035,-58.86323299225625
12.707893842542596,157.48092426661282,0.267879944547634,-61.61755588492121
12.91203117578851,157.26413011022103,0.28186905903433435,-61.07419746260507
13.107567966701358,157.05340211580878,0.2951161091588561,-60.565782930458816
13.295097526941165,156.84875284933906,0.3076815027868418,-60.088910498872266
13.475155705476576,156.65012294485157,0.3196189608979055,-59.64062334792608
13.648223112656595,156.45740822678073,0.3309764176139298,-59.2183351919415
13.814739959821955,156.2704675242749,0.3417968725145721,-58.81977531175485
13.975106014836957,156.08913919398893,0.35211899888432063,-58.44293871498629
13.010663160013083,157.16284523506118,0.28042661357787274,-61.29317891857906
13.227129384424881,156.93908595454846,0.2947813164707643,-60.73875820590354
13.43468814151935,156.72115952620953,0.30837981280160837,-60.21977660462859
13.633941614332565,156.50913805833576,0.3212832373541658,-59.732802629094216
13.825434635876197,156.3030110945602,0.33354599838981436,-59.27485152147564
14.009656422353707,156.10271512940156,0.3452166778398912,-58.8433109331425
14.187055985533776,155.9081423454697,0.3563388863788209,-58.43588576771221
14.358041638838253,155.71915879637476,0.36695187257072637,-58.0505483647631
13.298402237764108,156.85176875777404,0.29215822638231137,-60.98794407299367
13.526808119897929,156.62132068461503,0.30685150435815456,-60.42332568969577
13.746022159695139,156.39646690798182,0.32077547413047625,-59.89459669597671
13.956653742932385,156.17733800823186,0.3339919371152312,-59.39829921515831
14.159253543111257,155.96397328523526,0.34655592097530646,-58.93142308271555
14.354322831930501,155.75634479162943,0.3585166389990517,-58.49133405688399
14.542313296140104,155.55438248743138,0.3699182290557376,-58.07571372724042
14.72364223413568,155.35797847435774,0.3808004819114835,-57.682514516389986
13.572677210372593,156.54736496871746,0.30317269753647036,-60.699600855090914
13.812663287397298,156.31047991857213,0.3181808173882734,-60.12553936521092
14.04319310972605,156.07894655570274,0.33240742889758856,-59.58777855484136
14.264881816690265,155.8529528953281,0.34591494835177344,-59.08283700932351
14.478286102889683,155.63258584034583,0.358758986356781,-58.60768225800278
14.68391354147269,155.41785689318758,0.3709893079227325,-58.159659028093316
14.882221909994756,155.20872917180293,0.38265057149929466,-57.73642925773659
15.073634948975005,155.0051221474824,0.39378305977125894,-57.33592691867277
11.681553756112004,158.29819046319818,0.20222527846990102,-65.62771872788893
11.85261948616868,158.0816126277313,0.2147876166770312,-65.14369674450069
12.0161062335705,157.8729177062964,0.22667743730075426,-64.69078090829031
12.172556518165685,157.67183613088494,0.23795000421016305,-64.26594031672886
12.322454539752153,157.47807586398912,0.2486543694660783,-63.86653751832022
12.46624001852604,157.29133017250504,0.258834325224073,-63.49026969728182
12.604310110069232,157.11129072661626,0.2685290788075814,-63.13511285387328
12.737025638602228,156.93765276735851,0.2777738706969593,-62.79928045404383
12.092942131709446,157.93642988613027,0.21980853489470797,-65.21273640211001
12.280290914868987,157.70939089699493,0.23291086828228513,-64.71247822605731
12.459622909979384,157.49002130860265,0.2453200618950758,-64.24405046218489
12.631495980723813,157.27812323086664,0.2570924513803005,-63.80437915079327
12.796408879425773,157.0734631696726,0.26827809810112124,-63.390786384420934
12.954815828146366,156.87578166229676,0.278921744914836,-63.00093138474313
13.107127907308344,156.68480893745846,0.28906349292363187,-62.6327547253119
13.253719397409006,156.50027160418418,0.2987394227241845,-62.284436860863465
12.477463764742298,157.58378978942045,0.23585244060826843,-64.83100363871284
12.680457795679843,157.3468111022813,0.24944251629278455,-64.31615025350885
12.875040755657901,157.1172708282837,0.26232088928286645,-63.833767353784744
13.061781125354974,156.89504286787067,0.2745448342482999,-63.38074304145754
13.241193194628485,156.67994785039627,0.28616534978347014,-62.954366867021214
13.413738852596895,156.4717772066794,0.2972279866192635,-62.552262598430524
13.57984189818594,156.270298569492,0.30777365643760884,-62.17234077456846
13.739887733808306,156.0752702448581,0.31783919040400616,-61.81275302551382
12.838830942702835,157.23978471271386,0.25060132615422237,-64.47732943389495
13.056895071643796,156.9933228872247,0.2646351634358799,-63.949250279679866
13.266190890059491,156.75405499154962,0.2779404272858357,-63.45421211156864
13.467295938433772,156.52192435355465,0.29057524706284327,-62.98907080788172
13.660733841354832,156.29680846177823,0.30259142974583514,-62.551085300689806
13.846975491401565,156.07854589382322,0.31403528828693344,-62.13785055234003
14.026454048572761,155.86694280096185,0.32494845388452775,-61.7472499774054
14.199564079060996,155.66178935652275,0.3353684354555881,-61.377409829524275
13.180000401036395,156.90396509175528,0.2642457329115795,-64.14766006143985
13.41261218400836,156.64842544513192,0.27868583764476995,-63.60751354909405
13.63613029092976,156.39982474660425,0.2923819113729057,-63.100920150425544
13.851138993149362,156.15817452949716,0.3053928578962005,-62.62470757947778
14.058167463556805,155.92340999297025,0.3177712043016971,-62.176107209722545
14.257698566777682,155.6954116885372,0.32956399694115013,-61.75269063832699
14.45016808339875,155.47402893335988,0.3408134811471383,-61.352315284620595
14.635979722370715,155.2590822350032,0.3515577969220103,-60.973085580854686
13.503369269133229,156.57591362787593,0.2769371169818099,-63.83876924353076
13.750051087718816,156.3116600452888,0.2917511711372495,-63.2875467602566
13.987341533807506,156.05408225051514,0.305806933239602,-62.77033991697944
14.215829632825027,155.80325877912574,0.31916401424794155,-62.28395169322611
14.436049799559134,155.55918031219628,0.3318756119840842,-61.82558975656216
14.6484888194082,155.32177511989806,0.3439893942400831,-61.39280259044132
14.853593553674903,155.0909257141966,0.35554824740738306,-60.983428040137376
15.051768451724705,154.8664897576491,0.36659083737413023,-60.595548795039775
13.810910767042726,156.2552426806213,0.2887978519394045,-63.54804700579517
14.071223501138372,155.982604892074,0.30395773112899616,-62.98660564369153
14.321871367445537,155.7163733789355,0.31834608242880597,-62.45959983892989
14.563446450458743,155.45669250631727,0.33202316682472416,-61.96381076619308
14.796486838639341,155.20360766679912,0.34504279966203355,-61.496425085083374
15.02148347670179,154.95709272083434,0.3574532341284249,-61.05497122810114
15.23888789647746,154.71706810874963,0.3692979110234003,-60.63726799806317
15.449109121879209,154.4834235866077,0.3806160196790145,-60.24138018238923
14.10427070433853,155.94159203708054,0.2999282248886649,-63.27335181017389
14.37780859387004,155.66087115375095,0.315409247848373,-62.70243918238697
14.641429427120078,155.38628213992337,0.33010639465821595,-62.16634507941665
14.89572688135215,155.11803405458897,0.3440805272876958,-61.66183139731869
15.141241357749294,154.85622623722617,0.3573860329187239,-61.18606611634905
15.378466698352414,154.6008776525767,0.3700717075864035,-60.736559760678034
15.607855811789282,154.35194852032598,0.3821814925621309,-60.31111363552208
15.829827582669823,154.10935418868152,0.39375510660877494,-59.90777771183817
12.070422729126076,157.75093500623618,0.19882533947842404,-68.06535257950921
12.264625052993415,157.50063776129426,0.21180448158184803,-67.58807714928237
12.450809394213136,157.2591327207922,0.2241099774066947,-67.14039164488207
12.629513025702924,157.02613190777993,0.23579561424331616,-66.71949758744232
12.801222347662847,156.80131783709794,0.24690932788916636,-66.32295338662183
12.966374523853077,156.58436327203438,0.2574939606914218,-65.94861408879589
13.125370865404824,156.3749337847557,0.2675880261335793,-65.59459152461456
13.278576553989927,156.17269928752776,0.27722621828561816,-65.25921269289412
12.50797548173514,157.37524907752385,0.2166680787683597,-67.67237098861743
12.72068669514852,157.11221081145635,0.23020359645611616,-67.17893091661843
12.924952884958456,156.85771669513062,0.24304473714315877,-66.71575063063646
13.121321462751526,156.6115598220971,0.2552463215698667,-66.27999646555335
13.310287862966334,156.37349023663992,0.26685724901454455,-65.86919207052854
13.492303755841755,156.14323102274435,0.277921329094578,-65.48116305783488
13.667776713888006,155.92049633108786,0.2884779029828167,-65.11398794221934
13.83708381319397,155.70499112623057,0.29856250154668895,-64.76596583348581
12.917290547566868,157.00933434439705,0.23293585123273156,-67.31078212046492
13.147795003952284,156.73416336386848,0.24697298008153865,-66.80279746885168
13.369474800616347,156.46726787599655,0.2602970355245071,-66.32566333655855
13.582884016209839,156.20852075796066,0.2729637584505647,-65.8765160468413
13.78852524831654,155.95773765909266,0.28502292020544534,-65.4528502214984
13.986857855240673,155.71469556962765,0.2965191558664787,-65.05246365582902
14.178296878775866,155.47915359444968,0.3074925854653054,-64.67340848938899
14.36322750299081,155.2508534139514,0.3179794764771451,-64.31395880126361
13.302268002330184,156.65263213442324,0.2478801097700673,-66.97566577673403
13.549920017057037,156.36586272655828,0.26237283178044873,-66.4544872471215
13.788407823417366,156.08708430660954,0.27613545239829274,-65.96468463958418
14.018289339696592,155.8162481767323,0.28922454072493764,-65.50336848783645
14.240071707932021,155.55323482601116,0.3016906543597915,-65.06800831880523
14.454217731292756,155.29787662425062,0.31357915831948435,-64.6563769982226
14.661153130266765,155.04997221664416,0.3249309232426787,-64.26650595824476
14.86126367255675,154.8093056192488,0.33578283720446056,-63.89664508953364
13.66601255615616,156.30463373991265,0.26169666093464333,-66.66318523018884
13.930225248402365,156.00674155797248,0.2766058025023346,-66.12995454957858
14.184968458597536,155.71654359774632,0.2907692059706011,-65.62857041335779
14.430801584381584,155.43406823083808,0.3042441927199676,-65.156121081019
14.668234116727206,155.15925996975758,0.3170820357400643,-64.71005426254432
14.897731921307999,154.89200450924238,0.32932877893864476,-64.28812172756042
15.119722500448457,154.6321468585724,0.34102592092937845,-63.88833401966559
15.334601502683766,154.37950245474053,0.352211005355375,-63.50892373965023
14.011040339195045,155.9648730531691,0.27454094866066964,-66.37029053192876
14.29127681812112,155.6562861960623,0.2898327881659657,-65.82598426740594
14.561768101244287,155.355087314684,0.3043644295968713,-65.31394864297175
14.82307307044806,155.06138051993585,0.3181938829695846,-64.83125260903124
15.07570170213178,154.7751735098082,0.33137307724905535,-64.3753248268208
15.320121186530576,154.49640483290372,0.34394867981416827,-63.943898544372594
15.556761053250046,154.22496380096183,0.3559627809266766,-63.534966473078676
15.786017491699212,153.96070512953082,0.36745346938993617,-63.14674360551987
14.33942194413161,155.63292145618,0.28653843011424185,-66.09451678686104
14.63518824138696,155.314028709619,0.30218365619906923,-65.53997887153234
14.920959310787516,155.00221040695317,0.31705523176076567,-65.01809573937193
15.197291813702698,154.69764510627672,0.33121180140117473,-64.52591956058482
15.46469461335433,154.40040285012347,0.34470589962263276,-64.06086231151924
15.723634728586859,154.11047453810772,0.35758477022366214,-63.62064091938079
15.974542318732977,153.82779353428523,0.3698910512264382,-63.2032323071109
16.217814883566337,153.55225167942206,0.3816633513296027,-62.80683631108647
14.65288404957276,155.308383847179,0.2977918198236989,-65.83384316452573
14.963723385784384,154.97954097060665,0.31376473711949393,-65.269809520276
15.264339915404268,154.6574534747733,0.32895142332107563,-64.73878016711163
15.555286608826767,154.34237311771184,0.34341111122818213,-64.23779267252105
15.83706983198181,154.0344314543864,0.35719689758989887,-63.76424436599132
16.110155132938356,153.73367121579096,0.3703565622444827,-63.3158377533832
16.374972083565407,153.4400695333792,0.38293325331007894,-62.89053573478776
16.631918355881258,153.15355526371317,0.39496606424082803,-62.48652462883801
12.463257230026567,157.19797317110812,0.1964657833157709,-70.45077014135568
12.682638430280655,156.911681320882,0.2098740321304551,-69.9838907749337
12.893660338583867,156.63498480958089,0.2226080513330914,-69.54481923397464
13.096843809172713,156.3675908030549,0.23472009378373895,-69.13101309421415
13.2926615563216,156.10917393241638,0.24625685719607066,-68.74024365136306
13.481544246851808,155.8593922921362,0.25726024028203737,-68.37054763089483
13.663887228337721,155.61789669947692,0.2677679896768972,-68.02018857584508
13.840048582919652,155.3843443100145,0.2778141649160266,-67.6876206193579
12.927812256696456,156.8065336328541,0.21457532204875568,-70.08047875788655
13.168154124125614,156.50497092610945,0.2285570326237772,-69.59755924337242
13.399736757505266,156.21270442003626,0.24184360999529741,-69.14305505931246
13.62308480264415,155.92953296780263,0.2544883020414484,-68.71439691999274
13.83867557925822,155.6552067885702,0.2665387523058953,-68.30932947412829
14.046945058399201,155.38944640539844,0.27803775680784937,-67.92586340876032
14.2482946495236,155.13195407575643,0.2890239128894667,-67.56223707508613
14.443088352429305,154.88243011156538,0.2995320837253894,-67.21688051056289
13.362751408463158,156.42558635272144,0.2310738622404817,-69.73958247122019
13.62325509548369,156.10945444933404,0.24557162934703874,-69.24220862770656
13.874650833283495,155.8022959076105,0.2593553612261321,-68.77378414669184
14.117463527386802,155.50399982293945,0.27247919371291174,-68.33171725282887
14.352171854756408,155.2143912482867,0.2849916159677548,-67.91373006274159
14.579214060691019,154.9332529271923,0.2969362276091501,-67.5178110965153
14.79899281533566,154.66034073808902,0.3083523717895004,-67.14217628707954
15.011881334161929,154.39539265319883,0.31927568534302453,-66.78523752367896
13.772161501034669,156.05449041370414,0.24621998762562702,-69.42346224435809
14.052105676749727,155.72440743797418,0.26118564722404813,-68.91295537524205
14.322636176277479,155.40295690921465,0.27542000817409196,-68.43187128342795
14.584275317381529,155.09011663988096,0.2889780074440968,-67.97759925674288
14.837500460159792,154.78578566352596,0.3019088985796392,-67.5478422490133
15.082749617629167,154.489808587445,0.31425700885045676,-67.1405697877707
15.320426153715424,154.20199313153827,0.3260623729883389,-66.7539792429059
15.550902742483892,153.92212282410816,0.33736126722934867,-66.38646378086457
14.159294541652576,155.69267085989867,0.2602147869423131,-69.12852059926914
14.458022998029032,155.34918857713618,0.27560739337234696,-68.60599709037324
14.747068525824291,155.0139839920465,0.29025280241759815,-68.11331897268576
15.026948486484772,154.68712212469404,0.3042066805034077,-67.64785954771504
15.298136687205869,154.36857508832745,0.31751897850492444,-67.20730540938862
15.561068803294754,154.05824890598527,0.3302346886760716,-66.78960973722442
15.81614691429493,153.75600302647806,0.34239447877905294,-66.39295382170206
16.063743322922676,153.46166461829532,0.3540352269137584,-66.01571518569695
14.526785229211848,155.3396070655836,0.27321771297425435,-68.85190060104344
14.84369711411616,154.98322327171445,0.28900206136412804,-68.3183150802162
15.150688023344573,154.63475188536395,0.30402446694255336,-67.81495443682567
15.448268364873398,154.29434366347016,0.3183412655018811,-67.33917846902219
15.736906498109162,153.96204288206903,0.3320030490690452,-66.88865977374593
16.01703396882979,153.63781647755422,0.34505542239522724,-66.46133741518783
16.289049882611728,153.3215754342475,0.35753963724921756,-66.0553787038542
16.55332458147925,153.01319059607798,0.36949312780588944,-65.66914748669136
14.876801265623621,154.9948247619869,0.2853573289601935,-68.59129519447458
15.211343257508194,154.62599252194434,0.3015028518926423,-68.04747251920539
15.535753109459156,154.26469945827904,0.3168726736087235,-67.53421718812153
15.850532571993835,153.91118064531253,0.3315237482695771,-67.04887760915823
16.15614293223455,153.56555160859585,0.34550726138796634,-66.58911439692055
16.453010064147758,153.22783966527527,0.3588693856965781,-66.15285440676794
16.741528640248085,152.8980070877677,0.3716519154071849,-65.738252764226
17.02206566563823,152.57596836024484,0.3838928019596413,-65.34366132444256
15.211150052673084,154.65789007221562,0.29673879937420605,-68.34481418443525
15.562810016334824,154.27702478450274,0.31321872701134285,-67.79147362330136
15.904149970115029,153.90331958093412,0.3289100490617391,-67.26901079270775
16.23566153809995,153.53709249116295,0.3438702943021726,-66.77476452630206
16.557797528281593,153.17852939274235,0.35815120085651575,-66.30638519091087
16.87097680218106,152.82771743673462,0.37179947127846846,-65.86178907704645
17.175588327117204,152.4846699005815,0.3848574066067844,-65.43912067509915
17.471994568539937,152.14934482275922,0.3973634422995579,-65.03672130414496
12.854290600927774,156.64858777361744,0.19509111539098772,-72.75185751057501
13.100600134579441,156.32449191653444,0.20893658637498483,-72.29890119694598
13.338337115199105,156.01064829888298,0.22210781143902297,-71.87174523865558
13.567993380834528,155.70677476805147,0.23465545095307985,-71.46811800048341
13.79001753245117,155.41255108678126,0.24662491993767138,-71.08601887115037
14.004820284282156,155.12763624503222,0.25805708651868614,-70.72367786364455
14.212779015273163,154.85168027555744,0.2689888567801593,-70.3795223140712
14.414243472527835,154.58433042349554,0.27945368596816333,-70.05215025470957
13.346309960804213,156.23984766546107,0.21347028369312437,-72.40458856944764
13.616236605071306,155.89772282665027,0.22790681304840985,-71.9357687704711
13.877237177150937,155.56548070145567,0.24164795700372702,-71.4932867649843
14.129799790085645,155.24294264297214,0.2547453297499498,-71.07485264920098
14.374370722116497,154.9298745672463,0.26724525800340526,-70.67844666485885
14.611359640966933,154.62600732333956,0.27918947931006416,-70.30227934950838
14.841143977494314,154.33105101093156,0.29061572742685166,-69.94475862759032
15.064072611579139,154.04470505539985,0.3015582263984286,-69.60446248839439
13.807350174169041,155.84237593860843,0.23020252736715086,-72.08461202028191
14.100007804392847,155.4830222893819,0.24516996453413273,-71.60146680032858
14.38344071938702,155.13315516647134,0.2594228366718181,-71.14512942054368
14.65812974406863,154.79269780392218,0.27301361079834474,-70.71329526908279
14.924515531789067,154.461501411376,0.28598943066317356,-70.30392886856548
15.183003580112544,154.13936846239713,0.2983928145071347,-69.91522456733999
15.433968423953834,153.82606934686044,0.3102622406953192,-69.5455740053746
15.677757163964767,153.52135432814154,0.32163264251294604,-69.19353904979845
14.24168053976919,155.45544234157467,0.24555346932646213,-71.78763444227486
14.556268164252385,155.0795668132171,0.2610014151439315,-71.29144493798829
14.861378062020766,154.712761555087,0.27571721806277005,-70.82247775890518
15.15748092733198,154.35504997226258,0.2897541161357806,-70.37841646463112
15.445009073854704,154.00636761859062,0.30315999345581,-69.95721265657194
15.72436124591382,153.66658820836525,0.3159780771554786,-69.55704718205342
15.995906632527115,153.33554245598285,0.3282475230067775,-69.17629795936548
16.25998823779977,153.01303180303327,0.34000391066747915,-68.81351316342399
14.652697171728962,155.07840013075918,0.25972942336952576,-71.51031525279993
14.988485308778078,154.68663540153554,0.27561508346316604,-71.00216379370217
15.314581067314736,154.3035095800231,0.2907523554052447,-70.52160260786331
15.631442648599647,153.9291445707535,0.3051951807754823,-70.06630580878958
15.939491755744953,153.56355928667924,0.31899212077134326,-69.63421439795661
16.23911820727282,153.20669821149892,0.33218705224369355,-69.22349795688984
16.53068377622509,152.85845229517906,0.34481975303589635,-68.83252281710293
16.81452540466664,152.51867435049996,0.35692639744376625,-68.45982548870879
15.043150893936401,154.71066974042546,0.27289381577113697,-71.25000356376226
15.399470859426748,154.30358794554076,0.2891804355660793,-70.73081569498154
15.745916287415579,153.90470244550914,0.3047035475393807,-70.23954656104708
16.08293089273222,153.51423203315366,0.31951774025420093,-69.77386282756918
16.41092383979676,153.13227799217333,0.3336721990865774,-69.33169684846682
16.730274167240953,152.7588550557339,0.3472114011235082,-68.91120882370704
17.041334458135598,152.3939142398506,0.3601757000435504,-68.51075530107346
17.344433902493954,152.03735981877654,0.37260182158489696,-68.12886284083353
15.41530461411838,154.3517276525904,0.28517829448269666,-71.00455998086939
15.79153994180041,153.9298506295218,0.3018339925043999,-70.47513556561921
16.157746266080263,153.5157190820787,0.31771202621490413,-69.97392447142424
16.51435111064728,153.10964715156243,0.3328675832138275,-69.49858761144047
16.86174944271254,152.71181752021684,0.3473504282166602,-69.04705035335373
17.20030791869086,152.322314627035,0.3612055966600283,-68.6174651226199
17.530368392870784,151.9411493322599,0.3744739789520236,-68.20818022400026
17.852250833051986,151.56827738932847,0.3871928157681066,-67.81771373567075
15.771044953764855,154.0010982381859,0.2966904616962639,-70.77223247529334
16.166624441298847,153.5649053779014,0.3136873427389332,-70.2332691798392
16.55204417884899,153.13600140183553,0.3298932365985156,-69.72278445324554
16.927714023991168,152.71479433565509,0.34536388883130936,-69.23843490920433
17.29401330387473,152.30154731545085,0.36014960510930516,-68.77814035711542
17.65129489277633,151.89641393468565,0.3742959433964971,-68.34004683245911
17.999888567407396,151.49946464264994,0.3878442974153561,-67.92249572689593
18.340103781686313,151.1107066377971,0.40083239161103196,-67.52399790546886
13.237725678514611,156.1117791448366,0.1946056210647754,-74.94033959001915
13.512310434241352,155.7486477446255,0.20889124408870194,-74.50450080691608
13.77826220193246,155.39624586419762,0.22250320113150052,-74.09228540767454
14.036032001382285,155.0543172123107,0.23549051448783223,-73.70169807526928
14.286033023752468,154.72256098072293,0.24789726644250196,-73.33097291932094
14.528645260520829,154.40065048327762,0.25976324266822465,-72.97854047843583
14.764219474763483,154.08824596227169,0.2711244730320995,-72.64300029955885
14.993080544176356,153.78500342539854,0.2820136890226022,-72.32309806236249
13.757259547662336,155.68455905883596,0.21325250868572068,-74.61604888393755
14.058289044128466,155.30044753544075,0.22814705363004972,-74.1645723166459
14.35039996822039,154.9266043511472,0.24234649967983982,-73.73717945882325
14.634031151134492,154.56288946689412,0.25590077652811594,-73.33186532821698
14.909585492085048,154.20909984333122,0.26885483964803253,-72.94685250269791
15.177434486431187,153.86499121025344,0.2812493126760038,-72.58055880228763
15.437922002221432,153.53029347371245,0.29312102788784045,-72.23157036704747
15.691367450982572,153.20472164915984,0.3045034839062061,-71.89861913922547
14.24448764260653,155.26942000212452,0.23021718423980944,-74.31688443054922
14.570985985576495,154.86523048292065,0.2456576833744556,-73.85124744413744
14.888338418365995,154.47081874318832,0.260383558885308,-73.41009340944771
15.19696800655516,154.08615918635704,0.2744455527074895,-72.99141044469094
15.497264016875215,153.71114557180692,0.2878894042880784,-72.59341234986243
15.78958623534067,153.3456157899878,0.30075649151294825,-72.21450693432269
16.074268557033072,152.98936968345157,0.3130843705891264,-71.85326956138928
16.351621989612955,152.64218193355234,0.32490723375739416,-71.50842096834901
14.703854485743241,154.86553767500217,0.24577211985071107,-74.03889556425996
15.054938388776064,154.44206938378335,0.26170587624260916,-73.56032884538816
15.396696955188627,154.02786659223764,0.2769070413461737,-73.10659399667357
15.729534659958881,153.62301624962763,0.29142709246188975,-72.67567446148614
16.053824383404358,153.227507876771,0.30531248084446977,-72.26577749971011
16.369911534211703,152.8412611314586,0.3186052709944297,-71.87530311846085
16.678117463513164,152.4641458787409,0.3313436797292508,-71.502818055606
16.97874230905657,152.09599690468207,0.3435625336563845,-71.14703391994023
15.13889474408263,154.47218990797535,0.260128723751065,-73.77901063126968
15.51375871809914,154.03015993946553,0.27651103944722766,-73.28855415402292
15.879157754751605,153.5968672195629,0.2921440905538308,-72.82323634918446
16.235475382014787,153.17250941983818,0.3070800263587566,-72.38103781555817
16.583065778091264,152.75717077235328,0.3213659505120094,-71.96016112262757
16.92225771606346,152.35085223465447,0.33504455852689574,-71.55900030737985
17.253357815259456,151.9534936626671,0.3481546758474559,-71.17611527220272
17.576653235951063,151.56499023823477,0.3607317148717009,-70.81021022929913
15.552471020497102,154.0887353269693,0.2734543039374471,-73.53479343296067
15.950375752139207,153.62879365394366,0.29024682645174066,-73.03333687503019
16.33870926481228,153.17704947490145,0.30627450407300233,-72.55729008645076
16.71783213895363,152.73380945217193,0.3215901050775423,-72.10463234890743
17.088077869872773,152.29925149714072,0.33624133590263544,-71.67356309255075
17.449756651824096,151.873457364352,0.3502714767171511,-71.26247192620879
17.803158480883038,151.45643679525222,0.3637199183163456,-70.86991342771115
18.148555711305455,151.0481455572534,0.3766226185114206,-70.49458587808701
15.946937966897375,153.71459885692772,0.2858835274792272,-73.30427856573606
16.367201010157924,153.2373395666843,0.30305301879168295,-72.79259118881774
16.777814563160376,152.7677300375061,0.31944302043683503,-72.30655407533462
17.179114533981284,152.30618429035678,0.335106874838325,-71.8441464802348
17.571412015500876,151.85297291973106,0.35009284931509843,-71.40356601105572
17.954996927289674,151.40825796326996,0.3644447695950459,-70.9831991623156
18.330140984971578,150.9721188970578,0.3782025553870521,-70.58159647845754
18.697100130197896,150.5445721932189,0.39140267597119066,-70.19745156459834
16.324258625225827,153.34926122650887,0.2975263867266584,-73.08585688101358
16.766246856407637,152.8552311478589,0.31504378870900945,-72.56461007212654
17.19853095342309,152.36829793541585,0.33176786649105866,-72.06922754476591
17.621420644671066,151.88898143700825,0.3477524983361342,-71.59768962885774
18.035203108666373,151.41764397881704,0.36304647670347767,-71.14819323908452
18.44014649241825,150.9545273711286,0.3776941395922947,-70.71912288715053
18.836502762701773,150.49978064644668,0.391735904653842,-70.30902619932418
19.224510022116853,150.05348105052755,0.4052087238340615,-69.91659319154097
13.608041896187377,155.59580142981994,0.19488640476609256,-76.99296416777364
13.911754558558329,155.1930655776731,0.20960915479322997,-76.57691759856904
14.206942290126177,154.80133433778892,0.22365943728005364,-76.18221409578759
14.494005411770045,154.4203907344305,0.23708460543135795,-75.8071308004742
14.773311892294855,154.0499664474898,0.24992736949182173,-75.45013518846201
15.045201333681291,153.68976171652787,0.262226388491877,-75.1098587600512
15.309988431123967,153.33945908945293,0.2740167695094966,-74.78507498175682
15.567965871864933,152.9987330009537,0.2853304912914766,-74.47468074043105
14.154713551760304,155.14935067538326,0.21379446339730174,-76.69123213467024
14.487824890787946,154.72253850542185,0.22914398860861965,-76.25981706069908
14.812216144360299,154.30615608478044,0.2437992713375226,-75.85012234614774
15.128266363815857,153.90011598339186,0.25780851842373625,-75.46042379525483
15.436324482761938,153.50426000921553,0.27121526830275205,-75.08918483599714
15.736713268940598,153.11838226041198,0.2840589809491503,-74.73503099172066
16.0297325982503,152.742245539271,0.29637553587845367,-74.39672840001279
16.31566218485407,152.37559308548072,0.3081976552252662,-74.07316569528761
14.66780947621841,154.71580988588502,0.23098617408915442,-76.41244154364854
15.029253119021558,154.2659269473968,0.24689665739265915,-75.9670630184256
15.381842772061477,153.82586713304244,0.2620929692997545,-75.54372737551995
15.725932626403939,153.39567057995754,0.27662408063666555,-75.14071109289256
16.061849201296127,152.9752881577908,0.2905342741342311,-74.75647566642368
16.389895114549905,152.56460757302432,0.30386373194708655,-74.38964279954806
16.710352190499304,152.1634722406104,0.31664903218921897,-74.03897345540652
17.023484037082117,151.77169501181845,0.3289235712313682,-73.70335013756214
15.151939542981898,154.29425858080944,0.24674057691150392,-76.1529934538982
15.540748857361375,153.82219813152065,0.26315699333943926,-75.69482251645341
15.920620019361579,153.35933124030777,0.27884081350426215,-75.25897190340862
16.291879547119535,152.90582354760693,0.29384170011646793,-74.84372037648278
16.654828735094792,152.46173388988456,0.3082046124956107,-74.4475292077907
17.00974726971627,152.02704321954502,0.3219703915440637,-74.06901803351502
17.356896193276068,151.60167575127764,0.33517625463828554,-73.70694440144489
17.69652034585206,151.1855145422138,0.3478562169369902,-73.36018642329078
15.610769346965938,153.88389758420217,0.2612739749729607,-75.910090970811
16.026061518100843,153.39046308755204,0.2781496950580337,-75.4401178351928
16.432372163751385,152.90557623964915,0.29427564354168767,-74.99270478592484
16.82999775851418,152.4295262421463,0.3097021157148904,-74.56613418121911
17.21921198040275,151.96247882621398,0.32447469192985284,-74.15886847455107
17.600269199343067,151.5045077784996,0.338634819906221,-73.76952668550267
17.973407320187377,151.05561819900575,0.35222030782617364,-73.396864409476
18.338850108671902,150.6157638059281,0.3652657444659533,-73.03975681809031
16.04726724715455,153.48402252127042,0.2747574128918548,-75.68151641861985
16.48823081012265,152.9699438944517,0.2920524607475525,-75.20058885598525
16.920203077852698,152.4637557900231,0.3085816168733961,-74.74242924310539
17.343448441631686,151.96586916336514,0.32439575971487755,-74.30532462192178
17.758210887473975,151.47655561820514,0.3395410444616984,-73.88773980132954
18.16471738539858,150.99598135113163,0.35405948258825093,-73.48829440399041
18.56318063539213,150.5242323741096,0.36798943300673603,-73.10574330875582
18.953801297403746,150.0613334284591,0.3813660208565439,-72.7389599780643
16.463874796568124,153.09400584048123,0.28732846912400517,-75.46548091873251
16.929759646327128,152.55995164084612,0.3050082271036962,-74.97433260983394
17.386671186428597,152.03312366200728,0.32190687700932835,-74.50613281918534
17.834839938191603,151.51405294182936,0.33807583879987013,-74.05917418524182
18.27447836426829,151.0031159975942,0.35356180369149454,-73.6319248667578
18.705784186674677,150.50057101985163,0.36840731083631306,-73.22300612895064
19.128943059858234,150.0065849262204,0.3826512364016249,-72.83117319222079
19.544130725205058,149.5212537790904,0.39632921086369,-72.45529886746594
16.862627503431813,152.7132839049516,0.29909944474173294,-75.26051987467505
17.3527367944153,152.15987070192182,0.31713367099782735,-74.75979178375107
17.833913702165606,151.61301546753216,0.33437235650943714,-74.28216921038481
18.306353289066962,151.07336778270636,0.3508674273652058,-73.82595116509314
18.770234855854223,150.54140818735326,0.36666607792543787,-73.38961000891477
19.225725216239827,150.01748646965507,0.3818113445485352,-72.97176954607575
19.672981321361213,149.5018504292157,0.39634259247367193,-72.57118625511542
20.112152359527215,148.99466770164588,0.41029593147700355,-72.18673321469478
10.239079507650423,160.34219325051154,0.21856562600019536,-60.734139451184106
10.356676210939675,160.2018830499419,0.23021433126747587,-60.2514796979278
10.468334786422217,160.06671295769456,0.24120098017198452,-59.80180399275519
10.574534240071678,159.9365436613772,0.2515830501192043,-59.381730754638426
10.675699535041087,159.81120604006495,0.26141127592848207,-58.98834003863306
10.772209852558573,159.69051378130612,0.27073065308482613,-58.61909601408558
10.86440494175991,159.5742722417571,0.2795812557570263,-58.271784287556784
10.952590392549514,159.46228447802656,0.28799891445182213,-57.94446132708915
10.565279586952737,160.0370101597017,0.23552503650720646,-60.28001943768618
10.6939160788131,159.89170154840727,0.24768333921916147,-59.78119136558807
10.816231173566639,159.75130570271722,0.2591591660322922,-59.31615416795087
10.932724188793985,159.6157421984287,0.2700111356184277,-58.88146972400418
11.04383915640092,159.48488934458626,0.28029105156678746,-58.474166221818344
11.149973021489783,159.3585993673494,0.2900449085546767,-58.091660349930876
11.251482098950342,159.23670900393046,0.2993137144617099,-57.731694249745
11.34868744384757,159.11904689668512,0.3081341722036692,-57.39228458061224
10.869275517176849,159.73800177060747,0.2510364768546105,-59.86204110369737
11.008492310841861,159.58802151340677,0.26365749449484693,-59.34867954923588
11.141036891436215,159.4427189445695,0.2755776951734954,-58.86982434749568
11.267426299614021,159.30207086404388,0.2868567074086464,-58.421987979828714
11.388121127221972,159.16600218687492,0.29754728141396375,-58.00215327007651
11.503533831621157,159.03440320585898,0.3076962982716403,-57.60769528938325
11.614035267641952,158.90714182448968,0.31734559539151364,-57.236318010216486
11.719960128572072,158.78407224444769,0.3265326518127635,-56.88600307625875
11.154151785662211,159.44498197294138,0.2653256491187135,-59.47464345166486
11.303535243252693,159.29061133596554,0.27836972476744815,-58.94811738977239
11.44592537664723,159.1406762043389,0.29069637711776225,-58.45673871941112
11.581852198571733,158.99521118424553,0.3023661118204723,-57.99697444211692
11.7117915550453,158.85418633143604,0.3134325345371436,-57.565768063439776
11.836169519645122,158.71752948193944,0.32394332077501,-57.16045787791356
11.955369776490556,158.58513942020286,0.33394105243138256,-56.77871406316683
12.06973911031233,158.45689579752153,0.34346390599318616,-56.41848720709087
11.42236740869764,159.15775373773735,0.27856933768459075,-59.11346431479002
11.581544803281176,158.9992368180046,0.2920025374778635,-58.57493676754302
11.733430720421797,158.84491011639247,0.3047031321572629,-58.072132500610145
11.878568361489698,158.69486312184296,0.3167324402182856,-57.60148012436953
12.017446299691054,158.5491107480096,0.32814483203155576,-57.15988761982572
12.150502608389179,158.4076178250765,0.33898870125949504,-56.74466056073408
12.278132338883783,158.27031368960712,0.3493073037071947,-56.35343899606155
12.400693042117107,158.13710327766802,0.3591394479720021,-55.98414577805004
11.675917176593773,158.87611496408255,0.2909085901099967,-58.77501886301687
11.844548469663517,158.71366786732736,0.30470154858676535,-58.22548725702225
12.00561155737021,158.55516270605784,0.31774794463096506,-57.71220054587483
12.159661127935726,158.40074265626407,0.3301098346899849,-57.231553176500825
12.30719694092809,158.25046666021942,0.3418422845674114,-56.78042141631351
12.448667676854011,158.10433598350906,0.35299434193711776,-56.356081559103465
12.584478491516586,157.96231016022844,0.36360987711934506,-55.95614663662701
12.714996555055034,157.82431920983032,0.3737282757841823,-55.578514584261455
11.916443565541197,158.5998631961963,0.30245774033859074,-58.456479011769495
12.09421736212329,158.43367890577846,0.3165848164983195,-57.896807632599185
12.264164138280712,158.271187084407,0.3299524164715085,-57.373855539340155
12.42685167891142,158.1125808318584,0.3426232965797815,-56.88398821641898
12.582786511764631,157.95796492858673,0.3546531335486395,-56.42405190467069
12.73242774085993,157.80737564464124,0.36609158299292727,-55.99129709485917
12.876189526256843,157.66080234301697,0.37698307915503976,-55.58331247065588
13.014447655756294,157.51819990119597,0.3873675378712626,-55.197973469536514
12.14531655505015,158.32879895288792,0.3133107540049628,-58.155517998869115
12.331946223669622,158.15905139651812,0.3277493767721696,-57.58646219524312
12.5105078782957,157.99274470204537,0.3414165308271722,-57.05456006771353
12.681578225422376,157.83012323507444,0.35437559239237865,-56.5561496261
12.845672283997935,157.67133439429182,0.36668282374028094,-56.08805155350278
13.003257556471926,157.51644971490703,0.3783884330353197,-55.6474925435357
13.15475624093593,157.36548801395458,0.3895373748957906,-55.23203924287519
13.300551861602193,157.21842878628854,0.4001700549275633,-54.83954668639117
10.570811524556024,159.86440647832993,0.2129394982297906,-63.18493081186425
10.704891075087776,159.6982173819143,0.22496819071426244,-62.70206061248286
10.832536256821541,159.5381089574511,0.23633274948982613,-62.2512621635549
10.954240670433151,159.38390199457368,0.24708935095793239,-61.82931989929536
11.070446669872116,159.23538591408834,0.25728775626436245,-61.433451396344005
11.181550024610075,159.0923345640125,0.26697220719809034,-61.06123225162719
11.287906810417775,158.95451488790275,0.27618220742062005,-60.710539491761054
11.389838574262265,158.82169315545966,0.2849531634585174,-60.379504974877506
10.917678466018367,159.55278822203968,0.23012170203490284,-62.75099190763687
11.064312033765999,159.38010819438847,0.24267479006881976,-62.251957042832416
11.204116555549072,159.21326897013532,0.25454337537594435,-61.78576086437589
11.337603519809578,159.0521565637555,0.26578473037788264,-61.3491378085873
11.465232698091945,158.89661276382037,0.27644964669359345,-60.93925898209718
11.587416215700095,158.74645410863423,0.2865833324070093,-60.5536570373696
11.70452558037819,158.6014823602996,0.29622619673858086,-60.19016935204371
11.816896903233763,158.46149221671587,0.30541449496763395,-59.84689119868319
11.241146453998685,159.24767937933007,0.2458230626169952,-62.35171176139363
11.399815366717332,159.06889973147366,0.258851503794169,-61.838150872955026
11.551296285723549,158.89571091743653,0.27117714119346514,-61.358107834378465
11.696115943142205,158.7280623360454,0.2828582185380842,-60.90827359668201
11.834748879811317,158.5658472787485,0.2939464411048304,-60.485778764145955
11.967621184640645,158.40892450112665,0.30448787499318686,-60.088118468617594
12.095117630405223,158.25713039908658,0.3145237347601709,-59.71309537097906
12.21758692580827,158.11028812390836,0.324091030923757,-59.35877264857861
11.544471179436883,158.94886037164264,0.2602761074912975,-61.98172181191457
11.714709562872077,158.76431873537507,0.2737385085504522,-61.45500560187052
11.877430888287508,158.58511099244637,0.2864815004904234,-60.962412937457295
12.033177603819901,158.41124604594714,0.29856422600326576,-60.500598945472
12.182433898469396,158.24267028798042,0.3100391788364463,-60.066656396560305
12.32563879106019,158.07928332137712,0.32095320501126007,-59.658048122278586
12.463188499022895,157.9209559030391,0.331348242558995,-59.27254613413644
12.595442671959686,157.76753956082726,0.34126198162577226,-58.90818521864619
11.830245415992286,158.65610735017637,0.273662635030547,-61.636819098288385
12.01163235037228,158.46609862135205,0.2875236229552347,-61.09810910346113
12.185200330216304,158.2811609541833,0.3006500329612888,-60.59406819276323
12.35150323065643,158.10136303545778,0.31310179358625134,-60.12131771713209
12.511035690699623,157.92670118674346,0.324932138192507,-59.67691904075464
12.664247068532342,157.7571160411639,0.3361886097992961,-59.25830566435282
12.811543477709467,157.59251238856763,0.34691380216790096,-58.863222354926535
12.953294095784445,157.4327699881582,0.35714602211500823,-58.48967861042164
12.100572208610373,158.36919386562047,0.2861274710701096,-61.313651005657526
12.292723673776715,158.17398063043728,0.3003564865909789,-60.76394316340197
12.476778031206996,157.98357078708196,0.3138369681917495,-60.24939783791554
12.653297260986916,157.7980931578793,0.32662954753867,-59.76660596508301
12.822788358792556,157.6175899345085,0.3387881623248256,-59.31260281945378
12.985706062093943,157.4420453561266,0.35036096048386517,-58.88479390866725
13.142466215830499,157.2713968291806,0.36139114480539114,-58.48090025250504
13.29344630769909,157.10555215283316,0.3719175858556482,-58.098908691538526
12.357181137435038,158.08789826327893,0.29778784952373627,-61.009500917204356
12.559745816343426,157.88771523862158,0.3123582467187401,-60.449657289347655
12.75395579400337,157.69206486940016,0.3261671935089545,-59.92542493580105
12.940380730611372,157.50113389598422,0.3392759743730229,-59.43336828642885
13.119535341063601,157.31501243352315,0.35173914487126967,-58.97049761072726
13.29188174015743,157.13372480674153,0.3636054360120084,-58.53419503756993
13.457843261345788,156.95724163349854,0.37491860103805275,-58.1221596805839
13.617804643266474,156.785498530542,0.3857180292073554,-57.73235797904407
12.60151454072053,157.8120038951603,0.3087400057115783,-60.722136335295595
12.814169020457678,157.60706323064986,0.3236283576069939,-60.15290972182199
13.01822943750441,157.40638234136478,0.33774324353203644,-59.61970437155019
13.214271821085191,157.21020469700932,0.35114654888207597,-59.11906103793111
13.40281740201739,157.01866749100657,0.36389339883953303,-58.6479675630744
13.584334575256294,156.83183454135005,0.3760330626475494,-58.203785045824745
13.75925314974927,156.6497092873247,0.3876098023145604,-57.78419283392174
13.9279641864797,156.47225492042008,0.3986634870187983,-57.38713891811535
10.91447142714808,159.3665022045329,0.20825775166596605,-65.65488577795222
11.067011456167043,159.1719239764529,0.2206835622446369,-65.17518208548724
11.21264680156638,158.98435265048906,0.2324437420054003,-64.72634142948722
11.351882273345996,158.80357387581822,0.2435931246023814,-64.30535202014444
11.485167903569616,158.62934513611057,0.2541803640773548,-63.90959349493209
11.612911176947938,158.46140555212892,0.26424887827673227,-63.53677843813345
11.73547956165186,158.29948858141185,0.2738375270754002,-63.18489672169456
11.853206300542224,158.1433278593885,0.2829812275666895,-62.852174351550524
11.283186984145528,159.04663820947636,0.2256791289423271,-65.24252081385167
11.449992782878647,158.8438598389863,0.23864514082421692,-64.74671334595845
11.60949521824635,158.64782805086548,0.250925156439164,-64.28248881052514
11.762214508259003,158.4584001337654,0.26257506533758856,-63.84679242815809
11.908615193240507,158.2753922449334,0.27364451569319304,-63.436963460166055
12.049118981948153,158.09859119606836,0.28417786114525306,-63.05067663277986
12.184106885839554,157.92776956027922,0.2942148410821531,-62.68588650268346
12.313925119417448,157.7626930255282,0.3037911990540071,-62.3407861829847
11.627268224688715,158.73369814562847,0.2415855352836292,-64.86313649856153
11.807755455158627,158.5231831925095,0.2550403993609557,-64.3528565859881
11.98058015422526,158.31914136027532,0.26779095570979794,-63.87479603042174
12.146273830616733,158.12150102976136,0.27989401837507066,-63.42586208918369
12.305315994041218,157.93013315937347,0.2914001534482628,-63.003361561664455
12.458136842711976,157.74487469138114,0.3023545115188511,-62.604933702453536
12.605129706435932,157.5655361698566,0.312797626849946,-62.228503115773044
12.746651671895773,157.3919154048946,0.32276597979338223,-61.8722341632399
11.950146232147942,158.42741872804515,0.25621648935641933,-64.51159488010217
12.143790407146243,158.20956829306434,0.27011694754134824,-63.988205203274454
12.329446566015353,157.99790769091246,0.28329647601376506,-63.49760230496783
12.507655972366981,157.79243399599054,0.29581272757926974,-63.03666115407295
12.678907902076535,157.5930746281863,0.3077170611175121,-62.60265790520276
12.843641862914396,157.39971344966995,0.3190553745173797,-62.19320299815938
13.002260610977592,157.21219958363739,0.3298689069913803,-61.806193935711505
13.155130345424924,157.03036291104755,0.3401948027325144,-61.43976973957383
12.254552074995484,158.12753951487335,0.26975893996489264,-64.18388042972026
12.460878817270702,157.90270592994196,0.2840680844029877,-63.648534606742466
12.658921093292864,157.68377152258327,0.2976410890626711,-63.14648507073202
12.84922782134829,157.47080058241383,0.3105363651107877,-62.674578514415565
13.032296114286009,157.26377600924377,0.32280598933480187,-62.230064136258925
13.208573026333937,157.06262796550243,0.3344965372372509,-61.81052695095476
13.378469112306641,156.86724381760814,0.3456498880952105,-61.41384046811889
13.54235818988005,156.6774853846156,0.3563037895305097,-61.0381212232699
12.542698387920137,157.83380533959263,0.28236159467119665,-63.87679520529923
12.761275750699017,157.60230192457192,0.2970475887336713,-63.33048119381052
12.971297455452026,157.37640153683847,0.3109834290444253,-62.81792375515896
13.173318294266254,157.1562342565252,0.324228217670673,-62.33594469699854
13.367840164353657,156.94183882887887,0.3368346741884145,-61.88176870328186
13.555320394071673,156.73318706635257,0.3488500300416301,-61.45296026769052
13.736171711418807,156.53020821188971,0.3603167132458548,-61.04736950385599
13.910775680872066,156.33279449778453,0.37127303637093445,-60.66309355757303
12.816405163965706,157.54596856152926,0.29414468056859944,-63.58775080240466
13.046837494053005,157.30807679781722,0.30917979903351145,-63.0313232248362
13.268465121788324,157.07548786676068,0.32345177496290217,-62.50907021359619
13.481847187669725,156.84839627303177,0.33702034400625264,-62.01779158872976
13.687490275763034,156.6268944168912,0.34993882718384905,-61.55469088992062
13.885856750633767,156.41099883571454,0.3622550259418406,-61.11731243836427
14.077364250547202,156.20067652685336,0.37401190689443675,-60.70348731208139
14.262399661608303,155.9958511505048,0.38524829231249724,-60.31129463665843
13.077189227477236,157.26379070217078,0.3052067788648488,-63.314622477817984
13.319112202178774,157.01976564372313,0.32056667412200796,-62.74882716187888
13.552000983456896,156.78074031971937,0.3351513257770601,-62.217587723866714
13.77641774215244,156.54697235355323,0.34902105382722404,-61.71768449529955
13.992872527892978,156.3186068748812,0.3622297348512963,-61.246302175278146
14.201829953708463,156.09570611863995,0.37482568487472406,-60.8009664871942
14.40371648684918,155.87826959293196,0.38685240727878617,-60.379493057699364
14.598918400257547,155.6662569590106,0.3983491589103135,-59.9799431489768
11.265638811670598,158.85623796734043,0.2045887820273755,-68.10853800720758
11.43854526925576,158.63097271181854,0.21742683122010403,-67.63565966079393
11.60413192807077,158.41358780580174,0.2295983594551971,-67.19214644085874
11.76290229861497,158.20384717888854,0.24115673174718102,-66.77521579283709
11.915310965928732,158.00148115687455,0.2521494855487634,-66.38244060114997
12.061766079626155,157.8062056523969,0.2626190933463528,-66.0116890188921
12.202641017534264,157.61772680924855,0.2726037183634229,-65.66108487460396
12.33827497535086,157.43575182995875,0.28213772803279114,-65.32896610473418
11.65715132160137,158.5263543981327,0.22226246205100345,-67.7188694651806
11.846231494038019,158.29096249918462,0.2356574564594981,-67.23001062190184
12.027600485070138,158.06315828672052,0.2483655194314166,-66.77118209873355
12.20177299198382,157.8427857378747,0.26044103156546033,-66.33956611331986
12.369214826628726,157.62964065663266,0.27193249093879857,-65.93270171082534
12.530344857271364,157.42349309652022,0.2828832759394661,-65.54842487200429
12.685547364567123,157.22409345320975,0.29333240504216224,-65.18482891985954
12.835172109048566,157.03118549538294,0.3033150515261136,-64.84022305008924
12.022770439822029,158.2038864073802,0.23838619426070373,-67.36032723878593
12.227369036801207,157.95890992915963,0.2522843439355372,-66.85709922578097
12.423908132404012,157.7212126457757,0.2654771844876567,-66.38448837242437
12.612910502191948,157.49071688212587,0.2780199986795506,-65.93964677115407
12.794849051719355,157.26728411394723,0.2899621255056765,-65.52008342613776
12.970154618981011,157.05073430310406,0.3013477914671086,-65.12360930167755
13.139216112500952,156.84086562330086,0.3122167369391316,-64.74828850057827
13.302392923427115,156.63745728383444,0.3226048686802693,-64.3924061528971
12.366104757587362,157.88851614886505,0.25320657188977014,-67.02803981038302
12.5856335395846,157.63442576289907,0.26756264058905055,-66.5117871206593
12.796791014371145,157.38729420653485,0.2811966911473936,-66.02667373148076
13.000105498763386,157.1471204586218,0.2941648163221968,-65.56982577065452
13.19605581087976,156.9138294779868,0.3065171233428561,-65.13872702156654
13.385079097455082,156.68729383469991,0.3182985663411952,-64.73116419912851
13.56757038854877,156.46735586654063,0.32954957282600206,-64.34517835475495
13.743895686115712,156.25383129956353,0.34030669970495053,-63.979032693873776
12.690024744968188,157.57993905129757,0.2669157644651308,-66.71820588047319
12.923951547570972,157.31714949043376,0.28169121474538855,-66.19006573826282
13.149226548681275,157.0609894649617,0.2957293301806689,-65.6935327821006
13.366381493090666,156.811532964514,0.3090869373450311,-65.22571063949312
13.575899150014381,156.56876734229485,0.3218148405570288,-64.78406110423452
13.778219573817253,156.33261864785726,0.3339586409704469,-64.36634887089204
13.97374696776747,156.10296839323567,0.3455594338520805,-63.9705970440038
14.162847641247609,155.87967331925262,0.35665432583806844,-63.59504716354588
12.996854789851431,157.27786343266405,0.27966642695318505,-66.42780207604272
13.244694893822642,157.00674453318598,0.294828060880294,-65.88874771833797
13.48362979909785,156.7419191966586,0.30923822130260586,-65.38172234865945
13.71419289640183,156.48353484330272,0.3229544046882444,-64.90381001643097
13.936869245173723,156.23164014511383,0.3360280527456985,-64.45245325435508
14.1521017148033,155.9862125205595,0.3485053718087106,-64.0253980708004
14.360296125439904,155.7471782335073,0.36042801680062414,-63.6206489330709
14.561827375399199,155.5144253917962,0.3718336804673948,-63.23643225685347
13.288506054731933,156.98201089396258,0.2915818336125389,-66.15438396412172
13.549815300993325,156.70289573767056,0.30710077502565714,-65.60525681232667
13.801989585485163,156.42973324434217,0.3218551130630278,-65.08854087628292
14.045562426142673,156.16274275286298,0.335902959764222,-64.60130311959597
14.281019751489831,155.90203320354965,0.3492963434912586,-64.14096914356101
14.508805917708644,155.64763268334778,0.36208202839430687,-63.70526843940711
14.729328745635765,155.39951016867505,0.37430219895233047,-63.292189532352396
14.942965689726385,155.15758971724836,0.38599505039814164,-62.89994353947986
13.566570865801785,156.6921166760927,0.30276296037473877,-65.89594683036186
13.84094009463308,156.40530774942718,0.3186138783584348,-65.33748087231868
14.105965352075408,156.12410703978998,0.3336879360262181,-64.8117740485676
14.362178976949705,155.8488043623473,0.34804381431704257,-64.31587838276499
14.610066539699341,155.57956790717677,0.3617340846545476,-63.847204553057786
14.850072732425284,155.31647573403777,0.3748060283089607,-63.40346740519576
15.082606298752994,155.05953908239562,0.38730232132540876,-62.98264126206546
15.30804418654861,154.80871976048618,0.39926161098947416,-62.58292303169179
11.619435253400471,158.34196956768483,0.2019409140549262,-70.51112120753854
11.814451271124426,158.0840415307518,0.2152034296337551,-70.04882452231168
12.001813057293196,157.83477906088666,0.22779912408352498,-69.6141263878401
12.182014746882633,157.5939344570674,0.23977984840397223,-69.20449879533632
12.355502203714009,157.36122562588722,0.2511919077038912,-68.81772488694226
12.522681822163293,157.13634954765345,0.2620768443386722,-68.45185335200307
12.683920680204695,156.91899829249041,0.2724720084799863,-68.10515474221297
12.839558101546118,156.70885951127366,0.28241117710902447,-67.77609556601716
12.034410338053096,158.00042311052738,0.2198759728403416,-70.14494708170216
12.247693984796026,157.73023364921113,0.23371298295839077,-69.66685643354593
12.452954584812822,157.46836908884055,0.24686267779989535,-69.21696890493186
12.650690758221998,157.21467291721424,0.25937787169797716,-68.7927278599269
12.841354842525465,156.96893684559237,0.2713057960118208,-68.39188965082069
13.025358821760586,156.7309201242982,0.2826888560536935,-68.01247579517657
13.203080718106165,156.50036164797416,0.2935652781034251,-67.65273470668483
13.374863093455543,156.27699506301238,0.3039695794874677,-67.31110565250152
12.42222712841294,157.66685398670344,0.23622571469282683,-69.80789544770735
12.653049003956687,157.38502775705007,0.2505808811786683,-69.31559022696395
12.875524060137769,157.1111689699622,0.26423023083535524,-68.85201852064453
13.090153819285213,156.84520864479933,0.27722744610353844,-68.41460092595585
13.297394202897827,156.587011122242,0.2896205840006061,-68.00107104662314
13.497661329186608,156.33639610538424,0.3014528335630684,-67.60942806821068
13.691337953082677,156.09315277188944,0.3127631644297643,-67.2378987209329
13.878771256931572,155.85705724740754,0.3235867966807982,-66.88490147540182
12.786672196849697,157.34087865338074,0.2512438093175189,-69.49539445543704
13.0343759066644,157.04796127418018,0.2660698166769755,-68.99019013945193
13.273448288198493,156.76264000813043,0.2801731481417881,-68.51418983800151
13.504391235968018,156.48493150287902,0.29360826707760324,-68.06479486788572
13.727661886097428,156.21477151429124,0.3064239745174352,-67.63971939173837
13.943678274429777,155.9520395000706,0.3186641668286535,-67.23694338017292
14.152824073986784,155.69657634763755,0.33036846947319165,-66.85467393602273
14.355454376733332,155.44819542288585,0.3415727867044228,-66.49131407323296
13.130754705527348,157.02214105956122,0.2651276510306336,-69.20388026587253
13.394746157252147,156.71861466239832,0.28038424559791586,-68.68688886431195
13.649855237696167,156.4223026574182,0.2949026737475881,-68.19952178763627
13.896582118501096,156.13330548304506,0.3087381077003987,-67.73916396656504
14.1353831781044,155.85162909489864,0.32194002502558766,-67.3035128726789
14.366676516286246,155.57721195893546,0.3345529662929645,-66.8905318567346
14.590846570088459,155.3099447000387,0.3466171693943558,-66.49841172160292
14.808248002814446,155.0496844969158,0.35816910419947623,-66.12553889092621
13.45691033055036,156.71030713225156,0.27803385407465925,-68.93052150956208
13.736648121630147,156.3966027441005,0.2936864016289998,-68.40269426033495
14.007281280398459,156.0897233025646,0.30858644898702764,-67.90486904130026
14.269306497881608,155.78985127740512,0.32278981673572105,-67.43441683173809
14.523177731620956,155.4970616293307,0.33634660236019837,-66.98902072918874
14.769311575135369,155.21135106615958,0.3493019376706313,-66.56662965396237
15.00809174985042,154.932659508405,0.36169662346514414,-66.16542016785438
15.239872887209895,154.66088595344237,0.3735676648908425,-65.78376480460935
13.767141106786722,156.40506293130076,0.29008875582883265,-68.67303106946692
14.062128864657709,156.08156962840522,0.3061071638127115,-68.1351901203255
14.34781467231351,155.76450618143187,0.32135972767321447,-67.62769233760247
14.624690248582416,155.4541354148099,0.3359028649479245,-67.14789682015233
14.893205711691008,155.15060013300425,0.3497872449177653,-66.69347426573607
15.153774803990759,154.8539545170173,0.36305854563184126,-66.26236103234493
15.40677925918402,154.56418731340244,0.3757580887228214,-65.85272119952387
15.6525724760865,154.28123909591696,0.3879233752802384,-65.46291506137955
14.063114682221537,156.10611346250684,0.30139574477083336,-68.42953465069269
14.372894883432263,155.7731853123361,0.3177536413966569,-67.88239703432112
14.67319757419249,155.4462879268305,0.33333320614800627,-67.36591203039944
14.96450822273049,155.12576289158176,0.3481914093289286,-66.87742863610046
15.247271886310182,154.8118197336612,0.36237945067337135,-66.41460684799972
15.521898292922812,154.5045693474886,0.3759435158147576,-65.97537207135618
15.788766084366754,154.20404882234072,0.38892541108880946,-65.55787742070953
16.04822638137928,153.91024003611074,0.401363099752602,-65.1604723755969
11.970744958592508,157.83219952377775,0.20026882761230327,-72.8302132886778
12.189346874912927,157.54007043631526,0.21396405468831783,-72.38213394258109
12.40007164038333,157.2572628613766,0.22699280860218632,-71.95966396727907
12.603390108288764,156.98353450840463,0.23940534688897347,-71.56054159297946
12.79973044982133,156.71860226913935,0.2512466985020751,-71.18277547609532
12.98948353289481,156.4621598510843,0.26255736309680383,-70.82460432958396
13.173007464738365,156.21388987881946,0.27337389606466195,-70.48446365063766
13.350632923901838,155.97347067342466,0.28372941802018176,-70.16095916075855
12.409518617378678,157.47757404383128,0.21846967270508996,-72.48795863872311
12.648654061337073,157.1708538274578,0.23275760320682387,-72.02433956429995
12.87957925142203,156.8730537371808,0.24635841149618248,-71.58686361737348
13.102764986143416,156.58403126327457,0.25932328806377675,-71.17325033796942
13.318640326672362,156.30358628094476,0.27169815233069927,-70.78148889470363
13.527597864601628,156.03148170585607,0.28352435185733965,-70.40979824768353
13.729998132800445,155.76745803371156,0.29483924814210116,-70.05659425991065
13.926175017954174,155.5112418755192,0.30567672796421225,-69.72046337662151
12.819887728434722,157.13153997784988,0.23504998222759546,-72.17271446337742
13.078746576732541,156.81094394998937,0.2498716095315127,-71.69508628352376
13.32911208135739,156.49884547464893,0.26398743409074527,-71.24406858300833
13.57145187344705,156.19519965886687,0.27744947803079695,-70.8173656940285
13.80619300513842,155.89988801810625,0.29030445599562205,-70.41295064405001
14.033727056472616,155.61274198037054,0.3025944740994139,-70.02902585002919
14.254414409111332,155.33355969945265,0.3143576161831995,-69.66399059619881
14.468587846776213,155.06211813338385,0.32562843882906106,-69.31641398664358
13.205809770356284,156.79364380232366,0.2502703726441516,-71.8802310594502
13.483664095425082,156.4597968402758,0.2655762193722122,-71.38986927883879
13.752783836014407,156.13400911472812,0.28015919285872515,-70.92653060638901
14.013630970220753,155.81633120471787,0.2940720645431491,-70.48790697327377
14.266628175741253,155.50672489531235,0.3073622670050523,-70.07195799403476
14.512163775948753,155.2050893397578,0.3200725924363982,-69.67687216439063
14.750595874969923,154.9112800018413,0.3322417790997583,-69.30103468996043
14.982255837570383,154.62512245227498,0.3439050069928542,-68.94300068171486
13.570429621967762,156.46347193544875,0.2643333963520543,-71.60720054969894
13.86662015183368,156.11692764917973,0.2800814209174479,-71.10518306397533
14.153870273719125,155.77799260357287,0.29509084158112286,-70.63055549288175
14.432634264423449,155.44681079419152,0.30941511102885744,-70.18099968617473
14.703328465126791,155.12342291719727,0.323102315905571,-69.75446410588584
14.96633606946181,154.80779502132538,0.3361958746122001,-69.34912550330904
15.22201112108845,154.49983945114334,0.3487351237507884,-68.96335708475132
15.470681872914358,154.19943026305975,0.3607558142121858,-68.59570194290558
13.91629197297751,156.14064310126733,0.2773995848318806,-71.35099725189711
14.230217488901028,155.7818975837312,0.2935536540395199,-70.83824597551448
14.535027008171284,155.4303027508308,0.3089545202271135,-70.35321254669843
14.831165394048348,155.08609405941883,0.3236562601917017,-69.8935706767739
15.119041000306028,154.74938979274603,0.33770756105543726,-69.4572595736123
15.399030306005946,154.42022205245138,0.3511524172242509,-69.0424460760764
15.67148177851499,154.09855958801936,0.3640307166334144,-68.64749314415141
15.93671911365269,153.78432474409033,0.37637873706436453,-68.27093351964422
14.245487961630822,155.82480392043254,0.2895983125126207,-71.10950169148462
14.576596855505993,155.454305935598,0.3061270622354432,-70.5868134019089
14.89844016217523,155.09049395516908,0.32188897764723834,-70.09213754521174
15.211451881872174,154.73369304527552,0.3369387110847654,-69.62314134050072
15.516030974469771,154.3840977989681,0.3513255046163965,-69.17775635421035
15.81254584692865,154.04180553376196,0.3650938860191189,-68.75414107248264
16.101338085957067,153.70684090392757,0.3782842546643199,-68.35064970409215
16.382725581877942,153.37917429919807,0.39093337789463456,-67.96580606420751
14.559759161629781,155.51562595522125,0.3010353648466031,-70.88097792366861
14.907542627285318,155.13378468147985,0.31791133358751406,-70.34904757397976
15.245933406418803,154.75816053635495,0.33400767370570805,-69.84539535931857
15.575353395434636,154.38916644505082,0.3493795713425494,-69.36768341511404
15.8961909487558,154.02707208595655,0.364076784410282,-68.91383705007297
16.20880522576924,153.67203917223813,0.37814433746345244,-68.48200773880049
16.513529798196764,153.3241477532139,0.39162310708295145,-68.0705422268374
16.8106756613283,152.98341599172437,0.4045503181661158,-67.67795663152256
12.314450886821774,157.33514115134793,0.19948433715128935,-75.03719569088265
12.557764985314025,157.0077941142172,0.21361559060675178,-74.60664295656652
12.793107351229265,156.6902704847461,0.2270813614839287,-74.19953999657184
13.020916947113461,156.38234497559603,0.23993028413299136,-73.81389845070089
13.24159459202926,156.08374594740843,0.2522060644563624,-73.44795913088954
13.455507706635085,155.79417428039116,0.2639481249576854,-73.10015901492609
13.662994341302014,155.5133163984703,0.275192146388147,-72.76910381769859
13.86436657056895,155.2408532736249,0.28597052559974867,-72.45354511520186
12.777011223311352,156.96631449878194,0.21795052608939133,-74.7188978362983
13.04326345966146,156.62188678733926,0.23269307720737947,-74.2731193421662
13.301266223232615,156.28680079768958,0.24674931403026323,-73.85124891297507
13.551451597984467,155.96094204204417,0.2601687569600648,-73.45128782743961
13.794214904563473,155.64413182667695,0.2729959627988521,-73.07146477040466
14.029919337921648,155.3361492388674,0.28527116887967385,-72.71020348548917
14.258899843437021,155.0367467101459,0.2970308346705257,-72.36609583634542
14.481466378795277,154.7456610618177,0.3083081001635968,-72.03787928083628
13.209954180424404,156.60673509320173,0.23476159316960957,-74.42542820780648
13.498253199343576,156.2460339447764,0.25005371377954966,-73.96589422204059
13.778078255683624,155.8941691235165,0.26464061179454096,-73.53066664992366
14.049851499679505,155.55113449845086,0.27857259809491264,-73.1177390927455
14.313959879774046,155.2168427844613,0.2918949903784503,-72.7253307710445
14.570759609921527,154.89115047214682,0.30464875618780046,-72.35185481405954
14.820579896725322,154.5738757482242,0.3168710542303727,-71.9958917797341
15.063726069906014,154.26481144306229,0.32859569303355535,-71.65616745956976
13.61740298542428,156.25587199237512,0.2501849141586952,-74.15287893209636
13.92694722050432,155.87960448536623,0.2659749073336351,-73.68081450068878
14.22783719824225,155.511650495034,0.2810423400988398,-73.23340548300301
14.520482725855901,155.15210983774935,0.29543823620901966,-72.80863994681248
14.805260041297803,154.80098509475934,0.30920860124005983,-72.40472980622668
15.082516118722408,154.45820927646812,0.3223950643497189,-72.02007970644273
15.352572252587873,154.12366594051062,0.3350354191063441,-71.65326097541335
15.615727060671178,153.79720391858987,0.3471640821852004,-71.30298974219545
14.002633115783054,155.9132496861282,0.2644280624739289,-73.89821085030268
14.332695984120745,155.52204379028225,0.28067204754001635,-73.41465125656151
14.653961394190183,155.13861587640656,0.29617743986284284,-72.95605479003889
14.966824830147944,154.76316942149725,0.3109959119053557,-72.52040574383572
15.271649881252554,154.39579536533105,0.3251740967982076,-72.10591050391952
15.568772395816486,154.03650232541395,0.338754228692142,-71.71096699313826
15.85850393008853,153.68523877145915,0.35177468292114017,-71.33413903078052
16.141134629604537,153.341909422273,0.3642704345461461,-70.97413474910293
14.36829428085942,155.57843622846028,0.27765539069231565,-73.65901315704754
14.71821260946233,155.17285591890948,0.2943156899583996,-73.16484401114042
15.059221665006651,154.77450893932377,0.310222465972329,-72.69591070820056
15.391700954431702,154.38370027124702,0.3254279860504299,-72.25019522981694
15.71599978542669,154.0006077608204,0.3399794602955312,-71.82589991997818
16.032441280296652,153.62531472095202,0.3539196804155986,-71.42141745667791
16.34132569863909,153.25783403592803,0.36728755907048705,-71.03530559826208
16.64293320402527,152.89812613024114,0.38011858809639004,-70.6662658843462
14.716563548518858,155.25103601532655,0.2899992417072233,-73.43334077244923
15.085728361277704,154.83159249350834,0.30704317886231625,-72.92932768087317
15.445898817682865,154.4188313510583,0.3233196044342846,-72.45079314874135
15.797437045304035,154.01315704851083,0.3388813348324858,-71.99571807777046
16.14067667475177,153.61483295248576,0.3537761141900604,-71.56230202689842
16.47592672553206,153.22401617850525,0.3680472515422273,-71.14893368335972
16.803474812284062,152.84078351199497,0.3817341592231951,-70.7541659769003
17.123589804582224,152.4651508603079,0.39487281062495483,-70.3766950525664
15.049253856686871,154.93068489054613,0.3015677483448787,-73.21960114798544
15.437102946130086,154.49784512941778,0.31896673583751145,-72.70641211622716
15.815895484069907,154.0711327310319,0.3355850382926033,-72.21891839834554
16.185975014610257,153.65104973549307,0.35147598192312035,-71.75510086352593
16.547658283363607,153.23794371460866,0.36668780805937545,-71.31315735970547
16.90123900771295,152.8320447229738,0.3812643085918994,-70.89147365892342
17.246990976840525,152.4334929322029,0.3952453633010288,-70.48859892230175
17.58517061295916,152.04235948534276,0.40866739702055194,-70.10322493325592
12.645719977557246,156.85827424773586,0.1994699879961631,-77.10846237196247
12.914440023063372,156.4952898811134,0.21403479149926424,-76.69821922957274
13.175237415820115,156.1424543801605,0.22793578099482664,-76.30916459797272
13.428510683181804,155.79957138427895,0.24121994140092723,-75.93957975317309
13.674624883567544,155.46639220150018,0.25392962039069406,-75.58793632169665
13.913915772150478,155.14263587861245,0.26610312262516495,-75.2528699420899
14.146693360166537,154.82800312229068,0.27777521050907644,-74.93315817520049
14.373244906272747,154.52218600008783,0.2889775288337879,-74.62770193653714
13.131691144419898,156.4744813924755,0.21819626669804834,-76.81376139861187
13.425856290009987,156.09180556541165,0.23339107832351574,-76.3886613826408
13.711895369561827,155.7186981458762,0.2479010315799988,-75.98512775330146
13.990192764522032,155.3550849301903,0.2617739442236608,-75.6014394331875
14.261101084445096,155.00082063280743,0.27505296963774867,-75.23606310057846
14.524945259089462,154.65571212336422,0.2877771893296241,-74.88762760832354
14.782025944646504,154.31953496029078,0.29998211279914255,-74.55490246394115
15.03262237852901,153.99204519804934,0.31170010196750497,-74.23677968369884
13.586884948759215,156.1006139325241,0.23523398036066315,-76.54168358918147
13.905522178634572,155.69914699140074,0.2509943228360651,-76.1031247897699
14.215886170365927,155.30664196070447,0.26605063135508705,-75.68645680187937
14.518344190676311,154.9231440571383,0.2804514663759904,-75.28995811937651
14.813233578712456,154.54860965533516,0.294240702050738,-74.91209248444261
15.100865680622661,154.1829325294614,0.30745811673711176,-74.55148401810503
15.381529114734105,153.82596279967683,0.32013989179586244,-74.2068962274815
15.65549249901733,153.477520691502,0.33231903558862375,-73.8772142521857
14.015581267543942,155.73606014480563,0.25085697718374556,-76.28867267606854
14.357814712531047,155.316592720115,0.26712890708178594,-75.83782027421067
14.691673990698453,154.9054618759666,0.2826791507300657,-75.40913915267689
15.017506943469524,154.5028295649295,0.29755693822107987,-75.0009088955382
15.335633341752619,154.10875210534718,0.31180679560365254,-74.61159192402917
15.646348680196796,153.72320920112145,0.325469133304996,-74.23980928629337
15.949927315283247,153.34612512624403,0.3385807437016004,-73.8843201551502
16.246625076701847,152.9773843005284,0.3511752245003124,-73.54400444133823
14.421179169254957,155.38028004295674,0.2652776484874259,-76.05196463640435
14.786214090729729,154.94351593413475,0.2820154203941869,-75.58980369333092
15.142812357402935,154.5144496060761,0.2980151187568164,-75.15005776757008
15.491300483769894,154.09335723012472,0.31332658291005644,-74.73100876341749
15.831978760250099,153.6803934190104,0.32799493395193086,-74.33111910078246
16.165124925198633,153.27562282555655,0.3420611609825721,-73.94900811887597
16.49099719097673,152.879043410558,0.3555626173147927,-73.58343203262994
16.809836751684553,152.4906037140072,0.3685334430776135,-73.23326689038217
14.80642786380447,155.0327890432263,0.2786640205843733,-75.82936781459485
15.193538153440121,154.57936166049967,0.2958283883028098,-75.35674139493496
15.57218148401993,154.1329839150106,0.3122393623421193,-74.90674262953895
15.9426614472805,153.6940438499886,0.3279473406375089,-74.4776567536587
16.305257231097382,153.26279280865484,0.34299799173326634,-74.0679472801928
16.66022718769537,152.83937943472776,0.3574328387580406,-73.67623297774499
17.007811763362046,152.42387488535508,0.37128975415676707,-73.30126825762575
17.348235915704414,152.01629168924165,0.38460338137693695,-72.94192645607725
15.173585922140079,154.69314776804558,0.29115129569280584,-75.61911439590136
15.582104150955166,154.22363236072218,0.3087082484784949,-75.13675175620195
15.982152209559025,153.7605123289912,0.3254973999724607,-74.67720278256088
16.374009404153135,153.30428540638363,0.34156966373957265,-74.23875688214419
16.757932420723154,152.85529819558064,0.3569712154386805,-73.81987957994917
17.13415880795682,152.4137824119048,0.3717440744638746,-73.4191900362719
17.502909826553065,151.9798819166754,0.385926597093684,-73.03544183931477
17.86439278958753,151.55367306389616,0.39955389713468525,-72.66750659409301
15.52453404038659,154.360955102881,0.30284987174101496,-75.41975716186901
15.953843435202545,153.8758780878515,0.3207696754922201,-74.92829501925948
16.37470234848467,153.39653862337073,0.3379080598683495,-74.45980954341543
16.787364618792417,152.92354210828543,0.35431641724062957,-74.01259502072625
17.192063204848164,152.45732902778013,0.3700413958781846,-73.58511976885079
17.589013601560218,151.99821329639363,0.3851254791914401,-73.17600416242179
17.97841662497691,151.546410998655,0.3996074772042712,-72.78400180883604
18.360460689564817,151.10206213465224,0.4135229460431493,-72.40798342768308
9.655753410294192,161.1743816880572,0.22516235451889385,-60.715097385359314
9.76218410450467,161.04797030221945,0.23669616156805115,-60.23604393486923
9.86316192083678,160.92604122210886,0.2475734894151802,-59.78974556118956
9.959132285726493,160.80850575181293,0.25785143582069675,-59.37284163987712
10.05048989451294,160.6952397424608,0.26758038718285443,-58.98243059351194
10.137586465181649,160.5860971304841,0.27680501862165674,-58.615992776322436
10.22073674971374,160.48091945840494,0.2855651095807933,-58.271328122358504
10.300223519356756,160.3795424491681,0.29389621923675113,-57.94650583723042
9.952047493833668,160.8981272057033,0.24194841372928566,-60.2624606589522
10.068323970256113,160.76809334150926,0.2539907924264918,-59.767308446653736
10.178797228799388,160.64227465984092,0.2653564232939998,-59.30571415290054
10.283931959087074,160.52064265969383,0.2761035354727603,-58.874260882228704
10.384140846519935,160.40312196543647,0.28628357460711934,-58.46999544724957
10.479792304917845,160.28960638841315,0.29594220597565973,-58.09035095703272
10.571216602121243,160.17997016843518,0.3051201341918014,-57.73308409676981
10.658710948178243,160.07407590246206,0.3138537827880463,-57.39622446216134
10.227779579220025,160.62638978770877,0.2573079247075609,-59.84571666347748
10.353475717237014,160.4930218680496,0.26981269595978347,-59.33608861856544
10.473048064121604,160.36359739630555,0.2816225177256546,-58.86073064104516
10.586978179261129,160.2381461612981,0.2927966193317479,-58.416176651587946
10.695694439062557,160.11664048860877,0.30338738386506164,-57.99942829760444
10.799579891591604,159.99901336785513,0.31344135425037395,-57.6078772560952
10.898978467046364,159.8851713184651,0.3230000565240643,-57.23924221569827
10.994200143681688,159.77500360059304,0.33210068243529656,-56.89151791678737
10.485823239014316,160.35916287447898,0.27146254288494975,-59.45935741390894
10.620556798218807,160.22270585166567,0.28439061388354764,-58.93661374146307
10.748873018786844,160.08991654143773,0.29660725846800595,-58.44877837769773
10.871266263423228,159.9608828385617,0.30817257649306606,-57.99233989474682
10.988179307418086,159.8356232712023,0.3191397965812328,-57.564260785328315
11.10000809774327,159.7141092921055,0.32955624760922614,-57.16189609567155
11.207108662442513,159.59627924061965,0.3394641919047828,-56.782930857581015
11.309802334255298,159.48204877217555,0.34890151119770746,-56.425328885806756
10.72846833008122,160.09639986490726,0.28458601745223927,-59.099058812108204
10.871895717966526,159.95706396466053,0.2979039110250999,-58.56435600964829
11.008633429158774,159.82111902331593,0.31049532181938505,-58.06513499257805
11.139188560788002,159.68870840837053,0.32242115339873845,-57.59784605563033
11.264016061229649,159.5598962230495,0.33373539020456844,-57.15941628600423
11.383523297400984,159.4346916686885,0.3444860708645459,-56.74716812337565
11.49807705850396,159.31306442503416,0.35471612366359456,-56.35875658128553
11.608008820950202,159.19495624057026,0.3644640549336345,-55.99211784486672
10.957571468675418,159.83802601981313,0.2968170644321705,-58.761364117488625
11.109380179532385,159.69599526082771,0.31049579157451684,-58.21569468347791
11.254246504217527,159.55707784061397,0.32343419995569683,-57.706026559163746
11.39268871352243,159.4214712326055,0.33569392204134435,-57.228775955473864
11.525172518411965,159.2892841278155,0.3473296288897731,-56.78083833540103
11.652115431891302,159.16056277340456,0.35839000480614064,-56.35950694710118
11.773893850284818,159.03530770336587,0.36891858469545746,-55.9624098747854
11.890848346022992,158.91348643772508,0.3789544445115386,-55.58745847301702
11.174660517421184,159.58394773769314,0.30826819016527346,-58.443466460919346
11.334565112171246,159.43938480872103,0.32228242284296216,-57.88769093053021
11.48729114467977,159.29765807900677,0.33554354246663987,-57.36838925578615
11.633369172586862,159.15901589285087,0.3481138690554281,-56.881948788340296
11.77327198325861,159.02361252306466,0.36004867912519917,-56.425234977879086
11.907426949453312,158.89152993108812,0.37139725551996355,-55.995515353863254
12.036219069276193,158.76279902080685,0.38220368920077313,-55.5903937216355
12.159997096619803,158.637412752554,0.3925075788610691,-55.20775900777169
11.38100912002132,159.3340593749015,0.3190319026037336,-58.14305543505052
11.548747499170862,159.1871095546221,0.3333593322372273,-57.577926284790585
11.709087360507723,159.04271855190112,0.3469217725020288,-57.04970376763394
11.862568062485296,158.9011861570917,0.3597821542001608,-56.55474779443288
12.009670708556055,158.76270951894833,0.3719963307654016,-56.089898296040964
12.150830791251387,158.6274062502133,0.38361412926280347,-55.65239905587812
12.286441027743804,158.49533714732087,0.3946801531727016,-55.23983189583799
12.416857548815825,158.36652027631038,0.4052344835347423,-54.850065396025784
9.95820336012615,160.7273947581632,0.21910930167264306,-63.180096835497004
10.07936602007853,160.5770424502306,0.23101880075869496,-62.70079729194346
10.194615295540435,160.43206857701537,0.242269880595871,-62.2533533454044
10.3044134768358,160.2923432195914,0.2529183716496399,-61.834570664889156
10.40917190958606,160.15770180661812,0.26301367867567077,-61.44168222779312
10.509258659704273,160.0279590922967,0.27259972321485,-61.072278126516146
10.605004412380941,159.90291898870316,0.2817157129185137,-60.72424831149292
10.696707383723533,159.78238130783146,0.29039678061957097,-60.395736206649055
10.272809221138433,160.4473946404215,0.23611656022739227,-62.74797721579044
10.405139018399604,160.2921437777332,0.2485495397320094,-62.25260220633162
10.531194962763186,160.14199002255847,0.2603039286740535,-61.78984726133551
10.651454988840877,159.99687068569247,0.2714366155695123,-61.35646549171633
10.766347665059639,159.85667419449936,0.28199803371085796,-60.94964456552451
10.87625663731039,159.7212590484913,0.2920330605104825,-60.56693184685413
10.981527220080155,159.5904650617301,0.3015817993262915,-60.2061778404973
11.082471375411423,159.46412157070134,0.3106802221241046,-59.86548957590531
10.565751963999489,160.17212793459888,0.25166474057656235,-62.35027547247431
10.70876875492817,160.0123256605249,0.2645729140868672,-61.84045357386097
10.845182860355516,159.85733333933482,0.2767843663684129,-61.36392721698259
10.97548707031415,159.7071522539511,0.2883569462998295,-60.91740619955533
11.1001241982653,159.56172308614455,0.29934199009481915,-60.49803786226437
11.219491284284572,159.4209473596585,0.309785222977583,-60.103332215261425
11.333946293946358,159.2847003796702,0.3197275438348206,-59.73110520650567
11.443813141228402,159.15284082628662,0.32920567087785974,-59.37943192304057
10.840065817887604,159.90156833206362,0.265982276115557,-61.98167227975356
10.99333937188142,159.7375109376229,0.2793248499225165,-61.45876611085544
11.139708878256283,159.57797222829487,0.2919542621618427,-60.96975798815564
11.279682081056357,159.42301395526525,0.3039292466830713,-60.51132204929903
11.413711686380347,159.27262979509925,0.31530192077457575,-60.080567887414425
11.542207075655524,159.12676292361553,0.32611877842448517,-59.67497335401748
11.665537204594543,158.98532367139788,0.3364214323869448,-59.29232387279613
11.78403642860624,158.8481998090836,0.3462472713230737,-58.9306662621034
11.098166296110847,159.63565297857951,0.27924789414355095,-61.638000017816296
11.261308744071313,159.46759701244062,0.292989982023179,-61.10316524248038
11.417270957991668,159.3037647915989,0.3060039005524859,-60.602771120948205
11.56657161608821,159.14427866957638,0.3183491571140002,-60.13345826133305
11.70967374678692,158.98918252397272,0.3300785982481628,-59.69230493662309
11.846996808289628,158.83846099255575,0.34123940485737786,-59.27675976445438
11.978919334205546,158.69205893691745,0.3518738358523873,-58.884581020619216
12.105784833733193,158.5498929205814,0.3620198874620091,-58.513790331874894
11.342010381957316,159.37429332602366,0.29160405601071904,-61.31593269701403
11.51466964654795,159.20246397769867,0.30571550254067703,-60.770160544326075
11.679893876086812,159.03456152815147,0.3190849803518138,-60.259320026394896
11.83821107549639,158.87076745490177,0.33177269928009967,-59.780022014970434
11.990093138893286,158.711174770754,0.3438321690939023,-59.32931691741963
12.1359682695287,158.55580882998888,0.3553111963150284,-58.904627260249605
12.276223365150893,158.404648518422,0.36625262906648864,-58.50368703427308
12.411209979417842,158.2576388681012,0.37669501822801277,-58.124495284831085
11.57320712475114,159.11738443237638,0.30316614344690995,-61.012773721386864
11.755062080999389,158.94198100049627,0.31762063904347315,-60.45692258264631
11.92924564362029,158.77020724447627,0.331320402894179,-59.93644984405689
12.096293162173668,158.60230260272246,0.34432627875882854,-59.44793909742942
12.256687143956599,158.4384055998804,0.356692410993105,-58.988417675937185
12.410860380339948,158.27858417661847,0.3684671520720036,-58.55528287425302
12.559208081731894,158.1228498677476,0.37969390002084874,-58.146247463327036
12.702088881760934,157.97117583450722,0.39041171529595614,-57.75929014534484
11.793098278152403,158.8648089224643,0.31402891529672716,-60.72630574576337
11.983853342365924,158.68601120368504,0.32880331375370037,-60.16112589017552
12.166717750308486,158.5105450360126,0.3428111178273573,-59.63173250526123
12.34223356214316,158.33870626844373,0.35611376137914735,-59.13468550262014
12.510889989291773,158.1706803763976,0.36876594790133393,-58.66698980340466
12.673126220987433,158.00657475826358,0.3808165581536639,-58.22602169371525
12.829343920950656,157.84643390019133,0.3923094892891436,-57.80947421644102
12.979907957507288,157.6902587461686,0.40328427253896304,-57.415307668092645
10.270901372440205,160.26205747033674,0.21401852244735883,-65.66510108909634
10.40852360616038,160.08551363094676,0.22632041276451045,-65.1889820766516
10.539795816650395,159.91523290646492,0.23796260088277102,-64.74352670827116
10.665188642312716,159.75105267422657,0.24899951808462092,-64.32573615812888
10.785125063331371,159.59277334924874,0.25947950789485114,-63.9330073557483
10.8999846222245,159.44017544998633,0.2694456567358762,-63.56306468389391
11.010109745242719,159.2930294011026,0.2789365271821772,-63.21390952540136
11.1158104871596,159.15110256825687,0.2879867600625228,-62.88377827029209
10.60481283557595,159.9767190060082,0.23126337752823556,-65.2549819267936
10.755092394858377,159.79381512398476,0.24410473159644022,-64.76287752432962
10.898654730722495,159.61687410493627,0.2562662236507248,-64.30215103680415
11.035987763451752,159.44580370775432,0.26780335970907015,-63.86976386467284
11.167526752931431,159.28046514574288,0.2787654336267703,-63.46306970091899
11.29366576786335,159.1206867328268,0.28919646620614914,-63.07975626141442
11.414760344247476,158.9662787306875,0.29913588811544295,-62.717789786737185
11.531133010801646,158.81704134402062,0.3086191557222813,-62.37537394219498
10.915923892814654,159.69640409556865,0.24701542977374855,-64.8776060843117
11.078319653221856,159.50755382886743,0.26034569708303457,-64.37113745965414
11.233667796483177,159.3243564422976,0.2729780000302603,-63.896679216454274
11.382468727391089,159.14678987505087,0.2849687682462106,-63.45115575702021
11.525169490140986,158.97477325083543,0.2963681662397195,-63.03188589176147
11.662175712144807,158.8081824646593,0.30722103512084165,-62.63652453278804
11.793853948689303,158.6468671967037,0.31756757736429075,-62.26300725065389
11.920537293287245,158.49066033031121,0.32744397528744035,-61.909509087799535
11.207433421622163,159.42105688315027,0.2615100457153611,-64.52788167645687
11.38146150243847,159.22661417784525,0.2752866102793198,-64.008404018635
11.548142391427998,159.03750793353908,0.2883487932059313,-63.52150073410051
11.707985744013632,158.8537853084045,0.30075383979932574,-63.0640631378623
11.861451133687341,158.67541962240665,0.3125527269704215,-62.63338206506439
12.008951007515803,158.50233603404982,0.32379099967968966,-62.22708110384451
12.150862137773451,158.33442232832112,0.33450956458328546,-61.843069681400245
12.287526583905326,158.1715438196433,0.3447452569906888,-61.47949759646533
11.481886006822885,159.1505902101285,0.2749310557671777,-64.2018266093692
11.667110274361924,158.95086284457216,0.2891175336602835,-63.670487911831
11.84471435926723,158.7561510797496,0.302574621805292,-63.172230101189584
12.01521611309836,158.56656883187512,0.3153603114073373,-62.7039162378642
12.17908329362893,158.38214467764422,0.32752628508834714,-62.26281024243589
12.336736150512527,158.2028499650484,0.33911875377306994,-61.84651032454137
12.488559331983856,158.0286108158367,0.35017925278977624,-61.45290198262782
12.63490250711291,157.85932467327137,0.3607452099924952,-61.08011259825007
11.741341787378527,158.88489524801713,0.28742476886190677,-63.89626790105791
11.937366397985102,158.68015441627514,0.30198975620824114,-63.35405182941275
12.125520983586119,158.48010537045405,0.3158115400708567,-62.845374300585036
12.306329967342794,158.28492716189842,0.32894879008793276,-62.36707347568653
12.480267796881952,158.0947024667271,0.3414538317325681,-61.91638944866604
12.647761156300962,157.90944801154987,0.35337348334113106,-61.490897890751185
12.809201304865276,157.72912771724577,0.3647498543774013,-61.08846297828543
12.964944358031769,157.55367082006427,0.3756209144254853,-60.70719207050637
11.987494123407744,158.62384916425148,0.29910952936822455,-63.60863623932109
12.193957587195545,158.41433646917477,0.3140256620558913,-63.05639409321537
12.392321505346,158.2091899177962,0.32818580164319944,-62.53810616449516
12.583115482132978,158.00865215827656,0.3416492388556618,-62.05058858210055
12.766818154110615,157.8128599741241,0.35446887744750566,-61.59105956996604
12.943865114022536,157.62187131330475,0.3666921267335678,-61.157076743566925
13.114649487468048,157.43569071527077,0.37836159054577867,-60.74648313658874
13.279534046462109,157.25427773307172,0.38951574806953077,-60.357368821687345
12.221753285205333,158.3673208806288,0.3100824148379553,-63.33682179844344
12.438323681295945,158.15325356966116,0.3253256491829746,-62.775296798978495
12.646582978097932,157.94322579960496,0.3398009878478958,-62.248105278114295
12.84706476041231,157.73754235847179,0.3535682933717407,-61.75204380574331
13.040251882080915,157.5363920254114,0.36668101280925935,-61.28431172106733
13.226584400667303,157.33987633252582,0.37918707076176983,-60.84244856653152
13.406459777476313,157.1480367613791,0.3911295583994788,-60.424280278972155
13.58024542139146,156.96086386164657,0.4025474163402502,-60.0278807132672
10.589794449730855,159.785705136173,0.20995990834372885,-68.13452182760658
10.745533604315384,159.5809286247249,0.22266906800418249,-67.66530655113425
10.894529941253213,159.38325815705386,0.23471783662812215,-67.22526917767054
11.037258348107503,159.19250458264528,0.24615922809645355,-66.8116417897679
11.174143428796201,159.00844379691495,0.25704040164131275,-66.4220062448975
11.305570694002727,158.83082844258897,0.26740354957756307,-66.05424504871463
11.431888764677552,158.65940156277247,0.2772865237389824,-65.70649103264779
11.553414639507281,158.4939033827868,0.2867234129342877,-65.37709131699691
10.94379507471286,159.49344350204322,0.2274556864779966,-67.74761640392343
11.113846907913391,159.28066110917587,0.2407212872742544,-67.26257599549388
11.276793973948271,159.07465358149557,0.2533063473625253,-66.80737397606075
11.43312213215204,158.87531216707163,0.2652648700977757,-66.37920618837973
11.583270017361954,158.68247594439035,0.2766449980614691,-65.9756240401619
11.727631700639515,158.49595386999675,0.28748977977620743,-65.59447468299022
11.866567573801893,158.31553274341883,0.2978379214251777,-65.23386165883636
12.000405159437324,158.14098968866378,0.3077243051141718,-64.89210346965366
11.273837370396144,159.2065684762549,0.2434241371198236,-67.39159885584947
11.457595503567857,158.98626573324356,0.2571932464469566,-66.89233521480342
11.633926263655654,158.7723952265198,0.2702636942570888,-66.42349278453187
11.803324466513672,158.56492582283198,0.2826903721917539,-65.98223730409903
11.966237761076021,158.36376059953648,0.29452226369545115,-65.56609110878954
12.123068838942613,158.1687618096707,0.30580321108266556,-65.17287361654257
12.274186866053721,157.9797602921012,0.31657267042676934,-64.80066199228432
12.419927878090514,157.79656991672888,0.3268662310145718,-64.44774982938324
11.583286840666975,158.92498412071018,0.2581076334369725,-67.06164124224992
11.780209137406425,158.69757814664644,0.2723357057235866,-66.54949185132193
11.969414855217313,158.47625361105773,0.2858486624927635,-66.06828236480983
12.151405457751148,158.26105501487996,0.2987021914868831,-65.61515252558989
12.326634338189939,158.0519491445096,0.31094601822522777,-65.18759849685178
12.49551426582542,157.8488474791662,0.322624736460249,-64.78341830224775
12.658417949158423,157.65162756281381,0.3337784391048131,-64.4006632436782
12.815689400804393,157.4601386953524,0.34444336526669606,-64.0376059833505
11.874818602822076,158.64857100874187,0.2716951733505127,-66.75397416547352
12.084416439848228,158.41442582723593,0.2863442356893479,-66.23007092091471
12.286037173048244,158.18600551846393,0.30026312012945283,-65.73757249890512
12.480186993273822,157.9634283267567,0.31350823428357444,-65.2735960661377
12.667324300319391,157.74672245837436,0.3261299869697188,-64.8356157501496
12.847867170273028,157.53585063023044,0.3381736195531601,-64.42140830846758
13.022193455416689,157.33073362070414,0.3496798370392061,-64.02900477004171
13.190652688371346,157.13125681144626,0.3606854579442875,-63.656658467193424
12.150597195012262,158.37719365207565,0.2843369705787806,-66.46559828376472
12.372427060232354,158.1366310591016,0.2993742920506286,-65.93091029019368
12.586044160411182,157.90143280624707,0.31366755122283757,-65.42804636411817
12.791957796427623,157.67178908744572,0.3272738115888045,-64.95410398072244
12.990629871413967,157.4477882508543,0.3402441054751995,-64.5065379259695
13.182480991971735,157.22944468689695,0.3526242529846295,-64.08310541487674
13.367896990329598,157.0167178621241,0.3644555581825653,-63.68182187755918
13.547227579613047,156.80953284130453,0.37577533120261,-63.300921125748246
12.412400958291698,158.1107067539227,0.29615438191512006,-66.19408771612102
12.646057774863758,157.86401427194414,0.3115514765847911,-65.64945312837986
12.871287896103462,157.62232300546248,0.3261916335925368,-65.13702263423373
13.08860235696543,157.38589339981587,0.34013251790674554,-64.6538764774483
13.298465279887765,157.15487271731922,0.3534257345231039,-64.19745240237836
13.501299882361147,156.9293249333911,0.3661176475899095,-63.76549102636973
13.69749502335003,156.70925127540144,0.37825007749812434,-63.35599176005215
13.887403394466213,156.49461244419174,0.3898608229717933,-62.967173150242466
12.66171039054675,157.84896001466583,0.30724685088651293,-65.93745237904974
12.906822143992123,157.59639686598464,0.32297871665245376,-65.38360255547684
13.143312399308504,157.34847028085187,0.3379416426849787,-64.8623028533887
13.371692744144847,157.1055093495963,0.35219384866300874,-64.37061840314348
13.592428413572263,156.86771907340267,0.36578746854700744,-63.905971889822766
13.805944200225065,156.6352121686037,0.3787693697059346,-63.466089180736574
14.01262939913897,156.4080326203485,0.3911818372836536,-63.048954736534654
14.212843638195032,156.18617161741813,0.4030631632804907,-62.65277537708236
10.91045066156751,159.306193193771,0.2069430396551949,-70.5534348710043
11.08581070733262,159.07145306106676,0.22007161734190994,-70.09495183141816
11.254105711495203,158.84458410823208,0.23253975537999647,-69.66389439584168
11.415802764714455,158.6253842646955,0.24439893795094422,-69.25774413119179
11.57132372325142,158.41361147097703,0.2556951346757586,-68.87429439543023
11.721052117833642,158.2089996530197,0.2664695702060992,-68.51160328232449
11.865334126463887,158.0112741864275,0.2767592990695846,-68.16794993385062
12.004488655761651,157.82015420051374,0.28659781668486484,-67.84180882804401
11.285072009733419,159.00551672394417,0.22469914860198542,-70.19062666904262
11.476557533424476,158.76094669810533,0.23840204058870199,-69.71655310383257
11.660632236064783,158.52387452356072,0.2514243023285559,-69.27050366311444
11.83777072871192,158.29418626642837,0.2638183784648823,-68.84993280059307
12.008402557429847,158.07171267624648,0.27563114996583127,-68.45260706971023
12.172919172590303,157.8562478933255,0.2869047049278069,-68.07655842467098
12.33167434619276,157.64756767011875,0.2976769135741714,-67.72004083750426
12.484994932129613,157.4454327725651,0.30798204337973917,-67.38150465000203
11.634574162065244,158.71065633297934,0.24089306133314356,-69.85669840255042
11.841509278810014,158.45681915684355,0.2551148404378665,-69.3686033161156
12.040730333507291,158.21009275353848,0.26863780328927894,-68.90905901792377
12.232716628010598,157.97044902665104,0.2815152476784548,-68.47549708357481
12.417902785349314,157.7377900074333,0.2937948652242977,-68.06566124261217
12.596684498510292,157.51197032679084,0.3055194987853044,-67.67756002884045
12.76942462708957,157.29281198759233,0.3167277892821704,-67.30942884302536
12.936452132456544,157.08012086298697,0.32745465052349926,-66.95969409396197
11.962488317843354,158.4214665718164,0.2557741398019551,-69.54711843409612
12.184268717398053,158.15884738775813,0.27046823534122716,-69.04631064089433
12.398067736995944,157.9029420193259,0.2844469723880377,-68.57452104192609
12.604367080375017,157.65380599081408,0.2977644145909257,-68.12916176620315
12.803604310632807,157.4114111025042,0.3104689824364921,-67.70795697600356
12.996178494772069,157.17567040662755,0.32260421102249104,-67.30889589780544
13.182456339989553,156.94645484851716,0.3342093981699072,-66.93019511177604
13.362770562241392,156.72361186232013,0.345320079143129,-66.57026292248814
12.271619511621187,158.13778837406997,0.2695365476582441,-69.25835383518691
12.507700445855392,157.86681190026366,0.2846633156059792,-68.74594017957185
12.735563372482797,157.60214525046536,0.2990595531997469,-68.26296247889373
12.955690506846162,157.3439254637465,0.3127800177480522,-67.80681626350562
13.168520578497427,157.0921926369587,0.32587379096398295,-67.37520883514136
13.374454365795952,156.8469172532038,0.33838503686527444,-66.96611266775423
13.573859327675564,156.6080200928326,0.3503536359612491,-66.5777270397067
13.767075088046255,156.3753852621881,0.3618157343616329,-66.20844704239695
12.564236277516658,157.85945370636722,0.28233441078193505,-68.98759677087135
12.814123174247356,157.58049645282497,0.2978597218348684,-68.46452438533991
13.055581904779531,157.30744014097857,0.312640489375506,-67.97126358176226
13.289093615036043,157.04050133213192,0.32673210375037753,-67.50519568674773
13.515096710261838,156.77978700064716,0.34018425110315936,-67.064013421082
13.733992276488868,156.52532408013852,0.3530416712042172,-66.64567466053734
13.946148617042653,156.2770811518555,0.36534479210089865,-66.24836430847708
14.151905073712033,156.03498448220387,0.3771302651870296,-65.870462676737
12.842201679854446,157.5862900243155,0.29429211085222357,-68.73257848530864
13.105442695336583,157.2996892573726,0.3101862947241647,-68.19966617670393
13.36006839965085,157.01857730311997,0.32532291365243393,-67.6969049200223
13.606557532351438,156.74324836345477,0.33975793943603594,-67.22166387471012
13.84534690761316,156.4738749306792,0.3535416143420097,-66.7716231221586
14.076836721209927,156.2105394305547,0.3667192086769611,-66.34472777720816
14.301394989803262,155.95325759571128,0.3793316557149888,-65.93915009804654
14.519361288774368,155.70199586661545,0.3914160873831635,-65.55325802502261
13.10706628776858,157.3181238589933,0.30551147239132037,-68.49143931406994
13.383246319511157,157.02418435123965,0.3217485133821213,-67.94940133465747
13.650644044096612,156.73531955932145,0.33721582578697046,-67.4378225497792
13.909734653255436,156.45189955005034,0.35196991851317083,-66.95406170031417
14.160952283344217,156.17416103557952,0.36606154841048355,-66.49578789796182
14.404695207816605,155.90224100423822,0.3795364774424825,-66.06093507874613
14.641330178571803,155.63620169533428,0.3924361077315227,-65.64766434696907
14.871196079245397,155.3760492990328,0.4047980176986304,-65.25433267216943
11.228252272636164,158.83147669825578,0.2049233873944933,-72.88921525777425
11.42450135430784,158.56544468430155,0.21847978770488352,-72.44518618808355
11.613454500122359,158.30794099713378,0.23137634119122857,-72.02660284444197
11.795563781892676,158.0587604007381,0.24366297378469295,-71.63121408417398
11.97123803762437,157.81765522716478,0.255384386349046,-71.25703676264683
12.140849604192013,157.58435189214862,0.266580766262312,-70.9023172435344
12.304740003192048,157.3585621724602,0.27728838786810406,-70.56549929306826
12.463219012971491,157.13999648463508,0.28754004302638225,-70.24519193743548
11.62374263081635,158.52106619557557,0.22294471803217975,-72.55101336833768
11.838069471698988,158.24321977713043,0.23709401798926025,-72.0917010504411
12.044785870543851,157.97347100334318,0.25056321617327293,-71.65836625587822
12.244345000912466,157.71171354295868,0.2634031440523744,-71.24873709256434
12.43715879543649,157.45778067625582,0.275659377153525,-70.8608107596813
12.62360320375075,157.21146634881828,0.2873729347821612,-70.49281373951274
12.804022593414638,156.9725400244721,0.298580865930946,-70.14316894023948
12.978734838120614,156.7407558014146,0.3093167590232358,-69.8104694391778
11.992966621524483,158.2169589994822,0.23936912127370244,-72.23956605500729
12.22462405806776,157.92794077722243,0.2540533210122118,-71.7664945816976
12.44840081104544,157.64657504604307,0.2680391252753377,-71.31986503403432
12.664749752150788,157.37285024387026,0.2813781815439594,-70.89739002887185
12.874083308919475,157.10667886962568,0.2941168445424313,-70.49705039161053
13.076778598504497,156.84792133429005,0.30629687587151344,-70.11705587258997
13.273181724313815,156.59640304303264,0.3179560305506188,-69.75581265042808
13.463612929959947,156.3519251441041,0.3291285682880744,-69.41189730354688
12.339618911723534,157.91895049632546,0.25445284857002975,-71.95066610116643
12.587937487164957,157.61931751072402,0.2696232744989238,-71.46510450959298
12.828143459243883,157.32688035362983,0.2840786263653948,-71.00639525018784
13.060687170110553,157.0417197459013,0.297871285150288,-70.57223819826987
13.285979431224003,156.7638257036771,0.3110483072304482,-70.16060047916854
13.504396530211052,156.49312399887364,0.32365212374101904,-69.76967768160488
13.716284419665698,156.22949532772358,0.33572112746345045,-69.39786170617687
13.921962245238813,155.97278928060538,0.34729016859151535,-69.04371398255883
12.666631751693401,157.6268356676923,0.2683951584053776,-71.68103607004284
12.931007781202206,157.31707693801872,0.28401042752667877,-71.18405710263755
13.187071836851128,157.01404918811093,0.29889528871899057,-70.71429567874884
13.435269905279224,156.71792307059576,0.3131027881836865,-70.26944120287618
13.676009440545114,156.42876447206882,0.32668061981883373,-69.84744931367224
13.90966424407772,156.14656341767954,0.3396718241058949,-69.44650357014483
14.13657854461173,155.8712551998864,0.35211537515177155,-69.06498363153977
14.357070432008788,155.6027359315824,0.36404667702043764,-68.70143870549863
12.976375607125544,157.34040891558416,0.2813540436090749,-71.42807372824515
13.256260790386754,157.0209590421386,0.29737856859185247,-70.92059507299798
13.527662534443127,156.70776962622236,0.3126584877207271,-70.44066084500939
13.791020953263452,156.40109903683694,0.3272474550501234,-69.98595187860191
14.046738687512363,156.1010874519866,0.3411937481282836,-69.55441418295491
14.29518565946919,155.8077880605164,0.3545409662481523,-69.14422107972123
14.53670304484325,155.52119003854932,0.3673286174643207,-68.75374170188063
14.771606612239175,155.24123559910277,0.3795926153021252,-68.38151466640686
13.27079666056375,157.05946638399283,0.29345688217588994,-71.18967810089116
13.565689847762863,156.73071555312458,0.309859755663919,-70.67249297509483
13.851952243423975,156.40775091695912,0.3255047969735846,-70.18314629107957
14.130016813276178,156.09091647681026,0.3404462191917067,-69.7193119220554
14.400280152691446,155.78042519622014,0.3547328376834953,-69.27892782398962
14.663107119736067,155.47639236861983,0.3684087675721337,-68.86015860547838
14.918834700847983,155.17886034033955,0.38151401057599493,-68.46136433425201
15.16777525702587,154.8878169784373,0.39408495193336907,-68.08107442827739
13.551514285722146,156.7838080929491,0.30480786217263095,-70.96412814073364
13.86095486314486,156.44610962790398,0.32156200792149237,-70.43792842446862
14.161638273464288,156.11372086212873,0.3375459352452388,-69.93983270263304
14.45398925048525,155.78706946963374,0.35281437425618367,-69.46750926288684
14.73839729106486,155.46643976793473,0.3674166387139156,-69.01888935901725
15.01522117034843,155.15200813308337,0.3813973226139272,-68.59213019576819
15.284792704163584,154.84386937781102,0.3947968867108116,-68.18558403261628
15.54741990385089,154.54205656653534,0.4076521555181202,-67.79777228757045
11.538628249786093,158.36917760190082,0.20381318783463442,-75.11302634085743
11.756714147159064,158.07101474973544,0.21780099129304192,-74.68683944956041
11.967387463789052,157.78189754247217,0.2311302509081933,-74.28395383427805
12.171073594497916,157.50163261107164,0.24384927212325982,-73.90238763900638
12.368159952773878,157.22997778729837,0.25600144302257677,-73.54038787199862
12.559000757332106,156.96666132948454,0.2676258804786829,-73.19639740668646
12.743921070639542,156.71139524488328,0.2787579723017517,-72.86902755827825
12.923220202886316,156.4638845283494,0.28942983527690874,-72.55703521721686
11.954925954053248,158.04796305407413,0.2220997656964922,-74.79952977463552
12.193160657075213,157.73586171841498,0.23669956892804878,-74.35844171702617
12.423712073058853,157.43230610274608,0.25062045853972864,-73.94111072438096
12.647002448301508,157.1372099358809,0.2639116104922634,-73.54554415066008
12.863417046135504,156.85042074408557,0.27661724755424427,-73.16997651713763
13.073308833118569,156.5717421704429,0.28877728462847735,-72.81283715675727
13.277002398904754,156.30094979056358,0.3004278710622138,-72.4727232745419
13.474797258033426,156.0378023521266,0.3116018493962062,-72.14837742576601
12.34384556293407,157.7335786751548,0.23875536344509588,-74.51059368066963
12.6014060436315,157.4082671633372,0.25390650992026914,-74.05606664678143
12.851061139897837,157.09098323945233,0.26836030656261284,-73.62569349558615
13.093227252079027,156.78174481876545,0.2821667041681152,-73.21747341247058
13.328284948638396,156.480487155497,0.29537066985230537,-72.82963102592481
13.55658351428817,156.18708805713385,0.30801283151792985,-72.46058468212172
13.778444750773634,155.90138601460964,0.32013002009193886,-72.10891995816459
13.994166174972316,155.6231933056761,0.331755728721193,-71.77336746567165
12.70923630956669,157.42575748255018,0.25404289537964,-74.2423503294774
12.98538615724906,157.08786735891553,0.2696945547759097,-73.7756029297385
13.25344906101303,156.7574736836905,0.2846320081730592,-73.33335772050255
13.513833448391619,156.43469577070377,0.2989059033248912,-72.91360780254061
13.766913140393653,156.11955468605635,0.3125618783181537,-72.51457001049644
14.013031765658036,155.81200115329943,0.32564120502379423,-72.13465377670967
14.25250644457403,155.51193584193078,0.3381813310628541,-71.7724350706121
14.485630884862438,155.21922421434272,0.35021633923220563,-71.42663451082935
13.054152983302403,157.12424362292992,0.26816657526984217,-73.99179100824345
13.348227791002873,156.77433072180753,0.2842755774421544,-73.51385322436384
13.634068299235523,156.43137395544323,0.2996548313941126,-73.0607253771919
13.912073231799445,156.0955914158982,0.31435561736557527,-72.63039618992534
14.18260797782031,155.76708814151644,0.3284241837018793,-72.22107643007985
14.446008877892028,155.4458865337625,0.3419023891538401,-71.83116832711137
14.702586795801192,155.13194866626662,0.3548282444051837,-71.45923991464865
14.95263011452958,154.8251927687483,0.36723637154481986,-71.10400343614734
13.38106433723136,156.82879007311791,0.2812881648971069,-73.75652864529468
13.692460320543436,156.4673494957925,0.297817421292182,-73.26828158301059
13.995503769757597,156.1123184709489,0.31360249629597126,-72.80511783645079
14.29058227500878,155.76401141354728,0.32869524844112413,-72.36502316889458
14.578051390284239,155.42261558274157,0.3431424853253606,-71.94620372105175
14.858238798693925,155.08822385151376,0.3569866046443712,-71.54705595145003
15.131447777267605,154.76085891360964,0.3702661351388757,-71.16614136090493
15.397960097496503,154.44049130911853,0.38301619595477693,-70.80216517833637
13.69199678015362,156.53915855775267,0.2935379686184366,-73.53463709257144
14.020161760643559,156.1666357260625,0.3104552959511942,-73.03684242578625
14.339880952886935,155.79997183567326,0.3266149568734634,-72.56437500520846
14.65152961634355,155.43957532659047,0.34206934207335066,-72.11521882526134
14.955452285198756,155.08571401941947,0.35686577500064043,-71.68757661545366
15.2519668206252,154.7385500958128,0.37104715153357304,-71.27984027607275
15.54136777489838,154.3981660932264,0.3846524802208439,-70.8905659665102
15.823929201384216,154.0645843862829,0.3977173413942415,-70.51845305915444
13.988636159008484,156.2551200445501,0.3050224873592187,-73.32453920245942
14.333062324399355,155.87191906010196,0.32229971383012,-72.81786142168622
14.668971011658817,155.49402412739914,0.3388066085138686,-72.3367293378459
14.996724135608472,155.121935561411,0.3545960545509072,-71.87912618717787
15.31665419856285,154.75600017636964,0.3697158539157453,-71.44325232432571
15.62906823786663,154.3964483492262,0.38420936563172314,-71.02749612881959
15.93425109606821,154.04342170277545,0.39811604520017463,-70.63040944071636
16.23246814578426,153.6969939649278,0.4114719033461245,-70.25068677157468
11.83727864801966,157.92620696069923,0.2034947742995985,-77.20100464570217
12.077772858676925,157.59561129121064,0.21791196603156046,-76.79552681813983
12.310860127585698,157.27442442620764,0.23167261694264152,-76.41110359643042
12.536933019524794,156.96247409636345,0.24482340145568154,-76.04602056037649
12.756350167349364,156.6595339363757,0.25740636314060145,-75.69875355622051
12.969440533542423,156.3653438484312,0.26945951070642205,-75.36794234610917
13.176507019163019,156.07962417622883,0.2810173197945715,-75.05236850276185
13.377829501453284,155.80208559777444,0.2921111582808533,-74.75093683246027
12.274014364755757,157.59341072577988,0.22204187050623148,-76.91190648803425
12.536810541221312,157.24665193094845,0.23709035839695208,-76.49197179385614
12.791990284746488,156.90871572871183,0.25146181656574623,-76.09346910345445
13.039937033162087,156.57954690703275,0.26520373757711463,-75.71468097714776
13.28100158841448,156.25901789135756,0.27835895480194894,-75.35407772931065
13.515506291431063,155.9469522730306,0.2909662367640217,-75.01029181668169
13.743748505607646,155.64314155483467,0.30306078829799,-74.68209629711681
13.966003543941355,155.3473571130035,0.31467467587206976,-74.36838666909465
12.682307724711578,157.26800027199747,0.23892506346646963,-76.64514696403407
12.966508027053589,156.9058919088143,0.25454152213845016,-76.2121455371487
13.24293377940941,156.55199966212632,0.2694623474881087,-75.80090117827675
13.511956725535246,156.20638211161884,0.28373575999743317,-75.40969529201962
13.773917385300543,155.86900824131064,0.2974052974735411,-75.03699459944536
14.029129094813191,155.53978393333998,0.3105104077086205,-74.6814262326794
14.277881371144492,155.2185710904342,0.32308694884267486,-74.34175671576868
14.520442733846215,154.90520151696313,0.33516761448524274,-74.01687419185986
13.066155553980526,156.94964049446472,0.25441365413624206,-76.397209991924
13.370956123519637,156.57288982793133,0.2705450722187459,-75.95230044355242
13.667866554092608,156.203734468761,0.285963791379846,-75.52943003863786
13.95724490345008,155.84234367509745,0.3007186866041363,-75.12688048207008
14.239419442654286,155.4887808403463,0.31485393078496543,-74.7431164525274
14.514692572346956,155.1430327324852,0.32840958560513406,-74.37676135185993
14.783344077337052,154.80503082396794,0.3414221009508113,-74.02657677221066
15.04563384928692,154.4746669602601,0.3539247396657848,-73.691445086009
13.428728756779956,156.63802147990796,0.26871660762586597,-76.16536241017823
13.753403847823426,156.2472523929189,0.2853180041540421,-75.70952418953479
14.070108825603036,155.86344784308253,0.30119091369678097,-75.27597128932415
14.379186450184857,155.48688486279002,0.31638480494226207,-74.86298688945776
14.680951134574759,155.1177192123103,0.3309444284836887,-74.46903488860232
14.975692749008186,154.7560171719502,0.3449104058368212,-74.09273626406153
15.263679775149894,154.40177893008848,0.3583197277829802,-73.73284899410072
15.545161937906295,154.05495592272385,0.37120617860718874,-73.38825098903943
13.77258932387899,156.33285225852447,0.2819993067507278,-75.94743689627848
14.116478960938487,155.92862162127852,0.29903206939210647,-75.481508127859
14.452348590313223,155.53071810924794,0.3153216345536249,-75.0380804773784
14.78052434767576,155.13952382653528,0.3309180135109573,-74.61543956096843
15.101305448111987,154.7552849734639,0.3458664863496217,-74.21204953966289
15.414967890792667,154.37814602105098,0.3602081890489586,-73.82653005120031
15.721767523164033,154.00817502439517,0.3739806106476264,-73.45763656032958
16.021942590552676,153.6453825291733,0.38721801683877083,-73.10424361181542
14.099839847555776,156.03385812881652,0.2943948727224944,-75.7416852453791
14.462340049193555,155.61666788582698,0.31182552104086025,-75.26639072719011
14.816795930566666,155.20516327668105,0.3284991823208802,-74.81378712349282
15.163515893672047,154.79982896446305,0.3444663669116635,-74.38216328245059
15.502782822522784,154.40099977956262,0.35977284338815557,-73.96998449872108
15.83485770072891,154.00889712422696,0.3744602236410429,-73.57586998322228
16.15998259638039,153.62365609224494,0.3885664587733207,-73.19857361730938
16.478383138522748,153.24534584867428,0.4021262619414426,-72.83696751057722
14.412229359950114,155.74077938372554,0.3060120368117286,-75.54667633875691
14.792784290410433,155.31108571089044,0.3238112836326384,-75.06264868145487
15.165292467072033,154.8864341059516,0.3408405499611256,-74.60147926504051
15.530043617480995,154.4674094544863,0.35715080778798636,-74.16146083525271
15.88730332259213,154.05443352060442,0.3727882789380543,-73.74106055626694
16.237316559763403,153.6478034446737,0.38779501811386086,-73.3388979882596
16.580310619161615,153.24772056177017,0.40220940744292505,-72.95372622391282
16.916497516409482,152.85431216964514,0.41606657846789186,-72.58441573561558
9.153590113617897,161.8933767197557,0.23096749628583996,-60.69173623293724
9.250775126892602,161.77869709742433,0.24239669844152964,-60.21590053053802
9.342915531403731,161.66793090527952,0.2531743983633067,-59.772616337646326
9.430427958314851,161.56103464708195,0.26335735605541694,-59.35854178228249
9.513681199081178,161.45792416272818,0.27299564818519534,-58.97079170082402
9.593003514636093,161.35848903416334,0.28213366525070593,-58.606860891986486
9.668688346222925,161.26260273292445,0.2908109249708999,-58.264562062132974
9.74099904597674,161.1701297074647,0.2990627456546159,-57.94197576055934
9.424957043381063,161.64115627200664,0.24759090586772467,-60.240429958163645
9.531011939232442,161.523996264521,0.25952727382027024,-59.748561625856965
9.631699428628455,161.41044845153863,0.27079200193280295,-59.29004383419373
9.7274544561146,161.30053078345503,0.2814429735888607,-58.86147872033869
9.818662838979726,161.19420913396087,0.2915313169364804,-58.45992977094274
9.90566858971807,161.09141419348768,0.30110240524621706,-58.08284477554682
9.988779745659091,160.992053330271,0.3101966744134017,-57.72799340611953
10.068273205529028,160.89601902736368,0.31885030048485014,-57.393416797388745
9.677157646202627,161.39202520942894,0.2628069847624784,-59.824788982443465
9.791684714739633,161.27263933852464,0.2752049705571045,-59.31849931892828
9.900549073580093,161.15656256758913,0.2869132344952068,-58.846269146117244
10.004201748171242,161.04387217839025,0.2979906523648328,-58.404651644771775
10.103043457991543,160.93458278842465,0.3084892823833516,-57.99066534412276
10.197432064447536,160.82866530295803,0.3184553684779132,-57.60171679201965
10.287688491592732,160.72606039097673,0.32793016116324836,-57.23553783852624
10.374101645049342,160.62668819805012,0.33695059853964965,-56.890134923393276
9.91288466097787,161.14613698195888,0.27683379956530574,-59.439353502493866
10.035528717151784,161.02473808886577,0.28965482433804396,-58.91999468504301
10.15223851486182,160.9063445135216,0.30176974692484393,-58.435329500334824
10.263479169800261,160.79109115349715,0.3132383283693197,-57.98186802845759
10.369664521749408,160.67904012841223,0.3241134578643487,-57.5565891209518
10.471164680064987,160.57020167505405,0.3344421584502483,-57.1568628493333
10.56831201334048,160.4645491510082,0.3442664106199193,-56.78038755005014
10.66140613173471,160.3620299577923,0.35362383622324095,-56.42513887009266
10.13428295933848,160.90357809095624,0.28984240429474983,-59.07983416128448
10.264723892672183,160.78034752980363,0.303053389481558,-58.548554662744706
10.388980762612805,160.65981815127455,0.3155433347259458,-58.05254132823085
10.507529428059142,160.5421818641404,0.32737277772978207,-57.58826400605556
10.620795888209631,160.4275467686548,0.3385953631077782,-57.15266697385886
10.729161136374946,160.31596157362398,0.3492588170087843,-56.74308782207719
10.832967753933145,160.20743171368053,0.3594057795779634,-56.35719498685196
10.932524940634252,160.10193142397546,0.36907449130349307,-55.992936596236
10.343090793431308,160.66438582329056,0.30196944267437686,-58.742799935167234
10.481039633541817,160.53947957325383,0.31554174621450487,-58.200587829313655
10.612571677783384,160.4169720008094,0.3283792748196735,-57.69415937701513
10.738173619379593,160.2971095969184,0.3405432880285156,-57.21995044801034
10.858281803999747,160.18004562052107,0.35208811016934644,-56.774873803054454
10.97328693438135,160.06586642350715,0.3630621065270788,-56.35623794281114
11.083540741585288,159.9546089162371,0.37350851765759197,-55.961684471315955
11.189361050567722,159.84627374086543,0.38346614779537685,-55.589136778548955
10.540737912001022,160.42856184072687,0.3133257954461003,-58.4254634273496
10.685930820188062,160.30211654862927,0.32723437303272007,-57.87317525208095
10.824490196228815,160.17776894465788,0.340395486551471,-57.35714203506526
10.956912320071488,160.05581867618443,0.35287105383858874,-56.87376923488597
11.083642755130183,159.9364630931489,0.3647160201276337,-56.419941314733485
11.205080892853623,159.81982539512455,0.3759793353455284,-55.99294059489595
11.321586688102622,159.70597338255135,0.3867047899569777,-55.59038448050359
11.433485749414524,159.59493368068192,0.39693170511703524,-55.21017401089273
10.728415556813108,160.19608225955884,0.32400267321403264,-58.12552926946976
10.880610759251363,160.06821869688272,0.33822545496800877,-57.56391435227033
11.025969231683133,159.94215420257177,0.35168898516017216,-57.03898503526835
11.164997861018167,159.8182387210525,0.3644558048865342,-56.54712106915257
11.298148333688378,159.69671420001336,0.3765814101198718,-56.08517978837469
11.425828538320905,159.57773941947957,0.38811529504990366,-55.65042039110032
11.548405840804309,159.46141250291342,0.39910175655318614,-55.24043836441019
11.666212893022866,159.34778564181383,0.40958059234763866,-54.85311446571659
9.431267080908125,161.4733363769411,0.22452638283483745,-63.16992778903739
9.54174171106949,161.33631099544615,0.23632694869671866,-62.69380919864584
9.646743357914671,161.20405656602546,0.2474742055471732,-62.249355479053435
9.746705467225878,161.07648876139498,0.25802365082512796,-61.833388880295836
9.842013264741531,160.95348353477326,0.2680243822458813,-61.4431570109848
9.933011002970373,160.83489194363227,0.2775200377254101,-61.07626293589982
10.020007592558121,160.72055057708903,0.2865495628631046,-60.73060815540147
10.103281285321422,160.61028878585614,0.2951478482713062,-60.40434641707732
9.719021771329206,161.2195739153218,0.24136979326107755,-62.739391815281785
9.839532494549946,161.07896701049518,0.25369250099536406,-62.247278844219736
9.954237308552953,160.94281509759077,0.26534187916625446,-61.78759119582738
10.063585039549192,160.81110160674243,0.27637447670520066,-61.357098787735936
10.167977314663968,160.683756617806,0.2868404103752579,-60.953004159462466
10.267773245859678,160.5606759472732,0.2967842656118918,-60.57286786432983
10.363295642119956,160.44173310380737,0.3062458757533905,-60.214552158181576
10.454835767536125,160.32678797396304,0.31526096297038997,-59.87617458077544
9.986590399503653,160.96901612116216,0.25677365961224763,-62.3430524725914
10.116689307641268,160.82513645240948,0.26957088987280303,-61.83656281247734
10.240678696029288,160.68539283215054,0.28167680248250615,-61.363170518495224
10.359021816138368,160.54983332852893,0.29314889810137584,-60.91960238464047
10.47213401592663,160.4184410491323,0.3040381879208282,-60.50302080807723
10.580387252921014,160.2911556328093,0.3143900970934988,-60.110949160753385
10.684116413496012,160.16788690056126,0.3242452467678456,-59.741215303889106
10.783624123922527,160.04852491508757,0.3336400980119173,-59.39190498715593
10.236816695858147,160.72180847924002,0.27096277411707487,-61.97563569761066
10.376103687240922,160.57491631494221,0.2841942700365659,-61.45612380652002
10.509003573776791,160.43183922893766,0.2967181526936307,-60.97030958676505
10.635991970480095,160.29268807305237,0.30859277231460397,-60.5148820234537
10.75749608255147,160.15749765469033,0.3198699398152701,-60.08696820274404
10.873899027854737,160.02625050234073,0.33059583220164357,-59.684058711009115
10.985546241963611,159.89889211629543,0.34081177691961617,-59.3039510162033
11.092750324707824,159.7753423294066,0.35055489828221204,-58.944702724090455
10.471963410682472,160.47803089273143,0.28411312927170346,-61.633006618285954
10.620078736327697,160.32834906604842,0.29774444255923,-61.10162194107048
10.761551227133365,160.18216111151153,0.31065325766508217,-60.60447418134244
10.896869162247015,160.03963740741153,0.32289871418982313,-60.13822123097524
11.026467991294332,159.9008647010387,0.33453331994796665,-59.699956636604696
11.15074124317049,159.76586699460944,0.3456039390944308,-59.28714263571732
11.27004360382361,159.6346248291209,0.356152537756886,-58.89754965380565
11.384696463442182,159.50708737780874,0.36621684069555244,-58.529210207233966
10.69386277894882,160.2377148671937,0.29636508314026916,-61.31186358453004
10.850480693303258,160.08543694918177,0.3103664201412601,-60.769592540296856
11.000220368841996,159.93633141481405,0.3236315871045072,-60.26204711941119
11.143579384201944,159.79062790804883,0.33622041771004807,-59.78585555692056
11.281001971672627,159.6484625245128,0.34818607502144894,-59.33808361256299
11.41289021873419,159.50990031740827,0.35957604101421714,-58.91616751835273
11.539606945845946,159.3749562362412,0.37043286361008365,-58.51785349892376
11.661481314617504,159.24360835504007,0.38079481514887,-58.14115157255777
10.904020815829789,160.00085685138822,0.30783236809865316,-61.00952833515158
11.068844525487803,159.84615305278365,0.3221777202140243,-60.457225726263275
11.22657195393435,159.69430098960382,0.33577426533318067,-59.940093312341915
11.377708702573115,159.5455880302929,0.34868247085989823,-59.454732891774306
11.522706627841053,159.40019846637628,0.3609560989973399,-58.9981853724127
11.661975315530771,159.25823755308036,0.3726431974281524,-58.5678636531044
11.795884752959887,159.11975402957307,0.3837868474204633,-58.16149219357567
11.924770987584687,158.98475443003568,0.3944258238448321,-57.7770607362998
11.103691599916816,159.7674281888509,0.3186084233571864,-60.72379823772681
11.276449195125263,159.61044973254596,0.33327489982221964,-60.16221118545947
11.441907878438695,159.45600368734145,0.3471808299117468,-59.636200589486506
11.600579303518225,159.3044344012675,0.36038725469036953,-59.14234398333877
11.752924530263932,159.15597115302276,0.372948511845037,-58.67766179104113
11.899357130694783,159.01076070079003,0.3849131453499546,-58.23954405867206
12.040254275369781,158.86888426685599,0.39632473631802095,-57.82569619924266
12.175958121732274,158.73037640940018,0.4072225233585034,-57.43408960317162
9.717853756813012,161.03626192045468,0.21906672997815713,-65.66872673841394
9.843144499686277,160.87485085645284,0.23125499654723106,-65.19578995601555
9.962553324113816,160.7190613208971,0.24278881951152426,-64.7533384701897
10.076523201690568,160.56877535170625,0.25372230521074424,-64.3383878503606
10.185451404281496,160.42383375391017,0.26410349278704526,-63.94834787468197
10.28969396791351,160.2840533016374,0.2739751865242412,-63.58095441477791
10.389571665205873,160.1492372264196,0.2833756869427414,-63.234219167573706
10.485374556489212,160.01918270445475,0.29233939145875637,-62.90638781309922
10.02284184415503,160.77953749977397,0.2361464828028101,-65.2605167935062
10.159479850693623,160.61328429692554,0.24887297290691546,-64.7716967427414
10.289896547484185,160.45231703355995,0.26092504928661603,-64.31407304639856
10.414549718121815,160.29659048242638,0.2723578512057481,-63.88461870620817
10.533850831500477,160.14600501223433,0.2832203903090171,-63.480703444067814
10.64816930237159,160.00042649948742,0.29355638525502425,-63.10002565234952
10.757838565240176,159.8596987485979,0.30340499564175466,-62.74056206082846
10.863160666229692,159.72365254538002,0.31280142577951686,-62.40052579166664
10.306591538562115,160.52620186520465,0.2517533230432592,-64.88483177361321
10.454072471122519,160.35547652068277,0.26496819680395334,-64.3817394082888
10.59502528054794,160.18969635770083,0.27749071604188374,-63.91047124311476
10.729922024006216,160.02888518563233,0.2893769631503893,-63.467966442481604
10.859184030394852,159.87300301105276,0.3006767816769893,-63.05155696663301
10.983192657737508,159.72196329121425,0.3114347111160777,-62.658909551002886
11.102292082650656,159.5756497695157,0.3216906740111603,-62.28797039140462
11.216794585510982,159.43392648343823,0.3314805921238312,-61.93692411926719
10.57210135771458,160.2763831667237,0.26611891762154943,-64.53662252749993
10.729975618995557,160.10149875779814,0.2797801310075189,-64.02060536410093
10.881043913172956,159.9312148720415,0.2927327387946748,-63.53697325652708
11.025788631981221,159.76562373469798,0.3050336400926964,-63.0826332247165
11.164640872819113,159.60474214464455,0.31673344930788705,-62.65488681825371
11.297991573184905,159.44853060646005,0.32787743287858545,-62.25137208638091
11.426194049952311,159.29691213391789,0.3385061980009664,-61.87000834162782
11.549569351869504,159.14978360025364,0.3486563110014761,-61.50895507544143
10.82175512368177,160.03014705657282,0.2794243173612958,-64.21193805335834
10.989618633508215,159.85137305404427,0.29349595371615067,-63.68413821101146
11.150422798509986,159.67685308175638,0.30684413913258857,-63.189227195875105
11.304657747072216,159.5067465701821,0.3195264992986635,-62.72408297290514
11.452765221837517,159.34112364459455,0.33159437418675386,-62.28598282506578
11.595141772179677,159.17999295654587,0.3430936580051297,-61.87253691432653
11.73214933049873,159.0233154169365,0.3540655875811082,-61.48164156355394
11.864116471215205,158.87102028741865,0.3645473133878817,-61.11143392700286
11.057481648460728,159.787513118256,0.29181369278104236,-63.90762861717478
11.23496862642556,159.60508474399654,0.30626473477342797,-63.369025187999455
11.40516419347513,159.42656323025696,0.319978672556161,-62.863765830000006
11.568565483048712,159.2521727846164,0.33301380072495274,-62.38870363633546
11.725621213452612,159.08203745096898,0.34542209275141156,-61.94109210503474
11.876734585101236,158.9162111629565,0.3572500413206597,-61.51851890393618
12.022274221470566,158.75469269003491,0.36853944862346105,-61.11885909098788
12.162575157522811,158.5974432201204,0.3793279984688106,-60.74022985795625
11.280865360416477,159.54846757270042,0.30340370967192815,-63.621142703831076
11.467642598541687,159.36259258095353,0.31820711634655646,-63.07258337347624
11.646915078645469,159.180277454648,0.3322607880968429,-62.557781658318106
11.81918565843408,159.00180949361157,0.345623631107696,-62.0735686202267
11.984908852442649,158.82736540966528,0.3583481989218869,-61.61717658913571
12.144493430896478,158.6570434960075,0.3704815328990268,-61.186173147507176
12.298313707583137,158.4908797180408,0.38206595419056383,-60.77841430098678
12.44671025636864,158.32886672353513,0.39313963667840174,-60.39199931306087
11.493224978841303,159.3129728336522,0.3142901049860518,-63.350384394817375
11.688987237982847,159.12383655367816,0.329422105254145,-62.79260949006094
11.877047953375818,158.93791395217536,0.3437926258512948,-62.26896957418308
12.057914601513477,158.755553836248,0.3574611352905183,-61.77627612812215
12.232045417907907,158.5769853333142,0.3704807111782164,-61.311741885037335
12.399856966165713,158.40234740542374,0.38289893094214417,-60.87291848637214
12.561725217285332,158.23171537300118,0.3947585645514343,-60.457642734389665
12.717996533880664,158.06511194485097,0.40609824880247314,-60.06399841136253
10.009607769702477,160.58914222431997,0.21465944755092276,-68.15244232028967
10.151171074326015,160.40151320690183,0.22725005951533817,-67.68645861497217
10.286480803253456,160.22032128040786,0.23918570526333469,-67.24948629842608
10.41598559992593,160.0454207539826,0.2505190785333023,-66.8387697345839
10.540086229675756,159.87662621248688,0.26129704130324966,-66.45190182183325
10.65914568007004,159.71372578429052,0.27156150529947576,-66.08677507786878
10.773491780901109,159.55649466115037,0.2813500609640172,-65.7415314019605
10.88342217401596,159.40470244486718,0.29069655294938673,-65.41452615645973
10.332483866504116,160.32801994391508,0.2319889570260288,-67.76784494229994
10.486846739423482,160.13412973313777,0.24513491372113397,-67.28616615712112
10.634619042577695,159.94631227756503,0.25760596651970036,-66.83415498655728
10.776260855620025,159.76450206386048,0.26945578872018017,-66.40901966295529
10.912186672099775,159.58857746430058,0.2807322122406667,-66.00832279794369
11.042768578282901,159.4183826275732,0.29147799748080616,-65.62992164626104
11.168345951566833,159.25373701866175,0.3017315781578768,-65.27192896207255
11.289226819210844,159.094447557147,0.3115275824493365,-64.93267161973269
10.633051046782779,160.07054006363572,0.24781141784113123,-67.41391630617338
10.79964870895942,159.87082496160636,0.2614605456727859,-66.91813472391826
10.959354958693512,159.6768106977942,0.2744168555907211,-66.45259993264047
11.112639373555455,159.48850901936623,0.2867348984933502,-66.01449012699135
11.259925823614841,159.30586214358928,0.298463336557714,-65.60133892571481
11.401595296077135,159.12876745329808,0.30964571379135286,-65.21097592984417
11.537996055768788,158.95708857214274,0.32032120369488487,-64.84148760942658
11.669444676778843,158.79066936689165,0.3305251318963777,-64.49117602440607
10.914464464382396,159.81680316973137,0.26236543920185507,-67.08586915494476
11.092793635638486,159.61163412068836,0.27647380437951063,-66.5773149823009
11.263961253853056,159.41178912488522,0.289873101415556,-66.09952315532763
11.428444270468276,159.21735496021645,0.3026186666802785,-65.64964589291166
11.586673976358439,159.02833610667346,0.31475990654200126,-65.2251916067762
11.739038464358217,158.84468208360968,0.32634106825228876,-64.82396576674446
11.885893226627964,158.6662999529786,0.33740199007668714,-64.4440318192341
12.02756185435286,158.49307008946732,0.3479786250543862,-64.08367003040024
11.179230388600491,159.56685291380654,0.2758371902086111,-66.77996391526446
11.368838849259099,159.35655058295106,0.2903673203050291,-66.25976342464172
11.551041995471746,159.15119259354142,0.30417352195924074,-65.77078748384676
11.726322386675614,158.9509386557564,0.3173118408094165,-65.31016571808603
11.895116094838604,158.75585490641453,0.32983234448386883,-64.87538355839159
12.057819836136607,158.56593919200617,0.34177995214340967,-64.46422806752223
12.214791913407655,158.3811440088248,0.3531950695465712,-64.07473960298559
12.366362652002335,158.2013848519722,0.36411423086726674,-63.70518008849485
11.429375368650394,159.3206907578539,0.2883747075127013,-66.49322372231568
11.629853813932435,159.1055361610462,0.3032942861380188,-65.96234158695124
11.822706070562553,158.89494468811998,0.3174762531208824,-65.46310089524393
12.008418820134025,158.6891470098388,0.3309772993834786,-64.99261153140989
12.18743246662022,158.48826863694896,0.34384810556520495,-64.5483395572573
12.360148285159843,158.29235721015797,0.35613417221893723,-64.12805326771975
12.526928993047653,158.1014074129448,0.3678764550745797,-63.729775075071245
12.688109619331208,157.9153702030484,0.37911200914424575,-63.35174974719993
11.666563239915163,159.0782876473021,0.3000976383369912,-66.22324004233135
11.877538829205198,158.85852987841812,0.31537852649893183,-65.68251086354222
12.080687380400192,158.642953567418,0.3299091284620412,-65.1738011175672
12.276498434067987,158.43185849341316,0.3437467260210035,-64.69420338043675
12.465415550802206,158.22542816668107,0.35694256196379115,-64.24116661963272
12.647842265321778,158.0237601423387,0.36954265874456377,-63.81244169120686
12.824148306582032,157.82688719032782,0.3815885135702087,-63.40603739916356
12.994668846549455,157.63479860522574,0.393117624907013,-63.02018081336702
11.89217822418612,158.83959289378603,0.31110406032393684,-65.96803645974309
12.113309404502294,158.6154548892522,0.3267215488770482,-65.41818869975972
12.326430345671167,158.3951170249697,0.34157694985004156,-64.90070463864278
12.532032363673407,158.1789464473552,0.35572808912888415,-64.41266163874239
12.730561163797779,157.96718336212214,0.3692267279140018,-63.951493533804516
12.92242272003889,157.75997322445934,0.3821193814712198,-63.514936376932035
13.107989515910111,157.55738933191128,0.39444801494602,-63.100984637432475
13.287599420182225,157.35945566762584,0.406250569919026,-62.70785169031555
10.302469614230526,160.13942471816512,0.2113148789277395,-70.58601823350791
10.461618725748261,159.9240433423248,0.22431990380895048,-70.13087295903297
10.61420321691197,159.71584714017527,0.2366700946305416,-69.70299819668107
10.760667014836079,159.51467450732386,0.24841662552308996,-69.29988569411125
10.901411096675888,159.3203193114382,0.2596051860990536,-68.91933930300603
11.036796131565547,159.1325512581041,0.27027668539106425,-68.55942207630093
11.167151970934423,158.951123709146,0.28046795887243564,-68.2184245078056
11.292778631565461,158.7757848085837,0.2902122439811029,-67.8948270737955
10.643662682386832,159.87252991716443,0.2289037607570126,-70.22598772042373
10.817197344312312,159.64931553246385,0.2424822026349422,-69.75541744902897
10.983842726495853,159.43288315686942,0.2553858722133768,-69.31271213214852
11.144051272313027,159.22315853984725,0.2676668926300522,-68.89533641845293
11.298231652644667,159.02000853360298,0.27937184056035413,-68.50106620027445
11.446755422937335,158.82326052681591,0.2905425156654674,-68.12794201845867
11.589958160947171,158.63272020926766,0.30121651950729245,-67.77422568034966
11.728148929726343,158.4481765940094,0.31142786343980067,-67.43837479170402
10.96147434283554,159.6095960433681,0.2449511371577222,-69.89461364750046
11.148765436798566,159.37905621254794,0.25904838164848665,-69.41017825567423
11.328881622016482,159.15488573018123,0.272452918158203,-68.95413106197918
11.502281266060214,158.93709508379928,0.2852177115802906,-68.5239137989272
11.669379132433171,158.72562155904276,0.29739013781693385,-68.11727952045777
11.830553071198615,158.52035121428443,0.3090127542555431,-67.73224638112983
11.986144708917111,158.32113911820915,0.32012387891244953,-67.36705455236303
12.13646945535507,158.1278154858979,0.3307582015899792,-67.02014082198103
11.259215557807496,159.35068670073866,0.25970253731160764,-69.58740352611242
11.45970257000575,159.113254685944,0.2742726697085819,-69.09040483640813
11.652762036359265,158.8817730722336,0.28813380179778825,-68.6222588844252
11.838856149498776,158.65633461057638,0.30133965293287207,-68.18038787220618
12.018403811920923,158.43694526207568,0.31393831642756814,-67.762525229706
12.191786229213632,158.22354960753668,0.325973017287646,-67.36666872148334
12.359352743848039,158.01604810552138,0.3374827587266689,-66.99104283178507
12.521420178182346,157.81431488566875,0.34850280140335504,-66.63406309278535
11.53951449263002,159.09581618173866,0.2733492433392244,-69.3008533974944
11.752693804045927,158.85186788297221,0.2883531568706831,-68.79239276851253
11.958221151239659,158.6134470634987,0.30263314859152135,-68.31320024405284
12.156560820693601,158.38072641337735,0.31624362009396123,-67.86068130520735
12.348134235056653,158.15377888757934,0.3292333144168453,-67.43255242899123
12.533325462608905,157.9326054318684,0.3416460740068327,-67.02679456026817
12.712487083478681,157.71715398999146,0.3535214882752005,-66.64161571869008
12.885939076733882,157.50733917620525,0.3648953728386287,-66.27541554915857
11.804495069602993,158.84496195700353,0.28604316267650404,-69.03217746795059
12.02991083874389,158.59482788307727,0.30144717346844896,-68.51319763218609
12.247474599059075,158.34979609783093,0.3161135005309321,-68.0238595430906
12.45765128523166,158.11011705034474,0.3300971670306681,-67.56155432310413
12.660863481955438,157.8759290897154,0.3434475088755482,-67.12398374535285
12.857496845244546,157.64728837363015,0.3562089327052181,-66.70911406084403
13.047904637468688,157.42419084051195,0.36842155038166535,-66.3151379321871
13.232412947402281,157.20658709642603,0.38012172746711753,-65.94044366702816
12.055900295924285,158.59807493052458,0.2979069342539936,-68.77912415404248
12.293137249992604,158.34204892533836,0.3136817451675103,-68.25044031710692
12.52234338077937,158.09069902857559,0.3287061031863542,-67.75173607002091
12.743983050973892,157.84435140377525,0.34303560143598527,-67.28039018515751
12.95847885573656,157.60320827665984,0.35672012031785183,-66.83409164685966
13.166216953250567,157.3673799068211,0.3698045853582701,-66.4107938246648
13.367551523776799,157.136908215438,0.3823296020659028,-66.00867664030746
13.562808524750157,156.91178438558353,0.3943319913155554,-65.62611515871127
12.295179750623088,158.35508738300186,0.30904098970821675,-68.5398474478616
12.543857407958736,158.0934331533849,0.325160900337478,-68.00217085889878
12.784344054188718,157.83602883443103,0.3405184477545985,-67.49478069189487
13.017102440469106,157.58327438537475,0.35516975063911127,-67.01504509347149
13.242554186852427,157.3354344710023,0.36916519227002126,-66.5606419057644
13.461085020802953,157.0926723887081,0.3825501780841751,-66.12951317705752
13.673049158603716,156.85507526907375,0.3953657707437873,-65.71982755886432
13.878772994280956,156.6226729498692,0.40764922605084153,-65.32994905162506
10.592240671544177,159.69461181838693,0.20898889681342822,-72.93666786592685
10.770073167037822,159.45032356873585,0.22241681818469827,-72.496146415836
10.941109396412463,159.21387302274738,0.23519069444726776,-72.08092657391104
11.105781665523816,158.9850919817429,0.2473601537887888,-71.6887656602893
11.26448065850883,158.76376594624435,0.2589696123761537,-71.31768810301989
11.417561472162907,158.54965171109012,0.2700589869999118,-70.96594729939139
11.565349021653136,158.34248924928764,0.28066429426926837,-70.63199357233972
11.708137902946593,158.14201440419055,0.2908180853769084,-70.31444198774054
10.951928336079682,159.4207041076898,0.22684233954649033,-72.60177849027383
11.145850372550496,159.16687332768467,0.24086252525322505,-72.14618237526791
11.33267624450121,158.92042574982906,0.25420871311045634,-71.71641641982825
11.512841790665384,158.681289829692,0.26693142426493044,-71.31021677171131
11.68674233319665,158.44933066572548,0.2790759375731895,-70.92558812020414
11.85473789199718,158.22437149133697,0.2906829896540682,-70.56076392578282
12.017158644020489,158.00620779397548,0.3017893755306565,-70.21417474120734
12.174304240444506,157.79462237104403,0.3124283832063411,-69.88441631261793
11.287175877402092,159.1511334751811,0.2431199708053108,-72.29341207065814
11.496491855097391,158.88834196426183,0.2576752931284602,-71.824256920477
11.698452848461063,158.6324687047577,0.27153862709809334,-71.38139350874697
11.893496437567528,158.3835349464787,0.2847612981204562,-70.96254232175347
12.082020213940494,158.1414833447492,0.297389352192613,-70.56569154031634
12.264386899782059,157.9062022099148,0.3094642560237178,-70.18905778887633
12.440928630972193,157.67754290176833,0.3210234836676611,-69.83105367204263
12.611951824517122,157.45533111581022,0.3321010263549967,-69.49026180724981
11.601447495868715,158.8859172582963,0.25807413824706793,-72.00739983107681
11.825536985847528,158.61466415957875,0.2731166275671241,-71.525947847094
12.042047844756885,158.34985671705994,0.2874507558881544,-71.07119580578389
12.251417361288471,158.09160621732462,0.30112857030298723,-70.64085123534058
12.454043478237406,157.8399309084691,0.3141968063224586,-70.2328884381615
12.650289811891135,157.5947828209718,0.32669758784739084,-69.84550973181534
12.840489851394818,157.35606721550096,0.3386690142837662,-69.47711332632956
13.024950496292771,157.12365677200205,0.35014565627322,-69.12626657001566
11.897490768056391,158.6250338873926,0.27190116377072915,-71.74049286253789
12.135796250051023,158.3457536091555,0.2873900141817868,-71.24781131361014
12.366329386891715,158.07244145658237,0.30215547870061554,-70.78219325244146
12.589525514420545,157.80529617095226,0.31625025776203003,-70.34133548097572
12.805781349626352,157.54440972097188,0.3297217121507018,-69.92320059940322
13.015459908162162,157.2897965316561,0.34261256263971096,-69.52597871497699
13.218894617498917,157.04141486069136,0.3549614773808816,-69.14805564634597
13.4163927807461,156.79918254289635,0.366803568301972,-68.78798639654683
12.177525089884593,158.36843166990448,0.2847567785479576,-71.49011086710945
12.429541840551172,158.08150724286335,0.30065688154529335,-70.98711294994716
12.673618254797809,157.8000704847349,0.31581971268663306,-70.51150420588021
12.910186339805094,157.52440517640142,0.3302985683059478,-70.06097257805409
13.139640273073647,157.2546752317795,0.3441413804777914,-69.6334707895827
13.362341217913064,156.99095618996085,0.3573914161664982,-69.22717849898936
13.578621349538022,156.73325840910346,0.370087864714981,-68.84047081927851
13.78878724385522,156.48154428051907,0.3822663347245849,-68.47189201171425
12.443371162948495,158.1160372818871,0.2967665832635595,-71.25417013471952
12.708639269875233,157.8218101195033,0.31304743282735104,-70.74164529874186
12.965821338702904,157.53258875811392,0.32857809893775014,-70.25680286385442
13.215344895792137,157.2487397590538,0.343412424919141,-69.79732349479725
13.457600472455788,156.97049730225476,0.35759886818038195,-69.36115158587175
13.692946319572687,156.69799681235298,0.3711811987400125,-68.94645784407066
13.921712347010844,156.43129987058947,0.3841990866627551,-68.55160811172817
14.144203437207958,156.1704128214014,0.39668859926386413,-68.17513727511908
12.696542757022133,157.867762532173,0.3080333449287377,-71.03096348230851
12.974640724173096,157.56653974974736,0.3246682040929208,-70.50960038242367
13.244526404587797,157.2698406471227,0.3405408107293744,-70.0161848147713
13.506621869407686,156.97811245108258,0.35570551304912834,-69.54839151621682
13.76131306215361,156.69165802123214,0.3702112542398913,-69.10415787858308
14.008954414539561,156.41067149377886,0.3841022702511501,-68.6816469424246
14.249872700488657,156.13526482164175,0.3974186770480071,-68.27921651306147
14.48437027516369,155.8654877037325,0.4101969680028019,-67.89539327839756
10.874790864652951,159.26185482949728,0.20759372687088606,-75.17536884884203
11.072117433796242,158.9879581156649,0.22144835380381825,-74.75292534610074
11.262514297262753,158.72242839453932,0.2346504542041982,-74.35365084960978
11.446392748427586,158.46510357855908,0.24724804912462944,-73.97556972599014
11.624126545402074,158.21577009879252,0.25928425250347603,-73.6169348654336
11.796056692380759,157.9741825341974,0.2707979181142775,-73.27619469854653
11.96249545861732,157.7400772628255,0.28182418205417925,-72.95196578622279
12.123730915479118,157.51318079897203,0.29239493688031404,-72.64301118418949
11.25288017737802,158.979897163369,0.2257121050244847,-74.86577452422142
11.46809866079681,158.69463002841718,0.24017842832683128,-74.42868992188093
11.676123816217324,158.41721327195532,0.2539722153903035,-74.01522755353867
11.877366479225664,158.14758929782937,0.2671423461896784,-73.62340071672725
12.072200729461118,157.88563183402465,0.2797419494145494,-73.25144866839557
12.26096822076174,157.63116928234967,0.2917830877672724,-72.89780886194735
12.443982836018785,157.38399952529426,0.3033292226192336,-72.561080838413
12.62153326792666,157.14390269702295,0.31440375110536756,-72.24001289353771
11.605502732476797,158.70269602831704,0.2422210503909908,-74.58049842597329
11.837847887302763,158.40671897757207,0.2572393472088326,-74.13022637001927
12.062780578531799,158.11806248103494,0.2715670380014386,-73.70397162277875
12.280708744623261,157.83677016515784,0.2852537659791338,-73.29973898519168
12.492004339489885,157.56280101529407,0.2983441997377919,-72.9157584571168
12.697007915151762,157.29605493093737,0.31087867880567754,-72.5504535104787
12.896032453859478,157.03639111530967,0.32289375652395275,-72.20241460630237
13.089366595086764,156.78364137846836,0.33442265957418316,-71.87037700540215
11.936268806336725,158.43021759038865,0.2573794993330487,-74.3157104510616
12.185058673661809,158.12409807314492,0.27289969432778344,-73.853462735302
12.426254138864792,157.82476038502216,0.28771280003887073,-73.41557960052234
12.660258318246246,157.5323463000981,0.3018691449445395,-73.00005938879059
12.887439265737294,157.24689773080956,0.3154140562132304,-72.60512397884983
13.108134445089675,156.9683849386985,0.32838850441490497,-72.2291876435626
13.32265446704943,156.6967270508834,0.3408296462872561,-71.87083098865658
13.531286233915626,156.43180707865199,0.35277128462900154,-71.52877906798035
12.248041071328663,158.16239915218145,0.2713886728375257,-74.06843036038777
12.512662666429158,157.84663236537256,0.28736821519611144,-73.59523137203998
12.76953939782149,157.53710291007422,0.3026255050404072,-73.14670428929158
13.019068001692743,157.23404784040315,0.3172114915452844,-72.72084266324613
13.261611125545038,156.93758990943988,0.331172099583486,-72.31586193948755
13.49750169281495,156.64776825941956,0.3445488734701246,-71.93016886475813
13.727046546861759,156.36456092973208,0.3573795194519212,-71.56233582438821
13.950529514006307,156.0879014862287,0.3696983657861036,-71.21107924736792
12.543131037560684,157.89915568615996,0.28440802695589734,-73.83629321759943
12.823029243819839,157.5741793350532,0.30081034225140485,-73.35301935122106
13.095059018552956,157.2548923741936,0.3164763563263211,-72.89469088525007
13.359609439371884,156.94162446560014,0.3314575847440867,-72.45929796385884
13.617036501354079,156.6345772334042,0.34580049890456915,-72.04505100605692
13.86766737823385,156.33385727779986,0.3595471687104292,-71.65035063098085
14.111803976191373,156.03950055441032,0.37273580464029005,-71.2737623737326
14.34972591745638,155.75149052092618,0.3854012178613235,-70.91399536712785
12.823434437544158,157.64038627688134,0.29656605349184423,-73.61739047638095
13.118103241822348,157.30659138372187,0.3133593894977071,-73.12479934735472
13.404803212049234,156.97793625874468,0.3294033285072847,-72.65739813835951
13.683914705387998,156.6548406809363,0.34474990620171486,-72.21317474842057
13.955786021183547,156.3375832904384,0.35944609691948504,-71.79033575581894
14.220737563668731,156.02633678745133,0.37353445514786576,-71.38727683496889
14.479065309351965,155.72119407543852,0.3870536570616026,-71.00255783263195
14.731043714067434,155.42218784122616,0.40003896053723476,-70.6348817145316
13.090527086473168,157.385979507752,0.3079678036674177,-73.41015925932237
13.399502565299219,157.04371853418616,0.325124353032178,-72.90891179142491
13.700428899635625,156.70604737831016,0.3415192333308314,-72.43307370237233
13.993676834733485,156.37347361171766,0.3572049605061153,-71.98063163089584
14.279586091040807,156.04635114501792,0.37222897429984814,-71.54978932431514
14.558469433868328,155.72491748704377,0.3866342784881584,-71.13893852293361
14.830616058709278,155.40932155499974,0.40045998178189096,-70.74663438045098
15.096294425160343,155.09964461219298,0.4137417576296518,-70.37157466474567
11.146263567405208,158.84759759612,0.20701126115942484,-77.27805283141726
11.363557812407569,158.54388540305132,0.22129094024215323,-76.87662002056429
11.573895730663557,158.24893148577127,0.23492033029536813,-76.49612184396159
11.777661601404128,157.96258882261088,0.24794583849918667,-76.13484827017669
11.975205715660351,157.684654168017,0.2604092475567821,-75.79127938874578
12.166848678883008,157.41488876675035,0.2723483130274931,-75.46405905677705
12.352885035921824,157.15303281520846,0.2837972659011202,-75.15197278761084
12.53358632408122,156.8988155767783,0.29478723836341697,-74.85392917209583
11.542392332361787,158.55680037584727,0.22539021528808986,-76.99349005938292
11.779448781330938,158.23980389626928,0.24030128618427699,-76.5779189334327
12.009335946656293,157.93097298609047,0.25454200808037797,-76.18365882145093
12.23243262470217,157.63027403181394,0.26815959552372404,-75.8089962140588
12.449084609040769,157.3375992986478,0.28119660933217333,-75.45240527225701
12.659608907399841,157.05279079703158,0.2936915523766157,-75.11252219836774
12.864297264475418,156.77565728229564,0.30567937171601905,-74.78812368407169
13.06341912604288,156.5059864096941,0.3171918845416894,-74.47810874398189
11.912072271905748,158.27121154474003,0.24212723987294946,-76.73101014591346
12.168056485910535,157.94167012527788,0.257607375905313,-76.30268237555372
12.41670542950206,157.61968663943895,0.2723989998801074,-75.89599059736484
12.65839012216067,157.30533723225633,0.2865500435232647,-75.50921964214635
12.893449667417391,156.99860708751743,0.3001037602383006,-75.14083962602015
13.12219535580208,156.69941722651626,0.3130993194252584,-74.78948102301894
13.344914088460458,156.4076438548749,0.3255723080064261,-74.45391363096374
13.561871254110654,156.12313240971966,0.3375551563463561,-74.13302878884046
12.259052752098244,157.99074027398365,0.2574875846747017,-76.48713457660162
12.533220826497365,157.64929077377818,0.2734845825459153,-76.04720183763045
12.799926672464263,157.3147815465593,0.2887764540937102,-75.62918789049733
13.05953175321628,156.98739507483816,0.30341177471197356,-75.23137731629204
13.312366739193946,156.6672069998907,0.317434420862846,-74.85223769052674
13.558735503518388,156.35421563734675,0.3308841628374125,-74.49039530649678
13.798918451350534,156.0483635052512,0.34379716553146467,-74.14461462364505
14.033175313390013,155.74955313467652,0.35620641417246945,-73.81378084428088
12.586305603107855,157.71527896420403,0.27167716587651386,-76.25915895241398
12.877988589708945,157.36247848593771,0.28814670780653834,-75.80859484590773
13.16211521052479,157.01599416086367,0.30389579626926516,-75.38019713595558
13.439035947746996,156.67611163471065,0.3189735894081869,-74.97225128957236
13.709071628237757,156.34299468740875,0.3334245291540013,-74.58322356363006
13.972517319140266,156.01671727731232,0.3472889323480788,-74.21173733534174
14.229645569102217,155.69728710486115,0.36060349064899366,-73.8565530025883
14.480709123199482,155.38466307313436,0.37340169592555167,-73.51655089870053
12.896229788920067,157.44470628156995,0.28485901656252627,-76.04493855182076
13.204821619223221,157.08104832288151,0.3017630408892174,-75.58457614377916
13.505790805279178,156.72307860043833,0.3179323704869354,-75.1465979722382
13.799475689978228,156.37118297893946,0.3334166949822604,-74.72929131741579
14.086186097283127,156.02561120081685,0.34826097333228734,-74.33112212430136
14.366207136253276,155.68651129300147,0.3625060232433771,-73.95071190233925
14.639802360952075,155.3539550371156,0.37618902010905214,-73.58681805104514
14.90721641241209,155.02795697895945,0.38934392194742384,-73.23831709412524
13.190792347430005,157.17889133950723,0.2971644102369094,-75.84274331827575
13.515740305987972,156.8048176419891,0.3144698982479913,-75.37330293522731
13.833023173803225,156.4358024870272,0.33102737826631967,-74.92643916719376
14.142966200006617,156.07232922558555,0.3468870277019339,-74.50044187347983
14.445867239410294,155.71473152416712,0.3620942812650325,-74.09377752654561
14.742000473499512,155.3632299862914,0.37669041862508995,-73.70506664758818
15.031619496234766,155.0179594138812,0.39071306229326397,-73.33306453389802
15.314959889116679,154.67898927507107,0.4041966020012792,-72.97664479567584
13.471628113418006,156.91769756128434,0.3087005999186668,-75.65115697710543
13.812425216731823,156.53360703122442,0.32637865475639416,-75.17326720388563
14.1455353031715,156.15394512721704,0.34329619032171704,-74.71812442906909
14.47126973191723,155.77929014704546,0.35950383415330633,-74.28402172977246
14.789913573075458,155.41005777306012,0.3750474611682118,-73.86942681283482
15.101729254283567,155.04653977580648,0.3899687795136458,-73.47295995678529
15.406959579809152,154.68893296279822,0.4043058273208268,-73.09337511996162
15.705830245027924,154.33736102279184,0.41809339643449356,-72.72954376511234
8.715018290942623,162.52590213572077,0.23609212774953994,-60.66764846635098
8.80441563360608,162.42127179231147,0.24742499561108,-60.194767850983744
8.889117693717635,162.3200574529715,0.25811088279252126,-59.75425205841641
8.969516048959004,162.2222560853512,0.2682062444372368,-59.34277648254105
9.045956989172122,162.1278192248577,0.2777608776103101,-58.957471060705124
9.118748434672051,162.03666818107695,0.28681891586059105,-58.59584387049927
9.188165377692872,161.94870476987973,0.29541964060282233,-58.25571935184552
9.254454385167225,161.86381887743357,0.30359815263120815,-57.935188468786265
8.965308169230955,162.29382814263664,0.25256642701011145,-60.21755011001747
9.062764980915308,162.18767621862796,0.264404859002281,-59.72869832587591
9.155227117038347,162.08460971277637,0.27557628600944134,-59.273006901385294
9.243103605495927,161.98468819331762,0.28613828011607684,-58.847095505876844
9.326756897224113,161.8879143759013,0.2961416835867541,-58.44804297136551
9.406509824296949,161.79425179030343,0.30563160674360196,-58.07331058673995
9.482651162801503,161.70363722178416,0.3146482434619746,-57.72067995697698
9.555440243157786,161.6159896223514,0.3232275468633555,-57.38820281243775
9.197640185762515,162.06361074620432,0.26765079766950717,-59.80290359364887
9.302783492965808,161.95616167167805,0.2799498167923982,-59.29968067361571
9.40265827657505,161.8514679814192,0.2915638511087985,-58.830324144729595
9.49768892029952,161.74964954454376,0.3025514589458641,-58.3914049362595
9.588252061570612,161.65075877751718,0.3129644067139906,-57.97995711899367
9.67468367659836,161.55480036548545,0.3228486697535389,-57.593400918648385
9.75728473842805,161.46174531236227,0.33224525119254267,-57.229480281025886
9.836325912487068,161.37154112380782,0.3411908611068436,-56.88621239012131
9.414548863453856,161.83554388437477,0.2815600559050216,-59.41829441227357
9.527046344801544,161.72698257376203,0.2942815417737641,-58.90204400818015
9.634023496282651,161.62084805234707,0.3063017566090824,-58.42029166756221
9.735918205322204,161.51731859655894,0.3176801380724107,-57.969565391510756
9.83311963943417,161.4164949210581,0.32846927791620695,-57.54685973133377
9.92597543209847,161.31842183709765,0.33871592518693233,-57.14955858190425
10.014797414981455,161.2231038226684,0.3484618078480045,-56.775372509266056
10.099866380768338,161.1305164102745,0.3577443148449414,-56.42228802790653
9.61805233341316,161.60983061067654,0.29446281530181456,-59.05946594203855
9.737605182264256,161.50031233465148,0.3075740637057852,-58.53132996169777
9.851405927429441,161.392894007232,0.31996919012451996,-58.03826247442866
9.95990305115333,161.28781120071056,0.33170840519262895,-57.57675136654485
10.063497290211998,161.18521138642186,0.34284504993326725,-57.14375674988909
10.162546668910716,161.08517851645271,0.35342657126481686,-56.73663015718667
10.25737273485116,160.98774981684687,0.3634953518164504,-56.35305236482378
10.348265374416995,160.89292832040152,0.37308939443783706,-55.9909824712334
9.809785476575131,161.38660607999387,0.3064938438470177,-58.723011430180634
9.936124352499135,161.27626271733052,0.319966520558625,-58.18397283563977
10.056495301848685,161.16769553219297,0.33270942396031383,-57.68051839646128
10.171357295995499,161.06119516006166,0.3447834810516111,-57.20910212521166
10.281121019290799,160.95695477787632,0.3562427071801078,-56.76665272078258
10.38615379657722,160.85509654024676,0.36713518327966105,-56.35049272333304
10.48678590543611,160.75568972010805,0.3775038875103326,-55.958276168800296
10.583315432247163,160.65876433276514,0.38738738183527216,-55.587937503757686
9.991092440079742,161.16595500513566,0.3177625515623933,-58.40616187982187
10.123971934425146,161.05490056675904,0.3315718696962867,-57.85707316772871
10.250682504730673,160.94530152837444,0.34463880573421435,-57.34403832229945
10.371692450475969,160.83750204903254,0.357024939589796,-56.86348102594741
10.487421355021313,160.73173983861477,0.36878490221546917,-56.41230176323323
10.598244896409632,160.62817436296822,0.3799673541466456,-55.98779697311331
10.704501223705217,160.5269062685049,0.39061581864766276,-55.587596568498334
10.80649584355498,160.42799204880237,0.4007693700386419,-55.209612717675164
10.163092644607383,160.94792464686262,0.32835897591338226,-58.10663614493262
10.302288258327401,160.83625868221074,0.34248308241737385,-57.54824341838732
10.435127146635109,160.72573052875188,0.3558531036776858,-57.0263343405304
10.562085924851102,160.61673642851846,0.3685312179661843,-56.537305329491886
10.683592158741416,160.5095575200694,0.38057262131888203,-56.078031424408216
10.800029049765525,160.4043897347937,0.39202650702311614,-55.64578546697743
10.911741864996175,160.301364447836,0.4029369000026044,-55.23817551466482
11.019042845708872,160.2005641429234,0.4133433466250398,-54.8530935145195
8.971649187726975,162.1291548311951,0.22931801860738035,-63.15781379210854
9.073133634808585,162.0035109168507,0.24101812661709796,-62.684606248087064
9.16952235810661,161.88210727215173,0.2520695529372132,-62.242888945867996
9.26122356813625,161.76490048973926,0.26252749573600576,-61.82949941273476
9.348599682756067,161.65180278126036,0.27244077676943196,-61.441698723217215
9.431974204920238,161.54269758297656,0.281852779029561,-61.077101868778875
9.511637110473522,161.43745054290983,0.29080221256494904,-60.73362095867992
9.587849323675716,161.33591720795928,0.2993237502289704,-60.40941921500264
9.236735706248197,161.89737281108762,0.24601091065334327,-62.72867692038637
9.34731933829688,161.76924988183828,0.2582315980136475,-62.239548610928814
9.452496998718415,161.64502183452498,0.26978369593642854,-61.78266551914683
9.552693164070822,161.5247129672433,0.28072347187844593,-61.35481582947518
9.648285496008704,161.4082908727099,0.2911007513801394,-60.95321484963871
9.739611691424908,161.29568468553342,0.3009598582464713,-60.57543526280238
9.826974958852855,161.18679790398633,0.3103403838480259,-60.21935012083449
9.910648574377841,161.08151752607043,0.3192778264804172,-59.88308661055786
9.482915082106773,161.66747484388475,0.2612819415705944,-62.33352940116011
9.602177243630166,161.53714808476587,0.27397617473848485,-61.83008553740585
9.715752106957025,161.4103695010593,0.28598396535370213,-61.35955769525315
9.824076918570483,161.287229337426,0.29736250283418697,-60.91868835021643
9.927542955953411,161.16774874689156,0.30816250807264417,-60.50465376693984
10.026500241452123,161.05190143939205,0.31842913816456614,-60.11498961012395
10.12126352837451,160.93962798655662,0.3282027661383766,-59.747534688744146
10.212116916305552,160.8308463232258,0.33751962331622126,-59.40038454085252
9.71286418921974,161.4397573279499,0.27535260572931397,-61.96713983195289
9.84043122885996,161.30745511928387,0.2884806192454263,-61.45072774269747
9.96205295210726,161.17835514977247,0.30090600733247364,-60.96782933124237
10.078178669656987,161.0526109312434,0.31268680237803426,-60.51514940600823
10.189211140669258,160.9302958880135,0.32387451846260806,-60.089829060232226
10.295511149868155,160.81142721455896,0.3345150582926924,-59.68937130382548
10.39740357933038,160.69598177835317,0.3446494952120877,-59.31158467595968
10.495182066568074,160.58390791305175,0.35431471807853543,-58.954536687131096
9.928712108024635,161.21442524917876,0.28839641960553497,-61.62540425667814
10.064248448805417,161.08034094723385,0.30192415992600563,-61.0971671853293
10.193602328508865,160.94911428608827,0.3147345057857366,-60.60298149627366
10.31723350679748,160.82096013808754,0.32688624810773786,-60.1395187413049
10.43555476212088,160.6960027798949,0.33843161584931175,-59.703888855011584
10.548936317012428,160.57430184266065,0.34941718461874893,-59.293565845978755
10.657711979237892,160.45586972678177,0.3598846605736817,-58.90633131131651
10.762183829264476,160.340684620974,0.3698715274144339,-58.540227768091164
10.132182034134638,160.9916150630106,0.3005518379413972,-61.30504402873558
10.275384450110865,160.85591473351028,0.31444983766511625,-60.765963544984935
10.4121849087171,160.72272985344318,0.3276168679079252,-60.26142036922514
10.543054022730422,160.59233368558913,0.34011242921731377,-59.78805878092794
10.668411559693629,160.4649012111446,0.35198937758179827,-59.34295870795714
10.788636638519352,160.34053310057752,0.36329490769555145,-58.92356900463064
10.904070959352147,160.21927654698237,0.37407130171790504,-58.52764714844796
11.015024102974852,160.10113905522803,0.3843565853932263,-58.1532132374183
10.324689670091649,160.771412220373,0.3119311004465445,-61.00339839544944
10.475282423959223,160.6342403380694,0.3261736235581207,-60.45432545926829
10.619270352282136,160.49924381636856,0.33967264173842826,-59.94023262834216
10.757132078963286,160.366753739245,0.3524882828440955,-59.45773780582775
10.889294940100388,160.23699343745835,0.36467399587598476,-59.003896127848535
11.016145416695188,160.11010403301032,0.37627753521570634,-58.57613318162627
11.138032205431212,159.98616679821393,0.387341710626859,-58.17218474487344
11.255271568388395,159.86521802621363,0.3979050448934151,-57.79005070451741
10.507413304195907,160.55386426457858,0.3226264553712107,-60.7182783171416
10.665144239600457,160.41534790768682,0.3371908409712177,-60.15995697017788
10.816081752086696,160.27866959785501,0.35100008177683223,-59.63702041741847
10.960711446607997,160.14421668526742,0.36411488113925533,-59.146062947937374
11.099467292073692,160.01225965985103,0.3765892328695,-58.684117425693465
11.232742274532391,159.88297919048586,0.388471406247373,-58.24858846666841
11.36089130418621,159.75648994365906,0.3998046969770883,-57.83719224289414
11.484236607052527,159.63285648746142,0.41062808611868024,-57.44791034175297
9.236094786542909,161.71641686245775,0.22354108646282808,-65.66906267414586
9.351027986476998,161.5678926898157,0.23562443413926426,-65.19902232180884
9.460480977614944,161.4244296805902,0.24705808100290602,-64.75930434426539
9.564872295519018,161.28595018580387,0.257895842611704,-64.34693759328574
9.664576604450312,161.15233128700433,0.2681854858532119,-63.9593436798277
9.75992931386022,161.02342221912622,0.277969562695684,-63.59426904234691
9.851232243582215,160.8990554895745,0.28728613926309854,-63.24973485198087
9.938757995171693,160.77905479441844,0.29616939524034314,-62.9239953123204
9.51670523891824,161.483645399972,0.2404688859453312,-65.2625022780499
9.641902108052838,161.33154706621806,0.25308893829145335,-64.77666752980227
9.761302741566872,161.1841439693174,0.2650394696493983,-64.32186236247954
9.875339998561053,161.04143210441123,0.27637532031317386,-63.89507333962162
9.984402363670437,160.90334876677832,0.2871452219593021,-63.49368220238113
10.088838214094146,160.76979297474233,0.2973926334693419,-63.115398084879224
10.188961586750798,160.64063851826916,0.30715647287775627,-62.75820735632578
10.285056599700992,160.5157434298333,0.3164717198737611,-62.4203318183434
9.777429544867129,161.25285043332772,0.25594176505279514,-64.88826300613124
9.91241791194585,161.09750905110016,0.269049320087578,-64.38823468210403
10.041324061962122,160.946495053356,0.28146955552254804,-63.919860538301585
10.164594631131392,160.79987422076883,0.29325824496166375,-63.480093490223986
10.282628129219853,160.6576435116921,0.30446494678477115,-63.06627763253922
10.395784496392217,160.51975013983454,0.31513393269240586,-62.67609058695709
10.504388210314952,160.3861083589385,0.3253048766732778,-62.30748831907564
10.608733286522362,160.25661001028976,0.3350134691485135,-61.95866426466423
10.021090457874955,161.02432194267413,0.27018804102449373,-64.54133610527852
10.165450571207462,160.86601432798957,0.28374156794736655,-64.02845395208645
10.303468978849047,160.7116655258838,0.2965916598727845,-63.54778416471585
10.435602890370635,160.56140949093222,0.3087948999033367,-63.0962475092443
10.562260548612342,160.41530018189002,0.3204016100428543,-62.67115777073331
10.683811336026167,160.27333218187644,0.3314567817654584,-62.27016399009031
10.800588689502979,160.1354593831,0.342000766834536,-61.89119535166872
10.912895167763233,160.0016068754437,0.35206989361919205,-61.53242025091373
10.249931458763237,160.7982587317258,0.28338624988316247,-64.21779970455324
10.403286517361343,160.63722136094123,0.2973502507532795,-63.693200044124964
10.550063242475842,160.47977429737912,0.3105961035154426,-63.20131409791226
10.6907275493274,160.32611798803478,0.32318112022917334,-62.73903449050492
10.825695918925454,160.17636185185208,0.3351563117826602,-62.303648287831905
10.955345806846667,160.03054671379374,0.3465673198585533,-61.89277924658952
11.080018357264219,159.88866529078754,0.35745510919958634,-61.50433279871897
11.200023524538095,159.75067534983683,0.36785658576519065,-61.13645508119442
10.46576624289074,160.5747931019159,0.2956786278043672,-63.91452615183916
10.627776120684802,160.41123001186455,0.310022432043471,-63.37918342997566
10.78299075428002,160.25089005785782,0.32363456448230393,-62.87700754157645
10.931882643523375,160.09403881701775,0.3365729897889326,-62.40486542733691
11.074877425986838,159.94083799536364,0.3488893719675508,-61.96002298443431
11.212357275124225,159.79137530055965,0.36062991742096046,-61.54007896298592
11.34467070197825,159.6456809088332,0.371836158393632,-61.142918445330736
11.472134073416912,159.503744694304,0.38254552765802907,-60.766667666998146
10.670084054845292,160.35400647484659,0.3071803234681599,-63.628980750424894
10.840439557601064,160.18809621376386,0.32187718015728645,-63.08373894432937
11.003800226349389,160.02504386676864,0.33582986204525034,-62.5720756439414
11.160644633636588,159.86517780262514,0.34909693808792247,-62.09083577793578
11.311404447378253,159.70871223376346,0.3617306451666483,-61.637264106283396
11.456467591283504,159.55577913245494,0.37377773147753657,-61.208939326872546
11.59618834126353,159.4064458986256,0.38528024143997935,-60.80372751341201
11.730888626379395,159.26073395259385,0.39627609139248876,-60.41973701906958
10.864123714020298,160.13594273026843,0.3179858630017472,-63.35908071743177
11.042542154388663,159.9678432036492,0.3330122459006114,-62.804677154818435
11.21378149961486,159.80223875186024,0.34728283564088447,-62.284227817302494
11.378325368148863,159.6395188419138,0.3608567562381594,-61.794558051966376
11.536610512034272,159.4799489028888,0.3737867715461833,-61.33289372282414
11.6890297368921,159.3237041907067,0.3861201287365883,-60.89679554015604
11.835942279175313,159.17088859339708,0.39789934449693515,-60.48411246705967
11.977674888576603,159.02155453012358,0.4091627815042101,-60.09293672042326
9.504880236613804,161.29438015940985,0.21883354826081602,-68.16560948094063
9.63455463403467,161.12131455219347,0.23131455152232736,-67.7025453266203
9.758396365218006,160.9541014150984,0.24314545807195867,-67.26834087216926
9.876830649642859,160.79263452653265,0.2543786767037679,-66.86025183569465
9.990237010981309,160.6367635091786,0.26506080476220456,-66.47588130722544
10.098958478561313,160.48630844857414,0.27523350437259353,-66.11313102371858
10.203304505834758,160.34107339455144,0.2849341334480104,-65.77015122143166
10.303555678853446,160.20085422502274,0.29419631946849367,-65.44530482842715
9.801566526408596,161.05930286591413,0.236009748376333,-67.78297269443233
9.942791768562795,160.88142949333266,0.24904466127012867,-67.30432384916925
10.077868886935136,160.7090154777448,0.2614097141053603,-66.85518713654035
10.207235389420747,160.54203427270568,0.27315829811644615,-66.43278336930915
10.331282364099835,160.3804013960504,0.284337938146612,-66.03468219587039
10.45036407494748,160.2239913860094,0.2949911709953389,-65.65875350682032
10.564800647232808,160.07265359698246,0.30515617848722315,-65.3031174282756
10.67488285557514,159.92622167611023,0.3148673639192137,-64.96610852690067
10.077371912094074,160.826360517213,0.2516972257331856,-67.43080116362393
10.229619355548568,160.64407230929112,0.2652345523051893,-66.93815034748368
10.375436623770426,160.46684615174178,0.2780842732002477,-66.47558760098153
10.515270435008683,160.29473311536879,0.2903006383478787,-66.04030267721014
10.649523250779234,160.12771110200217,0.3019320263470321,-65.62983963685107
10.778556549871176,159.9657094367501,0.31302171790158806,-65.24203749050504
10.902699951594364,159.8086213514777,0.32360863729947675,-64.8749912812359
11.022252723895196,159.65631770668702,0.3337278776697046,-64.52701085630528
10.33526686394366,160.59582652446727,0.2661311833529572,-67.10434603283703
10.498066727215406,160.40945404985985,0.2801275357483102,-66.59901614877691
10.654182733375436,160.2277443544606,0.2934201969027733,-66.12428710263238
10.804069444306338,160.05082319647488,0.30606419398867807,-65.677322714838
10.948137071084917,159.8787305606179,0.31810864160410257,-65.25564189399097
11.086754460737957,159.7114478042512,0.32959751581538693,-64.85705957557441
11.220258590823358,159.54891163883454,0.3405703978219324,-64.479647846271
11.34895581316421,159.39102954185654,0.3510630005863915,-64.12169482843802
10.577609601247136,160.367887590573,0.2794952322002062,-66.79989588239499
10.750540839332357,160.17771384626366,0.29391358451104804,-66.28300750721067
10.916558916494969,159.99180319414475,0.3076135476027935,-65.79717976539332
11.07612459973532,159.81035380618695,0.3206508497434216,-65.33955389392332
11.229653511800542,159.63346678450438,0.3330752596520561,-64.9076258283544
11.37752295952709,159.4611721380355,0.3449314144307412,-64.4991921790017
11.520073511326231,159.29345132634813,0.35625945795972214,-64.11230193392485
11.657618242216992,159.1302471156766,0.36709567576573937,-63.74522493744954
10.806305841082565,160.14266504450103,0.29193544164624474,-66.51449505634366
10.988988267910653,159.9489358180259,0.3067438473453688,-65.98700833868645
11.164549387705838,159.75907067792184,0.3208203415040697,-65.49099706028704
11.333454794176948,159.57333808893452,0.334221289538527,-65.02358269978875
11.496125009136138,159.39189802528398,0.346997065110041,-64.58224182161773
11.652942332834085,159.2148299439559,0.35919287872079503,-64.16475228078086
11.80425212106505,159.0421572183378,0.37084941654136383,-63.76914513630296
11.950372396542638,158.87385794914096,0.38200347731937073,-63.3936731067102
11.02291928251935,159.92023137156804,0.30356991526549176,-66.24575137499014
11.215007349861379,159.72316272658472,0.3187405450346027,-65.70849726174119
11.399784484843101,159.52956063015324,0.3331667487210621,-65.20309476544196
11.577719936313272,159.33976185904643,0.34690547450076037,-64.72664801581902
11.749238038095466,159.15398376283147,0.3600076501274617,-64.27661645967308
11.914725073271848,158.97235412551058,0.3725190119840705,-63.85076129515604
12.07453025073173,158.79493740014914,0.384480744123441,-63.447097604128174
12.228975668277624,158.62174641838942,0.39593011701436537,-63.06386278807668
11.22875006328725,159.70062273722334,0.31449549832184637,-65.99170129153929
11.429927880720422,159.50040656286126,0.330003904684227,-65.44540524852971
11.6236214741947,159.3032614358523,0.3447562431011657,-64.93130351826514
11.81030274301819,159.10959059233664,0.35880999774226846,-64.44648495603928
11.990398897613918,158.91966734628306,0.37221660672107026,-63.98839383317863
12.164298276581361,158.73366769742748,0.3850222804345653,-63.55477570694484
12.332356297707445,158.55169350914608,0.3972686955801171,-63.14363374906157
12.49489521197907,158.3737946201091,0.408993525663083,-62.75318922389419
9.77426305932157,160.87014661872854,0.21520671060644866,-70.61228025680684
9.919836877466725,160.67116550793327,0.22809733794558967,-70.160122823475
10.059278177569645,160.47876903592368,0.24033813521034503,-69.7350950113759
10.193009804059171,160.29283278167733,0.2519800018954677,-69.33469802835636
10.321412969908941,160.11318428065323,0.26306836750116425,-68.95674435775648
10.444830318973944,159.93962333367307,0.2736438985447154,-68.59930490188036
10.563574462533898,159.77193114188336,0.2837431999837643,-68.26067736641257
10.677929402637698,159.60988120099933,0.29339929343657395,-67.93934882887136
10.087373915269746,160.63148072809685,0.23264109944740816,-70.25458001984161
10.245900244232118,160.42632628496867,0.24610383154286183,-69.78713562554461
10.397987906766069,160.22732717662066,0.2588969999544278,-69.34741164521266
10.544068926196466,160.0344458840563,0.2710724442970762,-68.93288223296189
10.684533590681966,159.84758184069986,0.28267648530851014,-68.54133315622259
10.819733177203018,159.66659482304493,0.2937506320437222,-68.17080932604745
10.949988934534266,159.491315889509,0.30433228617534636,-67.8195833831471
11.075593189553162,159.3215603055851,0.31445522157173017,-67.48611843390294
10.37860777341049,160.39517227428408,0.24855265847078753,-69.9253300242366
10.549498078428806,160.1843035604499,0.26253360311993285,-69.44414939029946
10.7136795729661,159.9791551150726,0.27582724971469774,-68.99120934464398
10.87159105973742,159.77977344158236,0.2884862708202235,-68.56396112547083
11.023628880296682,159.58612853409144,0.3005577653518286,-68.16016648324809
11.170153329450015,159.39813652392615,0.312084027865057,-67.77785155963858
11.311489974218494,159.2156795397803,0.32310313129852025,-67.41526380920497
11.447938523026876,159.03861328883357,0.3336495315918593,-67.0708467653955
10.651081992318707,160.16146880470038,0.26318345115631,-69.62007468266884
10.833813455192269,159.94527384583537,0.2776372760972664,-69.12645256422357
11.009596407288582,159.73436097672393,0.2913877103926696,-68.66153298919713
11.17887448552534,159.5288580336218,0.3044881722975732,-68.22274762652555
11.342049010203915,159.32880295423482,0.31698646932046004,-67.80783858331694
11.499485425375028,159.13416878536086,0.32892556827102165,-67.41481264312206
11.651514254188504,158.9448857802478,0.34034417826029245,-67.04189847922265
11.798440407398127,158.7608500952037,0.3512773579268854,-66.68752149066356
10.907269483410865,159.93053677049062,0.2767221562762612,-69.33533732156127
11.101373628205689,159.7093491930997,0.29161023158941396,-68.83036949629977
11.288315614150681,159.49300427586235,0.30578019393477757,-68.3545174081984
11.468542308863595,159.28170868295575,0.31928613505470876,-67.9051959339815
11.642458516846313,159.07556644129465,0.3321765033673818,-67.48013017841612
11.810432435130268,158.87460708852214,0.34449486190747436,-67.07730902145259
11.972801251059712,158.678805250042,0.356280534457392,-66.69494781628323
12.129870860323617,158.48809964742847,0.36756908888568773,-66.3314529082482
11.14916741311704,159.70248107428418,0.2893186787222004,-69.06835288043695
11.354221277466626,159.4765917933138,0.3046077158785067,-68.5529775827715
11.551921854152585,159.255105826698,0.3191650773650566,-68.06708984595826
11.742717903286017,159.03830633287015,0.33304546775699995,-67.60809008946445
11.927016460870199,158.82636168021548,0.34629791951908645,-67.1736886392779
12.105188226245394,158.61935574985029,0.35896655105644953,-66.76185962659373
12.27757318637708,158.41730915645198,0.37109121367807657,-66.37080390292982
12.444479963854414,158.22019995586936,0.3827079750130291,-65.99891377477827
11.378413705776634,159.47736052266882,0.30109408566972545,-68.81688590213058
11.594032880620759,159.24702620867257,0.3167551188079694,-68.29191464491161
11.80212727295236,159.02065691749186,0.3316719066915816,-67.79676728276893
12.003146406717047,158.79861012510935,0.34589971511423134,-67.32883176322018
12.197498488343761,158.58111689570188,0.35948811219776133,-66.8858055267042
12.385555722465453,158.3683142205562,0.3724817263817489,-66.4656497475658
12.56765875695896,158.1602689335385,0.38492088113115497,-66.06655156251968
12.744121666666425,157.95699434060538,0.3968421427756143,-65.68689352365426
11.5963696710441,159.25519966109007,0.3121475535691248,-68.57910317742507
11.822202736615475,159.02064903573537,0.3281551624096128,-68.04524412693887
12.040356771560955,158.7896269084784,0.3434068157803032,-67.54151456753996
12.251281102982245,158.56256303924619,0.3579582962856995,-67.06529167911323
12.455384200724449,158.33974963832068,0.37185966606877857,-66.6142616441723
12.65303891915962,158.12137563464347,0.38515602459307696,-66.18637422255469
12.844586880701499,157.90755214151932,0.3978881436283979,-65.7798052067905
13.030343490546977,157.69833025808282,0.4100930158953841,-65.39292600926309
10.040398393514304,160.45083832375295,0.21261701870252,-72.97615033205061
10.202831046325333,160.22492867197371,0.22592577929318347,-72.538733705491
10.358901332040196,160.00624992746322,0.2385856544333255,-72.12649044938473
10.509022838762661,159.79466887559266,0.2506459964531325,-71.73718339955695
10.653569325460207,159.59000184258426,0.2621509708236757,-71.3688440639426
10.792880702374365,159.39203296280903,0.2731402698418247,-71.01973367577376
10.927264299550675,159.2005303378784,0.2836496428409158,-70.68830479386791
11.057003110444247,159.01525090407827,0.2937114702456568,-70.37318193149058
10.370056985889944,160.2074046580711,0.23031501418755965,-72.64401292584633
10.54694497061025,159.97383622911704,0.2442149088772505,-72.1916957772578
10.717183774861878,159.74702334356445,0.25744619404107744,-71.76507516451332
10.881192553629976,159.52692738087475,0.2700591186064261,-71.36189483225202
11.039350795004149,159.31344336344839,0.2820987014968344,-70.98016651587275
11.192003469560087,159.10642189887906,0.29360543192273075,-70.61813021403577
11.33946624133852,158.90568385721969,0.30461586891994785,-70.27422256947798
11.482025491238401,158.71103491268676,0.31516307985369596,-69.94704493503788
10.676856514582735,159.9666081101548,0.24645624534406543,-72.33818871479022
10.867548730288684,159.72590978770074,0.26089090421417854,-71.8724756725472
11.051343468408904,159.49148434064537,0.2746392042514755,-71.43291812821111
11.228663105712835,159.2633845470046,0.28775218962194005,-71.01724406137248
11.399890675251001,159.0415818281406,0.30027563713919775,-70.62344862174571
11.565374944070845,158.8259909165157,0.3122507567304373,-70.24975491702432
11.725435666585657,158.61648660362997,0.3237147921191012,-69.89458273715253
11.880363163680181,158.41292039989426,0.33470145926242606,-69.55651689464447
10.964058134364016,159.72866182491833,0.2612895198618669,-72.05454263122769
11.167976273412158,159.48128241325585,0.2762115952824708,-71.57668895412083
11.36478105230088,159.23968900338824,0.2904311814542144,-71.12539689570923
11.554896190125996,159.0040227937946,0.30400003520655894,-70.6983813356676
11.738706498509469,158.7743294272196,0.316964613592305,-70.29362343205366
11.916562881453835,158.55058619912572,0.3293667743112965,-69.90933189695187
12.088786516983562,158.3327218087164,0.3412443629480976,-69.5439109078587
12.25567352399233,158.1206296648741,0.35263172277722876,-69.19593441708504
11.234247130625512,159.49370534739032,0.27500850947038075,-71.7898525392766
11.450873021933047,159.24003212291348,0.29037770518484063,-71.3009199212667
11.66019728292466,158.991656014234,0.30502963058739946,-70.83891084216083
11.862643440628492,158.74880387291392,0.3190166868191863,-70.40152928168797
12.058596635259061,158.51159351008093,0.33238594690191325,-69.9867445521503
12.248408538686869,158.28006328365515,0.3451798559355849,-69.59275303787761
12.432401468146896,158.05419375255934,0.35743681870164024,-69.21794643016237
12.610871850773128,157.8339236394555,0.36919169603455115,-68.86088522984294
11.489510345503298,159.26182186137004,0.287766906278658,-71.5415586851199
11.718376148345964,159.0021936353317,0.30354853662023906,-71.04245574638635
11.939775810658464,158.74737321268026,0.31859925633863734,-70.57060080636776
12.154131398729602,158.49767052504788,0.3329720534325178,-70.12368878541093
12.361827175934378,158.25327362113762,0.3467145628735646,-69.69967894935351
12.56321443816753,158.01428048949705,0.35986976642269186,-69.29675709167314
12.758615557608131,157.7807225059717,0.3724765804237952,-68.91330407972531
12.948327387692055,157.55258184468374,0.38457035273556794,-68.54786957512488
11.731558547906824,159.03305221129057,0.2996887101302945,-71.30759349025615
11.972239031007682,158.76776881686166,0.3158526236102242,-70.79910584828424
12.20530948521203,158.50680465097153,0.33127296236416215,-70.31815855881652
12.431189455619778,158.25055032981615,0.3460032523242243,-69.86243904028082
12.650261315628907,157.99926232520926,0.36009164441639147,-69.42989803804576
12.862875019011282,157.75309689517735,0.3735816138626743,-69.0187122304713
13.06935207294541,157.51213522629703,0.3865125480156758,-68.62725307538615
13.269988882333008,157.27640221663097,0.39892024369486945,-68.25406074236038
11.961813128340316,158.80740580324493,0.3108754092748708,-71.08626269200136
12.213919504213521,158.53673516733525,0.3273951688646584,-70.56907573568813
12.458289994577274,158.26989678629124,0.34315953389454734,-70.07969370036159
12.695340728522943,158.00735972674758,0.35822252610535094,-69.61579783332145
12.92545132980784,157.7494471781925,0.37263277277678314,-69.17533166642228
13.14896958620106,157.49637237668213,0.38643420540054074,-68.75646402915079
13.366215351887375,157.24826535346045,0.3996666474276786,-68.35755818526773
13.57748383085513,157.0051930209325,0.4123663118739715,-67.97714597145419
10.299524007547983,160.04321655535563,0.21097678155229946,-75.22802892862863
10.47951724688153,159.789785774063,0.2247076937157334,-74.80886770448016
10.653002335616659,159.54412416166775,0.23779136628575978,-74.41275327253373
10.82037720197751,159.30609878873088,0.25027558321680704,-74.03771828742329
10.982002166033327,159.07552335095747,0.2622032182581507,-73.68202123835023
11.138205373015662,158.85217736292256,0.2736128949847195,-73.34411581858657
11.289286773330184,158.6358201482688,0.2845395295347674,-73.0226235335231
11.435522428029284,158.42619965368402,0.2950148036890459,-72.71631210354415
10.645616368758072,159.79399959468654,0.2289390822799884,-74.92166160320475
10.84164879542368,159.53132491768756,0.24328075531404977,-74.48806919724072
11.030917442728553,159.27588638618144,0.25695547674925084,-74.07797665522077
11.213821071493967,159.02765454634044,0.2700118681609644,-73.68940304519137
11.390721999689994,158.78652891016048,0.28249361659606914,-73.32059399329748
11.561950776902616,158.55236105237285,0.29444012152205445,-72.96998934343159
11.727810094033485,158.32497102952672,0.3058870379919927,-72.63619624040196
11.888579152830705,158.10415801723934,0.31686675113168083,-72.31796786660522
10.967895684204006,159.54774765590713,0.2453113328021502,-74.63938984592976
11.179252769157717,159.27642941221364,0.26020487811938775,-74.19281355035443
11.383630652890508,159.01180636656287,0.27441369087050227,-73.77013040017663
11.581427371468301,158.75394813201666,0.28798714703877254,-73.36935074087857
11.773005126355075,158.50283747021933,0.3009696564437928,-72.98870983280686
11.95869486965392,158.2583962133353,0.3134013091467954,-72.62663613143042
12.138800138826051,158.02050393656512,0.3253184188118383,-72.28172481487097
12.313600286601622,157.7890114824319,0.33675398244659144,-71.95271560701173
11.269762308291597,159.30463144535585,0.2603488922790065,-74.3774211213553
11.495808780548296,159.02518150138334,0.2757448984688296,-73.9190657934928
11.714694869042697,158.75188059676879,0.2904399817696967,-73.48494968800583
11.926816111586765,158.48489411081943,0.3044841945884106,-73.07307642845865
12.132532900833583,158.22428563160975,0.31792259594635425,-72.6816729271187
12.332174978972757,157.97004550410495,0.33079589718697106,-72.30915824537381
12.52604519557143,157.72211160383415,0.34314100533994313,-71.95411753930333
12.714422671498204,157.48038455395638,0.3549914833276137,-71.61528018412471
11.553909878224218,159.06475801818635,0.27425028406316015,-74.13280179165382
11.794076467401272,158.77761941726297,0.29010674468062114,-73.66368613563341
12.026930511003322,158.49608102602642,0.30524741626060703,-73.2191163495656
12.252863617021248,158.22040093202054,0.319722963044723,-72.79709097213559
12.472232993605614,157.95072127306022,0.33357903233595615,-72.39583022509535
12.685365853878183,157.6870992377505,0.346856899376793,-72.01374541902678
12.892563096843626,157.42952980668733,0.3595940105550189,-71.64941329411167
13.09410240477141,157.17796255883084,0.3718244438991973,-71.3015544312967
11.822511782833852,158.82818440929043,0.28717288813599956,-73.90318754484636
12.076284430758944,158.53374583265736,0.3034536806337046,-73.42418319100783
12.32261721680142,158.24435781318954,0.3190049363967372,-72.96999797869907
12.561896648299445,157.96036831106204,0.3338778771727035,-72.53862671972082
12.794475615627618,157.68199587928572,0.3481186873125338,-72.1282843259041
13.020677709098454,157.409362963238,0.36176915770804285,-71.73737572988178
13.240800824141202,157.1425204910198,0.3748672287032024,-71.36447060099661
13.455120192758233,156.8814661771365,0.3874474507282772,-71.00828203020781
12.077349156480665,158.59492992522917,0.2992435660093485,-73.68668618779247
12.344260530659355,158.29353621759282,0.3159173171933713,-73.19854667614864
12.603626179767467,157.99664395693617,0.3318487404571553,-72.73547100299258
12.855826542012094,157.7046883426287,0.34708956875670255,-72.295451392797
13.10120924559964,157.41796234268904,0.36168647983803515,-71.87669861082439
13.340093340573636,157.13665215581767,0.3756817391403467,-71.47761237218197
13.572772830305945,156.8608635452041,0.3891137422957055,-71.09675641507134
13.799519638453546,156.59064155708154,0.4020174757735639,-70.73283744781084
12.319901474980014,158.36498590314935,0.310566066298591,-73.48174806111611
12.599524196464372,158.056945936032,0.3276052895722263,-72.98513076679417
12.871513989540205,157.75285986809618,0.34389022062496394,-72.51379730288504
13.13624441424165,157.453247687603,0.3594730637281604,-72.06573827220578
13.394057041614388,157.15847490263448,0.3744009524147488,-71.63916128353281
13.645265603910516,156.86879004325147,0.38871659126728825,-71.23246182518257
13.890159455014347,156.58435264368967,0.4024587979055443,-70.84419867967421
14.129006474889843,156.30525430142285,0.41566296353022497,-70.47307312236869
10.548154736609739,159.6533344548873,0.2101676846357676,-77.3436884238351
10.746102833313927,159.37225333052118,0.22431934576526472,-76.94576210534086
10.937492873757414,159.09935264517424,0.23782618054642984,-76.56866137048249
11.12269963597101,158.8345106465474,0.2507343625203237,-76.21068056091606
11.302064111297074,158.57754706433434,0.2630854468518119,-75.87030395627023
11.475897812182236,158.32824420087832,0.27491696874115645,-75.54617942373757
11.64448639013703,158.0863616942159,0.2862629466209548,-75.2370963070152
11.808092683383315,157.85164686961298,0.29715430826571154,-74.9419668508865
10.910325973131068,159.39753345871577,0.22839019694374033,-77.06285763616954
11.125955433251955,159.10554678212782,0.2431725977790346,-76.65105138868014
11.334812719487724,158.82114054549405,0.2572904490037366,-76.26044580044685
11.537269832834133,158.5443037300514,0.2707907233919199,-75.8893314097653
11.73366572691873,158.2749491914365,0.2837157453806639,-75.53618629020558
11.924310537943139,158.01293788547716,0.2961037880289363,-75.19965041292298
12.109489120180253,157.7580961421199,0.307989575918515,-74.87850409102793
12.289464022606671,157.51022803250203,0.31940471156826744,-74.57164981297355
11.247773819976574,159.14505888681282,0.24499053008737648,-76.80387865022195
11.480305018957248,158.84284123070736,0.2603422191596731,-76.37956550963786
11.705893027176689,158.54759384968332,0.27501154014871354,-75.97677748236346
11.924904970504036,158.25941251734258,0.2890461749313153,-75.59380308548546
12.13767576210103,157.97830034545748,0.3024891316307825,-75.22911602730649
12.344512236829889,157.7041949136572,0.3153793402769251,-74.88135026726704
12.54569660457209,157.43698786545815,0.3277521552433954,-74.54927897449859
12.74148935542679,157.1765391451698,0.33963978176411264,-74.23179674173888
11.564029242055948,158.89603526059358,0.26023028222003286,-76.56330797343676
11.812769570426072,158.58416262783902,0.27609976372416745,-76.1276325663786
12.054431579147256,158.2786440003134,0.2912706151385783,-75.71376522514416
12.289375889391808,157.97967829170324,0.3057911539303132,-75.3199938204638
12.517931789705683,157.6873561742859,0.3197050023278641,-74.94478916401665
12.740401278245454,157.40168990030483,0.3330516815900561,-74.58678071551724
12.95706243621828,157.12263505670396,0.34586711383954305,-74.24473602043203
13.168172263137873,156.8501065451539,0.3581840485148371,-73.91754328022603
11.861888694900456,158.65053290733402,0.27431262473968737,-76.33846794165784
12.126217351289728,158.32950516518292,0.29065616126396643,-75.89239796495512
12.38336281045839,158.01421195220084,0.3062860998911877,-75.46838440031345
12.633677891047975,157.70495195059786,0.3212513327549234,-75.06471557845892
12.877484983205845,157.4019008717408,0.33559603854106085,-74.67986060629669
13.115080003279017,157.10514378420064,0.34936027528607516,-74.31244567795824
13.346735690928629,156.81469888413255,0.3625804814900484,-73.96123396151943
13.572704377147597,156.53053510701392,0.3752899023661712,-73.62510850459152
12.143607776731582,158.4085793623201,0.28739847791367445,-76.127234775832
12.422964015004984,158.07883609594276,0.30417848972595524,-75.67159823637493
12.695057931806145,157.7542067948007,0.32023102805891573,-75.23823720652992
12.96023349534057,157.4350867935791,0.3356055084307429,-74.82544137960166
13.218805158497412,157.1217344881934,0.35034661747261164,-74.43167913860904
13.471061731372249,156.81430600757145,0.3644949041908206,-74.05557443382531
13.717269606381647,156.51288087321095,0.3780872802614445,-73.69588709220042
13.957675462520411,156.21748114375896,0.39115744595940505,-73.35149603988276
12.411034524322112,158.17016970050636,0.29961745573438964,-75.92789518243784
12.704908413649973,157.8321017742262,0.31680132844598163,-75.46340798620041
12.991462964882917,157.49852773334402,0.33324478566443794,-75.02139039096485
13.271032439522674,157.16993668001834,0.34899772256120704,-74.6001341973666
13.543922495304244,156.84666749655054,0.3641052923540405,-74.19810788134623
13.810413982335454,156.52894571616585,0.3786084959779803,-73.81393400533764
14.070766101002308,156.21691095900988,0.3925446814782307,-73.44636992722837
14.325219046430412,155.91063752111913,0.4059479695190022,-73.09429132349368
12.665703689474205,157.9352749924955,0.3110754849802569,-75.73904655366405
12.973628744337693,157.58923320357016,0.3286346639162409,-75.26633335750064
13.27419655729717,157.2470668845572,0.3454412921391984,-74.81626226215816
13.567730976053017,156.9093562285128,0.36154570676943554,-74.38712779599177
13.854528146806219,156.57651855080624,0.37699349195990667,-73.97739921485456
14.134860240006173,156.24884722937077,0.391826066931421,-73.58569841787208
14.408978546100673,155.92654081590814,0.40608118439277785,-73.21078103534883
14.67711606446415,155.60972498956562,0.4197933555428207,-72.85152023793012
8.32803508066832,163.08897494612697,0.24070786221077692,-60.644023206362995
8.41078936834228,162.99305196502942,0.25195140128172194,-60.1738911276804
8.489150776751966,162.90010603771742,0.2625521065866229,-59.73595038940288
8.563488870801805,162.8101705376098,0.2725661555829338,-59.32689247323394
8.634130196937466,162.72322904194755,0.28204309058154087,-58.94386137999292
8.701364855751505,162.6392312743075,0.2910268109297959,-58.58437754736722
8.765451700565922,162.55810437974486,0.2995563826024136,-58.246276331900766
8.82662263520132,162.47976093036178,0.30766670803349816,-57.927658383182795
8.560292947570243,162.873950330543,0.25704517611056876,-60.19503999735419
8.650425013817653,162.77731934304796,0.2687925809528163,-59.70899399826159
8.735884941483894,162.68330938885538,0.2798772264323748,-59.25593168478921
8.817058959515334,162.59201749392042,0.29035640175468336,-58.83248906193318
8.894288996845237,162.50347945041077,0.300280689305282,-58.43575925112307
8.967879314750816,162.4176881992356,0.30969496030535815,-58.06321610455786
9.038101828168713,162.33460681191949,0.31863918849934175,-57.71265232711715
9.105200511565101,162.25417784230967,0.3271491241745318,-57.382129500510295
8.775651272604271,162.6597119494682,0.27200846681281277,-59.78130622648387
8.872809938448313,162.5625705455694,0.28421528067802226,-59.28093547603149
8.965041063085346,162.46769682201432,0.2957414433341964,-58.81425179601121
9.052745565740066,162.3752489947861,0.30664522529455995,-58.377842651971655
9.136278911413335,162.28531342656805,0.316978128351257,-57.96875658527148
9.215957870508534,162.19792506172027,0.32678588418971805,-57.58442654909971
9.292065937933481,162.11308201270967,0.33610927145022046,-57.222607738246474
9.364857825890846,162.0307561809202,0.34498479322169057,-56.88132732373885
8.976504659231043,162.44667689916025,0.2858095725160305,-59.397450452466245
9.080377645391176,162.34918521237773,0.29843809275821653,-58.88409033071054
9.179088247783591,162.2536111557084,0.3103697556543013,-58.40504672864076
9.273050342908695,162.1601720867243,0.32166370638688785,-57.95686434364542
9.362631383245969,162.06900339595637,0.3323722676016095,-57.536552343565695
9.448159259468357,161.98018087495814,0.342541940376092,-57.14150748426643
9.529927797303829,161.8937368173313,0.35221422405815594,-56.76945170304729
9.608201320191911,161.8096718405442,0.36142629667024057,-56.418381613530734
9.164759261583294,162.2351502984358,0.2986148721038291,-59.03924721526774
9.275066706850343,162.13744044044273,0.3116327409223838,-58.51403391114158
9.379994769055548,162.0413019934193,0.3239389638854293,-58.02370429584382
9.479968813511096,161.94700955837385,0.33559347240297366,-57.56476513653056
9.575366964695858,161.85474611007845,0.3466493281667226,-57.13419059363139
9.666527050848885,161.7646271926591,0.3571537259790723,-56.72934516982609
9.753752162282233,161.67671845529142,0.36714881588348885,-56.347921113542526
9.837315269968718,161.59104861432195,0.3766723860218376,-55.9878877155765
9.341958720533478,162.02535291864365,0.3105574169699547,-58.70331289497159
9.458447631769097,161.92753579404894,0.323936570048599,-58.167222961876
9.569356572682446,161.83094771526578,0.3365905064827467,-57.666532142377285
9.675119971800031,161.73591918460616,0.34857985374169764,-57.19771135610057
9.776125885059937,161.64267927098172,0.359958348970862,-56.7577041368613
9.872721060252628,161.55138223775057,0.3707738169580612,-56.34384608370518
9.965216932498333,161.4621263017471,0.38106899941935063,-55.9538027878793
10.05389428724098,161.37496768118075,0.3908822399305865,-55.58551896615907
9.509371701683884,161.81744205699874,0.3217452720341877,-58.386896045999826
9.631812994275347,161.71961169561624,0.33546116253567027,-57.840778669277
9.748486816119659,161.62267255385427,0.348439294127361,-57.330528717988855
9.859836657673778,161.52700902474837,0.3607409430304972,-56.85258685769464
9.966259164703617,161.43289513160522,0.37242045786370825,-56.40386848461172
10.06810912013222,161.34052288249364,0.38352623906951167,-55.98168316895177
10.165705503169832,161.25002231228254,0.39410156968916554,-55.58367244770296
10.259336187083337,161.16147656703123,0.40418530205098036,-55.20775882445222
9.66805435729595,161.61152709510793,0.3322674025160221,-58.087729095809536
9.796238444228582,161.51376448581433,0.34629837517368167,-57.53232716145629
9.918479849108026,161.41655962294178,0.3595799497539849,-57.01322121673799
10.035230176821047,161.32034926301404,0.372173996739262,-56.526824720739974
10.146893806482305,161.22545119932357,0.3841354257646427,-56.07002768508622
10.25383278155482,161.1320942655218,0.39551316613815624,-55.640116141223395
10.356372922683608,161.04043960235805,0.4063509988378346,-55.23470982730636
10.45480855212259,160.95059673374539,0.41668824468857946,-54.851711080092976
8.566621641383836,162.71243432947745,0.23364621665800375,-63.145053012292
8.660448583039111,162.596624217927,0.2452531454037204,-62.674543641702925
8.749506676439113,162.48458645179417,0.2562156217934064,-62.23536254560831
8.834181857055503,162.37631452233597,0.26658857255485435,-61.82436148709141
8.914816443712342,162.27175325412182,0.27642056905430845,-61.43881407897526
8.99171568829255,162.17081513173864,0.2857547629264725,-61.07634640934017
9.065152941208375,162.07339181044912,0.2946296503920305,-60.73488045116541
9.135373937949874,161.97936222961135,0.3030797065783862,-60.41258822997293
8.812344708094162,162.49924619949428,0.2502006099554573,-62.717174585268666
8.914483985420135,162.38189063503356,0.2623264273638308,-62.2308102593532
9.011564591050229,162.267935935862,0.27378799565695766,-61.77652589967982
9.103988139663752,162.15744414529473,0.28464130520118286,-61.35112414507875
9.192111578905086,162.05041633831797,0.2949359255220584,-60.951833046187105
9.276253741182593,161.94681155859357,0.30471594364029436,-60.57623657015737
9.35670060268851,161.84656015693614,0.3140207318844371,-60.22221780440295
9.43370965398204,161.74957334893992,0.3228855858333323,-59.8879128970119
9.040280320344946,162.2867947234856,0.2653492895198805,-62.32308970608269
9.15033614684642,162.1681384313391,0.27794750880328956,-61.822465318184825
9.255070344739812,162.05251275555926,0.2898637262792091,-61.354588941553914
9.35489708416864,161.9400460892377,0.30115485043563706,-60.916217669342615
9.450186366543596,161.83079385075825,0.3118713402583075,-60.50454067566355
9.541268860830893,161.72476035810877,0.32205811091210046,-60.117105059551164
9.62844159498034,161.62191373350157,0.33175531143567905,-59.751759804760766
9.711972390536081,161.52219682035394,0.34099896569670646,-59.406609539625265
9.25295772017049,162.07550876411858,0.2793107307186539,-61.95760752294858
9.370579179758062,161.95575214439157,0.29234202490552175,-61.44406254782967
9.482637862075837,161.83865857636331,0.30467522899196403,-60.96386088314654
9.589559683637354,161.72442020767366,0.31636808924699933,-60.51372208884992
9.691725755225631,161.6131452783081,0.32747185267251167,-60.0908002976297
9.789477123781792,161.50488215276403,0.33803217508366273,-59.6926100746572
9.88312054895513,161.39963582190444,0.3480899010647161,-59.3169702472183
9.972932985834642,161.29738010446803,0.3576817074499196,-58.9619575222157
9.452387842782429,161.86570297341314,0.29225618479737675,-61.61665349542516
9.577260427439588,161.7450133867856,0.3056868585120977,-61.09132508531865
9.69634852156896,161.6266224471072,0.31840476268542584,-60.59987565914077
9.810088276907493,161.51078401094622,0.33046839707207154,-60.138991623031956
9.918870547784419,161.3976575927411,0.341929718515768,-59.70579605382522
10.023045523315936,161.28733443823666,0.35283505090101924,-59.297774612426785
10.122928573575349,161.17985553635856,0.36322586697685644,-58.91271927636929
10.218804767614218,161.075225038679,0.37313943396478216,-58.54868184666155
9.640197611525386,161.6576057219813,0.3043223663522958,-61.29697087750837
9.7720376401991,161.53612507420394,0.31812324821412524,-60.76083580663581
9.897887959601144,161.41658256435576,0.3311978721122122,-60.259063871591174
10.018195123476396,161.29929102826208,0.34360544040905233,-59.78831430925404
10.133357108052817,161.18446063687117,0.35539853410548317,-59.34568024434097
10.243732670748152,161.07222413814347,0.3666240907404806,-58.92862226945778
10.349644829212773,160.96265768540326,0.37732415449882906,-58.534908317465636
10.451385888960244,160.85579513820943,0.38753653026869805,-58.16256784248025
9.817723075304775,161.45138032921025,0.3156201513234633,-60.995915590428766
9.956273014466472,161.32923056968613,0.3297657526803397,-60.44982099278523
10.088643436034884,161.20866208270482,0.3431726438205073,-59.938530782253544
10.21528883442125,161.09004567618635,0.35590064943065824,-59.45867787890171
10.336614653960215,160.97364006133287,0.36800293875628803,-59.00733067390543
10.452986853616812,160.85961870036024,0.3795270043090594,-58.58192655483738
10.564735264012102,160.74809211575575,0.3905154133701075,-58.18021181515211
10.672158664874932,160.6391232717783,0.40100646354356767,-57.8001957571442
9.986075747069147,161.24714094070723,0.326240700589032,-60.71131153914418
10.131100457147069,161.12442808300838,0.34070856921013776,-60.15599836821606
10.269769119076713,161.00294368565093,0.3544261688756157,-59.63589291279827
10.402543204394334,160.88311488305806,0.3674538948377441,-59.14760452044556
10.529834751195466,160.76524765283585,0.3798454564288563,-58.68817935261057
10.652016120806584,160.64955518872915,0.3916488563908647,-58.255033873731485
10.769423227424985,160.53618162528682,0.4029071434781054,-57.845894819609846
10.8823606574912,160.42521845149744,0.4136590692840673,-57.458753241286715
8.8121158584056,162.32074725127308,0.22759463634821317,-65.66755333765464
8.91824034790775,162.1833272836242,0.23958063657552073,-65.20018389559108
9.019233207672157,162.05047445423213,0.25092125413293936,-64.76298610188485
9.11549123162125,161.92214763885536,0.261670041837259,-64.3530011931749
9.207369044613145,161.79825665275087,0.27187452070954493,-63.9676617973325
9.295183806551405,161.67867994707473,0.2815770147446875,-63.60472418154388
9.379220605088411,161.56327630774473,0.29081537827391,-63.26221832068675
9.459736660335581,161.45189317521,0.29962359420921575,-62.938406331533386
9.071935325231347,162.1082275870315,0.24438240643403433,-65.26244436606864
9.18741607431299,161.96830396519965,0.25690344243241975,-64.77935882819494
9.297469201248001,161.8325554925003,0.2687594017656275,-64.32714878514032
9.402505537776657,161.7010152182961,0.2800048560310458,-63.902813359945455
9.50289313818524,161.57365381081087,0.29068828485250026,-63.503745485729986
9.598961718681918,161.45040015975496,0.30085291317124707,-63.127664288453566
9.691008151892685,161.33115500354813,0.310537441456172,-62.77256509406708
9.77930072860275,161.21580079511065,0.31977664706093817,-62.43667776083836
9.313052387512815,161.8964563541211,0.2597316687646183,-64.88946490654578
9.437445335375738,161.7543259267029,0.2727391146617165,-64.39225428469832
9.556142701534066,161.61597933966584,0.28505367750012633,-63.926542484204234
9.669568660175004,161.48151987907588,0.29676123433711654,-63.48929035647148
9.778101313047381,161.35097823095083,0.3078807074480092,-63.077858082236546
9.8820815700852,161.2243319931466,0.3184662548578382,-62.689931815882
9.98181643467452,161.1015228781106,0.32855732741264665,-62.323476601240976
10.077583762059438,160.9824676771057,0.33818940782150336,-61.976694046068424
9.53813446328932,161.68586527091162,0.273867676970609,-64.54364438353485
9.671045509406426,161.54177358198086,0.2873204651521567,-64.03364105997333
9.798017849927692,161.40107553295255,0.3000744945105775,-63.555690562246994
9.9194858935669,161.26394345380675,0.31218606533136567,-63.10672660472962
10.035837400781602,161.13046506191148,0.3237052378510772,-62.68407437749388
10.147422536618407,161.00066574554015,0.33467675752143644,-62.285393147579136
10.254557055982936,160.87452723075856,0.34514074751013235,-61.90862127338256
10.357527119143962,160.7519999625148,0.3551333232153841,-61.55193541496676
9.749300047800336,161.47677154440916,0.28696666750755057,-64.22108907209281
9.890376557231937,161.33092529112577,0.3008296788870736,-63.69942342340304
10.025292277380652,161.1880850246447,0.31397932697498493,-63.210309799961976
10.154490342741688,161.04848967164594,0.32647263520413866,-62.75065386615746
10.278366749032385,160.91228253523258,0.33836034709346596,-62.31775416470616
10.397279649853445,160.7795354649742,0.3496878527226059,-61.90924475501604
10.511552386409736,160.65026927118527,0.3604958828682185,-61.52304031800057
10.621478357185659,160.5244673741486,0.3708211253357932,-61.157295329158885
9.94826158520988,161.2694055616934,0.2991691106609941,-63.91869208186163
10.097185659983754,161.12198144812984,0.3134119877941071,-63.38633393623225
10.23974519373807,160.9771787706349,0.3269280837564413,-62.88697905861702
10.376390145369744,160.8353014248421,0.3397750696258945,-62.41750748333336
10.507525358940928,160.6965454371005,0.35200433412171966,-61.97519666940084
10.633514090600366,160.56102922556596,0.36366182890004906,-61.55765569124719
10.754686871953952,160.42881136133053,0.37478884613179664,-61.16277894932894
10.871343426022289,160.29990757732517,0.38542259530078393,-60.788701075904335
10.136424090895293,161.06393258464396,0.31058877060233153,-63.633934859743974
10.292907511831178,160.91508319153218,0.32518502450513903,-63.09172431471029
10.442838487766316,160.7684746631657,0.3390420979932708,-62.58292723504341
10.586673500804663,160.62447308490002,0.3522182607700157,-62.10440151366351
10.72482355306931,160.48332692999134,0.3647654688212899,-61.653403507712646
10.857657740651282,160.34519886952762,0.37673021023305536,-61.22752227553107
10.985512369136591,160.2101847805677,0.3881542840336842,-60.82463325281073
11.108692696059988,160.07833206671154,0.3990753781694093,-60.44285323429655
10.314956463879028,160.86046686310777,0.3213190693042379,-63.36474676038929
10.47873569199989,160.7103266686213,0.33624539489549393,-62.813418284786025
10.635789058127285,160.56205010579993,0.35042102398621533,-62.29587755842748
10.7865783710135,160.4160640996885,0.363904775705707,-61.80896290191013
10.931519907864864,160.27266819314798,0.37674912743762223,-61.349911795910664
11.07098779534408,160.13206824797305,0.3890010609034745,-60.91629533313487
11.205323365082757,159.99439663474695,0.4007028421084551,-60.50597186974066
11.33483672033271,159.8597318089489,0.41189260025226426,-60.11704209754982
9.061275198534481,161.92034811232608,0.22262677306002104,-68.17565005203767
9.180854183404051,161.75979874514044,0.2350060367463424,-67.71525964357836
9.294966541509014,161.60458614545402,0.24673961773611428,-67.28358902683391
9.40401647319166,161.45464002912266,0.25787966864294015,-66.87790451618362
9.508364466661039,161.30984185102778,0.2684725487684695,-66.49581870229812
9.608335750105566,161.17004059784927,0.2785596958487897,-66.13524189930958
9.70422342180337,161.03506634979365,0.2881782587108005,-65.79433209057886
9.7962929275079,160.90473861774925,0.29736166955079163,-65.47145922567528
9.335660874827425,161.70727659285694,0.239661481377613,-67.79470843737164
9.465746977631843,161.54314412427826,0.25259302867374595,-67.31882861833067
9.59006981844991,161.3839301153524,0.264859275248955,-66.87231764334136
9.709045879764654,161.22964419115578,0.27651334941046046,-66.45240705346775
9.823047163570736,161.08023398208036,0.28760253145249204,-66.05667612455453
9.932409985133871,160.93560331027197,0.29816912723279,-65.68300345297438
10.03743792586635,160.795627980947,0.3082511031457718,-65.32951703537447
10.138406389787024,160.66016573183984,0.3178826610401734,-64.9945585793035
9.590415165429597,161.4950289365716,0.25522416303252243,-67.44404202490567
9.730511523933371,161.32766776635214,0.2686571080809246,-66.95424613975078
9.864579020646413,161.16480551920355,0.2814071457760133,-66.49439215962471
9.993043619231708,161.0065293277932,0.29352825727139825,-66.0616806464667
10.116288438475786,160.85284966884382,0.3050685680184715,-65.65366540481848
10.23465735321085,160.70372496731792,0.3160711235885956,-65.26819421633367
10.348463262087472,160.55907528161038,0.32657462587610625,-64.90337009630365
10.457989953209756,160.4187958614997,0.33661396051331927,-64.55751012418865
9.828344939737272,161.28403060012374,0.2695469090568572,-67.11893835418397
9.978011052359168,161.11373564221248,0.283438355146636,-66.61654210276207
10.121409052776949,160.94752065347222,0.29663094313914173,-66.14459805804995
10.258973041353315,160.78554728085348,0.3091794249849641,-65.70028090253008
10.391094072254942,160.6278880354885,0.321132655697888,-65.28111934983946
10.518123527212044,160.4745533797657,0.3325343700246106,-64.88493716705334
10.640381701381479,160.32550696776215,0.34342392057515125,-64.50981448134917
10.758159458771425,160.1806808305275,0.3538368068323683,-64.15404671558005
10.051677434697242,161.0745939745151,0.282810995118777,-66.81571268007274
10.210519355016075,160.90161513325722,0.29712431782823956,-66.30183099114998
10.362876552004073,160.7322991002024,0.3107242165164068,-65.81885917681002
10.509189731212674,160.5668796134777,0.3236661378563833,-65.3639493603222
10.649856473354918,160.40548939602078,0.3359995953244458,-64.93460826372443
10.785234373615403,160.24818958419212,0.3477689464033508,-64.52863852674379
10.915649928465987,160.09498642428034,0.35901413239001306,-64.14410006409318
11.041399976065348,159.94584800144546,0.3697712086661556,-63.77926912324554
10.262211598277863,160.86694558038343,0.2951606961414781,-66.53142942748292
10.429874326390939,160.6914978344543,0.309864281384236,-66.00701794065202
10.59085536925013,160.51929834670264,0.323841050515935,-65.5139292927469
10.745600749035825,160.3506506985891,0.33714708102496754,-65.04929584879238
10.894512647574055,160.18574672378122,0.3498324751767803,-64.61060401103931
11.037955985939472,160.02469512281453,0.36194218719328874,-64.19564056649565
11.17626023898337,159.86754558721725,0.3735166650814236,-63.80244464439429
11.309728016306762,159.71430093788214,0.3845924813343462,-63.42927636091277
10.46142275544632,160.6612469107306,0.3067127087852504,-66.26371188543793
10.637584243448167,160.48351755441493,0.3217790055570602,-65.7295978899084
10.806884287510705,160.3086250712021,0.33610610070214675,-65.2271813145179
10.96977313110938,160.136940796431,0.34975064817130025,-64.75357715510562
11.126657226488863,159.9687135137896,0.36276329805833146,-64.30625468922257
11.277905831983537,159.80409995011013,0.3751895242411308,-63.88298405220759
11.42385258165476,159.64319063491826,0.3870702666213247,-63.48178840477123
11.56480436509469,159.48602299458568,0.3984425634511201,-63.10091256632253
10.650536924958772,160.45761018305203,0.31756275598271055,-66.01060866353788
10.834903288301147,160.2777641626132,0.33296755200226263,-65.46751461527764
11.012243625352614,160.1003471675455,0.34762163277437713,-64.95645929915024
11.183011461479541,159.92579634044915,0.3615821819722151,-64.47454239896027
11.347616647219525,159.75441591415685,0.3749003538044004,-64.01921799380702
11.50643196686806,159.5864094892437,0.3876221009423494,-63.58824136285464
11.659794462958757,159.4219075497068,0.39978881697409185,-63.179621369640095
11.808014603386809,159.26098146061244,0.4114379701972673,-62.79158908686988
9.31062967672915,161.51804252548757,0.21875499498279952,-70.63406298090543
9.444693878925117,161.33312184355512,0.23153937923491075,-70.18461857926195
9.573002556649676,161.15425524197047,0.24367844689774149,-69.76217425944375
9.69595933860705,160.98135247300846,0.25522285160255714,-69.36424008656469
9.813927512347627,160.8142718768001,0.26621779009180324,-68.98863660604925
9.927233392650932,160.65284073736157,0.2767037117959623,-68.63344204235838
10.036174070414669,160.49686554400293,0.28671701548996614,-68.29696081088998
10.14101916703386,160.34614275845914,0.296290529748227,-67.97768612177111
9.599866460599461,161.30321014979924,0.23604657181354322,-70.27835124887629
9.745687843402518,161.1135115200507,0.2494015063285326,-69.81373704324797
9.885463986258253,160.9294145542093,0.26209155902928316,-69.37671044824168
10.019608127770482,160.75091567261634,0.2741683166842566,-68.9647545362668
10.148492931539861,160.5779450234738,0.2856778602058578,-68.57566320966866
10.272453585858447,160.41038983941866,0.2966614747085493,-68.20748877426809
10.391795935188709,160.24810657128378,0.30715634873467296,-67.85851066238745
10.506797982369264,160.09093361227804,0.3171960563430365,-67.52719819541484
9.868542282768564,161.08934008404177,0.25183231142536994,-69.95089853039673
10.02556798543051,160.89527953435322,0.2657045514326012,-69.47265621945039
10.176292122973567,160.70636573892273,0.27889433948849346,-69.0225189478501
10.321135304443203,160.52267868316372,0.2914540884164212,-68.5979468936045
10.460476838163272,160.34421862824084,0.30343065115363815,-68.19670996437436
10.59466089594984,160.1709293870038,0.3148660889989315,-67.81684177262798
10.723998310644854,160.0027179540036,0.32579825738791773,-67.4565965771787
10.848774512956462,159.83946330365515,0.33626140489314527,-67.11442419293574
10.1196028817676,160.87684187022532,0.2663511144784048,-69.64728410682217
10.287343000420972,160.67876754363562,0.28069584938454956,-69.15670144711187
10.44855346139678,160.4853847393397,0.2943422016172885,-68.69468346572842
10.603660426992029,160.29685413622758,0.30734332284542404,-68.25867075902035
10.753048773017584,160.11324345300642,0.31974676770508176,-67.84641359325568
10.89706828287674,159.934553076432,0.33159526281665813,-67.45592623827498
11.036035149756612,159.7607378495253,0.3429272930822308,-67.08544419049271
11.170240286826381,159.59171705609805,0.3537777030170462,-66.73339916238386
10.35538373290307,160.66601578014223,0.2797892860572437,-69.36405705980978
10.533400294867326,160.46422423772748,0.294568312736426,-68.8622242806333
10.704683269669705,160.2666701383717,0.30863439502714374,-68.38936741919493
10.869662874732446,160.07359219763893,0.32204135127270384,-67.9429102392325
11.02872816123977,159.8851235921744,0.33483737014990794,-67.520585980837
11.182232397858332,159.7013205364013,0.34706576855467325,-67.12039098444676
11.330498428447699,159.52218238893877,0.35876563646191467,-66.74054747601565
11.473819034311758,159.34767018604364,0.3699723237501288,-66.37946807364582
10.577769943329088,160.4570786503664,0.2922949067847268,-69.09847187244793
10.765668372068545,160.25182625944265,0.30747529039254184,-68.58632272316208
10.94665017706766,160.05035940217667,0.32192932693448784,-68.10351967098532
11.121148380568979,159.85299236882574,0.33571144080064,-67.64747195858105
11.289555042593564,159.65992192269002,0.34887039786054697,-67.21589800168535
11.452226592656373,159.47125800889214,0.36145006352211684,-66.806779361604
11.609489214600748,159.28704550018836,0.3734900484294401,-66.41832374688883
11.761638904178536,159.10728435433003,0.38502619559132284,-66.04892972566775
10.788306658780646,160.25018395544933,0.303987613241678,-68.84830826325337
10.985729061869863,160.04169509188856,0.3195406842277954,-68.32665056783067
11.1760700295961,159.8365427287223,0.33435499842481475,-67.8346739286377
11.35976433454111,159.63511444464658,0.34848553467502236,-67.36977503278021
11.537206057806483,159.43766883771553,0.36198158766033967,-66.92965934635413
11.708753864514378,159.24436824825258,0.37488752596389974,-66.51229542616713
11.874736410284616,159.0553020548727,0.3872434384226329,-66.11587813380878
12.035452096090276,158.8705083806107,0.39908562138376236,-65.73879355798518
10.988277353552894,160.04543709791395,0.31496544037365676,-68.61174504438608
11.194897168863386,159.83391020955054,0.3308660290334467,-68.08128388737946
11.39428675673528,159.62527415500395,0.3460163106362766,-67.58080824388567
11.58688174265496,159.4199876733906,0.36047177408489756,-67.1077039328958
11.773077384831526,159.21836955564086,0.374282201242878,-66.65966508257475
11.9532337905691,159.02063327554953,0.3874924248526913,-66.23464877262502
12.127680276754106,158.82691273982738,0.4001429633907792,-65.83083755048611
12.296720141459655,158.63728055436496,0.4122705682750439,-65.44660909844468
9.556635363383588,161.1206300777174,0.21593640029014352,-73.00974366959129
9.706031785070161,160.910440263321,0.2291344230702542,-72.57512077939805
9.849445513658917,160.70694462776083,0.24168817705759446,-72.16555170346868
9.987273362543629,160.510041659614,0.2536467799908594,-71.77880649529526
10.119873380157427,160.3195762645941,0.2650541739934977,-71.41292331621803
10.247570603879021,160.13535864381907,0.27594983856460853,-71.06616955194761
10.370658765285485,159.95718027798128,0.286369323871611,-70.73700341311672
10.489407680830151,159.78481992281843,0.29634481969212234,-70.42405467235399
9.860804863780634,160.90290463429423,0.23349046402425447,-72.67993405665703
10.023295528842324,160.68663733057974,0.24727817218238446,-72.23055480840752
10.179529388218034,160.47656920442824,0.26040208375828094,-71.80674959262913
10.329909748303045,160.27269257004275,0.2729122060127191,-71.40626934683465
10.474801160624668,160.0749304324715,0.28485332728424484,-71.0271324552855
10.61453521982551,159.88315820151308,0.29626573048487004,-70.66758635943364
10.749411919189175,159.69722227109145,0.30718572658215243,-70.3260695346357
10.879707488217493,159.51694743517947,0.31764622660117875,-70.00119246109293
10.143497429737316,160.68633761721551,0.24950505924630617,-72.37624257792446
10.318470989775271,160.46447398138505,0.2638267706945468,-71.91360283052255
10.486949285153313,160.24831079689503,0.27746713100797804,-71.47699367932765
10.649339928568812,160.03793078010176,0.29047693565238475,-71.06415023513432
10.806011941895628,159.833332523391,0.3029017236344217,-70.67307425489504
10.957300774877126,159.634455585416,0.3147824782426014,-70.30199497187013
11.103513336913625,159.4411977525301,0.32615622676286066,-69.94933787695487
11.244928202488977,159.25343125207667,0.33705648255540444,-69.6136930291541
10.40779475495022,160.47131395814432,0.26422577840062256,-72.09456790724468
10.594709642260929,160.24425848482727,0.2790347001669116,-71.61991602674622
10.774920819520473,160.0224035626398,0.2931463349403364,-71.17169892802193
10.948838450821107,159.80591914838516,0.3066121838326213,-70.74763852778796
11.116834385098189,159.59487706681617,0.3194784588737516,-70.34572251925371
11.279247115031355,159.38927861637748,0.3317867837930434,-69.96416568668795
11.436385922301156,159.18907463255684,0.3435747813224035,-69.60137785398167
11.588535320730013,158.9941792459604,0.3548765818309896,-69.25593824923642
10.656138365256366,160.2581150319746,0.27784387987433834,-71.83171306292265
10.854510510557631,160.02621375480976,0.2931001698140915,-71.34610519896972
11.045996079070424,159.79901370832812,0.30764458678973605,-70.88729249757094
11.231006353764291,159.57676916978033,0.32152926922221226,-70.45298585449899
11.409914662475995,159.3596229945234,0.33480103789466253,-70.04116101972213
11.583061272385166,159.1476365764032,0.34750209659139386,-69.65002037242343
11.750757482299774,158.94081179354802,0.3596706198363209,-69.277961190232
11.913290106870859,158.73910619949493,0.37134126258935357,-68.92355022360385
10.89049785108388,160.04694260064363,0.2905112007087992,-71.58513755394952
11.099891193688311,159.81049583762487,0.30618054971973513,-71.08947777403307
11.302237117858882,159.57825279055376,0.32112458146354245,-70.6209364201772
11.497946841370467,159.35054935554083,0.33539601422930726,-70.17721518534783
11.687394051030411,159.12759736129306,0.34904222353270326,-69.75627965412423
11.870919729959907,158.90951674205346,0.36210594245668726,-69.35632151711634
12.048836194029974,158.69635925669675,0.3746258496517162,-68.9757271486431
12.221430490644623,158.48812611325943,0.3866370662550396,-68.6130513570261
11.112486872870713,159.83793775815963,0.3023502857008518,-71.3527888935637
11.33250590834672,159.59720931531288,0.3184028579554092,-70.84785900763512
11.54533581732833,159.36018974480982,0.33371764593587716,-70.37033900609505
11.751386763161268,159.12729405648454,0.3483478988877177,-69.91792291763525
11.951031851267206,158.89880112915532,0.3623415010597216,-69.48856766915648
12.1446118878038,158.67488796958526,0.37574167161462707,-69.08045572088398
12.332439358590218,158.45565510738513,0.3885875527415885,-68.69196394148615
12.514801779143554,158.24114557472726,0.40091470704043203,-68.32163756782883
11.32344532721756,159.6311955091562,0.313461461827924,-71.13298487769353
11.553729169882411,159.3864195024834,0.32987108736953624,-70.61946703776051
11.776698927248674,159.14486080909612,0.3455313070303403,-70.1336230214166
11.992762874107822,158.90701122393017,0.3604958588978209,-69.67314050775155
12.202292737552495,158.67321487589376,0.3748130963474737,-69.23596905720602
12.405628386561244,158.44370445935357,0.3885266874092005,-68.82028315062503
12.603081752647856,158.2186282171466,0.4016762028641605,-68.42445135182305
12.794940130185608,157.99807020722673,0.41429761396027454,-68.0470104713317
9.7958442246725,160.734539498607,0.21408353552269765,-75.2733622601594
9.961184067621327,160.49857916728956,0.22769934327364222,-74.85711997681437
10.120388655610316,160.2698550839241,0.2406726339989274,-74.46381446933769
10.273841930138008,160.04826310766987,0.25305097145420596,-74.09148431152583
10.42189124949457,159.83364269471667,0.26487701631445754,-73.73839331930475
10.564852453155272,159.62579680986852,0.2761891881332789,-73.40300017314622
10.703014558027327,159.4245055010422,0.2870222225209432,-73.08393241381553
10.836640022143651,159.2295389227991,0.29740757206225155,-72.7799580495054
10.114815762535402,160.51292281292214,0.2319010247565961,-74.96970218606954
10.294656120363966,160.2694983382499,0.24612628696859265,-74.53920477258859
10.468112744727197,160.0327627826816,0.25968955112174863,-74.13209507549271
10.63557219805977,159.8027138238524,0.27263921031392796,-73.7463977281365
10.797385128516543,159.5792755772452,0.28501873130160243,-73.38036358804825
10.953870906211112,159.36232209602946,0.2968673020545645,-73.03243741300213
11.105321499296442,159.15169410549714,0.30822037520878626,-72.70123096224951
11.252005635670352,158.94721007841602,0.319110141621014,-72.38550176967681
10.411421230500846,160.29271054223366,0.2481460619994486,-74.68993611629544
10.605091188642172,160.04237003572948,0.26292262212709944,-74.24662246895288
10.792166344727049,159.79816679258641,0.27701963434899285,-73.82708805560947
10.973034163217642,159.56019596275948,0.2904862393208104,-73.4293486281211
11.148046617367658,159.3284635351716,0.3033666193367937,-73.0516445467545
11.317524754865968,159.10291263629205,0.31570064544939364,-72.69240907321863
11.481762515438868,158.88344249543542,0.3275244212085949,-72.35024191309078
11.641029946051628,158.669922199777,0.33887074254464294,-72.0238870547853
10.68887368155966,160.07425492661056,0.2630707395919979,-74.43030475149712
10.895778648525551,159.8174614072398,0.27834977579441733,-73.97537283591052
11.095909398518627,159.56625155088048,0.29293330724423666,-73.54456497758744
11.289652643398068,159.32081449597092,0.30687114417685174,-73.1358900168328
11.477360110538825,159.08123550084545,0.32020811084003353,-72.74757980471374
11.659353034862413,158.847524843838,0.33298469202383696,-72.37805807273179
11.835925914715766,158.61963886833382,0.3452375768931837,-72.02591439020041
12.007349674711223,158.39749541186464,0.35700011941401677,-71.68988230185894
10.949716911884703,159.8578125903622,0.27687112744298237,-74.18787931417248
11.169325442234404,159.59496355651154,0.292611116251563,-73.72234219420532
11.38200719284859,159.33714468351013,0.30764097028736,-73.28123496568472
11.588146788321541,159.08463588821243,0.32201110478719935,-72.86256116916276
11.788094434858676,158.83759926990035,0.3357669250230401,-72.46454577936842
11.982170337693136,158.59611043981977,0.34894947210745564,-72.08560461687962
12.170668393845311,158.3601815136256,0.361595966759742,-71.72431869773021
12.353859300958732,158.12977811202748,0.3737402700991473,-71.37941265513115
11.19600205573238,159.64356557185155,0.2897027193261927,-73.96033471811597
11.427835397561998,159.37500713119877,0.3058679388919572,-73.48505930885376
11.65261241251159,159.11092688923102,0.321309514795057,-73.03448663380115
11.870714547559492,158.85169257740097,0.3360784129596749,-72.60661627075605
12.082489439099731,158.59754087198635,0.3502205684394805,-72.19966767787463
12.28825525610733,158.34861100139952,0.3637775303886932,-71.81205011720465
12.488304329651324,158.1049695689801,0.3767870056251317,-71.44233737661006
12.682906207258602,157.8666290342072,0.38928331964208024,-71.08924646273
11.429408960429662,159.43163882928351,0.3016908970060469,-73.74579397402181
11.673032855497642,159.15767592544128,0.31825031016437066,-73.26152979936724
11.909490778503836,158.88764182733902,0.3340735298399116,-72.80221296608418
12.13916009832652,158.62198933793806,0.3492120263612375,-72.36584021112992
12.362385009704305,158.36102759842635,0.36371222090141403,-71.95062662168597
12.579480803444076,158.10495783851314,0.37761612952117213,-71.55497604404536
12.790737433442118,157.85389992521374,0.3909619064132581,-71.1774561602238
12.996422516930656,157.607912243252,0.403784305005421,-70.81677744065821
11.651332072031789,159.22211389095443,0.31293822788131676,-73.54271967803584
11.906350228100047,158.9430179013201,0.3298646324320598,-73.05012063591417
12.154110107644842,158.66730463299749,0.3460431229240316,-72.58268913836116
12.394984250768461,158.39550941515208,0.361525634208653,-72.13842003220375
12.629312678712715,158.12801188094693,0.37635903595765086,-71.71552500845102
12.857407093040113,157.86507374014508,0.3905857756979683,-71.31240347300316
13.079554381530757,157.60686696018269,0.40424442163782975,-70.92761796219922
13.296019565251376,157.35349497247674,0.41737012375155025,-70.5598733448955
10.025079051964635,160.36550167634567,0.21307793514751322,-77.40054316868832
10.206695323250147,160.10370131524434,0.22711035478760264,-77.00570496421835
10.382108326656605,159.84956411171575,0.24050278455360463,-76.63159235526078
10.551682795240103,159.6029930108049,0.2533011911466583,-76.27650397431631
10.715750040921003,159.3638300862137,0.26554692862071233,-75.93892818634812
10.87461224373505,159.13187801643417,0.2772773376983161,-75.61751674527798
11.028546046905168,158.9069151534946,0.2885262494829697,-75.3110626874796
11.177805584871914,158.68870611521285,0.29932441184084446,-75.01848176304853
10.358508717773793,160.13917805397975,0.2311550089274664,-77.12283042595953
10.556080142697827,159.86846061227857,0.24581704586629277,-76.71432548959902
10.747234833667745,159.6047984186831,0.25981963820565984,-76.32691978323413
10.932336791653299,159.3482031559681,0.2732095456063285,-75.95890789973669
11.111717137829592,159.0986082600497,0.2860288845550676,-75.60877179977727
11.285678335646395,158.85589351278298,0.298315726319606,-75.2751551715604
11.454497720157699,158.61990259855094,0.3101046004799105,-74.95684187639759
11.618430470073772,158.39045569199843,0.32142692170913706,-74.65273778584151
10.668723555627908,159.91454221082836,0.247627801776278,-76.86675978013042
10.881518620333551,159.63552498410644,0.2628587796123772,-76.44595255840797
11.08772322473136,159.36294912675334,0.27741276801655945,-76.0465682384138
11.287698687522735,159.0969308876145,0.29133722952194474,-75.66689912601584
11.481774082295837,158.83749197302194,0.30467495744377415,-75.30542258365242
11.670250380313876,158.5845870191052,0.31746467265834316,-74.9607760841526
11.853403912402353,158.33812344917249,0.3297415267870314,-74.63173616733113
12.031489282975867,158.09797591252746,0.34153752917625557,-74.31720065485386
10.959060458355042,159.69190886766629,0.2627545911333367,-76.628920376669
11.18643119870877,159.40511446151618,0.2785036398203845,-76.19694850106009
11.40707087850893,159.1241449316501,0.2935597160033839,-75.78668226677404
11.621336616076908,158.84921725943673,0.30797091160157697,-75.3964130392499
11.829553971870816,158.58043854238673,0.3217806271664109,-75.02461502296
12.032021013028663,158.31783613612302,0.3350281674041183,-74.66992095917388
12.229011708169315,158.06137965099836,0.34774924386480294,-74.33110155878957
12.420778783267002,157.81099711671726,0.3599764019575692,-74.00704807091066
11.23216030001988,159.47150526140888,0.276736055205249,-76.40665939706498
11.473527507330777,159.1773836616467,0.29295995018736615,-75.96448472971528
11.708051014801432,158.8884701692673,0.3084761888785179,-75.54426433116801
11.936082533666758,158.60507897566822,0.32333343169167766,-75.14428970975615
12.157942936379204,158.3273998930819,0.33757562876721764,-74.7630330802971
12.373926245311207,158.05553098355176,0.35124261415486063,-74.3991236629199
12.58430296214342,157.78950255361457,0.3643706078944749,-74.05132756222821
12.789322866703136,157.52929493482748,0.3769926429284065,-73.71853066880512
11.49015169305661,159.25349003046063,0.28973119719765367,-76.19787246884815
11.744993512362731,158.95243411703535,0.3063927843806158,-75.7463180461846
11.992902837577205,158.65597092828224,0.3223331284144692,-75.31693770416204
12.234225001277636,158.36450862149826,0.33760140695630547,-74.9080239776002
12.469275233474264,158.07831723572716,0.3522420712227199,-74.51804805275998
12.698342577733127,157.79756364713066,0.3662954387632185,-74.14563663009734
12.921693157666096,157.52233743716354,0.37979819483630145,-73.78955222373014
13.139572920662381,157.2526701916836,0.3927838191024756,-73.4486763776761
11.734777428943316,159.0379690342006,0.30186812690706843,-76.00086178712685
12.00262042071996,158.73032583182274,0.31893514893682395,-75.54063920325196
12.263462637242336,158.42666255328606,0.3352682787727547,-75.10278588806125
12.517642241569458,158.1274783262087,0.35091716761370195,-74.6855961317749
12.765468036977452,157.83312110162726,0.3659267263874175,-74.28754089206019
13.007223314285202,157.5438247933051,0.3803377170607984,-73.90724518819941
13.243169058495909,157.259736908547,0.394187253228926,-73.54346879796944
13.47354663988162,156.9809392790008,0.4075092264897483,-73.19508977252259
11.967483875242756,158.82500790187183,0.31325157017339816,-75.81423733539577
12.247895903874797,158.51108695553103,0.33069577459956023,-75.34596744748328
12.52125665495292,158.20053658073905,0.34739424834476346,-74.90024076437251
12.787896472151356,157.8939441018818,0.36339707846627867,-74.47535393871993
13.048117081037867,157.59173322510242,0.37874959993753626,-74.06977837208231
13.302195371687048,157.29420323423176,0.3934929854503244,-73.68213811176712
13.550386548852373,157.0015582848742,0.4076647451469151,-73.31119092480881
13.792926773207515,156.7139294887737,0.4212991525920597,-72.9558120971401
