15.211232992734582,152.6704400095466,0.4375133642776099,-62.02581309697265
15.43297008422585,152.43586841356324,0.45324892701877056,-61.527628570632
15.637334776209613,152.186234386763,0.47277674249818735,-61.05020443069992
15.832882979308366,151.94656229432326,0.4912396599389933,-60.603678410848204
16.020227584739555,151.71629502583932,0.5087243867740731,-60.18506865793182
16.19992237020776,151.4949056987087,0.5253081382586774,-59.79177679792846
16.37246929643232,151.2818983927785,0.5410599422431862,-59.421527414741426
15.600336523416576,152.4202566131998,0.436120696142706,-62.090111248622144
15.84730272097461,152.1307250108647,0.45892383448108515,-61.52229999954884
16.083321916712563,151.85248479399664,0.4804179657764066,-60.99374990348477
16.30918214601503,151.58497669226236,0.5007158257447138,-60.50039275083651
16.525591593008702,151.32765289964007,0.5199170522636682,-60.03872234795767
16.73318917391784,151.0799845302164,0.5381100820006482,-59.6056995584663
16.932553489663807,150.8414656633886,0.555373746148553,-59.19867497521474
17.12421032363193,150.61161541672354,0.5717785904270268,-58.815326760989436
16.168373482796998,151.89013315708448,0.4592276022668948,-61.63220383318135
16.437392953388652,151.58310357527478,0.4827824361950204,-61.048529063842025
16.69483052380119,151.28746847266544,0.5049963523549622,-60.50492552318555
16.941496961772238,151.00271948003473,0.525983803110805,-59.997265916010164
17.178122838754906,150.72834795398367,0.5458460520226504,-59.52199028805641
17.40536895811402,150.46385486952067,0.5646730693424723,-59.07601061504418
17.62383522225098,150.20875675983478,0.5825451352592634,-58.65663298129071
17.83406808290418,149.96258925918744,0.5995341402905265,-58.261494991414764
16.704124117064506,151.37600360681716,0.4803065215778077,-61.20913213969828
16.994465148662325,151.0521125603657,0.5045398854899801,-60.61111463406428
17.272634745659886,150.73969365448022,0.5274033441001563,-60.05388983561066
17.53946231180445,150.43829016978438,0.5490128937416296,-59.533278920418226
17.795697134159948,150.14743359430759,0.5694712630260055,-59.04567489619794
18.042018610634816,149.8666558577516,0.588869806714754,-58.58794684216509
18.27904499308562,149.59549709439545,0.607290106347149,-58.15736169781622
18.50734073314472,149.33351064574163,0.624805296735883,-57.75152128920051
17.21158736131855,150.87691904318584,0.4996610059391454,-60.815739303664756
17.522569992817527,150.53675445948315,0.5245108032636525,-60.20465758879339
17.820830387741452,150.2081189837807,0.5479641424720654,-59.63501605644041
18.10721312073128,149.89060803818722,0.5701384225238086,-59.10259064322613
18.382483083566484,149.58379394676987,0.5911377054792414,-58.60373291691977
18.647335475642567,149.28724042485206,0.6110546083590885,-58.13527405196142
18.90240438667415,149.00051210907716,0.6299719051485086,-57.69444630357968
19.148270017082183,148.72318096189937,0.6479638554910709,-57.278819735115285
17.694003525895962,150.39200254217812,0.5175312098452077,-60.44794848151984
18.024993005127236,150.03611103548647,0.5429441327773226,-59.824891041502546
18.34274275956028,149.6917887066561,0.5669361028164067,-59.243858627504466
18.648109573380463,149.35868341729505,0.5896258040828763,-58.70058724049848
18.94187128133193,149.0364088296622,0.6111185226162392,-58.191391732167546
19.224736492659463,148.7245610717513,0.6315080359135615,-57.713069586640536
19.497352985070428,148.42272997989124,0.6508782157724136,-57.26282214582522
19.76031477413669,148.13050686715465,0.6693043586567131,-56.8381910941284
18.154040152170328,149.9204482190734,0.5341104313266276,-60.1024805985622
18.504441517583007,149.54934072696983,0.5600402636771744,-59.4683842968805
18.84111450464317,149.18982866500647,0.584526410321141,-58.87684425714262
19.164925554566366,148.84161248379746,0.607688741650666,-58.32356106805696
19.476663149008058,148.50434752787086,0.6296336754408904,-57.80481689663807
19.77704724328526,148.17766280381056,0.6504560638193604,-57.317379135445336
20.06673744795679,147.86117388502376,0.6702407965045856,-56.85842143463507
20.34633992570598,147.55449200891363,0.6890641324082442,-56.4254599916605
18.59392343941536,149.461517294795,0.5495565857981438,-59.776658633495515
18.96317700233875,149.07567355086033,0.5759629142675206,-59.132337578077845
19.318238629022602,148.7014401962928,0.6009043495893424,-58.53105768850095
19.659982201888717,148.33857030445603,0.6245018642451303,-57.968488036609536
19.98920485554027,147.98676112072957,0.646862929146202,-57.440881578895294
20.30663609920772,147.64567486674594,0.668083397831965,-56.94497871946955
20.61294576598873,147.3149532607733,0.6882491097342803,-56.477928196013806
20.90875071882871,146.99422791103433,0.707437222652642,-56.03722321500994
15.600332116779477,152.16095144095743,0.3858037980657083,-65.06228392397774
15.858379550672755,151.84502422695704,0.40834710046896433,-64.50818657774593
16.105324358910003,151.54161632189195,0.4296200506528753,-63.99162984617538
16.341935819816996,151.2500800685626,0.44973025360109403,-63.50878670599156
16.568908104839284,150.96978861788773,0.46877302539183097,-63.05634938115933
16.786869514247666,150.7001422826982,0.4868331070264015,-62.63144479770186
16.996390816031646,150.4405714389202,0.5039861553695255,-62.23156349974415
17.19799224637707,150.19053764337363,0.5202999785740763,-61.8545023468635
16.249163463518798,151.58297560358184,0.4115537771520175,-64.5795154922886
16.53350710595261,151.24527251578138,0.4349492590836778,-64.00744367027059
16.806040870407212,150.92022412983428,0.4570388653155387,-63.47379723933532
17.067555283209003,150.60724343639873,0.47793210819982135,-62.97468565981385
17.318765443191435,150.30575059667768,0.4977260633438601,-62.506745054615365
17.560320596416705,150.01518192501243,0.5165071356778218,-62.06705100245125
17.792812312253417,149.73499499776125,0.5343525529500223,-61.65304703551047
18.016781358493414,149.46467151150887,0.5513316045882537,-61.26248693816697
16.858538895212483,151.0233600878563,0.4348417299166771,-64.13666317976939
17.16826764912388,150.66470473425653,0.4589987756169462,-63.54845395700164
17.465537723622077,150.31880444751667,0.4818179518636043,-62.99944829242523
17.751155062338395,149.98513431530134,0.5034104261005307,-62.48570302566122
18.025850975094734,149.6631630106784,0.5238748485947453,-62.0038058567034
18.29029140770464,149.35236449242544,0.5432991161511224,-61.55078790022119
18.545084906851958,149.05222523812878,0.5617618673250618,-61.12405186160814
18.790789326225134,148.76224878613402,0.5793337238788349,-60.72131402111711
17.433743939520856,150.48097849606742,0.4560681446732931,-63.72730949561006
17.768013882959593,150.10212796723812,0.4809110301959517,-63.12448164139662
18.08922467536131,149.7361052809766,0.504386894514496,-62.56154980530259
18.398193318997766,149.38244846495624,0.5266084013551604,-62.03452522693711
18.695663402758623,149.040675802587,0.5476756273285122,-61.53995347604841
18.98231402850581,148.7103001397074,0.5676778229837477,-61.0748268476034
19.258767526728697,148.39083816595965,0.5866949090687532,-60.63651229440479
19.525595958902638,148.08181658844856,0.6047987199144415,-60.22269316478528
17.97898246410821,149.9547868642908,0.4755432298779106,-63.34648708516319
18.337007513980673,149.55644261819762,0.501007776529752,-62.73031677430443
18.68141363162586,149.17097708018213,0.525078516387292,-62.15466339317238
19.013025204331512,148.79799177057828,0.5478694798004046,-61.61549842328193
19.332594782732556,148.43705537900811,0.5694820485578584,-61.10933054380475
19.640811633638044,148.08772057655824,0.5900067140301741,-60.63311793256292
19.938309176004868,147.74953527618473,0.6095245739348898,-60.18419601934013
20.225671251202446,147.42205039033692,0.6281085771038797,-59.76021903317406
18.497660868201606,149.4438263308857,0.49351218075624337,-62.99027321719706
18.878705573334265,149.02664227290722,0.519543365259248,-62.36184663428583
19.245606048118276,148.62237040607056,0.5441559578787951,-61.77449737352361
19.599190936828332,148.23067607683143,0.5674652481186758,-61.22416208430011
19.940218926059092,147.85117894419702,0.5895738224502729,-60.70731697652056
20.26938690019121,147.48347220556516,0.6105733193391593,-60.2208900813446
20.587337072858478,147.12713577287275,0.6305459260646197,-59.76218887841536
20.894663001639156,146.7817455703615,0.6495656244242151,-59.328841699413644
18.99258370054609,148.94721982505928,0.5101722050727483,-62.6555156561426
19.395957272924445,148.51180860189646,0.5367223836981804,-62.015767626706435
19.78469069992968,148.08932932176162,0.5618308993227609,-61.41760554460692
20.159614197293365,147.67951132162972,0.585614210379806,-60.85693542786377
20.52149016202376,147.28202561023494,0.6081760235933725,-60.33020479032335
20.871020911365168,146.89650642370972,0.6296090457172523,-59.83431490704508
21.20885548918582,146.522566259506,0.6499964800335518,-59.36654836007406
21.535595405289627,146.15980667405057,0.669413272619227,-58.924510337523536
19.46609190060348,148.46416626333797,0.525684315906541,-62.33964290926516
19.89114323788285,148.01110428055065,0.5527118778304692,-61.68938586929983
20.301083668551303,147.5709832328354,0.5782761912523671,-61.08117869094199
20.696742658922386,147.14359647908248,0.6024948069526345,-60.51090037808254
21.078884221944236,146.72866661162544,0.6254724801848298,-59.97497300008796
21.448214224059612,146.32586926483515,0.6473029189836007,-59.470273999582645
21.805386849193837,145.93484995359924,0.6680702800235575,-58.99406369450726
22.15101004569732,145.55523633386437,0.687850415133792,-58.5439265060702
16.238349825469186,151.31537819034648,0.3625567588546858,-67.56841173198231
16.535104952626234,150.94941340263622,0.3857009330875813,-67.01313476438145
16.819985196588767,150.59727972130815,0.40757861019809044,-66.49428384479543
17.093749244607842,150.25831121999065,0.42829409058758083,-66.0082412981526
17.357086500631667,149.93185754681375,0.44794004853666597,-65.55186904004806
17.6106251493396,149.61729187948274,0.46659911709555313,-65.12243245672344
17.854939595121216,149.3140149592842,0.4843452778565986,-64.71753570512007
18.090556728039672,149.02145706099228,0.5012450158330719,-64.3350693305444
16.933930238266633,150.70257208119168,0.3885702212970148,-67.10285116317162
17.26094537371309,150.31070078299305,0.4125804693528596,-66.5292881376823
17.57537719398008,149.93278014380778,0.4352884656293456,-65.99299242032616
17.877995660308677,149.56821919799685,0.45680035209962183,-65.49029101079547
18.169502486435153,149.21642674100224,0.4772105086683878,-65.01799656216026
18.450539406237507,148.87682222047727,0.496603188984782,-64.57332883693756
18.721695308957536,148.54884223650714,0.5150539114669764,-64.15384978528998
18.983512253887607,148.23194447294762,0.532630616417184,-63.75741092172127
17.58778404601433,150.10966665276732,0.4120759163911762,-66.67547160951047
17.94400994317364,149.692862151473,0.43685811155653465,-66.08544929379806
18.287006065064713,149.29009031153987,0.460305725644827,-65.5334330407257
18.617547426685206,148.9008367449073,0.4825265065796348,-65.01570471623461
18.936342970740863,148.52457110926647,0.5036163700652282,-64.52903481373612
19.244043379405824,148.160761002407,0.5236610318185643,-64.07060388863883
19.541247864890014,147.8088808292559,0.5427373991629908,-63.637937488673685
19.828509894109022,147.46841762686364,0.5609147296777998,-63.22885335611291
18.20546207517082,149.5354077749488,0.43348401742526227,-66.28012768795026
18.589923890365675,149.09456830617154,0.4589596168718914,-65.67515572189558
18.960559790621055,148.66781481699402,0.4830710612672714,-65.10884630388477
19.318145192460484,148.25471046353582,0.5059275596578986,-64.5774426025543
19.66339204241349,147.8547870254033,0.5276264278807921,-64.07767877408821
19.996956144400993,147.46756167223612,0.5482547170386963,-63.60670143018019
20.319443574254972,147.09254810785473,0.5678906051036108,-63.16200447979842
20.63141608381409,146.729264227359,0.5866045565299483,-62.74137621048967
18.79137929942608,148.97864296132266,0.45311192190151656,-65.9120680126135
19.20316648839071,148.51460353242402,0.47921445110737887,-65.2934147889657
19.600573152947778,148.0646814804482,0.5039255462115594,-64.71401197376304
19.984371196770116,147.62851814906455,0.5273557596267774,-64.17006939501216
20.3552720151386,147.2057083559443,0.5496036969945017,-63.65828972131608
20.713933316800656,146.795819913384,0.5707576417444452,-63.175790007598884
21.060965137783175,146.39840696839386,0.5908969462404794,-62.7200364965423
21.39693490018147,146.01301943606725,0.6100931918853447,-62.28879162275927
19.349113671905023,148.43832018783857,0.47121031241311245,-65.56754388215242
19.787372164046097,147.95186143532482,0.49788285680870714,-64.93628914944789
20.21072995921257,147.47953489087973,0.5231386305758029,-64.34481469105624
20.619952121939033,147.02106048305512,0.5470894323312931,-63.789301512226416
21.015746478106543,146.5760967170569,0.5698350664598807,-63.26642488763616
21.398769915340004,146.14426284251095,0.5914649636150439,-62.77327602097542
21.769633976292713,145.72515431588525,0.6120595710111882,-62.307296845732786
22.12890955159148,145.31835395945296,0.6316915126218947,-61.866226988473024
19.881611676225216,147.91348162400246,0.4879806886368468,-65.24354517884454
20.345537387165674,147.40533674889343,0.5151740322357874,-64.60061859626022
20.794070882367734,146.91132662852934,0.540926936005717,-63.99795259787385
21.227967539257808,146.43124998130742,0.5653523635999608,-63.43170321989142
21.64792903510933,145.96482943699766,0.588551242040322,-62.89852183784292
22.054609113776415,145.51173625450423,0.610614078027066,-62.39547696965134
22.448618742120427,145.07160783974484,0.6316223470389313,-61.919989108732494
22.830530419617464,144.64406058421775,0.651649653281981,-61.46977767667846
20.391333511508158,147.40325553460306,0.5035874942434796,-64.93761784292411
20.880166928128393,146.87411585652097,0.5312587098129455,-64.2838278420706
21.353140509350148,146.35910464465235,0.5574672649933577,-63.67073598572786
21.810997493549884,145.85809945799983,0.5823272199475671,-63.0944766602209
22.254431195378974,145.3708873147113,0.6059405600326823,-62.55168035442076
22.6840902292886,144.89719187132766,0.6283988078043328,-62.03939563077064
23.100583215291334,144.43669293526617,0.6497844106254829,-61.555024018315805
23.50448268994613,143.98904094126868,0.6701719000903149,-61.09626698036084
16.90109222892505,150.44335705016715,0.34112379168349194,-70.07332094986067
17.241365366731788,150.02203852372813,0.36488917191508835,-69.51998533013536
17.569124434298924,149.6157418476871,0.38739229392745905,-69.00163260259596
17.885092538315046,149.22380927128089,0.4087340414237733,-68.51489163535511
18.189931930705292,148.84559037261818,0.4290043407966285,-68.05682649879765
18.484250668113045,148.48045193135124,0.4482836188861542,-67.6248694133217
18.768608938564064,148.12778337106798,0.4666440926435819,-67.21676301027249
19.04352439469714,147.78699983085724,0.4841508438694136,-66.83051335947057
17.64621779764265,149.79202142383133,0.3674436788260119,-69.62531483956707
18.02123883463611,149.3401053868319,0.3920897480579016,-69.05333566314263
18.38305917089036,148.9032929714812,0.41543728162054566,-68.51712730987208
18.732399621479463,148.48101950082662,0.43758894968897777,-68.0132726762531
19.0699227560836,148.0727093908557,0.4586363413364231,-67.53879447315946
19.396239642878232,147.67778924739963,0.4786614719291305,-67.09108600359221
19.711915736718236,147.2956960287596,0.4977380726484586,-66.66785339783348
20.017475835171982,146.92588230220164,0.5159326661848144,-66.26706855981232
18.34724246614057,149.16231116547232,0.39120778798879713,-69.21361048809514
18.755803614715585,148.6809433854582,0.4166365853918512,-68.6247938446509
19.1505415279528,148.21472242071303,0.44073388143679976,-68.0724382457832
19.532168049087712,147.7631785305979,0.4636039138532137,-67.55309003822525
19.901340549152454,147.32581297183407,0.4853397801089413,-67.06373706331826
20.258668082723595,146.90211436555464,0.5060249398238891,-66.60173962491251
20.604716807807076,146.49156946106672,0.5257345035666464,-66.16477274895352
20.940014533424602,146.09367049569317,0.5445363088903293,-65.75077909665539
19.00998519895551,148.55282769984407,0.4128365783603876,-68.83236830035668
19.450960422785798,148.04306994573736,0.4389664805430854,-68.2282069504009
19.877540573161948,147.54847414180938,0.4637345792474595,-67.66111861135744
20.2904235025325,147.06866664940108,0.48724654930642675,-67.12761889974985
20.690256793380797,146.6032270597735,0.5095968742089296,-66.62466611234625
21.0776433115681,146.1517076761395,0.5308703434326043,-66.14959241361097
21.4531461362259,145.71364677188498,0.5511433400137182,-65.70004615924468
21.81729267469355,145.2885779805747,0.5704849164093583,-65.27394481432138
19.639075190598152,147.96229631245373,0.43265514181647213,-68.47707733052457
20.1114094793247,147.4251390453199,0.4594171658341791,-67.8588260737395
20.56881746941874,146.90313879385897,0.4847893062472623,-67.27819460436129
21.011978793355777,146.39601883020086,0.5088785697099739,-66.73167265617326
21.441527383793353,145.90343818468958,0.5317807270142152,-66.21619342127897
21.858056415973522,145.4250141036498,0.5535818052234706,-65.72906497981634
22.262122731358307,144.96033770630132,0.5743593735788288,-65.26791271896066
22.654250500427295,144.50898533934762,0.5941836187446017,-64.83063228681539
20.23826526307569,147.38956017528437,0.4509200807515941,-68.14418106460539
20.74096629517486,146.8259321008845,0.4782552479762141,-67.51290887599468
21.228242349735144,146.2774423038213,0.5041743370049304,-66.9197482487876
21.700751243182463,145.74391149892824,0.5287856001740446,-66.36116712629551
22.159109985383836,145.22507895193942,0.5521860148254386,-65.83407734771498
22.603899106302464,144.72062778755807,0.5744627701136151,-65.33576633770159
23.03566656069411,144.23020295896475,0.5956945508624854,-64.86383964621628
23.4549309223761,143.7534245083049,0.6159526118102555,-64.4161739633178
20.81064731847738,146.8335704877936,0.4678375625749378,-67.83082520659666
21.34277853551896,146.24434607439343,0.49569494465984665,-67.1874533781282
21.859012130857266,145.67023234808406,0.5221116777593912,-66.58263797574804
22.359981028242277,145.11114777600733,0.5471971886055954,-66.01282864626823
22.84628252778891,144.5669124038098,0.5710495942511093,-65.47491908203237
23.3184820144032,144.0372759007014,0.5937571834158658,-64.96617898398122
23.777116333140004,143.5219377640933,0.6153996979490554,-64.48419674296045
24.222696500522076,143.0205624335917,0.6360494057428087,-64.02683253617322
21.358804458643085,146.29337564548172,0.48357579247086563,-67.53468360581074
21.91947927447686,145.67938117142688,0.5119110326797385,-66.88001425067519
22.463804566215146,145.08046487562186,0.5387824695939827,-66.26430580955058
22.992385723192456,144.49664310307048,0.5643006447689277,-65.68399264467786
23.50579795824824,143.92781701257505,0.5885647590763167,-65.13595306744627
24.00458939675843,143.37380325621933,0.6116641484572719,-64.61744158547427
24.489283913595283,142.8343563494563,0.6336795626766879,-64.12603174225238
24.960383348236196,142.30918559196962,0.6546842366204799,-63.65956931254931
17.57878148574682,149.55992753146026,0.3217342723561586,-72.54255284223112
17.967184194032125,149.0783326678913,0.34613946128762396,-71.99444842344546
18.34263277121698,148.61275293375013,0.36928666924303083,-71.47955721183712
18.705785695005318,148.16257019364332,0.39127329032068875,-70.99478753937312
19.05725141858553,147.7271625272312,0.41218642966943675,-70.53743508850988
19.397593509712667,147.3059162113128,0.43210423731252595,-70.10512522382884
19.72733574301797,146.89823275332034,0.4510970998689399,-69.69576255154847
20.04696637101492,146.50353324608972,0.46922863641293044,-69.30748966763512
18.37561255578932,148.86684270332753,0.34840953764900784,-72.1121982640457
18.80376354800915,148.3494105009026,0.3737105932740425,-71.54504088019364
19.2183244667897,147.84801011912845,0.3977165351460887,-71.01181985739197
19.619933820942606,147.36213889952268,0.42052649572448847,-70.50940807301095
20.009184427366954,146.89126957226824,0.44222920832034107,-70.03506886260661
20.386628557932955,146.43486570042535,0.46290438917115795,-69.58639644073901
20.752782486722005,145.99239165827325,0.48262392739029353,-69.16126562012445
21.108130275665253,145.5633193771291,0.5014528802862213,-68.75779063253269
19.12590162691766,148.19727158918872,0.37247997207339184,-71.71614546561794
19.592413731777842,147.6453437459695,0.39857478658727963,-71.13170954579854
20.044763883802887,147.10942708019758,0.42334054315908454,-70.58184091554989
20.48356334326252,146.58913667285375,0.44687791081270706,-70.06338560945335
20.90938320186844,146.08404234066498,0.4692771132114884,-69.57358047917579
21.322758856337355,145.59368756648965,0.49061930401484694,-69.10999399807139
21.72419399697799,145.11760227852747,0.5109777545042815,-68.67047616579353
22.11416388802368,144.65531188807947,0.5304188477789888,-68.25311743072584
19.835734667850964,147.5496537884387,0.3943768314895051,-71.34888998760013
20.339309760416995,146.96447882316002,0.4211804492160099,-70.74864331070583
20.82819971628684,146.39526945660472,0.4466236320148351,-70.18352121180808
21.30298301866716,145.84176002446807,0.4708084703010572,-69.65034807703462
21.764203943544473,145.3036192988136,0.493826570198349,-69.14633909571515
22.212376365951936,144.7804727191489,0.5157604220885426,-68.6690414521579
22.647987182479895,144.27191784433066,0.5366845854104616,-68.21628443478575
23.07149907165522,143.77753559438685,0.5566666812148682,-67.78613848216736
20.509955609238006,146.92257772509467,0.41443333767252893,-71.00618222867728
21.049373502877934,146.3053243249596,0.44187406424935577,-70.39136000977257
21.573620263061642,145.70397535314,0.46792512740104486,-69.81215846273165
22.083236910691813,145.1183855203429,0.49268994727672943,-69.26538466171874
22.578736610167628,144.54832397730922,0.5162614267313508,-68.74823616364063
23.060607817958612,143.99349968065428,0.5387233129293231,-68.25824258765843
23.529317135139017,143.45357940323765,0.5601513788514693,-67.79321594295291
23.98531153611627,142.92820110237872,0.5806144137435967,-67.35120981549589
21.152493885403054,146.31476889916087,0.43291238593362563,-70.68467301548185
21.7266036627595,145.6665360235468,0.4609290149297256,-70.05632905170563
22.285084390505567,145.03413804996455,0.48752858315141384,-69.46405037592602
22.828435627441817,144.41755086688178,0.5128157667000096,-68.90463041989759
23.357135782797158,143.816645062148,0.536884696226275,-68.37525252152749
23.871644618388608,143.23121427474595,0.559820311416697,-67.8734318906211
24.372405528976916,142.6609956618566,0.5816995387770558,-67.39696616568112
24.859847228974722,142.10568532516822,0.6025922795495912,-66.9438947548712
21.76658952000812,145.72507580527497,0.45002513173016273,-70.38167499385935
22.374302305307445,145.04690067899952,0.47856489045430833,-69.74071901544079
22.965948948367533,144.3844882023079,0.5056617764324124,-69.1362291915463
23.54198411833813,143.73793597813398,0.531421661773323,-68.56498845183461
24.102848375085266,143.1072167802519,0.5559398489385424,-68.02416883849519
24.648970036533747,142.49220975720397,0.5793024179195784,-67.5112738552281
25.180766885038036,141.8927232655743,0.6015873998829878,-67.0240892606992
25.698647301874438,141.30851229475994,0.6228657621993471,-66.56064257435484
22.35495199995273,145.15245595212565,0.4659438161248331,-70.09499813436257
22.995234897174292,144.44532052676942,0.49496081207430376,-69.44222367266492
23.61902957207978,143.7538771584924,0.5225105146783753,-68.82627872568558
24.226742865203352,143.07834547088004,0.5486999429711304,-68.24393843380108
24.818774865449225,142.41880090239687,0.5736255253619373,-67.69236607001314
25.395520153537884,141.77520864233273,0.5973744392827166,-67.16905576809391
25.957368932033503,141.14744875012218,0.6200257803556206,-66.67178355820558
26.50470759675896,140.53533552699517,0.6416515441256521,-66.19856704611924
18.260306709077884,148.68154974192865,0.3046212477406133,-74.94324142250709
18.7009969429626,148.1354246246857,0.3296824619614086,-74.40365303687439
19.128557472856706,147.60603437594855,0.35348971000605617,-73.89520220991695
19.54355064307368,147.09283520085722,0.3761368519765291,-73.41510273146486
19.946501447353985,146.595266074037,0.3977081220353012,-72.96090608226156
20.33790119770548,146.11276283949869,0.41827934273427825,-72.53045308940331
20.71821139661965,145.64476687157773,0.43791902192175836,-72.12183083576701
21.087866927356593,145.19073077827525,0.45668927170489093,-71.73333721862326
19.1102663619602,147.94408399950612,0.3317108673014114,-74.53036407365889
19.596181560925533,147.3563701283369,0.3576834708358764,-73.97125739695119
20.068415868398567,146.78531078852967,0.3823637577940954,-73.44393379744733
20.52748945899455,146.23050473694008,0.4058472801197669,-72.94558321095926
20.973891248958196,145.69151004066686,0.4282198700055087,-72.47373487658362
21.408089762791917,145.16785583376068,0.449562750599488,-72.02622508295015
21.830507798009524,144.65907766078374,0.46993825293464503,-71.6010837622099
22.24156775246283,144.1646907452937,0.4894137610794945,-71.19660464991131
19.911231259373334,147.23213835571218,0.3561468145661199,-74.14969432975607
20.44078527034274,146.60439576084997,0.3829242588049566,-73.57280092561206
20.95616823611511,145.99319438286412,0.4083740915934695,-73.02825004315703
21.45785003913292,145.39827846067925,0.43259337304060874,-72.5132155627136
21.946276620157832,144.81932827439698,0.4556694136468469,-72.02520973781459
22.421872979413422,144.25598146673357,0.4776810263618605,-71.5620337355475
22.885045870793565,143.70784774208698,0.4986996153473393,-71.12173519138416
23.336185887894523,143.17451955222418,0.518790089541762,-70.70257319832241
20.66954991928805,146.54397188912793,0.3783714672514283,-73.7960859185995
21.241252733499977,145.87765808696946,0.4058652263384093,-73.20284037669643
21.79833783473591,145.22775370646286,0.4319985458626532,-72.6424283961435
22.341218530258985,144.5941505933281,0.4568698958207136,-72.11201239728979
22.87029196365109,143.9766537247054,0.4805679735776606,-71.60909199157535
23.385941476493954,143.3750059161196,0.5031729468379859,-71.13145504422155
23.888538732719027,142.78890529492116,0.5247575374514981,-70.67713555032937
24.378445251156556,142.21801830876336,0.5453879313709336,-70.24437884907377
21.390279472101827,145.87802012454543,0.39872643871839,-73.46556651429405
22.00272605981318,145.17450386487712,0.4268619129372562,-72.85717843529424
22.600138708113683,144.48725755366604,0.45360619507205047,-72.28205836691086
23.1828687704587,143.81632232332035,0.479059088911761,-71.73736112529672
23.751259648657513,143.16162980973502,0.5033106081608631,-71.22057732821226
24.305648551410126,142.5230300438248,0.52644221008103,-70.72948495802117
24.846368063606615,141.90031156067107,0.5485278737702876,-70.26210755505582
25.373747125661083,141.29321663735536,0.5696350059484222,-69.81667965964704
22.077526562689023,145.23287649160724,0.4174811199618402,-73.15500541421054
22.729388113608955,144.49344821973466,0.4461947157644539,-72.53250901017246
23.365819756526783,143.77015097688,0.47348814798852096,-71.94366771543443
23.987106266182593,143.0631764843175,0.49946249494510614,-71.38563202132777
24.593533098231536,142.37258454923045,0.5242090319242303,-70.85588665696511
25.185387579882555,141.69833396097317,0.547810455210043,-70.35220263129796
25.762959937864053,141.04030511352005,0.5703419542671251,-69.87259573840589
26.326543723288072,140.39831739223425,0.591872112829374,-69.41529222841562
22.734681499975437,144.60727347658954,0.43485179996144996,-72.86189002630826
23.424698070811015,143.83315366434425,0.46408876813112404,-72.22618028359688
24.098901038285188,143.07503279077457,0.49187815528421613,-71.6244727561893
24.7575046205681,142.33325413344446,0.5183222679356639,-71.05391643074667
25.40073276474709,141.60800678371336,0.5435136002698373,-70.51199281825338
26.028819802279504,140.89935938695174,0.5675360481405163,-69.99646845474699
26.642010946808835,140.20728517099045,0.5904659747211716,-69.50535371234642
27.240562160463334,139.531681413724,0.6123731062929311,-69.03686869898947
23.364583476469626,144.00006517426246,0.45101484568837436,-72.58417192609457
24.09155778666574,143.19241109969732,0.4807276468209022,-71.9360315463364
24.802340801135994,142.40063546720575,0.5089668250462219,-71.32220644352321
25.497072772035434,141.62523377252398,0.5358358788372382,-70.73984654673835
26.175913143652636,140.86652514039096,0.5614284878450111,-70.18643246499182
26.83904070174665,140.12468876546998,0.58582971660202,-69.65972842711288
27.486653548733447,139.39979125359017,0.6091170729384191,-69.15774139192854
28.118968403563816,138.69180811391178,0.6313613981783597,-68.67868717602332
18.934310826416333,147.8242328854768,0.2900721867229736,-77.24533617645595
19.430755754289027,147.21022782728593,0.315802182107163,-76.71734835122615
19.91421689642609,146.61333622024966,0.3402817289016839,-76.21815579442286
20.38512869365539,146.03312428085505,0.3636011266086183,-75.74529461172338
20.84390184067626,145.46912614690243,0.3858417026160372,-75.2965890167747
21.290925731652212,144.92085988168108,0.40707691270420865,-74.87011187030687
21.72657129700376,144.38783761181043,0.4273733471874976,-74.4641486904028
22.15119324080016,143.86957248762246,0.44679157563811833,-74.07716787285614
19.83810662481583,147.04030249383163,0.3176462544357869,-76.84945612200738
20.385672182831623,146.3785052038204,0.3443031430218877,-76.30142691676406
20.919825307205958,145.73360875908904,0.3696696372886786,-75.78274709805136
21.44093128665298,145.10535391320616,0.39383767702481864,-75.29094143183596
21.949339392899198,144.49342337649387,0.4168901566998908,-74.82382299670591
22.445385446846757,143.89746144893095,0.4389020707724851,-74.37945228955162
22.929394104989676,143.3170873264728,0.45994151359398294,-73.95610168458497
23.401680555340974,142.75190469555588,0.480070519442715,-73.55222597510138
20.690518186418515,146.28394374631355,0.3425184412658232,-76.48362340256443
21.287403084995002,145.57615167174004,0.3699909554751053,-75.91723050945
21.870501063046067,144.88502316404487,0.3961360420822587,-75.38066182246219
22.44009890775972,144.21047753245315,0.42104711737017625,-74.87143779977586
22.996476388480783,143.552350260288,0.4448085437544913,-74.38736509973056
23.539908272712495,142.9104162334326,0.467496763394325,-73.92649634626714
24.07066610829329,142.28440599501474,0.489181291113506,-73.48709501259962
24.58901940160364,141.67401782006706,0.5099255489664266,-73.0676062728547
21.498147946551807,145.55321736028955,0.3651422188822409,-76.14306564613358
22.142653707245433,144.80111617735488,0.39333803033713954,-75.55970243166212
22.773032292326715,144.0654334092537,0.4201717438126903,-75.00657569930252
23.389484569766065,143.34627006009816,0.44573817322427806,-74.48120566836185
23.99221389743366,142.6436178578565,0.470123076905949,-73.98139650989965
24.581427667652203,141.9573858008359,0.49340427919520885,-73.50519672265719
25.15733863160173,141.28741916538246,0.5156526555933739,-73.0508644176104
25.720165582697838,140.6335139265474,0.5369329610883656,-72.61683846712553
22.266261335916475,144.8463910865597,0.38586752013132347,-75.82409825524407
22.95678144169491,144.05156855812152,0.4147089268293131,-75.22494282463956
23.632853678214857,143.27292376064295,0.44215556974879927,-74.65638481429421
24.29458655979933,142.51074201402707,0.46830360281288197,-74.11594765262697
24.94210111422627,141.76517412642573,0.4932401282183436,-73.60143635786147
25.575532032209836,141.03626600996986,0.5170443055374663,-73.11089847906871
26.195028577709476,140.323980268975,0.5397883283223058,-72.64258975845148
26.800754795539238,139.62821285149437,0.5615382454144116,-72.19494556541555
22.999139735076476,144.16191363572688,0.40497010374524184,-75.52381606731483
23.734151038499554,143.32587023276264,0.4343909554511317,-74.90987877051072
24.454402071317137,142.50577756700815,0.4623861144828017,-74.32685727421057
25.159903410967395,141.70210742302802,0.4890530331689338,-73.77228117733806
25.850688706010274,140.9151719448465,0.5144801204186715,-73.24395920769003
26.526815502233863,140.1451560983376,0.5387478377959602,-72.73994068604536
27.188365777314768,139.3921416890075,0.5619296667580335,-72.25848154389831
27.835445685603464,138.65612614787455,0.5840929222013512,-71.79801603006239
23.700322838488294,143.49839058687408,0.42267120834456967,-75.23988609828929
24.47837825985042,142.62254802759122,0.45261463075848085,-74.61204411577461
25.241360640234962,141.7624497552776,0.4811029635168182,-74.01540075487978
25.9891777959186,140.91875572328848,0.5082349279472853,-73.44749435524814
26.721771729722647,140.09194112528385,0.5341002137193187,-72.90613983459104
27.439119198854623,139.28233150609913,0.5587805612644703,-72.38939063679761
28.141231905188054,138.4901290789159,0.5823507188648771,-71.89550508390619
28.82815578228909,137.71543356713573,0.6048792476869267,-71.42291834344931
24.372779579527553,142.8545632681399,0.4391510880585765,-74.97040491384406
25.192501871790515,141.94027154082517,0.4695677623610157,-74.32942798990487
25.996831348028795,141.04154322540407,0.4985013213663509,-73.71990260814017
26.78556892951659,140.15922772192417,0.5260517353134844,-73.13937809749555
27.558561422410836,139.2939644749223,0.5523099570832997,-72.58567772964163
28.315701884236727,138.44622055774835,0.5773589903079432,-72.05686111476878
29.05692949236789,137.6163191790659,0.6012748355132543,-71.55119086785902
29.782228369150225,136.80446252029807,0.6241272859546327,-71.067104825856
19.590806311695438,147.00084256530764,0.27843734174592005,-79.4225073479316
20.145613928692065,146.31665266303324,0.30484311816639703,-78.90880359525343
20.687945442981427,145.64956351565272,0.33000129936075967,-78.42134243208872
21.218077795955416,144.99928540066298,0.35399860675284134,-77.95798863382744
21.7362775264614,144.36548149217006,0.3769134309780698,-77.51684747516897
22.24280243806555,143.7477853321126,0.39881682554456965,-77.09623338006612
22.737903766892206,143.14581209452822,0.41977342722603606,-76.69464050856958
23.221827758819472,142.5591665337817,0.43984222991046495,-76.3107182638402
20.54856744886057,146.16877832606528,0.30656720661392944,-79.04281327148854
21.160737641975615,145.4302180808208,0.33391471417770985,-78.508488223305
21.76016489132072,144.70837722886426,0.3599727097567948,-78.00085456132912
22.34702513695159,144.00317757131984,0.3848294914827626,-77.51777890159732
22.921492965573588,143.31446566414712,0.40856497967572997,-77.05736733063152
23.483743664198233,142.64203376184705,0.4312517531957623,-76.61793281069818
24.03395501319617,141.98563416839372,0.4529559606376243,-76.1979662938511
24.572308443042303,141.34498978275633,0.47373808664769446,-75.79611262208475
21.452692668176656,145.36630711634683,0.33194618349950356,-78.6909734963699
22.120197537454732,144.57542592486473,0.36011917453312087,-78.13764081330639
22.77473527545257,143.80087111308646,0.38696349680039777,-77.61137634327149
23.41636968937323,143.0427817165738,0.4125688839451324,-77.11005491585125
24.045173615050693,142.3011935231936,0.43701671101267126,-76.63178772455312
24.66123071669439,141.57606341000024,0.4603810157813516,-76.17489044694439
25.264637004735707,140.86728650008897,0.48272939972810114,-75.73785483575466
25.85550163665759,140.17470910633727,0.5041237857496973,-75.31932497892328
22.310021618279137,144.5912814117822,0.3550383896153014,-78.36259828934769
23.03094175247032,143.7500083223826,0.3839405082784326,-77.79160278674101
23.738690719974404,142.92467624404514,0.41147705839163073,-77.24799625011906
24.433211101877067,142.11564617621895,0.4377391532507465,-76.72966539234929
25.114465481718696,141.32314812492808,0.46280957418768975,-76.23473015597341
25.782438134007943,140.5473084825875,0.48676377624878453,-75.76151247159983
26.43713636299436,139.78816974043207,0.5096707777453803,-75.30850827901166
27.078591006193392,139.04570565772985,0.5315939083983859,-74.87436411546337
23.126015058040437,143.84179512369818,0.3762016269536821,-78.05429660295201
23.898529371943656,142.95195251543464,0.405751873260245,-77.46677963234184
24.65767226923318,142.07768713723848,0.4339015886151743,-76.90692696253673
25.403257107532067,141.2195860480147,0.46074323086403135,-76.37264035420957
26.135128873564412,140.37807764683242,0.48636095855087186,-75.86205163478535
26.85316589717235,139.55346177973013,0.5108316200940722,-75.37349202479736
27.557281099238715,138.7459317868144,0.5342256308508669,-74.90546454480751
28.247422246689595,137.9555917508,0.556607710318656,-74.45662090224258
23.905118432851776,143.11614906648558,0.3957175636215729,-77.76339290266024
24.72749599550573,142.17946323030938,0.42584705901974884,-77.16033725390757
25.536293340392138,141.25802261156474,0.45454276223602025,-76.58518418508555
26.3311876016357,140.35264380192262,0.48189845605083564,-76.03585326784514
27.111899889963,139.46395698404737,0.5079996613360137,-75.51049094346989
27.878197159507724,138.5924384820644,0.5329246087477625,-75.00744035229418
28.629893441789186,137.73843495163626,0.5567451020603317,-74.52521408512195
29.36684988712202,136.902182588938,0.5795272433408297,-74.06247134101937
24.651011461482604,142.41282115590394,0.41381192044374243,-77.48773690865517
25.521604780594142,141.43093040685704,0.4444615354464316,-76.8699987465023
26.378390533126538,140.46399297745637,0.47364557613455993,-76.28037248324924
27.220904672934406,139.5130563234815,0.5014592061089232,-75.71679579424537
28.048738782020298,138.5789555445022,0.5279892826707082,-75.17743284006083
28.86154406178632,137.6623455884577,0.5533154165616345,-74.66064096972325
29.659032243813556,136.76372793032397,0.5775107989780426,-74.16494449215426
30.440975436310946,135.8834716504397,0.6006429136309054,-73.68901207980691
25.366784095251685,141.73044133061964,0.4306683664256475,-77.22557273881395
26.28402186082031,140.70490469977412,0.461786847887015,-76.59390800075064
27.187200742524624,139.6940727581484,0.4914093968162245,-75.99053807165
28.075709261372225,138.69922753830926,0.5196324949351125,-75.41342299778339
28.94900548468547,137.7214104442024,0.546544359872976,-74.86074605958538
29.806621475186027,136.76145635140512,0.572225986447563,-74.3308808108416
30.64816427723622,135.82002214915534,0.5967519572029338,-73.82236513121012
31.473315568449763,134.89760962510232,0.6201911402837218,-73.33387885333812
13.577962761019235,154.78199400309092,0.3413838223835241,-62.66745932679672
13.7674525145308,154.55147793649317,0.3630379837784892,-62.12781428850273
13.948020313563456,154.33047808618295,0.38343875676049527,-61.62587896204813
14.12034516855243,154.11849064281884,0.4026957147378995,-61.157710117469406
14.28503410804421,153.9150257671744,0.4209055333851201,-60.7199151729487
14.44263175387745,153.71961397223052,0.43815386194611144,-60.30955662366135
14.593628696595397,153.53180906014103,0.4545169139622912,-59.92407625594971
14.738468476794166,153.35118939884262,0.4700627804094367,-59.56123430387601
14.093566029257419,154.32522621131855,0.3672677725429471,-62.175978500606966
14.30198093382122,154.0806698030466,0.389767561024043,-61.61891412169146
14.500886244274765,153.84565929443514,0.4109791853943022,-61.100461966967785
14.690987256641822,153.61974093333455,0.4310141195818877,-60.61661406304818
14.872915688398502,153.4024640270281,0.44997081979827686,-60.16391640442918
15.047239675307265,153.19338927636147,0.4679366098428065,-59.739375822014864
15.214472179256845,152.9920935541502,0.484989276238097,-59.34038358434279
15.375078009242639,152.79817262198742,0.5011983863921627,-58.96465400222962
14.576208127807066,153.88177981437434,0.3908146360296593,-61.72554360427962
14.802864450632818,153.6237622371085,0.41407550222721745,-61.15287194399517
15.019472516876501,153.37529377800547,0.43601697932305067,-60.61961264490163
15.226759178014367,153.13597151855686,0.4567522252111086,-60.12169825067492
15.42537700261355,152.9053846440038,0.47638127592732155,-59.65562135106831
15.61591419587392,152.6831249655422,0.4949929437269582,-59.21834026344556
15.798902993958222,152.46879346197085,0.5126664155853092,-58.80720213460094
15.974826684662949,152.26200438185245,0.5294725753661036,-58.41988109025112
15.030405924756261,153.45092927761806,0.4124061668415274,-61.30958606096219
15.27467834991606,153.17997170584968,0.43635719057927463,-60.72281447072757
15.508405281086356,152.9185451893159,0.4589605209407246,-60.17616731679603
15.732331558179329,152.66629790631498,0.48033081252619403,-59.66552576378761
15.947127382330086,152.42285939102894,0.5005695193180185,-59.187335571034055
16.15339813210597,152.18785322402314,0.5197667917892893,-58.738512407655065
16.351692707998634,151.96090526586894,0.5380030779498196,-58.31636454722946
16.54251052094249,151.74164909419065,0.5553504487180653,-57.918530640852694
15.45975379087755,153.03197841964564,0.43233869186117296,-60.923010633300635
15.721066737220935,152.74855482384265,0.4569196071459682,-60.32340717251324
15.971372668544584,152.4746268673664,0.48012694611444245,-59.76456722703667
16.211431380847856,152.20989383276194,0.5020767172978421,-59.24232672611621
16.44192797493685,151.95402588512115,0.5228716596919428,-58.75309007314115
16.663482538175014,151.7066788386258,0.5426031385064946,-58.29373517557544
16.876658409981008,151.46750401697153,0.5613527480978625,-57.86153580851873
17.081969112419078,151.23615497879274,0.5791936398986783,-57.45409907631947
15.867165169586988,152.62426987956738,0.45084686103494176,-60.56178151141304
16.1449861340724,152.32881493536985,0.47600585645006205,-59.95042658118618
16.41136959262335,152.04280592548812,0.4997674380469278,-59.380412437815174
16.667087701189068,151.76599311986945,0.5222488493449131,-58.8475349553242
16.912838115205336,151.49808745692312,0.5435540035216478,-58.348161799921854
17.149253511957905,151.23877730195667,0.563775377489881,-57.87913724246914
17.376909753394628,150.98773987459657,0.5829956161796345,-57.437704254358756
17.596332737654674,150.74464921964224,0.6012888624973393,-57.0214417119957
16.255039180148955,152.22718854991092,0.46811963824969033,-60.222647500146465
16.54887327581098,151.92010359116642,0.4938117272991434,-59.60047142635702
16.830866517977285,151.62240304907513,0.5180843143139225,-59.02016048993266
17.1018011792845,151.33388797458673,0.5410557774185856,-58.47747492638933
17.3623854394744,151.0543101173499,0.5628311103647236,-57.96874960539189
17.613262728192144,150.7833905990197,0.5835038146810356,-57.49079868270737
17.85501976566762,150.52083285259263,0.6031575048603062,-57.04083748183444
18.08819331765991,150.26633179894688,0.6218672399096645,-56.616419487214884
16.625378507723223,151.84016169423816,0.4843114223928875,-59.9029505294158
16.93476395133012,151.5218193560115,0.5104972045564857,-59.270761876749965
17.231929078056112,151.2127901306019,0.5352429086166893,-58.680916959897125
17.517664323627464,150.9129255783851,0.5586679616327366,-58.1291441777266
17.792686620657655,150.62201821915772,0.5808783579818922,-57.61174899814676
18.057648545648608,150.3398220490748,0.6019685493765417,-57.12551849740435
18.31314622140531,150.0660669410797,0.6220230505825086,-56.667643072926744
18.55972596072568,149.8004689902602,0.6411177721935934,-56.23565326433203
14.081590219119734,154.11730862681645,0.3214526430135925,-65.17811705264596
14.298964750053115,153.8487579570661,0.3437030280519726,-64.63517925984958
14.506694779347677,153.59094822890856,0.36470393587361116,-64.12913788761732
14.705471918736805,153.34333190377788,0.3845618218052964,-63.656221838712796
14.895917970840133,153.10537512753402,0.4033708986608647,-63.21317273200627
15.078593771124673,152.87656461443058,0.42121485582908624,-62.797161310990546
15.254007102738882,152.65641111544448,0.43816835269618853,-62.405717146039834
15.42261932163473,152.44445104527043,0.4542982547488112,-62.036671987138924
14.632767298384694,153.63716909097266,0.34781640408389985,-64.70430120686993
14.871859023862983,153.35166105183802,0.37092757195753406,-64.1437352959332
15.100705002696277,153.07691987330094,0.3927546314288972,-63.62093875436591
15.320018046519468,152.81245721623802,0.41340589227052793,-63.1320770603985
15.530440306645044,152.55778573122336,0.4329772729082554,-62.673835936506066
15.732552514238568,152.31242841679997,0.45155407306126333,-62.24333503654484
15.926881827667703,152.07592412891688,0.4692124703846571,-61.83805721414788
16.113908411468604,151.8478308138613,0.4860207604978003,-61.45579146497961
15.149292886801973,153.17134747133366,0.37179942319570053,-64.26992384600865
15.409326311969489,152.86956396490208,0.39568370755425725,-63.693549411794294
15.65856628048279,152.57854297559436,0.41825277043105474,-63.15571230164467
15.897741737510014,152.29785604026424,0.4396165207981036,-62.65252527652531
16.12751108626307,152.02706318636058,0.4598723954707998,-62.18062564493965
16.348471251032375,151.76572478844886,0.47910713023291207,-61.737088686474266
16.561165415875333,151.51340902854685,0.4973982588639946,-61.319356578864245
16.766089520747048,151.2696966714737,0.5148153562540586,-60.92518101033783
15.63590520632192,152.71900145759147,0.3937918175849657,-63.868652846137685
15.916170267056051,152.40155797813566,0.4183758369401676,-63.27797621144669
16.18513902114554,152.09484849551362,0.44161635354795603,-62.72652043361596
16.44355277139139,151.7985046650949,0.4636247141754419,-62.21035238995577
16.69208275136089,151.51213446381612,0.48449972328038826,-61.72606710712289
16.93133897844676,151.2353364286962,0.5043294123077863,-61.270700996978405
17.161877852017653,150.96770898624501,0.5231925404350513,-60.84166051720806
17.384208537959307,150.7088567121017,0.541159840105815,-60.43666451909769
16.096373968027603,152.27934033681703,0.4140959893704052,-63.495577334183956
16.396216295699745,151.946798114416,0.4393174437948682,-62.89186535490931
16.68429777941367,151.62494182883103,0.46316946991807634,-62.327987234647495
16.961368893028226,151.31346329938827,0.485764720018453,-61.79996965236544
17.228110805664606,151.0120188084288,0.5072032425853603,-61.30437045798301
17.4851439995958,150.72024561664483,0.5275742495327191,-60.83819178266938
17.733035702823297,150.43777308704446,0.5469576181193017,-60.398808494491576
17.972306139131618,150.1642303755783,0.565425138357693,-59.9839103353922
16.53375421322593,151.85162904793785,0.43295104313,-63.146812700229844
16.852567665377673,151.50450393007327,0.4587564251611397,-62.53114416835474
17.159188706495602,151.1680008369813,0.48316844205352133,-61.95586279503237
17.4543742619066,150.84187165704157,0.5063009415077614,-61.41695985353661
17.738812960389858,150.52582117421113,0.528255113126984,-60.91096032369947
18.01313349740455,150.2195257645532,0.5491212533376871,-60.43483592805495
18.27791188219491,149.92264624663832,0.5689802680349336,-59.98593343358113
18.53367753487631,149.63483695416926,0.5879049214176062,-59.56191662266832
16.950561274316204,151.43518774225203,0.45054927617488877,-62.81923278188639
17.287781823420765,151.0739569724671,0.47689216774680954,-62.19253629944883
17.61240695046438,150.72327143764792,0.5018194577091659,-61.606729168469656
17.925197688996565,150.38294289936158,0.5254460963696999,-61.057771342309486
18.226847990319726,150.05272471985234,0.5478743276392628,-60.54215860498756
18.517992816889542,149.73233265241876,0.5691954514838609,-60.05683557610729
18.79921518797184,149.42145935576025,0.5894913269166956,-59.5991239015354
19.071052108664983,149.1197848034624,0.6088356218828354,-59.16666409605125
17.348894536061398,151.02938917836858,0.46704762110442866,-62.51028405258908
17.703995223586755,150.65449669977417,0.49388740089856986,-61.87336651719574
18.046122347434526,150.29006221542292,0.5192908126482635,-61.277796351702996
18.37603901394063,149.9359570910903,0.5433738301407636,-60.71950570667904
18.694442637788267,149.59198325332417,0.5662396775582413,-60.19496433577075
19.001972753739395,149.2578959935711,0.5879805893118796,-59.701092605546755
19.29921784790247,148.93342008895544,0.6086793130599174,-59.23518961136652
19.586721106226168,148.618261506939,0.6284103603199593,-58.79487492370939
14.615475130073506,153.41270685862693,0.30496063819167996,-67.72093936672452
14.864720181980733,153.1014865104429,0.327829464735663,-67.17753972716321
15.103653436673833,152.80219302697643,0.3494535258430188,-66.66992394103276
15.332963956816645,152.51425129370878,0.3699360274923354,-66.19452552233079
15.553275026260623,152.23709700504605,0.3893685738610975,-65.74825208828813
15.765152103825072,151.97018472019877,0.4078327618808431,-65.3284099728607
15.969110070760577,151.7129921236847,0.4254015771649433,-64.93264014109583
16.165619319096695,151.4650222247474,0.4421405525592042,-64.55886632925028
15.205259201661779,152.90526021005599,0.33181749625809076,-67.26543815197115
15.479442464196168,152.57370967025528,0.3555629694436079,-66.70419677356682
15.742713978202431,152.25409314846758,0.37802905067087783,-66.17956966787861
15.995776633095762,151.94590609309142,0.399320723447008,-65.6879345491911
16.239267677984905,151.64864034127035,0.41953123172782414,-65.22614950333971
16.473766973456478,151.36179490625727,0.4387437270054734,-64.79147510031594
16.699804065624154,151.08488248957374,0.4570326663593674,-64.38151006077241
16.917864134869188,150.81743346425282,0.47446497390845854,-63.99413913428583
15.758602354019075,152.4132798339656,0.35624320860106207,-66.84762126490395
16.056844071970204,152.06219816967203,0.3807743003814249,-66.2703501705343
16.343631953286472,151.72302358229769,0.40399479709280944,-65.7304228644401
16.61967737074321,151.39532285639163,0.426011219327925,-65.22417125466265
16.885627173519946,151.07864499857314,0.4469182769358232,-64.74841078728991
17.142071647654333,150.77253475740056,0.4668005135935935,-64.30036250175772
17.389551382558416,150.47654128237255,0.48573370630614965,-63.877588519894424
17.628563048545665,150.19022381678354,0.5037860290641575,-63.47793972570887
16.280470369204984,151.93579396156218,0.3786370800949791,-66.46141988453307
16.601963567793696,151.56590473505696,0.40387769194372863,-65.86961801704109
16.911508794586126,151.20786882373403,0.42777925603447853,-65.31580843521131
17.209821928863075,150.86132466016056,0.450449680918816,-64.79628347626091
17.49755578309449,150.52587911020962,0.4719850026110509,-64.30782159401399
17.775307748200067,150.20112359164253,0.49247102646971425,-63.847609408935405
18.043626427094377,149.88664478531658,0.5119847275947224,-63.413177076289266
18.30301721688784,149.5820319701346,0.5305954161267845,-63.00234581857349
16.774813247594388,151.4719075921497,0.3993082223070018,-66.10213326091691
17.118812956281992,151.08387242680678,0.4251938219799939,-65.49706066305639
17.450411019483226,150.70761555275752,0.44971420746283336,-64.93056117903514
17.770324472577745,150.34284714553027,0.47297855323330545,-64.39889276248898
18.079209020005546,149.9892323770713,0.4950841071280874,-63.89880157701483
18.377666348283263,149.6464100123977,0.5161178293796771,-63.42744408304065
18.6662505074021,149.31400508717604,0.5361577934506879,-62.98232233119581
18.94547327902234,148.9916378231773,0.5552743525067115,-62.561231389221795
17.24483171992294,151.02080012518138,0.4185007649584963,-65.7660469850968
17.61064668484304,150.61522867769395,0.44497598587624065,-65.14877635521682
17.963640704510045,150.22134364506192,0.4700617558318875,-64.57060240083277
18.304529114338468,149.8389268869015,0.4938684138443706,-64.02775306502626
18.63396788756999,149.4677021491261,0.5164943245768211,-63.516946188630804
18.952560603959828,149.1073560292861,0.5380275143907345,-63.035311668337684
19.260864564451328,148.7575525423428,0.5585470722273947,-62.580326713270466
19.559395930695388,148.41794356029447,0.5781243168598033,-62.14976320100567
17.693160838552515,150.58172050253484,0.436410853023116,-65.45017458760113
18.080146745836185,150.15917809804125,0.463427711171621,-64.82162919733139
18.45392177416454,149.74821692463092,0.48903253189308277,-64.23265503564029
18.81519710017582,149.34869035657735,0.5133367334348261,-63.67945376370322
19.16462670441552,148.96038084738956,0.5364397173508992,-63.158718285540935
19.502813987271285,148.58302316419005,0.5584305014468821,-62.66755500569057
19.83031760577752,148.21632077021644,0.5793891203740597,-62.20341908059395
20.147656372792888,147.8599577369584,0.5993877933224381,-61.764061732693015
18.12199979029713,150.15398145724348,0.453198423964586,-65.15207854770334
18.52955367299683,149.71499507966507,0.4807149664208882,-64.51306071449167
18.923531946136215,149.2874743235449,0.5067983127262234,-63.91404631462671
19.30463949316086,148.87134382801744,0.5315608877841571,-63.35121393786412
19.67352633700656,148.466444785325,0.5551030620379925,-62.82123446958948
20.03079389758864,148.07256035307455,0.5775147811939612,-62.32119347153339
20.377000542171675,147.68943378791215,0.598876966234913,-61.84852645448373
20.712666234807365,147.31678178268544,0.6192626812636541,-61.40096617488754
15.174890679114093,152.67513889789115,0.2919064036207672,-70.26052142474202
15.460084113202573,152.31666048707598,0.3154114883204252,-69.71982435834035
15.734402241222853,151.97119819303495,0.33767710625940156,-69.21348326054508
15.998512613516137,151.63816993933983,0.3588030970855598,-68.73817159253677
16.25302305472508,151.31699914229702,0.37887834469000237,-68.29099376383603
16.498488527899998,151.00712422889524,0.397982248898672,-67.8694185812771
16.73541753645863,150.7080039339406,0.4161860249478438,-67.47122193829155
16.9642775136616,150.4191202868629,0.4335537849393039,-67.0944402174728
15.805979513218855,152.13675911637415,0.3192452032786828,-69.82384234249221
16.119779069121268,151.75410353933464,0.3436435735956491,-69.26507894489923
16.422125059588765,151.38443176041332,0.3667676401547355,-68.74145021510421
16.7136888992118,151.02724649609297,0.38871895110164195,-68.24958243191864
16.995083546658407,150.6820396325189,0.4095879720295081,-67.78653774160985
17.26687057745468,150.34830472113464,0.429455609278489,-67.34974534512281
17.529566310775376,150.02554473703782,0.448394510419909,-66.9369441262361
17.783646966194485,149.71327703049684,0.46647014757666305,-66.5461359435375
16.398749180753317,151.6151362337537,0.34409830249296774,-69.42295228803252
16.740157560997744,151.20923444161485,0.3692952748159936,-68.84791624509826
17.06959582459457,150.81624672160535,0.3931864251528534,-68.30869738038609
17.387733609763288,150.43576147992263,0.41587478397887534,-67.8018839978504
17.695184347297573,150.06734028652056,0.43745223792565674,-67.32450223703137
17.992511940265928,149.71053332738157,0.4580010494802799,-66.87394740602016
18.280236591516744,149.36488950138622,0.4775951579192161,-66.44792659608474
18.558839703542223,149.02996324903287,0.49630126390182067,-66.04441190855002
16.958398047035093,151.10915779487377,0.36687484137311005,-69.0520774879612
17.32649833552157,150.68085573151063,0.3927913604182701,-68.46225194731504
17.682162337166154,150.26536926607426,0.4173732011850312,-67.90884897295227
18.026053708759186,149.8623729057583,0.44072473938932943,-67.38842449162831
18.35878246676136,149.47149874894112,0.4629391539907193,-66.89797376480887
18.68091126225461,149.09235473912787,0.4840999432135671,-66.43486289508859
18.9929608927799,148.72453698997214,0.5042822254563001,-65.99677146493133
19.295414927927393,148.36763841200926,0.5235538246645725,-65.58164573472379
17.489060664136257,150.6178153399625,0.38789119244486264,-68.70675062648505
17.883004528533395,150.16788893088923,0.414460296243602,-68.10338215469731
18.264087748714616,149.7306575181686,0.4396680775315566,-67.53697724437703
18.632964451577394,149.30588189063758,0.4636201453961697,-67.004064103105
18.99023795253246,148.89326525393875,0.486410866161411,-66.50161138665948
19.336466619720053,148.4924741467219,0.5081248756416806,-66.02695990051235
19.672169059215246,148.10315289405244,0.5288383796162234,-65.57776529282972
19.99782845372429,147.72493396026883,0.5486202395601374,-65.15195125300914
17.994087185113024,150.14019499234962,0.40739698921049367,-68.38344496353758
18.413085783421177,149.6693612091723,0.43456128837384084,-67.76759484671523
18.818834262945618,149.211084927477,0.46033948853853596,-67.18919481628286
19.211974188935546,148.76521323530082,0.4848383395299658,-66.6447492893995
19.59309936366082,148.33152082811824,0.508153308178984,-66.13120392368877
19.962761277889083,147.90973346115223,0.53037008670962,-65.64587753075034
20.321473962332718,147.49954444058017,0.5515658924207957,-65.18640484779816
20.669718030226033,147.10062663706097,0.5718105534072718,-64.75068976062967
18.476235738826436,149.67546777475758,0.4255926453171765,-68.07932704084092
18.919552284252227,149.18439313201876,0.45330245342205416,-67.45190895045866
19.34925844720567,148.70572579212381,0.4796029849515884,-66.86238088151937
19.76598061447926,148.23939904220143,0.5046020528251307,-66.30722681272306
20.170300646439017,147.7852593015712,0.5283961516225629,-65.78337248495345
20.562760916550612,147.34309199544325,0.5510719620034774,-65.28811754008031
20.943868824678912,146.912640001344,0.5727076492756644,-64.81907839109901
21.31410053674653,146.4936172635686,0.5933739487878715,-64.37414148927789
18.937808396389595,149.2228804393303,0.4426414767814036,-67.79208564555204
19.40475202076158,148.71218767917512,0.4708533950714593,-67.15389387930125
19.85774952109871,148.21374270634908,0.49763424456582867,-66.55399183899381
20.29740982823942,147.72756482035135,0.5230928355262909,-65.98884595321546
20.72430074714243,147.25357228321312,0.5473266287011613,-65.45536470437334
21.13895358719741,146.79161050980963,0.5704232356712622,-64.95083100316712
21.54186733492954,146.34147239398666,0.5924617160191236,-64.47284517351198
21.93351208566839,145.9029134692896,0.6135136621212806,-64.01927828026723
15.753248951296946,151.91440179080794,0.28207538452144215,-72.76192870972729
16.078388770818986,151.50431576082036,0.30623050097764903,-72.22729085232375
16.39224797003405,151.10817397987643,0.3291518108456325,-71.72526962351783
16.695450567768866,150.72541209618157,0.35093570474886426,-71.25280949423953
16.988568790485527,150.35546354059014,0.371668262607649,-70.80723939066392
17.27212872541937,149.99777072132346,0.3914266054334642,-70.38621530261302
17.546615760646574,149.65179154662678,0.41028010044312024,-69.98767008674767
17.812479160519352,149.31700337380036,0.42829136669913404,-69.60977243933358
16.427877157754956,151.34190028940418,0.30987380516190577,-72.34437652138341
16.785739390533816,150.90331404494802,0.33493956973950795,-71.79143390181044
17.131790637840826,150.47857398590057,0.3587362322619892,-71.27182422530996
17.466645923157078,150.06721794577763,0.381361826967146,-70.78245436599894
17.7908709617751,149.66876320499532,0.4029039623275184,-70.32061917145154
18.104987961574317,149.28272087732176,0.4234412235279858,-69.883942058748
18.409480705103814,148.90860508520512,0.44304437734317104,-69.47032493567055
18.70479881176607,148.54593904343835,0.4617773784942158,-69.0779072103145
17.06224176203323,150.78756498535668,0.3351301078521572,-71.96059273233688
17.45169812450619,150.3215561733872,0.36100788912685666,-71.39110866626868
17.828877787586794,149.8692557447002,0.38558447505436433,-70.85558297727982
18.194380785409383,149.43030480434493,0.4089593311702988,-70.35089330873672
18.548761298060406,149.00430595520822,0.4312214471039602,-69.87430602274455
18.89253298849605,148.59084083336467,0.45245073416305553,-69.42341713174929
19.22617371643507,148.1894817912258,0.47271922948637934,-68.99610236234945
19.550129473809555,147.7998000115771,0.4920921025890681,-68.59047622898194
17.66177621755964,150.25013415141908,0.35826367477540405,-71.6051276795165
18.08178646219973,149.75768573510598,0.3848712197776845,-71.02056018189586
18.48910599959763,149.27877841871089,0.4101480411772243,-70.47050375150046
18.884315373343867,148.81315716271396,0.43419491074083083,-69.95181173770588
19.267953016932196,148.36051097223427,0.45710208180539375,-69.46172660689288
19.64052013163359,147.9204934004292,0.4789506819497708,-68.99782121308057
20.002485028484468,147.4927366094811,0.499813915987816,-68.55794902280363
20.35428672929394,147.07686142101363,0.5197580722407004,-68.1402032738819
18.230801953747296,149.72847857654483,0.37959848434272075,-71.27376860001252
18.68040112134821,149.21049519016745,0.40686620093904163,-70.67534342655388
19.116937490789226,148.705863970376,0.43277579807338806,-70.11192131813117
19.54096829103272,148.2144340812837,0.4574292522381115,-69.58033544243251
19.95301262541931,147.73598172642963,0.480917985315236,-69.07780819903739
20.353555899624244,147.27023345764434,0.5033242522746808,-68.60189283018195
20.74305379235079,146.81688249657142,0.5247223426120521,-68.15042382056852
21.12193551803348,146.3756006364311,0.545179585940327,-67.72147615758163
18.772820742072476,149.221584766422,0.3993899689744317,-70.96319210051877
19.251109313134542,148.67890483079339,0.4272582770831223,-70.3519533227201
19.715997036937466,148.14937264054262,0.45374287261004964,-69.77615831770991
20.168014536734248,147.6329417443714,0.47894685327601205,-69.23262354468397
20.607658500269974,147.12947612867282,0.5029627313617588,-68.71855457506048
21.03539566973315,146.63877618479674,0.5258738163409454,-68.23148804270265
21.45166644462248,146.1605971847536,0.547755414401445,-67.76924222905069
21.85688780482889,145.6946629571792,0.5686758329883213,-67.32987643760673
19.290715885551947,148.72854020310967,0.41784306505664903,-70.67072959257327
19.79685172260247,148.16194525696136,0.44626043448782843,-70.04757667238191
20.289276298481568,147.60828305046797,0.47327004458131267,-69.46026441716131
20.76849076924696,147.0676115752342,0.498976044848807,-68.90559554574695
21.234966726356568,146.53988302128232,0.523471973087325,-68.38076157308933
21.689149762262257,146.02497226899771,0.546842132835637,-67.88328509792106
22.131462710750736,145.5226974222276,0.5691627906456639,-67.41097058092312
22.562308230706517,145.03283518830955,0.5905031792382913,-66.96186384356369
19.786894357396214,148.24852059878626,0.4351246865843031,-70.39420528511941
20.320086050628625,147.65874266022564,0.46404615324129034,-69.7599208339725
20.839278443755454,147.08167580655316,0.4915371572146027,-69.16183616233091
21.34494071785615,146.51748243739402,0.5177028415387276,-68.59674281101495
21.83751702340142,145.96620323633715,0.5426377151632267,-68.06182063460108
22.317429636118895,145.42778806546207,0.5664270251042085,-67.5545804235116
22.785081841200487,144.90211846749585,0.5891479511718006,-67.07281488083807
23.240860178997078,144.38902468605121,0.6108706073943585,-66.61455825347853
16.342511953050696,151.14224203796365,0.275144121876166,-75.19198535468975
16.71131718084055,150.67665020727588,0.29995865709158015,-74.66677982180143
17.06865015652335,150.22570427065554,0.32354520677558146,-74.17216163231996
17.4150675215806,149.78888500559256,0.3459966552848077,-73.70537058160144
17.751083532288877,149.36566121673744,0.3673962152006644,-73.2639826490749
18.077174495577964,148.95550270248114,0.38781866341826116,-72.84586173692713
18.393783224873513,148.55788809697992,0.4073314549152008,-72.44911665874085
18.70132276287786,148.17230988092984,0.4259956545710191,-72.07206578448766
17.06235008686678,150.53296131273763,0.3033772993395512,-74.79361117438235
17.468423646465826,150.0340898798314,0.32912036306784354,-74.24984502663634
17.862574077273518,149.5496691657718,0.3535994133500476,-73.73730829895575
18.245333074389293,149.07930286445617,0.3769089121094693,-73.25321363310668
18.61719363598707,148.6225623436278,0.39913354801900824,-72.79511197494308
18.978614635292317,148.17900295963068,0.4203495222265405,-72.36084254942155
19.33002487358062,147.74817470354472,0.44062566041829854,-71.94849012886176
19.671826438396472,147.3296294867821,0.4600243440042989,-71.5563498502746
17.7399440801477,149.9433459129193,0.32901159646727607,-74.42688350818521
18.182013716282004,149.41243358990306,0.3555803310919288,-73.86627709430766
18.611775536403808,148.8957362611588,0.3808520961247224,-73.33745712937547
19.02972982577856,148.3929819438326,0.4049227324455048,-72.83761659710748
19.436342811390098,147.903846437797,0.42787827102968085,-72.36428633547843
19.832050753089586,147.42797292311167,0.449796212190576,-71.91528551249013
20.21726360283054,146.96498523759595,0.470746635474891,-71.48867917596793
20.592368000127706,146.51449731143643,0.49079312970236466,-71.08274325211872
18.380961161937947,149.37197955690377,0.35247680182938523,-74.08670179189143
18.857850105259434,148.81016079919155,0.3797855257394009,-73.51067831660943
19.322097955020553,148.2622928420851,0.4057667825791571,-72.96693040168009
19.774168656794938,147.7282289247973,0.4305176794848875,-72.45263565008071
20.214496989987023,147.20775074282201,0.4541254841907166,-71.96530884461293
20.643492205384472,146.70059111505844,0.476668897786761,-71.5027529042922
21.061541304773755,146.2064497377661,0.4982191620065103,-71.06301671498497
21.469011679980095,145.72500465487488,0.5188409876532176,-70.64436031472356
18.98990893449819,148.81760760734767,0.37410464629430457,-73.76912574479914
19.500522335659657,148.22593021208394,0.4020809442597332,-73.17888263527495
19.998201614090434,147.64792014774775,0.42870132453660514,-72.62134762178152
20.48337013193727,147.0835565436816,0.45406407001072213,-72.0936864991128
20.956427193724476,146.53272815819096,0.47825760070934004,-71.59340138683719
21.417751260371034,145.99525892342174,0.5013617400034087,-71.11828214719868
21.867702866397142,145.47092603562726,0.5234488188662322,-70.6663644940524
22.306626911599587,144.95947335876113,0.5445846022494261,-70.2358953680164
19.57044051530337,148.27911275546603,0.39415648954400984,-73.47104847415723
20.113754937573635,147.65855093724366,0.4227384288653007,-72.86760671562631
20.643873533279937,147.05136089452887,0.44993773465043563,-72.29725787504505
21.161175380838213,146.45764814782166,0.4758537920485628,-71.75715896625893
21.66602080271174,145.87740945797685,0.5005761050433557,-71.24480232538237
22.158754187450008,145.31056107483948,0.5241855559771262,-70.75796747200377
22.63970656340088,144.75695903670007,0.5467555063769524,-70.29467949254884
23.109197553516147,144.2164144143842,0.5683527208673659,-69.85317460654974
20.125564422253873,147.75549513042432,0.41284190167901347,-73.18997610336257
20.700619232398115,147.10695962205898,0.44197597204631356,-72.57421635365448
21.26224063074993,146.47149392611993,0.46970218625378196,-71.99189368578196
21.81076015470317,145.84933032745022,0.49612097154660806,-71.4401589293856
22.346496066544102,145.24057434590338,0.5213228601144866,-70.91649711179373
22.869755815625286,144.64523553017614,0.5453897417803162,-70.41867974512346
23.380838288223654,144.06324985069693,0.5683959609991862,-69.94472347925118
23.880035436494193,143.49449670006547,0.590409237917573,-69.49285585914275
20.657792800692256,147.24585590972058,0.4303314896155051,-72.92387575228013
21.26368305011856,146.57020195324486,0.4599710465341289,-72.29656534795797
21.855920553351222,145.90731395294617,0.48817882748251096,-71.70300123921001
22.434786420100863,145.2575512274865,0.5150562522287876,-71.14033032242679
23.000554137493037,144.62112865769151,0.5406948353963126,-70.6060324646793
23.553491704358986,143.9981498805134,0.5651774321291299,-70.09787320003673
24.093863576874593,143.38863166972752,0.5885793308850166,-69.61386264664847
24.621931982516607,142.79252261643995,0.6109691712729727,-69.15222145408912
16.93375212024451,150.37130567715573,0.270748081605951,-77.52054808852027
17.34945083018202,149.84698099709394,0.29622593263656577,-77.00797037281689
17.753749366155468,149.33771808524858,0.32048161699671235,-76.52370024141644
18.147113032489717,148.84307108600365,0.3436044731529729,-76.06528831599044
18.529974956307317,148.36257102609528,0.3656747963674078,-75.63057312394942
18.902739436753382,147.89574049807143,0.3867649643091269,-75.21764158043526
19.265785512033002,147.4421027899369,0.4069404634026979,-74.82479295298728
19.619469891804723,147.00118795190735,0.4262607495164468,-74.45050905859468
17.699820868381213,149.72321612036993,0.2993915939395418,-77.14112350024067
18.1577215669341,149.1604208266124,0.3258160364569815,-76.6097091957599
18.603886542907436,148.61235972557938,0.35098126307637456,-76.10715772814338
19.038737065358752,148.07873397159892,0.3749781164564322,-75.6310036659826
19.462666980564805,147.5591993662613,0.3978883109008084,-75.17907027588178
19.876046258242273,147.05338446164737,0.4197856065562598,-74.7494284765909
20.279224170770185,146.56090258032924,0.4407368323106327,-74.34036121704375
20.672531859214295,146.08136024459563,0.46080274422522716,-73.95033396033509
18.42166189998769,149.09635030367141,0.32538007482574627,-76.79115464531672
18.920336484598796,148.49649742252228,0.3526437812271668,-76.24256874342264
19.40700557555005,147.91101189285533,0.3786141487488558,-75.7233221366471
19.88203927168485,147.33974383029036,0.4033833394495381,-75.23093997244445
20.345785920744905,146.78247630738338,0.4270343672880522,-74.7632345434222
20.79857524681667,146.23894678561183,0.44964226392420836,-74.31826487154615
21.240721177676733,145.7088618173798,0.47127509768277975,-73.89430147939203
21.672524068254674,145.1919076834814,0.49199482919097887,-73.48979715171679
19.10517052180672,148.48913562482429,0.3491536831155945,-76.46590933708507
19.643293326613406,147.85352476515712,0.3771673406818497,-75.9015308197018
20.169189804476108,147.23188928411116,0.40385587859998257,-75.36690535455064
20.683173303363372,146.62422970980646,0.4293126788263273,-74.85955231979841
21.185541300569817,146.03045847616312,0.45362196253595066,-74.37727658168376
21.676578169419784,145.45042442966133,0.4768599474990411,-73.9181286660058
22.156557694370186,144.88393002536714,0.49909586261894007,-73.48036990296993
22.625744978958604,144.3307440332574,0.5203928002466773,-73.06244345622102
19.75503631687033,147.90019021743862,0.371051891977735,-76.16173332711888
20.331369925047248,147.23002622109735,0.39974009363419655,-75.5827240746732
20.895292625521616,146.5734312026526,0.4270733503377373,-75.03382956436334
21.447056118228247,145.9305573373135,0.4531461856412093,-74.51256647405148
21.98690230331015,145.30144820413648,0.4780439556996714,-74.01673523316501
22.515065746627826,144.68606613745527,0.5018439980949254,-73.5443807426527
23.031775924079913,144.08431174626494,0.5246166414497545,-73.09375787437011
23.537258842509154,143.49603856306422,0.5464260539015856,-72.66330275697545
20.375060639014052,147.32829116170103,0.39134199098425887,-75.87574596074346
20.98844486253903,146.6246979962123,0.4206403105688563,-75.28309831988291
21.589259782496093,145.9342612893915,0.44855552425279355,-74.72088337093184
22.17769110403205,145.2572859323522,0.47518323521175093,-74.18661771058632
22.753920988409366,144.59394818439264,0.5006098778410887,-73.6780998888279
23.31813027717994,143.94432565924646,0.5249138578327674,-73.19337164172343
23.87050050766599,143.30841901224082,0.5481665563512049,-72.73068372686856
24.411215275387118,142.68616841700592,0.5704331741599974,-72.28846745531543
20.96837490933371,146.77234946478455,0.4102381921577438,-75.60563521014888
21.617717738306126,146.03638098743178,0.44009102167742636,-75.00020676984379
22.254350992079868,145.31315683015023,0.4685340247626459,-74.42549187433957
22.87839049380769,144.6031355302897,0.49566383504365047,-73.87900930353459
23.48995496673301,143.90662734783115,0.5215679205106409,-73.35855794312238
24.089168076294918,143.22382669416447,0.5463257145901146,-72.86217849724541
24.67616025813854,142.55483584484327,0.570009614373908,-72.3881196420821
25.251069849696872,141.89968314023946,0.5926858198824855,-71.93480979293017
21.537594733538974,146.23139004020848,0.42791480509587193,-75.34951642482336
22.221864836885207,145.46403853893926,0.4582737216616652,-74.73205599245685
22.893296722035966,144.70902470505627,0.48719735606644193,-74.14555824451773
23.551932838815176,143.96696152773802,0.5147833334063496,-73.58754612328275
24.19782517773363,143.23829439345434,0.5411201201971197,-73.05582078898044
24.831037187957758,142.5233357804784,0.5662881461100523,-72.54842378153175
25.45164545783263,141.8222908672577,0.5903607957701675,-72.06360347495294
26.059740641450286,141.13527736309237,0.6134052426510501,-71.59978706879518
17.51772970077325,149.6142080958576,0.2685160088212093,-79.72170604484447
17.98285399131979,149.02880072803475,0.2946541819658592,-79.22458596980456
18.436951370383053,148.45853959404093,0.31957588522776204,-78.75329847365332
18.88037370639675,147.90307908846825,0.3433668853000863,-78.30571042225023
19.31345081246987,147.36203886232803,0.36610451942912664,-77.87993008458255
19.73649297742333,146.83502001200702,0.387858717193259,-77.47427565519313
20.14979386447017,146.32161532679396,0.40869294432305225,-77.0872457267948
20.55363282834137,145.82141628388248,0.4286649956881706,-76.71749470814619
18.330333628651843,148.9260016994705,0.29754571347294506,-79.36072369523941
18.84291539791702,148.29659154402492,0.32464832166526414,-78.84447024778682
19.344288244109364,147.68183031161482,0.3504961000244927,-78.35450513061225
19.834737895742915,147.08154671106362,0.3751762322142595,-77.88869063395973
20.314533554242242,146.49551089526466,0.3987674073397842,-77.4451300608203
20.783930776556417,145.92345403100597,0.4213408891678632,-77.02213493297073
21.243174083392336,145.36508143192194,0.4429614544961111,-76.6181959735504
21.692498979950855,144.8200819259727,0.46368818198730516,-76.23195889689143
19.09675633962875,148.26060528030754,0.3238655559629737,-79.02697562555542
19.65520153181264,147.5887910638408,0.3518206139470902,-78.49318701203742
20.20231867962712,146.9310931189758,0.3784852471396897,-77.98607023255565
20.738319255579235,146.2875173029678,0.40394788587815106,-77.50348882021733
21.263404599601376,145.65798774193775,0.42828846746757926,-77.04354482775528
21.77776854849661,145.0423696589086,0.45157949481926674,-76.60454674763862
22.28159982721476,144.44048513718343,0.4738869688104631,-76.18498096309199
22.775083828849763,143.85212466766944,0.49527117233434736,-75.7834878823848
19.823111254136535,147.61629165702809,0.347925863361946,-78.7161102334041
20.425934407841243,146.90355025022234,0.3766402719044185,-78.16611263987083
21.01735416195157,146.20437353819887,0.40403087647786284,-77.64311321472961
21.597501170241532,145.51894688238863,0.4301872691948568,-77.1449798327741
22.166502502255646,144.84735145744995,0.45519055809988435,-76.66981640770119
22.724484120243503,144.18959003039728,0.4791144151242045,-76.21593146188522
23.271573129785825,143.54560512208045,0.5020260018339392,-75.78181000741647
23.80789937685507,142.91529255879732,0.5239867480334381,-75.36608999867818
20.514262347179812,146.99155282214912,0.3700737148225267,-78.42476749892154
21.160072043246323,146.23925868535716,0.3994689466044703,-77.85968078224488
21.794432397189762,145.4999710938289,0.4275088540585284,-77.32187136463223
22.417387353139812,144.77405707182058,0.4542841268426833,-76.80921410010976
23.028983982667885,144.06175759685428,0.47987698602364276,-76.31981741959518
23.629274910697916,143.36321604886012,0.5043622211024122,-75.85199249219232
24.21832050269182,142.6784985568304,0.5278081085154163,-75.40422550032142
24.79619033672394,142.00760939443694,0.5502771841100361,-74.97515438558604
21.174153337116557,146.38506087285626,0.39058223428805977,-78.15029860830667
21.861640858772237,145.59450057224936,0.42059126404747754,-77.57108158531919
22.537651213192273,144.81639159754783,0.4492150416253251,-77.01938161383428
23.20213630327472,144.0512846244502,0.47654530597933303,-76.49308280979115
23.855058055871435,143.2995829028908,0.5026653486416295,-75.99030042507255
24.496390897737026,142.56157311730777,0.5276510394953522,-75.50935054711852
25.126123955859615,141.83744772275003,0.5515717373054805,-75.04872273432925
25.744262460969935,141.12732203831524,0.5744910553962295,-74.60705703128158
21.80603395060309,145.79563798829474,0.4096702061914651,-77.89057726991686
22.533964254384188,144.9680210357035,0.440235263490148,-77.29806009135491
23.250398101581712,144.15231134922945,0.4693864868052063,-76.7332679947111
23.955191456436104,143.3492437552667,0.49721669344011254,-76.19409426274318
24.648216154081904,142.55938641870964,0.5238101931016994,-75.6786636909543
25.329364105346016,141.78317166430483,0.5492439098291281,-75.18529927997413
25.9985492688947,141.02092056438946,0.5735882623096684,-74.71249589848489
26.655709039696884,140.27286159743477,0.5969079220349734,-74.25889754490498
22.412619622083927,145.2222328653832,0.42751559028023495,-77.64386978839235
23.179822640816475,144.35870201069815,0.4585863824227026,-77.03878070615819
23.93551255960847,143.50654946212777,0.48821603231997235,-76.4615953173443
24.679444097135807,142.66669714452627,0.5164983459836792,-75.9102199163829
25.411395137452672,141.83987964442014,0.5435186510994034,-75.38278994796173
26.13117125995805,141.02667691839196,0.5693549081444526,-74.87763709338635
26.83860785494171,140.22754053756447,0.594078581063685,-74.39326324118234
27.53357154623661,139.44281379161023,0.6177553871488392,-73.92831797340257
12.4698595781951,156.31143465768318,0.3459629904853893,-62.7105659625927
12.63422455511227,156.11013752117893,0.3674016972959785,-62.178620618528846
12.790706335707384,155.91708992395857,0.3876036939777323,-61.68385374311262
12.939918306446188,155.73187004526486,0.4066775198047785,-61.22237178275524
13.082407545026356,155.55406296087668,0.4247188741727506,-60.790825653299436
13.21866376140027,155.38326776954975,0.4418124889066281,-60.38631609441487
13.34912711740537,155.21910120732218,0.4580337177943885,-60.006318675720806
13.47419473070609,155.06119951250204,0.47344984765266684,-59.648623603803706
12.922537594662469,155.9131814178784,0.3724963980525641,-62.22103066433264
13.103082974955495,155.7007828797238,0.3947789715702661,-61.67171851093646
13.275229028102922,155.49658918508894,0.41579056419615124,-61.160486522782065
13.439614026719042,155.3002293000899,0.43564157938024417,-60.68337611328507
13.596808159415136,155.11132854914197,0.45442946206242135,-60.23697656027481
13.74732294743671,154.929517595268,0.4722405850791826,-59.81833278575683
13.891619136471572,154.75443782199054,0.48915184321753763,-59.42486973611259
14.030113271748494,154.58574458059607,0.5052319693709576,-59.054331627024496
13.345915288209147,155.5252298024235,0.3967061392393049,-61.772104936413584
13.542043896130489,155.30222773690224,0.4197499473913496,-61.20722662867945
13.729300814528935,155.08736358623875,0.44149204088211,-60.6812288407909
13.908344966346984,154.8803175151119,0.4620444694500744,-60.190093099469195
14.079766256922198,154.68075548579478,0.4815062218689503,-59.73035495645777
14.244094972260847,154.48834033452576,0.49996512503045937,-59.299010575180326
14.401809701647059,154.30273884190916,0.5174994414568682,-58.89344059604186
14.55334394815776,154.12362630617275,0.5341791895141793,-58.511348913959175
13.744044471564244,155.14708128873428,0.4189652493751357,-61.35731936544375
13.955214005478851,154.91391743783183,0.44270087603527264,-60.77837602827048
14.157076608351105,154.68880680574782,0.4651069670549982,-60.23902622206597
14.350308695694329,154.47148070476854,0.48629703016067133,-59.735199590272394
14.535517039412206,154.26164592112036,0.5063714349942104,-59.2633844575277
14.713248124785,154.05899786204085,0.5254193113107728,-58.82053402928671
14.883996071118665,153.86322924296005,0.5435201491135967,-58.40398983281566
15.048209249183152,153.6740359352538,0.5607451221076424,-58.01142010466967
14.120147163535808,154.7782513222494,0.4395636161071161,-60.9716482657964
14.345861552147612,154.5353226510198,0.4639319929231096,-60.37990511932934
14.561865912454026,154.300348050356,0.48694543011443897,-59.8283959932444
14.768851463877972,154.07310972970117,0.5087187493750103,-59.31300472966976
14.96743942119653,153.85335534230296,0.5293535671856608,-58.830177847426555
15.158190281794628,153.6408131115852,0.5489401917128357,-58.37683043472936
15.341611718041094,153.435202069754,0.5675592248929314,-57.95026924085191
15.518165178604166,153.23623913279326,0.5852828884693018,-57.54813073764074
14.476832305372863,154.4182768620851,0.45873101885033574,-60.611106438304084
14.716635149488752,154.1659437320263,0.4836813003315767,-60.00764326612568
14.946352926596507,153.92145362957186,0.5072532810466266,-59.44499310731323
15.166689354957516,153.6846393270048,0.5295629765116343,-58.918999139966076
15.378278008963985,153.4552892854648,0.550713138148832,-58.42607065858499
15.58169151382055,153.23316467746167,0.5707951485544815,-57.96308872685975
15.77744938826405,153.0180111171,0.5898906249821387,-57.52732898280726
15.966024610886718,152.80956691881994,0.6080727474239063,-57.11639942807884
14.81624554030851,154.06672004013282,0.47665267330647426,-60.27248072978847
15.06971477924622,153.8053122710098,0.5021406603958024,-59.658228713754056
15.312748581496118,153.55162664458578,0.5262287330336448,-59.08531597561764
15.54606116924173,153.3055461051102,0.5490339990334897,-58.54954941710427
15.770296669262583,153.06689978873445,0.5706602501353908,-58.047305023484775
15.986038196546698,152.8354818661353,0.591199855373265,-57.575433333037566
16.19381562980542,152.61106470940786,0.6107353655001543,-57.131182008796344
16.394112127194955,152.3934082943903,0.6293408426669778,-56.7121334012096
15.140175355792158,153.7231694107847,0.4934800606025599,-59.95314251847958
15.406918896066172,153.45299093586058,0.5194670007297472,-59.328912056162686
15.662898455037684,153.19040554734866,0.5440339232186637,-58.74650148858261
15.90883701814524,152.93534593303806,0.5672989414334743,-58.20168522456746
16.14538768419646,152.6876817176898,0.5893668065270755,-57.69080931812347
16.373142622828187,152.44724005595094,0.6103307986851529,-57.21069680275409
16.59264076829504,152.21382018523911,0.6302743321108968,-56.75857007516995
16.804374271563177,151.9872039344544,0.6492722859247724,-56.331988270254065
12.930290219183005,155.6784434736763,0.33187384764228767,-65.22712613209332
13.118952373455198,155.4430361707172,0.35388080375429853,-64.69147758500938
13.299064483012613,155.21702178113918,0.37465525629576285,-64.1922516098672
13.471256236835032,154.99993353566265,0.39430263021631623,-63.72571901165842
13.636092190862602,154.7913119340517,0.41291616274230986,-63.288658339747954
13.794080192368003,154.59071222594085,0.43057862349072096,-62.87827303955752
13.945678876925433,154.39770846463392,0.4473638072290494,-62.4921217613039
14.091303929754295,154.21189564496962,0.46333776839224394,-62.128062216131525
13.413842003576494,155.26250931602573,0.3586232898194214,-64.75617925972502
13.621053842394286,155.01357090125643,0.3814893596589742,-64.2030339934217
13.819186504266913,154.77397231947782,0.40308897713227876,-63.687181487806356
14.00889060182893,154.54330589469922,0.4235293761526544,-63.204828809504924
14.190750457139655,154.32115899947394,0.4429054552778313,-62.752698416624526
14.365292953994512,154.1071239370657,0.46130155179173077,-62.32794253685058
14.532995025765697,153.9008039476108,0.4787929378456388,-61.92807302857265
14.694289918660903,153.70181688036388,0.49544705900466257,-61.550904815564536
13.866482478713433,154.85764775052206,0.38300985105507035,-64.32430640123873
14.091564975489645,154.59576517052506,0.4066494600552546,-63.755475980289006
14.30708741010425,154.34314362893747,0.4289921767422311,-63.224704426561544
14.513716829292033,154.0994347304316,0.45014678722210744,-62.72814569316253
14.712053704123617,153.86427318174472,0.4702096629783382,-62.26247352701244
14.9026406839362,153.63728905724003,0.48926653361391925,-61.824795564819865
15.08597003783461,153.41811566603636,0.5073939855285722,-61.41258283713413
15.262489887061687,153.2063946932552,0.5246607036501245,-61.02361286045888
14.292481975300761,154.46328479935883,0.4054150289185417,-63.92525597004855
14.534818101132277,154.18898063391035,0.42975646647975113,-63.342242731479885
14.767153946866882,153.9238381368094,0.4527733981612766,-62.79797070445815
14.990169658802518,153.6675680616119,0.47457599951045726,-62.288547475579364
15.204478833850805,153.41985267809702,0.49526196295384406,-61.81060413734512
15.410637144883635,153.1803603054731,0.514918268870852,-61.361209176489965
15.60914970708237,152.9487549578909,0.5336226861337485,-60.93779769454209
15.800477253761779,152.7247028951305,0.5514450163502007,-60.53811422158876
14.695234555938887,154.07887281097143,0.4261349006156438,-63.55417372993455
14.954259500936029,153.79261800722009,0.4511172221288988,-62.95824310971628
15.202878914014029,153.51540882111422,0.4747497762497046,-62.40166597371221
15.441783225517982,153.24701488396346,0.4971439943467286,-61.88050916320689
15.67159659790233,152.98716609425517,0.5183987649467043,-61.39136616516472
15.892885399240548,152.7355693140678,0.538602202873421,-60.93127085418307
16.106165471816077,152.4919197179644,0.5578331511022282,-60.49762649022088
16.31190823104501,152.2559086986641,0.5761624269670288,-60.08814830705333
15.077487491248746,153.70389524393184,0.4454038363759559,-63.20721637425816
15.352681213298585,153.40611831816088,0.47097464788434956,-62.59944736528967
15.617094464307065,153.1172573553279,0.49517241603893364,-62.0315847249177
15.87142555398671,152.83714049961554,0.5181097166408107,-61.49965929399752
16.116307017634355,152.56554522765924,0.5398865301972265,-61.00023121830311
16.352313919766967,152.3022171133859,0.5605920089074693,-60.53030359507409
16.57997100703128,152.04688281184528,0.5803059793776476,-60.087251298510715
16.799758713888345,151.7992592699016,0.5991001903397687,-59.66876338725378
15.441499626696306,153.33786828192984,0.4634105408665292,-62.88128883317139
15.732380817173418,153.02896223343362,0.48952434905374453,-62.262611254610675
16.012133061696314,152.72883135865823,0.5142435348990171,-61.6843420294617
16.28146047526105,152.43736188702312,0.5376817245694547,-61.14248004828801
16.541002070024238,152.15437873911856,0.5599399025881817,-60.6335557580099
16.791339875010106,151.87966627350377,0.5811081764853298,-60.154544755833356
17.03300595901274,151.61298284274784,0.6012672799918805,-59.7027964851398
17.266488329804126,151.35407126313666,0.620489821891848,-59.275976499431366
15.78915350508897,152.9803406265242,0.48030919823565577,-62.57386165221316
16.095274651830383,152.6606682654998,0.50692615687591,-61.9450842403863
16.38994162279256,152.3496211632032,0.5321283802057359,-61.3571731179849
16.673862534036513,152.04714316534242,0.5560304644321381,-60.80609871590444
16.94768122152156,151.7531064417112,0.5787343229485925,-60.28836492356479
17.211985165912534,151.46733413570269,0.6003309484977776,-59.80092266642488
17.467312373951604,151.18961643483814,0.6209019165218478,-59.34109850848513
17.714157160374384,150.91972225699308,0.6405206348247389,-58.906536804593756
13.415230204863676,155.0116905435571,0.31944608788562173,-67.7803812513234
13.631553460193683,154.73817694387108,0.3420408461459528,-67.24409143738784
13.838703248969994,154.47517325187096,0.363408479057432,-66.74316241906432
14.037313140256042,154.22218098361057,0.3836511574034297,-66.27406223400217
14.227954342261429,153.97870700765728,0.4028595005821457,-65.83372921915448
14.411143438191722,153.74427205189178,0.4211141729342111,-65.41949716064545
14.5873493789344,153.51841542951385,0.43848727971596063,-65.02903164609674
14.756999345080327,153.30069764523262,0.45504352469764986,-64.66027857322155
13.93196690648641,154.57514588097897,0.3464451141111248,-67.32904934463586
14.169560546182762,154.28529254587937,0.369915514050198,-66.77515041013098
14.39745163115209,154.00587436861022,0.3921250497006872,-66.25743794293416
14.61628889700228,153.7364619547219,0.4131776153529569,-65.77232381416036
14.826658343752905,153.47661750170045,0.4331654170376661,-65.31669659661013
15.029091317886923,153.2259059511179,0.45217062189872154,-64.88784415894902
15.224071409173927,152.98390186055536,0.4702667565673985,-64.48338975522378
15.412040238923693,152.75019370593512,0.48751986786468193,-64.10124025938195
14.41610009526912,154.15056128257095,0.37103894253050496,-66.91507746013248
14.674192809630904,153.8450561183711,0.3952962692730435,-66.34537562377034
14.92210665226167,153.54988188066775,0.4182624113125659,-65.8125859370649
15.160500818199074,153.26467843986967,0.4400427442207151,-65.31307401193808
15.389972267908712,152.98906384538037,0.4607308852440725,-64.84368543995978
15.611063616365154,152.7226480772782,0.4804103404818471,-64.40166831018001
15.824269902991556,152.46504195796524,0.49915590498806134,-63.98460910468466
16.030044277932955,152.2158630741737,0.5170348258857015,-63.59038072104921
14.872126878811539,153.73727416209567,0.3936180385127623,-66.53246269792523
15.150017067422114,153.41673160537204,0.4185880625772619,-65.94845414091724
15.417296202610034,153.10639236820202,0.44223932864616405,-65.40200309160451
15.674630455063163,152.8059654310785,0.46467854279473847,-64.8894350421203
15.922624555445447,152.51512495946008,0.48600059217112684,-64.40755816514532
16.16182946805399,152.23352652184477,0.5062901898011967,-63.95358580643621
16.392749010769975,151.96081794556818,0.525623275871256,-63.52507224199998
16.61584541796321,151.6966467891364,0.5440681826943505,-63.1198605386841
15.303620048963877,153.33466314301072,0.4144850055930568,-66.17655094729872
15.600664825553217,152.99963844926222,0.44010472637184594,-65.57949480319375
15.886703992052594,152.67467074424556,0.46438039881520826,-65.0205743628989
16.162407762846687,152.35953781368892,0.4874199358050885,-64.49608010983965
16.428385945082223,152.05397002289436,0.5093193784483008,-64.00278743177766
16.6851953807249,151.75766888142482,0.5301645383541153,-63.537879129596284
16.933346399167018,151.47031975653286,0.5500323996436378,-63.09888108158807
17.173308240361465,151.1916008326591,0.5689922853051709,-62.68360998340766
15.713470711171912,152.94214940707758,0.43387908901190836,-65.84366201750358
16.02907751276755,152.59314902948617,0.46009440961892933,-65.23463117423837
16.33331647666011,152.25404425918754,0.4849423169812389,-64.66425733179781
16.62685936327951,151.92468128285665,0.5085318277448762,-64.12880027647095
16.910318754782903,151.6048466218843,0.5309600403872414,-63.62500652320907
17.184255253952458,151.29428793523735,0.5523137748337441,-63.15003187484561
17.449183756371813,150.99272851178625,0.5726709748093172,-62.70137703116247
17.70557872110322,150.69987765920686,0.5921018751947706,-62.276835242462255
16.104055533853117,152.55919587414158,0.451992716760709,-65.5308353417366
16.437675336818042,152.1966852888355,0.4787567157293315,-64.91075388687322
16.759593038281906,151.8438968243715,0.5041315812472337,-64.32980198081907
17.070479794837798,151.50074459871865,0.528227346773141,-63.78421239104978
17.370948977401937,151.16707115441824,0.5511420866487949,-63.2707060999901
17.66156311884594,150.84267040089682,0.5729635529349942,-62.78641494300146
17.942839995872003,150.527303813709,0.5937705777781408,-62.32881719370733
18.215257737362293,150.22071219981535,0.6136342414376162,-61.89568515993305
16.477355049805386,152.185305208338,0.468982971692208,-65.23565355083768
16.8284768264224,151.8097149639783,0.496254592244427,-64.60532494368816
17.167586562583054,151.44366364139788,0.5221167797232253,-64.01455625947047
17.495352943889365,151.0871327781454,0.5466805102142648,-63.45955641559182
17.812388400934484,150.74002073730315,0.5700447643822698,-62.93702374199735
18.11925580017623,150.40216769894167,0.5922981614203405,-62.44406872156893
18.416474328099394,150.07337350018466,0.6135203611480704,-61.97814957823043
18.704524429529787,149.7534107280077,0.6337832324251049,-61.53701983958433
13.919474104244193,154.3198470803385,0.30890542884169003,-70.33518959164208
14.16686570623901,154.00431508390204,0.33210635309033804,-69.80168825638845
14.404546716782876,153.7003317872945,0.35408644913524234,-69.30216333515594
14.63313897229091,153.4073839033759,0.3749445152739727,-68.83331591500003
14.853206441842756,153.12495950433578,0.3947684379948648,-68.39227529066164
15.065262087570197,152.85255782020351,0.41363666656044906,-67.97653277117149
15.26977419103885,152.5896948571345,0.43161951356012174,-67.58388465937166
15.467171671267275,152.33590666245925,0.44878023632329633,-67.21238590315059
14.471452980617668,153.85982344762778,0.3361845190010179,-69.90426347484782
14.743200910887717,153.5247485870697,0.3602789146797652,-69.3530513790962
15.004727089936738,153.20110776364362,0.38311876905629033,-68.8365882245708
15.256660751943501,152.88846899742086,0.4048045274414705,-68.35152737423239
15.499573778239323,152.58638623866563,0.4254255965387142,-67.89495547755696
15.733987829649351,152.29441204608585,0.4450618713359632,-67.46432395761919
15.960380492767849,152.01210554348387,0.46378503712995534,-67.05739191290145
16.1791904483868,151.73903754463217,0.4816596531687667,-66.672179643977
14.989075359258898,153.4127580682559,0.3610134034717521,-69.5088132788132
15.284305600269887,153.05894095675484,0.3859091528275123,-68.94167969798701
15.568860085439571,152.71641011843118,0.4095199672824412,-68.40997239360767
15.843370536947257,152.384815032653,0.4319477106169532,-67.91030610989293
16.10841270721992,152.06377610994855,0.4532831468817936,-67.43973098092714
16.364513232240064,151.7529001776107,0.4736074642320752,-66.99566414357092
16.612155575305742,151.45179065093876,0.4929935778807422,-66.57583260807189
16.851785024279373,151.16005442807472,0.511507215394451,-66.17822670463754
15.47706995218109,152.9778872478837,0.3837918695315894,-69.14312110550584
15.794986361201765,152.6060453483487,0.40941200241145853,-68.5615469248403
16.10182033259823,152.24531608198424,0.43371946833456765,-68.01600001491883
16.39820245161321,151.8954302025938,0.45681741014457994,-67.50306198262295
16.68470898254753,151.55607488422467,0.47879781822444767,-67.01975147014285
16.961868430852448,151.22691186068602,0.49974305120848894,-66.56345592094304
17.230167269113497,150.9075897003668,0.5197271394086768,-66.13187445618554
17.490054747794897,150.59775238987388,0.5388168712883695,-65.72297127677894
15.939192298455684,152.55450587837808,0.40482933775738356,-68.80275966207935
16.279064353784005,152.16528940923794,0.4311086080719161,-68.20799040181653
16.60748718875578,151.78699157625059,0.4560496888308176,-67.64978560155488
16.925087203989353,151.4194240694634,0.47975688768225516,-67.12469829090426
17.232438341159927,151.0623409375301,0.5023233140124644,-66.62971980340092
17.530068347034426,150.71545924342536,0.52383239646173,-66.16221171702583
17.818464271493905,150.37847334262418,0.5443591864350176,-65.71984876626722
18.098077080927457,150.05106508187342,0.5639714453507169,-65.30057222853081
16.37848074166505,152.14196469020112,0.42437016990241705,-68.48423194356582
16.73963417675797,151.73596822966533,0.45125261452247106,-67.87732847781007
17.089005490170322,151.3406804041629,0.47677320940138307,-67.30747262662867
17.427214301846945,150.9559934028217,0.501037331922068,-66.77119268705209
17.754829808721773,150.58172812549174,0.5241391212158083,-66.26545621463349
18.072376747667796,150.21765723021085,0.5461629924042479,-65.78760215557793
18.38034065904574,149.86352132375728,0.5671849398578666,-65.33528381872182
18.679172295160743,149.51904070837585,0.5872736248727427,-64.90642227000824
16.797432699017655,151.73966654463587,0.4426107200126908,-68.18472728107838
17.17924193818805,151.31743780837778,0.4700478475357112,-67.56660315045178
17.548965093796102,150.9056951859961,0.4961010558544662,-66.9859635120561
17.907212769036153,150.50441086552232,0.5208767119800857,-66.43931520907121
18.254547324143903,150.11347247927023,0.5444699096174365,-65.92360503330619
18.591488537991054,149.7327084299353,0.5669659800547395,-65.43615206250807
18.918518633340664,149.36190591048742,0.5884417948733154,-64.97459071217554
19.236086475186195,149.0008241373337,0.6089668537551218,-64.53682415772585
17.198129240519634,151.3470623361335,0.45971114139517744,-67.90195240570881
17.600011222647804,150.90910898361298,0.48766056064797814,-67.27340184311142
17.989527994737983,150.48140952632,0.5142053656216414,-66.6827326323081
18.367279198817112,150.06401561208864,0.5394528447313992,-66.12643298636814
18.733818535179065,149.65688141871942,0.5634989822679275,-65.60143153227544
19.089659124361724,149.25989115535646,0.5864299658550789,-65.10502986420623
19.435278292282923,148.87287883560452,0.60832348835171,-64.63484569161632
19.771121555069506,148.49564294057672,0.6292498355130222,-64.18876630547315
14.436843979483394,153.61272867748536,0.30036809361006317,-72.85622221997635
14.718618203221405,153.25150994983554,0.3241914683753721,-72.32914539255233
14.9902782914335,152.90274315559665,0.34680096148987755,-71.83434346062232
15.252416258014224,152.56592050866968,0.36829192197034705,-71.36878196741209
15.505572357948438,152.24052954347536,0.38874942254911504,-70.92980912694708
15.750240946199701,151.9260644114214,0.4082496159138891,-70.51509864194026
15.98687602231592,151.62203256842932,0.4268609423235143,-70.12259967252919
16.215895894945515,151.32795885874535,0.4446451364674088,-69.75049595478636
15.025773630616184,153.12655792794067,0.3279525717315965,-72.4462164921275
15.335356405636238,152.74219693932957,0.35268843252550713,-71.90133598360178
15.634354798043415,152.37011018863612,0.3761765168912223,-71.38944016838744
15.923358273837465,152.00988577527738,0.39851374957440705,-70.9074561075633
16.202905999048642,151.66108995507983,0.4197866624609253,-70.45269724691703
16.473492916663986,151.32328152477135,0.4400728024745583,-70.02280416217097
16.735575040322235,150.9960210259714,0.4594419396762083,-69.61569462768419
16.9895739024706,150.67887684352368,0.47795707543301613,-69.22952275607545
15.578556701841329,152.65444209513393,0.3530396788905469,-72.06965539570545
15.914961319218948,152.24786354402073,0.3785922415061652,-71.50873091457414
16.240372448554087,151.85334522318604,0.40286634337310384,-70.98141116560114
16.55537189677349,151.47057125472912,0.4259602691884239,-70.48459296283428
16.860493478962354,151.09918727486578,0.44796185921711085,-70.01556041987845
17.156228752052368,150.7388178090474,0.46894991314015566,-69.57192601047458
17.443032046724433,150.38907784785792,0.4889953981866681,-69.15158076133689
17.721324686769737,150.04958085385937,0.5081624581211852,-68.75265343952395
16.100154563937224,152.19550552967894,0.37603877220422616,-71.72113908797895
16.462480615107154,151.76754090006716,0.40232810214828685,-71.14562635217031
16.813454035252413,151.3513946905196,0.42731085567218785,-70.60426652529509
17.153645195651485,150.9468468471034,0.45108654883936317,-70.09393096294052
17.483579010500126,150.55362275650108,0.4737442092681548,-69.61187889955256
17.80374032845329,150.17141343470544,0.49536377594593267,-69.15569882812989
18.114578697972984,149.79988934547575,0.5160173070008384,-68.72325883557473
18.416512350934696,149.43871022024132,0.5357699890852711,-68.3126658585328
16.594506582171753,151.74895074669473,0.397266302793891,-71.39649112961916
16.981926446680706,151.30035584999916,0.4242247169134123,-70.80761421061365
17.357676051493474,150.86331626509613,0.44985056981350957,-70.25337834307058
17.722311147450135,150.43770741719885,0.47424450372945065,-69.73063340564326
18.076344742287677,150.02333461751437,0.49749663474684014,-69.23661746145646
18.420252155311786,149.6199559068119,0.519687948563793,-68.76889845857943
18.754475515632993,149.22729799985953,0.5408915075523186,-68.32532472194207
19.07942750685402,148.84506783193115,0.56117346017361,-67.90398429392688
17.064799402782423,151.31405098696783,0.41697193257359155,-71.09241559123733
17.47654790369294,150.84551880757147,0.4445414362218056,-70.4912170655213
17.876343208558758,150.38826265345975,0.4707541899137281,-69.9250969189015
18.26472372339368,149.94225299382887,0.4957118747414438,-69.39088690913884
18.642187969892014,149.50737510300962,0.519505613286259,-68.88580705803486
19.009199311350663,149.08345441561073,0.5422173612865534,-68.40740767276394
19.366190186167096,148.67027449120002,0.5639211136761134,-67.95352000510405
19.71356561309941,148.26759020869795,0.584683913695082,-67.52221568966407
17.513652222966297,150.89014321670192,0.43535609994029906,-70.80626529354478
17.9490182758757,150.4023136582845,0.46348648834954864,-70.19364307531241
18.372177308812866,149.92546874679633,0.4902374728810045,-69.61649307146612
18.78364802419249,149.45967350573977,0.5157117001387319,-69.07163178084767
19.1839122184137,149.00489311595123,0.5400012304365127,-68.55626385722643
19.573419189089545,148.56102065210695,0.5631889253032359,-68.06792445036642
19.95258970822214,148.12789697121846,0.5853496522298157,-67.6044300407522
20.321819289407138,147.70532548293127,0.6065512931760971,-67.16383798568971
17.943247639079832,150.4766216439485,0.4525821655603002,-70.5358815791076
18.401567435509627,149.97008910836698,0.48122958807383526,-69.9126165448117
18.847450886796736,149.47424104804827,0.5084762801970949,-69.32517997825431
19.281394928742632,148.98923651976736,0.5344257918205991,-68.77037558468366
19.703862670239122,148.51512048614853,0.5591710627191234,-68.24539495622581
20.11528749315826,148.05185381456081,0.5827958058520885,-67.74776023062485
20.516076771046578,147.59933500106683,0.6053757105151312,-67.27527510764375
20.90661490094652,147.1574164505339,0.6269794500168906,-66.82598451116837
14.960375496578044,152.90090218060084,0.2938435944222728,-75.30954129687133
15.279593907923276,152.4907484027815,0.3183022230939306,-74.79254290102307
15.588475980492193,152.09375632390706,0.3415543396436599,-74.30582526497005
15.887564471581802,151.70944614934675,0.3636917983603441,-73.84664283027931
16.17735777849666,151.33732559448717,0.38479680298387187,-73.4125852866783
16.45831475848313,150.97690279209093,0.40494314915075236,-73.00152940473802
16.730859448083212,150.6276941527935,0.42419734248642477,-72.61159609054198
16.99538502302898,150.28922937007425,0.4426195332765935,-72.24111509225278
15.587523794975647,152.38625778753507,0.32175200226592654,-74.92066994120091
15.938354199414853,151.9489820013375,0.34714309416955524,-74.38578139779659
16.278446761801057,151.52459944691205,0.37129337536015505,-73.88181032931057
16.608329523832598,151.11274317101999,0.3942962044848935,-73.40598259372256
16.928488548491543,150.7130148544575,0.4162351843323528,-72.95586165473425
17.23937293922048,150.32500097109028,0.437185455299225,-72.52929858993511
17.541399264368046,149.94828331262167,0.4572148128288589,-72.12438940700778
17.83495525482952,149.58244613998505,0.47638464234653954,-71.73943990613881
16.176724412033348,151.88684532805829,0.34711440133431976,-74.56309541631495
16.558058337299677,151.42350679618775,0.37333825532622367,-74.01203376237764
16.928317348721183,150.9727542246284,0.3982900895782593,-73.4924424969844
17.288009432183912,150.53433366730295,0.42206456323077407,-73.00152621491024
17.637603791367965,150.10794155990976,0.4447465390753107,-72.53682687645062
17.977535496796552,149.69324400965422,0.46641237176470896,-72.09617429808033
18.30820961959873,149.28988981515474,0.4871310242093385,-71.6776437326757
18.630004666847455,148.89751963870344,0.5069650023370469,-71.2795208968322
16.733168494160708,151.40166876349127,0.3703498413424466,-74.23176391347515
17.143992213564893,150.91322333319812,0.3973233453169454,-73.66594952146161
17.543455693086624,150.43702775718438,0.42299608756909807,-73.13209146484603
17.9320428898947,149.972940939682,0.4474639095797679,-72.62737715740944
18.310202350058383,149.52075457624866,0.4708128229659249,-72.14933092523424
18.678351505506395,149.0802153696335,0.49312029250719974,-71.69576496122704
19.03688052625297,148.65104039353844,0.5144563511415141,-71.26473716954946
19.38615549791179,148.23292817277817,0.5348845341540732,-70.85451636380091
17.260977228175264,150.92983154647584,0.3917819243653168,-73.92276992454217
17.700357040110333,150.4171507938458,0.419434775212134,-73.34339739361447
18.12813344303479,149.91636256899943,0.4457601685487392,-72.79641124195547
18.544762984379826,149.4274383442222,0.4708550319090273,-72.27898509651035
18.950670306709036,148.9502653905496,0.49480643535327395,-71.78862887315782
19.34625211354181,148.48467173631124,0.517692869325757,-71.32314017773614
19.73188075241169,148.0304437383328,0.539585357918376,-70.88056241324239
20.107907142028715,147.5873389676712,0.5605483921268074,-70.45915015256479
17.763484161036995,150.47052400654013,0.411665724928216,-73.63303334828628
18.2305550997837,149.93440929955298,0.43993773879568804,-73.04112056919746
18.685813905867654,149.40981454980405,0.46685732507341066,-72.4819769399032
19.129686794349656,148.89682344352565,0.49252241783267603,-71.9527651628977
19.56257168973164,148.39541901365118,0.5170210711293466,-71.45098346871272
19.984841883409963,147.90551117519638,0.5404327316645484,-70.97441744714492
20.39684936204199,147.42695638004076,0.5628293499983401,-70.52109841459749
20.79892749379092,146.95957221502465,0.5842763125588172,-70.08926896334289
18.243429293341187,150.02301272998582,0.4302058683589926,-73.36008156424151
18.737386014363388,149.4642059293498,0.4590449905474767,-72.7565057013581
19.219350045588115,148.91653602354003,0.48650819166657877,-72.18604134542062
19.68971471063766,148.3801985194269,0.512694345956317,-71.64584271783517
20.148848746529858,147.85527230754326,0.537692429492324,-71.13339869487055
20.597099676597374,147.34174962335877,0.5615827875958137,-70.64648505368277
21.03479689997611,146.83955767251837,0.5844382436991579,-70.18312309630284
21.46225414762096,146.34857485598505,0.6063250297993428,-69.74154537612723
18.70309607812948,149.5866314644405,0.4475690151400551,-73.10189898331505
19.223185416786087,149.0058232670823,0.47692981679702656,-72.48742342705968
19.731124509320875,148.43576222799987,0.5048924834129555,-71.90636686374211
20.227271523600006,147.8767552618655,0.531556773526229,-71.3558771413447
20.711963822155624,147.32897714657264,0.5570125331983685,-70.83343579707069
21.18552107496879,146.79250277221922,0.5813409580965256,-70.33681070354471
21.648248126682933,146.26733063297476,0.6046156997334401,-69.86401494530695
22.100437233818372,145.75340060087137,0.6269037940749024,-69.41327272224193
15.48259385416502,152.19521559876964,0.28924770553103385,-77.66410796944082
15.841893917708196,151.7334789554907,0.3143492367872106,-77.16065635420661
16.19085982255551,151.2853676721062,0.3382518792488947,-76.68524176302279
16.529965804261504,150.8504529645107,0.36104396941730377,-76.23542295670534
16.85964988930521,150.42828449638478,0.3828048044008937,-75.80904639843435
17.180317743895436,150.01840489427624,0.4036057762049243,-75.40420674923716
17.49234661430171,149.62035878886078,0.42351140456570124,-75.01921082714165
17.79608860745739,149.23369876369875,0.44258020246828594,-74.65254780311899
16.14870711143653,151.65024371184975,0.31749080577159433,-77.29627258426272
16.54374023206412,151.1570610631276,0.34354542178843744,-76.7748487757614
16.928138255804022,150.67711304072938,0.3683662197933741,-76.282014862355
17.30234641436598,150.21010290262748,0.39204296297767943,-75.8153113560163
17.66677691043821,149.7556919045757,0.4146562829609387,-75.37256754043716
18.02181299687162,149.31351716739337,0.4362788644532244,-74.95186038127304
18.36781261933217,148.883203482818,0.4569764761085117,-74.55147888362114
18.70511142316349,148.46437150204278,0.4768088350853576,-74.16989456015551
16.775087850971943,151.1217381155269,0.34313858136596764,-76.95750673444446
17.204616124745566,150.59831230387078,0.37004244382411444,-76.41977215735625
17.623275068835373,150.0876901419852,0.3956805139221053,-75.91110287851319
18.031475268151656,149.58970722036952,0.42014378888307025,-75.42902755273036
18.42959822212788,149.10413741523195,0.4435141073300308,-74.97136230051662
18.818000079937356,148.6307139642459,0.4658653272485108,-74.53617023634557
19.197015009300383,148.16914383861283,0.48726435450569255,-74.12172620649174
19.56695794620231,147.7191180218822,0.507772006040177,-73.72648752149777
17.367150233114227,150.60857694050435,0.36661975884155806,-76.64312399651132
17.83003869583104,150.05599733934633,0.39428638988353304,-76.09045368856953
18.2818759426123,149.51576178129798,0.42065760949246,-75.5672623225311
18.723033646185787,148.98783818714983,0.4458255410498534,-75.07107008489987
19.15385844434417,148.47211382024838,0.4698731289757586,-74.59968322866054
19.574675370791123,147.96841933385483,0.49287531010568353,-74.15115418026132
19.985790977674508,147.47654553151463,0.5149000395227872,-73.72374664069653
20.387495848318036,146.99625560130315,0.5360091519896462,-73.31590657389349
17.92919220579518,150.10976030662977,0.38826510706970185,-76.34950481095595
18.424393008345692,149.52902347577512,0.4166214221946041,-75.78305607563958
18.90840220574097,148.96015130223483,0.4436546612139629,-75.24644844306566
19.381548867551064,148.40324394616152,0.4694579864309086,-74.73719645310526
19.844141157800834,147.85830265458077,0.4941153665803308,-74.25309924442251
20.296469502783623,147.32525656724968,0.5177027416410832,-73.79220120507145
20.738809497186327,146.80398170434725,0.54028904565096,-73.35275742048537
21.171424202199553,146.29431503358018,0.5619370659952673,-72.9332049090613
18.464690356843203,149.624392193938,0.40833514465173315,-76.07379571752789
18.991230606644102,149.0164170927045,0.4373186318494308,-75.4945555755413
19.506471672535465,148.4198144064141,0.4649530289679751,-74.9454752406701
20.01069677401551,147.8348164011004,0.4913324659010919,-74.42406599150405
20.504172416791896,147.26153878857377,0.5165418693979037,-73.92812218742685
20.987151339793773,146.70001009738505,0.540658121261189,-73.45568243109123
21.45987523610622,146.15019274105995,0.5637510778133956,-73.00499534767647
21.922576860100953,145.61199880598105,0.5858844266875348,-72.57449105877876
18.976502502219766,149.15166597614058,0.4270387223537242,-75.81370660385785
19.533474439856143,148.51730557074228,0.4565953570776849,-75.22252654952868
20.079065388099654,147.89381795996556,0.48477830347221673,-74.66178793969178
20.61350982302345,147.28156736486838,0.5116826002480933,-74.12900083454711
21.13702975252334,146.680784360269,0.5373940777718186,-73.62195682029267
21.64983748508785,146.09159763401613,0.561990509635682,-73.13869065445635
22.152138197446146,145.51405700110757,0.5855426284134919,-72.67744636141862
22.644131874984588,144.94815080936021,0.6081149796101255,-72.23664893565852
19.467010611797296,148.69085255945916,0.4445458413431034,-75.56737089824834
20.05356358622877,148.03090289643427,0.47462851283543,-74.96499290665633
20.62867378293416,147.3813234048617,0.503314128373092,-74.39330609936403
21.19252433059664,146.74261010525086,0.5306985867077673,-73.84982108761241
21.745290186227866,146.11510876978747,0.5568685769876852,-73.33232842713522
22.287140768189882,145.4990489072772,0.5819027235386807,-72.83886071960615
22.818242402659227,144.89456859898826,0.6058725975997579,-72.36765900998721
23.338760121723674,144.30173342713073,0.6288435680890937,-71.91714471019328
15.995868821857753,151.50627766299124,0.28642251542773683,-79.89310714869902
16.39729782226238,150.99107809206436,0.3121678008715583,-79.40628751805127
16.788651828415304,150.48968036502532,0.33672195887959255,-78.94507022432003
17.170319158615783,150.0017283602137,0.3601698023879887,-78.50732353904472
17.54266012029273,149.5268348077598,0.3825876969114335,-78.09115753087077
17.906010060416136,149.06459728964825,0.40404459345018906,-77.69489255818165
18.26068266691225,148.6146083656312,0.42460298121204154,-77.3170296958123
18.606972679337044,148.17646239739807,0.4443196877040474,-76.95622611409894
16.701111848100453,150.92970440802603,0.31500297516060927,-79.5458993178508
17.142659624386106,150.3784475811667,0.3417222226198847,-79.04102840490175
17.573966344948765,149.84044585721978,0.36721456190534724,-78.56221822458059
17.995375172819646,149.3154963078774,0.391566142389648,-78.10732928008768
18.407204997100884,148.80334310314709,0.41485458944937936,-77.67446378463003
18.809753807062947,148.3036968852749,0.43715008712386777,-77.26193278980459
19.203301747730347,147.8162476957899,0.4585163273620247,-76.86822711525116
19.588113593385895,147.34067407822656,0.4790113077627468,-76.49199309104073
17.364880848902743,150.37086277389847,0.34093896629200193,-79.2254955430377
17.845174268050833,149.78490212287406,0.36852402821917035,-78.70416708105323
18.315128226963807,149.21160952844062,0.3948492060835856,-78.20928681392793
18.77503465218115,148.65093583506638,0.42000180373157603,-77.73871296092682
19.22516562239438,148.10275810034688,0.4440605904675898,-77.29054322782403
19.665776491240848,147.56690217600809,0.46709687538742634,-76.86308265001797
20.097108746237073,147.0431582025667,0.4891754528415362,-76.45481498837128
20.519392284036883,146.5312918113293,0.5103553973380583,-76.06437881109649
17.992802657917036,149.82850294011666,0.3646687323849149,-78.92759037434479
18.510579192948608,149.20906881784015,0.3930296174116199,-78.39112479889035
19.017969318862395,148.60168884140097,0.4200998747638686,-77.88143851685426
19.515209005105994,148.00646796540983,0.445967865288605,-77.39639020217824
20.00251881915612,147.42341736564572,0.47071341143554,-76.93407581359526
20.480106865038845,146.8524799519294,0.4944088634107826,-76.49279709461494
20.948171497665253,146.29354821962846,0.5171200404309302,-76.0710334023028
21.406903441627847,145.74647738812536,0.5389070225062056,-75.66741810641325
18.58934408423489,149.30152009520123,0.3865301151182696,-78.64885936447823
19.143435041764736,148.64974179424632,0.4155908304357492,-78.09836947394015
19.687131866526876,148.00938707819196,0.44333202927111237,-77.5749431155941
20.220610387443873,147.38071531466306,0.46984305178944125,-77.07644170960997
20.744035484423062,146.76387289052963,0.4952047017810791,-76.60096178891902
21.257563910609164,146.15892140742142,0.5194903046991723,-76.14680410480406
21.761346915890222,145.56585769794256,0.5427666443435221,-75.71244585813719
22.25553225266793,144.98462875146558,0.5650947510354044,-75.29651739486866
19.15811859788781,148.7889306206064,0.40678902283134444,-78.3866819980678
19.747436205703877,148.10585262563086,0.4364846193001254,-77.82311828753967
20.32638143721225,147.43355895919788,0.46483338115478,-77.28686292598367
20.89506621440288,146.77246370208752,0.4919255655140557,-76.77578203014376
21.453595968488,146.12284944977142,0.5178429004422854,-76.28797469180542
22.00207241428859,145.4848979627004,0.5426596347445377,-75.82174264295031
22.5405961375803,144.85871217063684,0.5664434697267379,-75.37556286120716
23.06926853206793,144.24433274832373,0.5892563433312751,-74.94806454191482
19.70209694944373,148.28985366591965,0.425658501862646,-78.1389550824821
20.325624187313327,147.57644769199345,0.45593291329850477,-77.56313822592115
20.938821883443733,146.87318514225538,0.4848344807138087,-77.01484242721963
21.54173545089407,146.180633938837,0.5124543930625295,-76.49193811191292
22.13440717730102,145.49921420266318,0.5388752355266008,-75.9925293423292
22.71688039944625,144.82922917966795,0.5641721393654071,-75.51492054694478
23.28920183347182,144.17088946370933,0.5884136866700571,-75.05759016435778
23.851423487410656,143.52433109485202,0.6116626900334675,-74.61916787309697
20.223755704988648,147.80349644972748,0.4433118795335273,-77.90396419207183
20.880536949009585,147.06067235460768,0.4741162117141712,-77.31661190628097
21.527047261753058,146.3273525397977,0.5035229140466184,-76.7569633444871
22.1632616125785,145.60426023937845,0.5316240028418998,-76.22289675739253
22.789156281206807,144.89195357331164,0.5585029055511432,-75.71252200705167
23.404713189202027,144.19085847294693,0.5842356037459775,-75.2241477277589
24.00992229009127,143.50129458704657,0.6088915317908956,-74.75625530253974
24.604783501357197,142.82349478451218,0.6325343516152419,-74.30747633270757
11.623864714627416,157.44830530805896,0.36933796042574146,-62.67707451617843
11.76986471312971,157.26895172133763,0.39050726675507,-62.14985548524378
11.908736255838447,157.0968643120016,0.4104537881980316,-61.65950035302022
12.041043454257352,156.93169277177478,0.429285090834098,-61.20214575882267
12.167288544945698,156.77308631039668,0.44709597987205957,-60.774468900183784
12.287920314634764,156.62070178547754,0.4639703659382424,-60.37359350456058
12.403341470305696,156.4742081660757,0.4799828481899695,-59.99701535865088
12.513914759107822,156.33328910228806,0.4952000194665741,-59.642542538588245
12.027809277965357,157.0984304475399,0.3954492704077806,-62.189701086429714
12.187932088555543,156.91031430137798,0.4174598672158733,-61.64522915456579
12.340463949254445,156.7293535667252,0.43821391121228176,-61.1385161634529
12.485992487883953,156.55525074344703,0.4578207985764712,-60.66563419790937
12.625041613909305,156.38769735824056,0.47637704789809593,-60.22319924318941
12.758080444494736,156.22638391770403,0.49396818020756356,-59.80827959901208
12.885530768209394,156.07100611570468,0.5106703066502244,-59.41832078675138
13.00777325276894,155.92126876757177,0.5265514387360303,-59.05108522082865
12.404944487364899,156.75624798318898,0.4192816052681938,-61.74267950537179
12.578645212205569,156.55980695598726,0.4420525093972087,-61.1827442155626
12.744332324801041,156.3703928802072,0.46353660531341767,-60.66136241498575
12.902613112457574,156.18776102758116,0.4838449025137099,-60.17454667609178
13.054030098295268,156.01164523111302,0.5030754319676339,-59.718859599457225
13.199069984452233,155.84176989767758,0.5213151387965673,-59.291321043769805
13.33817117150549,155.67785787559367,0.5386414734547222,-58.88933251994317
13.471730021437693,155.5196356930568,0.5551237060509421,-58.510616396804465
12.759015106928631,156.42154289732758,0.44119978963768486,-61.32959574142938
12.94580172415657,156.21716077800045,0.46466292297930595,-60.755690536957275
13.124185871061558,156.01966325181988,0.48681188785283924,-60.22104668922652
13.294791648427116,155.82885792842043,0.5077591193606764,-59.721625176112084
13.45817762526385,155.64452079298593,0.5276039983249701,-59.25394164487288
13.61484577747054,155.46641024564715,0.5464347431564093,-58.81497325568439
13.765249032933516,155.29427655393297,0.564330003711284,-58.402082651732606
13.909797563737918,155.12786834063536,0.5813601788750092,-58.01295677528099
13.09299605936824,156.0940669217191,0.46148748173564835,-60.94546344510024
13.292420798651472,155.8820850516393,0.4855848774428055,-60.358848214793944
13.48308353753887,155.6768342748256,0.5083431481863596,-59.812130209736054
13.665622768426523,155.47817396253905,0.5298760109514612,-59.301224830713686
13.84061092341763,155.28592200249724,0.5502840626444458,-58.822606137622344
14.008563282150758,155.09987077074356,0.5696566707386015,-58.37321338523647
14.16994551844292,154.91979810069859,0.5880735691394046,-57.95037464304553
14.325180000741181,154.74547497047737,0.6056061783768725,-57.5517452847918
13.409293761062195,155.7735563099872,0.48036962627332663,-60.58632617180837
13.620946605033902,155.55428173117934,0.5050513565525365,-59.98807699860242
13.823503577082926,155.34157569903823,0.5283710378313773,-59.430299847543154
14.0176154857015,155.13534872946906,0.5504435490009821,-58.90886962610662
14.203866750344435,154.9354602993431,0.5713705912957134,-58.420223342279364
14.382784257277812,154.7417366653404,0.5912425773851956,-57.96126639844284
14.554844888147224,154.5539832873928,0.6101402287007401,-57.52929592278606
14.72048181148647,154.3719936696761,0.6281358977024165,-57.121938985270305
13.709885262486171,155.4597430752233,0.49802761477628926,-60.24899230997655
13.933388698214724,155.23345451777882,0.5232502527251375,-59.64003782606114
14.147485008057584,155.013564577523,0.5470896566099764,-59.072077783561774
14.352835520928222,154.8000342767863,0.5696617657812529,-58.5409509392853
14.550035016650629,154.59276432605597,0.5910692912359868,-58.043061125549976
14.739620512671392,154.3916147118743,0.6114036028869945,-57.5752833578679
14.922078758451931,154.19641851772292,0.6307463278975791,-57.134886930296034
15.097852503837405,154.00699187659376,0.6491706745795867,-56.71947340273746
13.996416824881251,155.1523619566124,0.5146098543944934,-59.93084973048694
14.231421566901071,154.91931439370538,0.5403353025330904,-59.3119986048305
14.456727996967695,154.69248947679588,0.5646578348275695,-58.7346189856898
14.673006397963718,154.47189808815358,0.5876943643546804,-58.194517224369704
14.880860487370352,154.25748178911223,0.6095485309680215,-57.68806732231102
15.080836120826827,154.04913410567028,0.6303125865236922,-57.21211690003
15.273428739027558,153.84671569445408,0.6500689938430583,-56.763910101135274
15.459089601121972,153.65006536801266,0.668891751869381,-56.341025389390545
12.037019993768132,156.8635569456082,0.35397723246456714,-65.21236516872165
12.204296220431013,156.6533799551781,0.375701391541843,-64.68148728415174
12.363834629800344,156.4515409496751,0.3962075638859142,-64.18673463468693
12.516216996179544,156.25764426697395,0.41560020448668034,-63.724404876279216
12.661963806229195,156.07129463416038,0.43397165371893515,-63.2913000863842
12.801542310762994,155.89210552434827,0.451403852422354,-62.88464444743521
12.935373658538039,155.71970398231076,0.4679698294251571,-62.50201497844778
13.063838843898825,155.553733403891,0.48373493109106436,-62.14128573643507
12.467686350563099,156.50079805250687,0.380283320706311,-64.74434724490067
12.651108231702977,156.27981039117756,0.40286407946739505,-64.19613339196128
12.826317499352694,156.06703928863854,0.4241935086296417,-63.684907462571374
12.99391626820864,155.8621494450561,0.44437783466567604,-63.2069037565601
13.154444049870362,155.66479387246486,0.4635110230600308,-62.75886864384566
13.30838624083176,155.47462463752083,0.4816765474687378,-62.33797545101243
13.456181282161317,155.29129960070406,0.49894888073586136,-61.941754746443756
13.598226637632292,155.11448669938835,0.5153947285380183,-61.56803812141556
12.87007791377687,156.1463047103342,0.404273470547026,-64.31514739588131
13.069027047352364,155.91502321518686,0.4276270535603683,-63.75139941351415
13.259332740715815,155.69181612122958,0.44969945264393957,-63.22539880473349
13.44161340516147,155.47640814134544,0.4705984095586991,-62.73332706057508
13.616424329922665,155.2685005846665,0.4904193269574242,-62.27188213500166
13.784266120784148,155.06778442530108,0.5092470363602819,-61.83819304880265
13.945591851406544,154.8739488594307,0.5271572918285311,-61.429749817023705
14.100813041975531,154.6866870226435,0.5442180068695647,-61.044346887156316
13.248144598911136,155.79980867222625,0.4263207095957631,-63.918565405884706
13.462062492741895,155.55868826303004,0.4503768717029743,-63.34077892533312
13.666943278650242,155.32548365906325,0.47312480725955264,-62.80141620116582
13.863418673091394,155.09997903045425,0.4946736108408345,-62.29661257878088
14.052057031439418,154.88192383030278,0.5151199705099868,-61.82302358019726
14.233371709074412,154.6710480704089,0.5345499342828957,-61.37773929818138
14.407828177802068,154.46707261032014,0.5530404057919703,-60.958214038178035
14.575849981592926,154.26971624614117,0.5706603837863424,-60.56220947665931
13.605022291615738,155.46101651724655,0.44671467434863676,-63.54978374855858
13.833400581500038,155.21046302426583,0.47141368129692174,-62.95921955200355
14.052380150291755,154.96765353427045,0.4947797599455216,-62.40768599133911
14.26260349655872,154.73243103936903,0.5169232241700802,-61.891277817513966
14.46464974751395,154.50459287360744,0.5379419226666124,-61.406613108525946
14.659042920821467,154.28390808880587,0.5579230036417182,-60.950747513819266
14.846258985259617,154.0701293978758,0.5769444119249307,-60.521103670292995
15.026731774979941,153.86300157801267,0.5950761305231732,-60.11541413293049
13.943246416359749,155.12962572269612,0.4656847251411664,-63.20498614151527
14.185619445477855,154.8700050932993,0.4909751941347516,-62.602719974447744
14.41826003365223,154.61794598603908,0.5149100096195713,-62.040032407267226
14.641819308954744,154.37334953383507,0.5376005933680075,-61.51298228200778
14.856885207110436,154.1360606154452,0.5591458505441282,-61.01815444512303
15.063990617072394,153.90588723474767,0.57963393240261,-60.5525738921565
15.263620369384853,153.68261404771846,0.5991437344017321,-60.1136350075682
15.456217094081664,153.4660120278493,0.6177461393658589,-59.699044311244165
14.26489927405508,154.80533463128896,0.4834155948797062,-62.88109792198566
14.520838125606627,154.53697978137802,0.509252885389182,-62.26805733177654
14.766735270930207,154.27599530517355,0.5337134864722998,-61.69509280433871
15.003248612779235,154.02233977155626,0.5569098336300026,-61.15823127197148
15.230973198895754,153.77590521941505,0.5789418004049839,-60.654027947210636
15.450449238084417,153.53653845245805,0.5998984589108605,-60.179480409798664
15.662169003046998,153.30405608534525,0.6198595785696049,-59.731957712273804
15.866582619890819,153.07825542347572,0.6388968705088762,-59.309142979206015
14.57171431428892,154.4878485095519,0.50005826771032,-62.575605395117286
14.840821958528418,154.21106455463016,0.5264032584180842,-61.952597528373275
15.099600210442897,153.94145278048669,0.5513519829056459,-61.370119477713196
15.348712135433077,153.67902847818803,0.575017809909681,-60.82416971208649
15.588758414908853,153.423730430991,0.5975015060225018,-60.31127691249902
15.820285222450169,153.17544404431436,0.6188929939031521,-59.82841403688434
16.043791030476058,152.93401785183207,0.6392728513196995,-59.37292732712801
16.259732321568663,152.69927556554055,0.6587135564644232,-58.94247879244054
12.470737522353435,156.2495833635782,0.3402533362461644,-67.78614656261476
12.662161148773443,156.0050923947496,0.36255045288318005,-67.254784219421
12.84527237180352,155.76999331187866,0.38363567102898544,-66.75850097607504
13.020660260633647,155.54385613093152,0.40361019770765577,-66.29378828175533
13.188854573983754,155.32625008362632,0.4225637545928825,-65.85760519074725
13.350333257246428,155.11675287077927,0.44057617031274876,-65.44730392299905
13.505529180337685,154.91495605584964,0.45771877254455035,-65.06056654144157
13.654835776424637,154.72046822554424,0.47405554174297637,-64.69535372910347
12.930032178021268,155.87143936137258,0.36679157321437433,-67.33866052009343
13.139916771453521,155.6137723551409,0.38996202703981747,-66.78991128974508
13.341012940432035,155.36535371986764,0.4118875734845081,-66.27705870109375
13.533925496437446,155.12582268192628,0.4326711028093195,-65.79653829019176
13.719199259831356,154.8948042251024,0.45240388316461133,-65.34525963008328
13.897326926721856,154.6719209563895,0.47116720681698815,-64.92052930492848
14.068755760131664,154.45680059046992,0.48903378485520144,-64.51998732246572
14.233893196394074,154.24908076119473,0.5060689041764755,-64.14155561549418
13.359517883601685,155.50223851179675,0.3909738381069231,-66.92827328768644
13.587162633164754,155.23200171917904,0.41493089064683986,-66.3639349473469
13.80559119929893,154.9708455982916,0.4376134310400754,-65.83621170503474
14.015419919537193,154.71847816084238,0.4591257901328731,-65.34149300997966
14.217205258540183,154.47458015675403,0.47956060724729044,-64.87664564074802
14.411451545730014,154.23881946450024,0.499000474479483,-64.43893659905375
14.598617590914788,154.0108605565961,0.5175193333551795,-64.02596932470078
14.779122232443724,153.7903708817589,0.5351836343914809,-63.635631982148254
13.763357131712128,155.14164660656476,0.41318183276631926,-66.5490304295836
14.008128842528107,154.85937537005623,0.4378528696478836,-65.97059332582732
14.243297154564042,154.5859980173244,0.46122252601595315,-65.42941021515489
14.469486830069549,154.32129071206313,0.48339642247787445,-64.92183050770622
14.687263138310415,154.06498980026635,0.5044684281071922,-64.44468366902505
14.897139442487418,153.81680858962946,0.5245223026395848,-63.995202083345625
15.09958371823555,153.57644869764405,0.5436330945401098,-63.570957125438476
15.295024023896218,153.34360793214898,0.5618683025903436,-63.16980728145233
14.144852779390424,154.78931484347132,0.4337114851799227,-66.19631276823633
14.406174800829856,154.49548805548258,0.459034842991716,-65.60503194229095
14.65754095434532,154.21035313480698,0.4830322265462798,-65.0515774779941
14.899581823017007,153.93375367898625,0.5058104223053492,-64.53226377938532
15.132869087848825,153.66548133869517,0.5274644128941074,-64.0438875637357
15.357922948290582,153.40529486481594,0.5480790170458822,-63.58365073491875
15.575218527336146,153.1529332504479,0.5677302886357579,-63.14909635676376
15.785191248860686,152.908125044317,0.5864866798398465,-62.73805664861053
14.506674186255102,154.4448935523196,0.45279683878942395,-65.86646607310817
14.784018004663839,154.13994408326897,0.47871953992784677,-65.26341148799499
15.0510835205237,153.8434722589895,0.5032935914135193,-64.69869926979132
15.308504924858472,153.55538834565863,0.5266268421900622,-64.16861306053023
15.556858269950865,153.2755389273161,0.548815291480592,-63.66992068123791
15.79666871207318,153.00372811108943,0.569944726351243,-63.199797048845795
16.02841679085862,152.73973238269772,0.5900921213383061,-62.755760088027905
16.252543702084782,152.48331129301081,0.6093268027993574,-62.335618635102726
14.851013021053273,154.10804048636524,0.47062619039335973,-65.55654957828266
15.143891512613976,153.79236297228135,0.49710225875385905,-64.94264318486609
15.426195419255016,153.4849390805719,0.5222086402341283,-64.36754687037556
15.698560639616943,153.18574495828426,0.5460541588872289,-63.82751713414625
15.961565839424365,152.89468169948165,0.5687357485799028,-63.31929618847263
16.215739508251207,152.61159860920543,0.5903400880630538,-62.840034946853535
16.461566103830705,152.3363096991575,0.6109450008704794,-62.387228905262965
16.699491211281035,152.06860569274653,0.6306206205392249,-61.958665982652334
15.17969341232373,153.77842563737056,0.4873532884597196,-65.26416136701825
15.487655364577058,153.45238244527584,0.5143424716944833,-64.6402050210735
15.784769364826396,153.13436099572442,0.5399423449871509,-64.05548468227869
16.07167137255439,152.82440252241557,0.5642626328236816,-63.50623282386343
16.348941139071282,152.52246217318992,0.5874011336595191,-62.989168882619275
16.61710907259295,152.2284342420068,0.6094453524162469,-62.501422341714246
16.876662240455868,151.942170237644,0.6304739003420151,-62.04046860751842
17.128049407798684,151.66349215697784,0.6505576608628019,-61.60407681063224
12.92031865801648,155.61438095604794,0.32841865350847077,-70.36308573994629
13.138782187640397,155.33219019414796,0.35130607822520327,-69.83480041229939
13.348430078390898,155.06038183179177,0.37298872583205445,-69.34022467099868
13.549845681902111,154.79850569566008,0.393564444215515,-68.8760794420523
13.743556491533624,154.54610786307515,0.4131202254918564,-68.43951179175062
13.93004091699882,154.3027410502298,0.43173367905663207,-68.02802902740797
14.109734480469017,154.06797077244764,0.4494743297933802,-67.63944190895788
14.283035017803288,153.84137905616987,0.4664046968856054,-67.27181849479163
13.409919884626694,155.21838148846737,0.3552228964074017,-69.93707705546585
13.649462477952694,154.92031973754774,0.3790019072235598,-69.39138179797074
13.879727431633205,154.6324590445273,0.40154331045905944,-68.8801603580667
14.101307640624738,154.3544290767933,0.4229465571554818,-68.4000859811019
14.314740182609034,154.08584080765516,0.44330011577042755,-67.9482631922574
14.520513398476078,153.8262997404379,0.4626829979134617,-67.52215954293962
14.719072970486428,153.57541433652767,0.48116605836818277,-67.11954873926521
14.910827027793315,153.33280152723268,0.4988130764006672,-66.7384643588467
13.868127789881708,154.83210343743875,0.3796284866396496,-69.54627096475942
14.127957537029221,154.5188762381234,0.4042091480029642,-68.98494776393613
14.378100203654222,154.21564110042107,0.42752268280823597,-68.45876842586891
14.619153873379892,153.9221069975916,0.4496699164327648,-67.96436752862739
14.851661641988906,153.6379497944073,0.4707406304146714,-67.49881307812879
15.076118494638953,153.36282818818515,0.4908150855418726,-67.05953837304388
15.292977244559257,153.0963942781411,0.5099653231578601,-66.6442850955307
15.502653522689686,152.8383007841814,0.5282562484068826,-66.25105694236373
14.29932187185024,154.4551341649305,0.4020261260267947,-69.18499614815562
14.578722721414477,154.12736650097935,0.4273332542953,-68.60952076945091
14.848070878880378,153.80936025980785,0.451346393114258,-68.06978381591999
15.107966430881168,153.50090298325514,0.47416760225959015,-67.56238657666566
15.358955538956005,153.20173522570136,0.4958878447283032,-67.08436546901473
15.601537100634795,152.91156905774335,0.5165885071235303,-66.63312404835104
15.836168533752307,152.63010066400392,0.5363427018039676,-66.20637609727166
16.063270635811246,152.3570191853671,0.5552163516025405,-65.80209920586508
14.706975616046059,154.08705960019157,0.422718303593234,-68.8488592532777
15.005294943173995,153.74531207909678,0.4486881340906039,-68.26047350782348
15.293233226135818,153.41307827401673,0.4733393171491442,-67.70835766487158
15.571389888821365,153.090223475135,0.4967750319827662,-67.18908419508179
15.840311677585413,152.77655259691096,0.5190873149532023,-66.6996620293875
16.100499098316842,152.47183110648683,0.5403585771880707,-66.23746873469798
16.35241203617167,152.17579954850336,0.5606629071983014,-65.8001936307044
16.59647447442146,151.88818393531486,0.5800671566845601,-65.3857913476075
15.093895392591554,153.72747492052906,0.44194397205268554,-68.5343887842333
15.410534547281749,153.3722554955927,0.4685217829213901,-67.93415074813505
15.716496242361458,153.0262885947723,0.49375814620372604,-67.37066066540717
16.012376979063966,152.68951639400782,0.5177572646464368,-66.84046595412144
16.298721977030954,152.36180775610933,0.5406121578314874,-66.3405515177923
16.57603138306432,152.04298145971782,0.5624061769605072,-65.86827210365182
16.84476571951578,151.73282255933407,0.5832143076200417,-65.42129547096265
17.105350455430237,151.43109425491204,0.603104256340918,-64.99755594946583
15.462384862750401,153.37599069425008,0.45989518360867,-68.23879375493564
15.79679159573656,153.00776344677269,0.48703353238475255,-67.62761475784065
16.120252017764493,152.64851689800153,0.5128092190487884,-67.05361600382582
16.433357769942415,152.29826923063635,0.5373273888320504,-66.51332306688127
16.73665072828418,151.95695279220115,0.5606819683825309,-66.00369977321348
17.03062898245769,151.62443951202664,0.582957177656201,-65.52208075545622
17.315752108615175,151.30055901295694,0.6042288325409675,-65.06611469212866
17.59244558791149,150.98511189764017,0.6245654318911631,-64.63371788610914
15.81436110222463,153.03223612211275,0.47672861456161447,-67.9597964368084
16.166023422039427,152.65142800894378,0.5043860026544853,-67.33846887386834
16.506494509006398,152.27932043578977,0.530660882596181,-66.75471426347316
16.83635946681639,151.91600671337096,0.5556592728490345,-66.2050390961026
17.156155249548785,151.5614821788534,0.5794759420877762,-65.68638866168097
17.46637641066482,151.2156716983021,0.6021959181183717,-65.19607981043308
17.767480197968062,150.878449453651,0.6238957901316323,-64.7317442797476
18.059890816294025,150.54965358815778,0.6446447959450571,-64.29128230882193
13.380245157264012,154.96695845085728,0.3186092559420756,-72.9076291426821
13.62854581899906,154.6439256193067,0.3421028077453344,-72.38620641171819
13.867639323873586,154.33215194008815,0.3643994729221308,-71.89680704350603
14.09808824104561,154.03118411587604,0.38559367122171573,-71.43641265049672
14.320404135250353,153.74056034130012,0.40576959093234444,-71.00238605748514
14.535053494281346,153.45982202618782,0.42500254557937756,-70.59241431089961
14.742463273296295,153.18852088916626,0.44336018090143975,-70.2044587950139
14.943025556759297,152.92622336895113,0.46090348054413033,-69.83671447651362
13.901526422971465,154.5507823265963,0.34570801325626516,-72.50376537225395
14.173826877114745,154.20885293759292,0.3701128586848847,-71.96493759756163
14.436491819341548,153.87794361924162,0.39328799130481146,-71.45883525973572
14.690085473623553,153.55769337818936,0.41532936052361014,-70.98240121904776
14.935121862621747,153.2477162377219,0.4363225665563266,-70.53296336010327
15.172070993408667,152.94761599684838,0.4563442693512075,-70.10817548872006
15.401364222158724,152.6569957575348,0.4754633965540281,-69.70596753979156
15.62339876343022,152.3754642779785,0.49374215092818885,-69.3245048357427
14.38980120186988,154.1451968251988,0.3703633189239367,-72.13305428103779
14.685210340824536,153.78518504933487,0.39558608710652937,-71.57857484554192
14.970612312908694,153.43592327484984,0.4195495278840962,-71.05743430335032
15.246568532272937,153.09714214757736,0.44235090357646545,-70.56654489130437
15.513591782263227,152.76853148309212,0.46407707444287044,-70.10320486460078
15.772152139519495,152.44975791635406,0.4848059041488195,-69.66503969920441
16.022682147042147,152.14047671711492,0.5046074682911892,-69.24995241488665
16.2655811583138,151.84033997733604,0.5235450630746146,-68.85608287354073
14.849667064322759,153.74969966302714,0.39297509780758216,-71.79014165067824
15.167378262082902,153.37232896185105,0.41893783253084116,-71.22146164368607
15.474757482785769,153.0054142630015,0.4436141951741649,-70.68666309798573
15.772360080606182,152.64877699413913,0.4671026311493649,-70.18263229620888
16.060694543043912,152.30218252528007,0.4894911383826169,-69.70664220718507
16.3402281512845,151.96536053350923,0.5108586693548204,-69.25629399745316
16.611391955326614,151.63801897710607,0.5312763398169434,-68.82946748749059
16.874584945530767,151.3198540205119,0.5508084383294746,-68.42428051018142
15.28476917126457,153.36380264253958,0.41385259599250024,-71.47088470253621
15.624046450964455,152.9697237348538,0.4404892556306112,-70.88922462088048
15.95270636368655,152.58578828067382,0.4658146295413383,-70.34192934708831
16.271295486062073,152.21190756063498,0.4899282395901526,-69.82586308529537
16.58031544122689,151.84792213498108,0.5129191209387084,-69.33827712776475
16.88022829727544,151.49362476678405,0.5348672206614182,-68.87675167718595
17.171461342081212,151.14877643863943,0.5558446063286828,-68.4391464499921
17.45441107842736,150.8131179280545,0.5759164760561905,-68.0235601110212
15.698051904416833,152.98703864505566,0.4332398462781493,-71.17201312327037
16.058219409613592,152.57684256938938,0.460493811732976,-70.57841260419873
16.407517581768364,152.17646306027606,0.4864133723003936,-70.01961010378609
16.746481914942724,151.7859002928088,0.511099037366679,-69.49245100864462
17.075604979173587,151.4050695751238,0.5346407956654833,-68.99416797598825
17.395341561570785,151.03382668933676,0.5571195104219245,-68.52232306699497
17.706113241257405,150.67198584586885,0.5786081275421312,-68.07475850796507
18.008312206772107,150.31933283016122,0.5991726858695554,-67.649556213942
16.09193186324936,152.61896518748244,0.45133280503084744,-70.89089974343312
16.472365428779554,152.19319311767998,0.47915503338346754,-70.28625413258388
16.841706208964,151.77689973797786,0.505621268939992,-69.7167968248224
17.200476635879546,151.37017315569705,0.5308329335162032,-69.17935716484136
17.54915833889608,150.97300293790397,0.554880898806404,-68.67115176743778
17.888197034869865,150.58530774262428,0.577846878088393,-68.18972696112239
18.218006905615376,150.20695511535996,0.5998046337038305,-67.73290971543452
18.53897423811058,149.8377761349567,0.6208209872784088,-67.2987672637425
16.468419958463794,152.25916578603372,0.46829120614620356,-70.62540189473425
16.868540278987734,151.81831659375752,0.49663883436318484,-70.01048970145133
17.257368807518425,151.38659992241656,0.5236102036775533,-69.43111898277138
17.635413196037575,150.9641908616155,0.5493075842300376,-68.88410542761213
18.00314248853959,150.55115272256282,0.5738226704978152,-68.36665184060492
18.360991768088724,150.14746684346642,0.5972379694778034,-67.87629089431819
18.709366340673952,149.75305414101624,0.6196280072599304,-67.41083622910793
19.04864520007677,149.36779118919588,0.6410603389596047,-66.96834218330106
13.844357357301885,154.31694822403003,0.31084940719475335,-75.38556660092124
14.125062243230074,153.95032479776373,0.3349620374985248,-74.87482374218277
14.3963209909788,153.59567262086736,0.3578862235231882,-74.39412737309175
14.658659256943912,153.2525542047116,0.3797129223959217,-73.94074398088632
14.912557690856945,152.92051721024154,0.40052347222931245,-73.51227441840389
15.158456962602274,152.59910763044272,0.420390837128571,-73.10660584218503
15.396762600964744,152.28787792699174,0.43938072648954557,-72.72186884231535
15.627849059875066,151.98639224459913,0.4575525300962136,-72.35640221508496
14.39831393066525,153.87854421566283,0.3382643165153639,-75.00420564673563
14.706228714602439,153.48968152038074,0.3633092373508075,-74.47608970589847
15.004326487830056,153.1124693307075,0.3871327112104948,-73.97865085549962
15.293125004010756,152.74657670099606,0.4098271523561925,-73.50912630039984
15.573098554932093,152.3916398575776,0.43147524796804165,-73.06509010469448
15.844683233649453,152.04727858173305,0.45215125497136555,-72.64440326251254
16.1082815512818,151.71310692266704,0.4719221193883049,-72.24517107940956
16.3642663087254,151.38874047852252,0.4908484123040083,-71.86570809184661
14.91764553716738,153.45167584225453,0.3631895208521101,-74.65382492302976
15.251772842934088,153.04150498973064,0.389069698983859,-74.11004731340124
15.575772756948915,152.64262990927534,0.4136985295191898,-73.5974948955768
15.890150574335491,152.25482539741506,0.43716967807178586,-73.11338278471717
16.19537040576557,151.87781618153917,0.4595670397250243,-72.65526282890856
16.491860147266532,151.5112963344044,0.48096603141321015,-72.22097415196026
16.780015874990127,151.15494239640825,0.5014347109724564,-71.80860078892172
17.060205519824567,150.80842259812977,0.5210347135766085,-71.41643676136026
15.407165362319054,153.03574193589336,0.386034272914981,-74.32941612073009
15.766601093077202,152.60509288671682,0.41266878416540864,-73.77139278012253
16.11564844733354,152.18535912270627,0.4380245236948472,-73.24507686251708
16.45479695127828,151.7764202091997,0.4621962880715231,-72.74766533306797
16.78449736512528,151.378089117663,0.4852690666599404,-72.27669155833163
17.10516637052573,150.99013447258758,0.5073193296627778,-71.8299763031133
17.41719074782501,150.61229593463509,0.5284161465537284,-71.4055856206499
17.720930855235324,150.244295252773,0.5486221226213268,-71.00179608978368
15.870688535340294,152.6301729197375,0.40711468324255834,-74.02710774728804
16.254606643096125,152.17979425252466,0.4344350395830304,-73.45602951033489
16.62791642192543,151.73993091023215,0.46045125192239433,-72.91708592356235
16.991088850811966,151.31056620617497,0.48525914895932193,-72.40745906696299
17.34455866362777,150.89160098435994,0.5089447212418348,-71.92466692673466
17.688728767866362,150.48287852126555,0.5315854049179511,-71.46651482969102
18.02397421195746,150.08420203676397,0.5532511992627387,-71.03105358720418
18.350645473525702,149.69534747496016,0.5740056030237435,-70.6165448982624
16.311296251844922,152.23443355986586,0.4266799675595411,-73.74384592068249
16.718937130197776,151.7650068877835,0.4546275048100997,-73.16072725258122
17.11578402608305,151.30568101789027,0.4812472531342511,-72.61012392007837
17.502287001627383,150.85654198375858,0.506635991065308,-72.08920586156464
17.878862469691313,150.41757806468723,0.5308806329413854,-71.59547829446996
18.24589735940958,149.98870718277888,0.5540595083899766,-71.12673357194824
18.60375288319438,149.5697964213874,0.5762434786786401,-70.68100957863564
18.95276764055681,149.16067644307194,0.5974968725777954,-70.25655530199847
16.731517207572374,151.84802356247084,0.4449300817864588,-73.47717875269063
17.162178403353145,151.36017439615804,0.4734540269067742,-72.88289353068258
17.581888766910012,150.88200084461616,0.5006280125064708,-72.32146450450118
17.99107539414834,150.4136906509192,0.5265496975966234,-71.79005180402271
18.390134382956173,149.9553190575352,0.5513068552097282,-71.28615010365888
18.77943476215607,149.50687855417746,0.5749786476007008,-70.80754088703914
19.159322069213083,149.06830029438615,0.5976367411812751,-70.35225109187036
19.530121277435622,148.63947006696563,0.6193462416416531,-69.91851885078424
17.133455560230068,151.47047680214672,0.462027904451997,-73.22510741255228
17.58648424814865,150.96478294063084,0.4910839157153608,-72.62041575742636
18.02842952125977,150.4683319733146,0.5187690704162613,-72.04888675153099
18.45969371562924,149.98141237255825,0.5451818490229027,-71.50767272076615
18.880650861950038,149.50418585648677,0.5704108279623953,-70.99425971315296
19.291650395187144,149.03671935589526,0.5945359505210467,-70.50642015809804
19.693020554926758,148.57900822887106,0.6176296401312141,-70.04217175707723
20.08507114468008,148.13099370894193,0.6397577345148932,-69.59974339426932
14.306104170884636,153.67416108443797,0.3050655977882058,-77.76553316502532
14.621407070978348,153.26174363558928,0.32980571800209524,-77.26910900214571
14.927214325697067,152.8617984074877,0.3533662331451208,-76.80050858833307
15.223998782767634,152.4739230819664,0.3758346281135543,-76.35729842467009
15.512194994181563,152.0976929754989,0.3972893644277303,-75.93733235245756
15.792203372319078,151.7326757124439,0.4178010192296519,-75.53871208918848
16.06439433981846,151.3784404389436,0.4374333212664536,-75.15975120696145
16.329111803313335,151.03456388195224,0.4562440185535172,-74.79894534673821
14.893289587604178,153.21186064836454,0.3328104299316188,-77.40670374853947
15.239273594396442,152.77357406325558,0.3585048461648593,-76.89296394027069
15.575475938410497,152.34733004527916,0.3829862993348703,-76.40759758066018
15.902350495823837,151.9328486351341,0.4063436541540549,-75.94815167187858
16.220315033768284,151.52980814945258,0.4286566548346332,-75.51246179465988
16.529755616795978,151.13786317034987,0.4499971155232628,-75.09861101623011
16.83103052181279,150.75665644267679,0.4704299552497344,-74.70489425758947
17.124473499935544,150.3858270955281,0.49001406546969395,-74.32978877094004
15.444250683402274,152.7620969366713,0.3580186159075919,-77.07659725770915
15.819806536442082,152.29899606134168,0.38456643184666683,-76.54719797259479
16.185358444943137,151.84747164269004,0.40987090767941853,-76.04664583993586
16.54133666325535,151.40736516513834,0.4340220920670836,-75.57247459588854
16.88813820521103,150.97845788615842,0.4571008808697679,-75.12250539195382
17.226130962671135,150.56049195226365,0.479180201950854,-74.69480631268381
17.555657400067712,150.15318478825077,0.5003260487898741,-74.28765711503438
17.8770376144019,149.75623933597453,0.520598347561323,-73.8995199619134
15.964010307140065,152.3241632325109,0.38110870929243346,-76.77057336041369
16.368130760078454,151.8371912808278,0.40842585890688043,-76.22688502436365
16.762076269532535,151.36130277023616,0.434471665508702,-75.71245699313782
17.146250074725035,150.89645957543436,0.45933725016204685,-75.22481294993706
17.52102511639624,150.442545668767,0.48310455514348494,-74.76176274208089
17.886747893945408,149.9993911373024,0.5058475232831343,-74.32136247110743
18.24374195754129,149.56678889394337,0.5276331299700471,-73.90187958849583
18.592310779591454,149.14450680350777,0.5485222494273008,-73.50176387795973
16.456549103815533,151.8974033984312,0.40240369283420757,-76.48504741336328
16.888312344529965,151.3874134915488,0.43041909028293374,-75.92822297642694
17.30977153579359,150.88799438177153,0.45713710779746064,-75.40102147110508
17.721300023577456,150.39922727265974,0.48264984749695294,-74.90095918569556
18.1232438402443,149.92109853609617,0.5070402121493812,-74.42583725717428
18.515925328382036,149.45352642941168,0.530383079143239,-73.97370230070047
18.899646450592957,148.99637997563673,0.5527463306226731,-73.54281184697473
19.274691487899183,148.54949285954524,0.5741917186611281,-73.13160556574647
16.92508168202654,151.48120996297757,0.4221579907028925,-76.21719320353547
17.383638680175913,150.94898087622968,0.4508107943678508,-75.64821535452786
17.831796881355636,150.42679599536697,0.47814183652391584,-75.10918035048603
18.269897251934445,149.91485481929612,0.5042441245362008,-74.59759931619729
18.698256452174075,149.41324576092782,0.5292014505730989,-74.11126686314694
19.11717025570716,148.92197538335122,0.5530895602592822,-73.64822222894058
19.526916698459466,148.44098931094067,0.5759771806804012,-73.20671504240399
19.92775862083031,147.97018778860127,0.5979268841816519,-72.78517678073248
17.372246191951145,151.07502147368743,0.44057559246433253,-75.9647424105624
17.856810574204573,150.52126953213414,0.4698131830516021,-75.38445820228421
18.330909643302018,149.9770257566569,0.49770604454645184,-74.83440024408227
18.794849804648834,149.44260695475458,0.524348025974904,-74.31207639416516
19.248916174642055,148.91820320611524,0.5498237494709598,-73.81527660225342
19.693375825139842,148.40390945357882,0.5742097736235334,-73.34203453227366
20.128480793786213,147.89974831897504,0.597575619108101,-72.89059364204277
20.554470487666382,147.4056872277915,0.6199846308443656,-72.45937886651488
17.80023795755422,150.67831939534202,0.45782255883115935,-75.72584626290718
18.310077804267173,150.1037076841058,0.48759901368326264,-75.13499305065635
18.8094090140904,149.53806225355765,0.5160089949484783,-74.57461799551433
19.29850149277599,148.98181628852532,0.5431471395259733,-74.04222731944621
19.777606875778215,148.43526116136516,0.5690988494120208,-73.53560791771382
20.246961627158456,147.8985802276061,0.5939414497222437,-73.05278944053997
20.706789934037314,147.37187343075365,0.6177452117164797,-72.59201067487159
21.157305989928364,146.85517590232413,0.6405742130676578,-72.15169144624896
14.758854771986172,153.04810944238966,0.3011072794702939,-80.0203374742692
15.110438798563496,152.58837765488602,0.3264770578129561,-79.54148584399115
15.452695410257093,152.14137123736975,0.3506763658872654,-79.0880497922761
15.78603043799825,151.70674119555125,0.3737892264477941,-78.65790075429547
16.110818276802988,151.2841080552946,0.39589121301117103,-78.24915203868305
16.427405284714258,150.87307796236618,0.41705048956821184,-77.86012731997734
16.736113334136643,150.47325292587436,0.4373287684292516,-77.48933104863293
17.03724276149126,150.08423769275208,0.4567821142617336,-77.13542381628463
15.37933474779168,152.56071995691528,0.3291875630732303,-79.68373400260128
15.765288235270877,152.07124911299854,0.3555342774744367,-79.18764739630076
16.141742834990055,151.59393573522655,0.38067664028926124,-78.71743611840454
16.50907312359046,151.1285702377507,0.4046999662009768,-78.27096191238857
16.86762488084748,150.6748920401551,0.42768103622244014,-77.8463284975958
17.217718796566466,150.23260903974028,0.4496891885153814,-77.44184865865904
17.559653811930506,149.80141059860472,0.47078727398117454,-77.05601515269981
17.893709873299663,149.38097663659516,0.4910324590509521,-76.6874764316951
15.962034268245281,152.0869014088594,0.35468438966529175,-79.37355344663291
16.381132289961858,151.56887492135579,0.38190312302703655,-78.86182030754476
16.7906261966155,151.06239980284772,0.4078864698515431,-78.37635294244747
17.190854529447215,150.5674049068514,0.4327208498288902,-77.91500868402713
17.582130283675216,150.08374856647723,0.45648413004179017,-77.47588477545123
17.96474437798318,149.61124123113137,0.47924670876822967,-77.05728617246334
18.3389688180501,149.14966097853738,0.5010724686122637,-76.65769691373863
18.705059280270248,148.6987646576232,0.5220195777185821,-76.27575617867004
16.512176642688754,151.625837823455,0.37802544965752116,-79.08553763071816
16.963304706563093,151.08031722386409,0.40602885595400195,-78.55947316818848
17.404775744978135,150.54571470702712,0.4327681021014598,-78.06000984520915
17.836888727225944,150.02209651101342,0.4583306096758934,-77.58500309878009
18.25992031535394,149.50943978281907,0.4827952347465928,-77.13254623372832
18.67412814110745,149.00765812523446,0.5062333449851486,-76.70093888330825
19.079753826137416,148.51661943877593,0.5287097699962356,-76.28865881244602
19.477025423921475,148.0361589631784,0.5502836006911145,-75.8943382911409
17.033901008735572,151.17678368947335,0.3995405010773851,-78.81639837081681
17.51603722329594,150.6047318537392,0.4282547755525505,-78.27710997686441
17.9885053166701,150.0429459955214,0.45567798850283747,-77.76471219014412
18.451561628454026,149.49162873213058,0.48189847935292723,-77.277060630024
18.905443397170878,148.95087587651466,0.5069960144646367,-76.81224677138833
19.350371890073106,148.42070466675153,0.5310428576463048,-76.36856701638588
19.786555315959518,147.90107376218876,0.5541047174801402,-75.94449490330956
20.21419115510932,147.3918980462244,0.5762415445335992,-75.5386577773372
17.530549911750068,150.7390571093358,0.4194891201551013,-78.56354377157037
18.042751357340073,150.141355272843,0.44885113750357436,-78.01197621915564
18.545307001584497,149.55325501128647,0.47689676945569104,-77.4875500064807
19.038427856798272,148.97509439200883,0.5037152040395126,-76.98812268017328
19.52230899677621,148.4070877367264,0.5293870533835655,-76.51178566523149
19.99713258501611,147.84935632803501,0.5539854177071585,-76.05683390595671
20.463070716880043,147.3019503998811,0.5775768293917422,-75.62173845563909
20.920287668305004,146.76486557600893,0.6002220477428611,-75.20512342763155
18.004866609686236,150.31203372815506,0.4380792988201,-78.32489376399616
18.54625867208048,149.689494014831,0.468034521921671,-77.76186163922532
19.078053375252242,149.07588503499406,0.4966493417959038,-77.22618991623143
19.600414718097863,148.4716783994259,0.5240138026837707,-76.71573750239048
20.11349289849021,147.8772071470727,0.5502092874610178,-76.22859798079257
20.617428506527553,147.29269696836053,0.5753096836943951,-75.76306636223305
21.112355088979495,146.7182903979432,0.5993823025043798,-75.31761271696554
21.598401348070794,146.15406477305666,0.6224886705947238,-74.89085939017055
18.459134090727808,149.89514118159784,0.4554802645170465,-78.09875298291051
19.02890089717004,149.24851765629074,0.48598108628287423,-77.52496751735298
19.589140288852064,148.61015029097297,0.5151186996059708,-76.97873173281994
20.139966357517185,147.98064452327577,0.542983892715463,-76.45790920263566
20.681482412221634,147.3604516370121,0.5696587962781771,-75.96059631361997
21.213785221563075,146.74990206250732,0.595218044700203,-75.48508946911898
21.736967570008026,146.14923128971594,0.6197296908816006,-75.02985906683342
22.251120438283014,145.55859923916884,0.6432559952328446,-74.5935269636429
10.913933008196823,158.40034032797627,0.38857426248201266,-62.63541934572866
11.045150587431571,158.23899225092188,0.4094991437747087,-62.112233408135396
11.169855914934708,158.08408431618298,0.42921347465142856,-61.62564499839591
11.288571841008759,157.9353288230243,0.4478239595242734,-61.17181658809891
11.4017631648886,157.79243080370972,0.4654246145624451,-60.74744781285232
11.509844604171983,157.6550971219229,0.48209862786040275,-60.34968198730875
11.613187767180687,157.52304174823615,0.49791993624409703,-59.97603209434386
11.712126934476034,157.3959889977444,0.512954524723862,-59.62432138574768
11.278239521970177,158.0900544349175,0.41426794634639064,-62.14990267287714
11.421939975889204,157.9218435276369,0.4360305305316799,-61.609567975437656
11.558708865446569,157.75990690851626,0.4565492190221384,-61.106719390582654
11.689091309194495,157.60401165006454,0.47593251948309057,-60.63745535815667
11.813572507144814,157.45390704795068,0.49427613614118343,-60.19841475837314
11.932586223137303,157.30933552938848,0.5116648433298577,-59.78668588956922
12.046521864491176,157.17003966057482,0.5281740668964944,-59.39973184111502
12.15573036172513,157.03576674076558,0.5438711887678698,-59.03533054021943
11.617785103859617,157.78523531715769,0.4377242288122398,-61.704504306706525
11.773465299926345,157.61054853292202,0.46024497089666294,-61.14879946976878
11.921831091426741,157.4419565515709,0.48149197376481395,-60.631368880278515
12.063446318764404,157.2792808512274,0.5015753184567285,-60.148252633011744
12.198813797803439,157.12231462664747,0.5205921971896941,-59.69603660596582
12.328383840551007,156.97083580347658,0.5386287850789018,-59.271761003884066
12.452561406945003,156.82461568987145,0.5557618250984414,-58.87284522221377
12.571712052667532,156.68342486293105,0.5720599367400468,-58.497027431720454
11.936059039046585,157.48592422129767,0.4593006218536401,-61.292861220306044
12.103266721872265,157.30509697714766,0.48251265424989487,-60.72326971846688
12.262808093794595,157.13017484262332,0.5044239516932548,-60.19265601649973
12.415263132473944,156.96103279356197,0.5251460106128538,-59.69700822747293
12.561149933596694,156.797507468476,0.5447773493453957,-59.23286559793111
12.70093325564451,156.63941211429898,0.5634053935817617,-58.797225929424464
12.835031715929661,156.4865468035176,0.5811080640575426,-58.387470021178885
12.963823782487415,156.33870555514932,0.5979550885001585,-58.001300867476495
12.235830795452419,157.19208333066746,0.4792752952523885,-60.91001980042759
12.414156057214363,157.00541124893522,0.5031216118904124,-60.3277959943839
12.584489968175607,156.82444645277414,0.5256426021316856,-59.78518130220719
12.747426436466561,156.64911661825786,0.5469510201255554,-59.27811855315271
12.903496852910411,156.4793013185317,0.5671465770278249,-58.80310567796202
13.053178631952386,156.31484887128295,0.5863178252995308,-58.35710282478229
13.196902429503165,156.15558805040754,0.6045437484639827,-57.93745645319153
13.335058159482738,156.0013363890991,0.6218950756934223,-57.54183820651993
12.519338540257353,156.90362471829994,0.49786887242928285,-60.55205007972205
12.70840745555569,156.7113713577503,0.5223003602773753,-59.958265369982236
12.889183506205514,156.52462109521662,0.5453839518720118,-59.40466043067925
13.06227264349328,156.3433534395214,0.5672335394814345,-58.887137841681366
13.228217848741526,156.16749035931747,0.5879499156617534,-58.40215871094363
13.387507650561796,155.99691494453717,0.6076226560780961,-57.94664954961168
13.540583346238733,155.8314845481836,0.6263317107841645,-57.51792607831948
13.687845027022766,155.6710402237253,0.6441487209202624,-57.11363182665434
12.788419427439159,156.62042882735994,0.5152593263936539,-60.215779848171486
12.987888925682917,156.42283158277257,0.5402332462022221,-59.61135933669155
13.178784809471454,156.23052821655673,0.5638384301499,-59.047637223709756
13.361723441223479,156.04354921268362,0.5861898074513311,-58.52048014026134
13.537257914853962,155.86185838169078,0.6073891577407082,-58.02631621147705
13.7058865332089,155.68537325639207,0.6275269921471655,-57.56204174566667
13.868060017976012,155.51397960502968,0.6466841456482857,-57.12494480449491
14.024187530579239,155.34754195918126,0.6649330954362505,-56.71264357387625
13.044601852193301,156.3423571006291,0.5315923055563874,-59.89861190800783
13.254155560090336,156.1396316041543,0.5570711452499831,-59.28436158343623
13.454873354375467,155.94198679326823,0.5811619055620881,-58.71128322963494
13.647380585572499,155.7495032869879,0.6039804661193453,-58.17521123768487
13.832239168344667,155.5621861798528,0.6256295129019559,-57.672544063320665
14.00995600588259,155.37998709908734,0.6462004173532188,-57.20015077671678
14.1809901759016,155.20282003524736,0.665774829425617,-56.75529444064334
14.345758936178584,155.0305729203545,0.684425997261571,-56.33557029069075
11.287130582079024,157.85880966413438,0.37195501066600983,-65.18855867515539
11.437181718802444,157.6692934611266,0.39342239959678443,-64.66176537584418
11.580160487785152,157.48722966512506,0.4136845289106001,-64.17084325335716
11.716608046654162,157.31228518515974,0.43284499955400596,-63.71211321765247
11.847007676216307,157.14412090218454,0.45099536467172446,-63.2823976733702
11.971792482258357,156.98240089598934,0.4682168395648477,-62.878938678785
12.09135219476099,156.82679802276778,0.4845817840338534,-62.499329055471996
12.206038828127717,156.67699731429877,0.5001549271219187,-62.14145689710875
11.67484139218079,157.53942830471877,0.39783750601543505,-64.72295822499198
11.839123069050927,157.34130494263678,0.4201578030151428,-64.17896565618402
11.995901164481252,157.15045603936602,0.4412399929224288,-63.671700021585444
12.145736520735817,156.96661024258097,0.46118941944726893,-63.19741930311853
12.289130695942832,156.78947815085078,0.48009923307379837,-62.75289060889378
12.426534102393896,156.61876392391386,0.4980521551300207,-62.335305519800656
12.558352855565397,156.45417275021373,0.5151219637172981,-61.94221075604357
12.684954484152996,156.29541573142083,0.5313747226097786,-61.57145226852158
12.036453911491297,157.22592708040733,0.421446922609919,-64.29594092093839
12.214396097690432,157.01965495847224,0.44453792630547306,-63.73654035184402
12.38444372035479,156.82046319917174,0.46636144232089993,-63.21462000773543
12.547173625041884,156.6281413749895,0.48702430184694334,-62.72638542071715
12.703102700863692,156.44244942418754,0.5066210655040675,-62.268555617275204
12.852696003881826,156.26313154918486,0.5252357863592617,-61.838278184449955
12.996373623989012,156.08992547451993,0.5429434986120225,-61.433059580454255
13.134516416958615,155.92256874378327,0.5598114498205312,-61.05070888476511
12.375648869350394,156.91831154147746,0.44314880775516663,-63.90135335831665
12.566739239595218,156.7042899584987,0.4669415571142979,-63.32803274333097
12.749578099613021,156.49714207498107,0.4894402342114657,-62.792863217858205
12.924755584534074,156.29671746579226,0.5107529957966521,-62.29200445416154
13.092801456654987,156.10282492417738,0.5309756613627751,-61.822133317646305
13.254193187360707,155.91524852624983,0.5501934747824717,-61.380358724102166
13.409362817030889,155.7337585904332,0.5684825950900905,-60.96415166537234
13.558702687345496,155.55811932121804,0.5859113313744532,-60.571288680195075
12.69534553296835,156.6165134420156,0.46322710287712743,-63.53441170722699
12.899119808273376,156.39509530176917,0.4876629263610393,-62.948426170435184
13.094315033251139,156.18033430450333,0.5107804220219506,-62.40119361558556
13.281532346071264,155.97213907721377,0.5326889390297516,-61.88883334478891
13.461312304543883,155.77036671975625,0.5534854312994038,-61.407984996798824
13.63414290592208,155.5748409262683,0.5732562174849822,-60.95572325423167
13.80046642026973,155.3853645660479,0.5920784733204973,-60.5294876428726
13.960685105751963,155.20172861479247,0.6100214686441467,-60.12702577455812
12.997901854049443,156.32041806329275,0.4819067323071122,-63.191324636818045
13.213936500173542,156.09191893996208,0.5069351371088586,-62.59374569366248
13.421090194554711,155.86985257430376,0.5306229257946837,-62.03546315762956
13.619973129535765,155.65418569091588,0.553080528799145,-61.51256059377983
13.811134882138662,155.44482311186388,0.5744059305037835,-61.0216445809352
13.99507235556312,155.24162783663198,0.594686427373293,-60.55975931796438
14.172236570444417,155.04443517195486,0.6140001214122838,-60.12431624566395
14.343038349267713,154.85306289655261,0.6324171588775447,-59.71303710460601
13.28525248489796,156.02988232040653,0.4993689062458864,-62.86903641293197
13.51315887177313,155.79458715040232,0.5249460046503114,-62.26078840793156
13.731904934048035,155.56549414692262,0.5491618804084853,-61.69233011793267
13.942108240655365,155.3426271878438,0.5721279512063149,-61.1597133248805
14.144325854319852,155.12593821506513,0.5939431439256172,-60.65951510566944
14.339062181991402,154.9153291837566,0.614695650745771,-60.18875237877899
14.52677571149807,154.71066767514037,0.6344644233445111,-59.74481139002153
14.707884653862692,154.51179824536212,0.6533204129260787,-59.325390621645994
13.559006408493024,155.74474682109155,0.5157617647305747,-62.56504800884718
13.798426081909312,155.50291497221343,0.5418490776027793,-61.94693563480173
14.028425988085104,155.26704978809335,0.5665560140748026,-61.36906290655838
14.249629615997174,155.0372313745943,0.589994898674456,-60.827453229886046
14.46260017890312,154.8134581850415,0.6122655255131515,-60.31865724747003
14.667848363611537,154.5956707574093,0.633456912210146,-59.83966736089666
14.86583900244379,154.38376874964885,0.6536487945053993,-59.387847115408945
15.056996664304966,154.17762342736634,0.672912867314505,-58.96087399121234
11.677990425956704,157.29105052630834,0.35703236243491865,-67.78126418887555
11.84935776531593,157.07027990007458,0.37905888515430525,-67.25411377461289
12.013120312574182,156.8579628595132,0.3998867938928964,-66.76180033838247
12.169828757802922,156.65373026700888,0.41961645439393813,-66.3008358408017
12.319977312960985,156.45720634324724,0.4383368059617441,-65.8681974377384
12.464010962537643,156.26801868466598,0.4561269508256809,-65.46125341182687
12.602331947804771,156.08580432804072,0.4730575422942073,-65.07770014643863
12.735305185195962,155.91021346395598,0.4891919346803186,-64.71551114671331
12.090698573571173,156.96041971296893,0.3831403493823093,-67.33687710789917
12.278290268363248,156.72902958841183,0.4060365031525158,-66.79252064760846
12.45784343059892,156.5058931997016,0.4277016187101243,-66.2838114173016
12.629924700112461,156.29071112093212,0.4482377137723992,-65.80720578655226
12.795043359359703,156.08316399845515,0.46773524406061884,-65.35963175581324
12.953658963311602,155.88292516873682,0.48627474605198995,-64.9384122825173
13.106187811594731,155.68966877773235,0.5039282279087677,-64.54120199068805
13.253008363439722,155.50307511577736,0.5207603227818891,-64.16593591688256
12.475910622712952,156.63617665118517,0.4069366919484104,-66.9293474219208
12.679081867587668,156.3947060544537,0.4306174551848182,-66.36957313945561
12.873825027708177,156.16127015034573,0.453038142311323,-65.84615807293952
13.060718871701043,155.9356382878143,0.4743021816688237,-65.3555127543251
13.240284667132352,155.7175471208349,0.49450137057819826,-64.89452263423907
13.412993726790418,155.5067156992848,0.5137175163706607,-64.46047132692081
13.579273841436066,155.30285552991472,0.5320238294362404,-64.05097712148243
13.739514667079682,155.10567744932067,0.5494860792307105,-63.663941512349794
12.837505700963002,156.3182794087178,0.42879537522005123,-66.55276599041967
13.05567694849284,156.06719948804567,0.45318953723589844,-65.97905728984729
13.265067760769837,155.82392027469572,0.47629730953527855,-65.44234092348509
13.466266237187556,155.58827885577824,0.49822338059006943,-64.93898755593894
13.659803071011506,155.36006735509685,0.5190607481731714,-64.46584550120325
13.846158991223717,155.13905035941298,0.5388923584930628,-64.02016393508873
14.025771135352246,154.92497682018526,0.5577925008304261,-63.599529261516736
14.199038390629177,154.71758838991636,0.5758279657048037,-63.201813475766656
13.178558499385268,156.00661948114822,0.44900644825611086,-66.20254647450524
13.411204489324076,155.74634786965402,0.47405350992821055,-65.61615325677019
13.634749664587817,155.4936312391277,0.49779013388409027,-65.0673195495608
13.84978911054516,155.2483733496934,0.5203221449915572,-64.5523811171835
14.056860793347804,155.01042118643812,0.5417436253983081,-64.06815364338759
14.256452881913575,154.77958459819794,0.5621385516224596,-63.61185595100384
14.449010045231285,154.5556499495695,0.5815821903378191,-63.18104626706379
14.63493873320477,154.3383898532206,0.6001422582535682,-62.773570458583904
13.501551328571967,155.70104757268643,0.46779937273306893,-65.87505914916888
13.748192788441322,155.43195868808323,0.4934473334624923,-65.27704749599275
13.985440780060392,155.17016979545568,0.5177627197421493,-64.71710666639186
14.213895386020413,154.91565026064325,0.5408523895182191,-64.19154171156485
14.434100012984167,154.66830128204867,0.5628114123727485,-63.69713948645947
14.646548582388219,154.42797763145853,0.5837247044426199,-63.23109190938603
14.851691740295008,154.19450297456174,0.6036684249854185,-62.79093216229711
15.049942066916499,153.96768093804081,0.6227111375980015,-62.37448283217814
13.808520143455379,155.40139060214946,0.485358805042606,-65.56738199232989
14.068717164661956,155.1238232768492,0.5115625165888061,-64.95867086658731
14.319252295419753,154.8532936447808,0.5364131492306643,-64.38849401687895
14.560728911196893,154.58983562407758,0.5600185065854569,-63.85312935093811
14.793694283537663,154.33340395945783,0.582474563647903,-63.34933813807567
15.018646631081756,154.0838979650831,0.6038670994223131,-62.87428833602281
15.236041232830663,153.8411784392772,0.6242730939617614,-62.425490756811904
15.446295557774384,153.6050800105624,0.643761890601118,-62.00074714157423
14.10115772291131,155.10746293692705,0.5018355530103729,-65.27712773751435
14.374504407801199,154.82172621766176,0.5285554702915983,-64.65851664872747
14.637942099624548,154.54275914461772,0.5539032132002735,-64.0788618823004
14.892075992882958,154.2706591583531,0.5779874562470021,-63.53441727531286
15.137455857056178,154.00543387729255,0.6009050096501773,-63.02192130540442
15.374582941845249,153.74702675161097,0.6227424496031392,-62.53852050766697
15.603915986871728,153.49533550426364,0.643577515499891,-62.08170563184293
15.825876264718854,153.25022570478478,0.6634802729230549,-61.64925967409779
12.082191382825435,156.7046233983209,0.34405763978986537,-70.37812030745471
12.277362180151158,156.44963185791815,0.3666595410565543,-69.85426748381173
12.464454952255808,156.2040437257499,0.38807057247387894,-69.36389401835507
12.644018895662368,155.96746584167465,0.4083877579922647,-68.90373846432546
12.816549416201832,155.73949620773678,0.427697316917274,-68.47096362066178
12.982494772322033,155.5197350208118,0.4460761350040924,-68.06309090779835
13.14226211219722,155.3077914060032,0.46359306007714535,-67.67794379757427
13.296222534818924,155.1032875985932,0.48030997814828014,-67.313601841068
12.521282715328852,156.3605922172509,0.37042494659343195,-69.95601618626887
12.734925284425,156.09269114461028,0.39391484897756124,-69.41499181832589
12.94006649515773,155.8339582272837,0.41618174312553174,-68.90820371967467
13.137266456294002,155.58407944926157,0.43732422411556515,-68.43234291796186
13.327031204529474,155.3427173230666,0.45742995553296384,-67.98452985825924
13.509819673445795,155.10952473333958,0.4765771934731547,-67.56224639875182
13.686049657027679,154.88415388985868,0.4948360842263066,-67.16327915511364
13.856102813164428,154.66626226879765,0.5122697430930896,-66.78567339732294
12.931436721844536,156.02354900189235,0.3944395321546894,-69.56886211231091
13.162823911658064,155.74336669221856,0.4187293795515839,-69.01243956328327
13.385334618298737,155.472094960031,0.44176738072342686,-68.49091690763522
13.599535940642781,155.20949783523352,0.4636534733801111,-68.00094658517583
13.805941350948178,154.9553018526485,0.4844766022909226,-67.53961262081044
14.005017515384548,154.7092125489846,0.5043162409417451,-67.10436273488264
14.197190162948232,154.47092550670516,0.5232436907649191,-66.69295164634357
14.382849012071633,154.24013395918882,0.5413231620985914,-66.30339488103395
13.316735161564656,155.69339224239917,0.4164841213993845,-69.21103109295828
13.56521321456177,155.4014796308575,0.4415002706235757,-68.64067980547073
13.80448000842131,155.1182027096556,0.4652383844270339,-68.1058173265935
14.035106783397419,154.84340236803357,0.4877996032503981,-67.60306280291674
14.25761181059432,154.57686854724568,0.5092740213943908,-67.12946869460971
14.472467050544257,154.31835923573902,0.5297422062748536,-66.68245302605487
14.680103912662272,154.06761348952023,0.5492764987659425,-66.2597426832171
14.880918091024611,153.82436061596917,0.5679420958490299,-65.85932716750588
13.68041161403021,155.36996361722234,0.4368551230578366,-68.87816220347914
13.945387793464041,155.0668104152463,0.46253508945490107,-68.29511923435656
14.20085239326523,154.77200450294893,0.4869130309063773,-67.74809156336843
14.447378419866313,154.48546241939286,0.5100911755087375,-67.23366944224425
14.685486735143828,154.20703682313996,0.5321606588251473,-66.74887780337565
14.915652544190953,153.93653784747937,0.5532030406821665,-66.29110867112625
15.138311034858068,153.67374799491972,0.5732916062549953,-65.85806448206094
15.353862112630363,153.41843282294286,0.5924924500300317,-65.44771181216599
14.025075636777109,155.05307154455704,0.4557867483709408,-68.5668083770162
14.306008859279357,154.7391178599477,0.48207688578759944,-67.97212812591484
14.577159868042957,154.43321249453717,0.5070428624028134,-67.41393680395382
14.839101429843868,154.13534643299397,0.5307878978298931,-66.88879947080822
15.092355124805382,153.84543432332907,0.5534040784745692,-66.39371693275977
15.337397657887786,153.56333806818927,0.574973871786277,-65.92605833099941
15.574666371286996,153.28888350118913,0.5955714277982394,-65.48350450815742
15.804563871185836,153.02187250511648,0.6152636640661103,-65.06400173175534
14.352866932170222,154.7425066204604,0.4734672801400857,-68.27419749483937
14.649260304447052,154.41815159367408,0.500321058674492,-67.66878836580517
14.935626600559862,154.1015376680241,0.5258301224437177,-67.10029652878829
15.212536634925836,153.7927290917515,0.5500986012099306,-66.56526500420387
15.480511100594786,153.49170175795908,0.5732194556876916,-66.06067337143922
15.740026701463467,153.19836891997176,0.5952759892328596,-65.58387054724665
15.991521532699142,152.91259956577255,0.6163431495212145,-65.13251821792227
16.23539959427439,152.63423190538185,0.6364886142065415,-64.70454457799849
14.665564171523881,154.43805170200918,0.49005034821059773,-67.9980667203178
14.976958967300712,154.103660090815,0.5174270495765448,-67.38271871120492
15.278104343044546,153.77669597334688,0.5434398470372576,-66.80467720714321
15.569567684261642,153.45729571146174,0.5681937108510792,-66.26046590014535
15.85186740758584,153.14549569694836,0.5917824105662324,-65.74704563809186
16.125478912570998,152.84126008916462,0.6142900240693414,-65.26174740376418
16.390839827117244,152.54450081120518,0.635792239184044,-64.8022158287316
16.648354404318418,152.25509234852458,0.6563574397968976,-64.36636296321056
12.49472454194878,156.10796635598228,0.33316692124330977,-72.94344380023938
12.71608961382671,155.81602958216095,0.3563593734685198,-72.42678324311623
12.928997344860198,155.5343501055262,0.3783695342998222,-71.94192836843666
13.13398266181494,155.26252535986342,0.39929102518604637,-71.48587536486174
13.331530623187371,155.0001401470151,0.41920727749794134,-71.05600024455842
13.522082336251259,154.7467788741423,0.43819288898683467,-70.6500020392515
13.706040442761172,154.5020331134274,0.4563148296191851,-70.26585306266514
13.883773727995827,154.26550639047227,0.47363344578988154,-69.9017582791132
12.961314900595102,155.74849034750483,0.35982258143414164,-72.54441287865383
13.203651480925439,155.4410760467932,0.3839230423360986,-72.01065819730104
13.437134455789137,155.14363136226754,0.4068092100662949,-71.50940446492596
13.662303270618482,154.85584377563887,0.42857620300670896,-71.03760903839475
13.879647854017822,154.57737211970425,0.4493088308675771,-70.59261297174297
14.089614818052116,154.30786181963575,0.46908300372263434,-70.17208206962076
14.29261281575138,154.04695482857218,0.48796693919477907,-69.7739572363682
14.489017042922343,153.79429630793155,0.506022168695973,-69.39641385419304
13.397502863048814,155.3966878554675,0.38408242422416433,-72.17826627107476
13.659994520407961,155.0745216498239,0.4089995861712797,-71.629163018814
13.913288480057762,154.76201194535886,0.4326736615806255,-71.11316838073436
14.157924725680926,154.4589349742666,0.45520104893578495,-70.62720892801197
14.394394782994373,154.16502301247647,0.4766677841522916,-70.1685959693779
14.623147718245685,153.87998243994986,0.4971509465713989,-69.73496690383949
14.844595354457493,153.60350590590502,0.5167198670800095,-69.32423567928221
15.059116653160938,153.33528079186078,0.5354371359197522,-68.93455220559804
13.80757398292141,155.05238655801224,0.4063381201963618,-71.83969368999207
14.089486263241934,154.71610665743808,0.4319957208496111,-71.27668709405192
14.361900110551545,154.38915058690262,0.45638401049655153,-70.74732676962739
14.62535318197502,154.0713819598117,0.4796005375474318,-70.24851307920146
14.880335910583325,153.76260577955694,0.5017324412994896,-69.77753184432835
15.127297297445281,153.46258914434875,0.5228578549261687,-69.3319960008952
15.366649978879117,153.17107551256478,0.5430471141749795,-68.9097961848699
15.598774480002676,152.88779485124496,0.5623637663541409,-68.50906020026768
14.19492181274436,154.71536948006823,0.4268926198500149,-71.52458483666649
14.495588402567435,154.36554467906797,0.4532260268359372,-70.94889084985304
14.786492563969704,154.0246959410494,0.4782660290247033,-70.40732232307604
15.068167248137573,153.69277288231217,0.5021112175991046,-69.89675720518503
15.34109954952058,153.36965244902447,0.52484973421102,-69.41445936560477
15.605736290526925,153.05516211159616,0.5465606709669198,-68.95802055371165
15.862488935762968,152.74909611446355,0.5673152793947411,-68.52531112540326
16.11173771263602,152.4512272226953,0.5871779802864912,-68.11443958168333
14.56228415835541,154.38539565743432,0.445985043756925,-71.22969412845903
14.88109640027439,154.02253833990412,0.4729388233223294,-70.64234872904359
15.189913619196505,153.66829768393458,0.4985768983135153,-70.08955848991582
15.489262056533413,153.32270795026741,0.5229988131133875,-69.56818213576999
15.779623566872381,152.9857172109025,0.5462936273282075,-69.07546455875362
16.061440997007708,152.65721289417402,0.5685413127769132,-68.60897908224747
16.335122945793174,152.3370399148597,0.5898139624405777,-68.16657833892711
16.60104774942725,152.02501393992347,0.610176800874197,-67.74635389259242
14.911905390458669,154.06221356105735,0.4638074409770524,-70.95241369896284
15.248303940152933,153.6867893944871,0.49133355629907993,-70.35430917376979
15.574501902982808,153.3196135852282,0.5175231974850235,-69.7911471421235
15.891017102547078,152.96080371653025,0.5424767862611882,-69.25976981605662
16.198324524952277,152.6103781602423,0.5662842287724932,-68.75740564294942
16.49686149570934,152.26828384735134,0.5890263095487368,-68.28161187303593
16.78703228572822,151.93441618408926,0.6107759001999213,-67.83022559727884
17.069211960662177,151.6086337649848,0.6315989701431849,-67.40132346261224
15.24565091872802,153.7455697196928,0.48051638584099804,-70.69061627398753
15.599119018578646,153.35800506710288,0.5085728343223381,-70.08252848262566
15.94220437705203,152.97831375015713,0.5352733590639485,-69.50973388944203
16.275414928564075,152.60669539836832,0.5607191941916759,-68.96906052187319
16.599217381125214,152.24323786311885,0.585001031289727,-68.45772256005633
16.914042195930183,151.88794709996648,0.6082004103135168,-67.97326320663073
17.220288041413486,151.54076878479927,0.630390927815783,-67.5135058909031
17.518325507316025,151.20160440850924,0.6516392477668201,-67.07651408571995
12.910059692052629,155.5100208170214,0.3243848676025678,-75.44284313081887
13.159798003755338,155.17878657528772,0.3481806819887366,-74.93731376928064
13.40082868534211,154.85852254844116,0.37080340732892364,-74.46162740966103
13.633658715520486,154.548833053728,0.39234323744333155,-74.01306188693377
13.858750158610897,154.24930453995935,0.4128807773897679,-73.58922849110728
14.076525292751427,153.95951915942297,0.43248828998724137,-73.18802401709603
14.287371484998461,153.6790632661234,0.45123081549315314,-72.80758797837954
14.491645289635882,153.40753291398997,0.46916710651980503,-72.44626745241828
13.404935609235984,155.1332676787697,0.351351475445745,-75.06735905780486
13.678385377655193,154.78372176209538,0.3760768158393096,-74.54485614834071
13.942778572916872,154.44478553774496,0.39959705072393387,-74.05282133688564
14.19861899264484,154.11616565134733,0.4220037986819165,-73.58850278493777
14.446366489120528,153.79753350710348,0.4433789794732667,-73.14948469376063
14.686442357708902,153.4885420078605,0.46379611287817907,-72.73363745369787
14.919234043433857,153.18883656727738,0.4833214389222354,-72.33907510263795
15.145099093501694,152.89806261891428,0.5020148540789005,-71.96412031224982
13.867941543383655,154.76494657468615,0.3758777799962893,-74.72256651664748
14.164191150254634,154.39791896352097,0.4014378792719609,-74.18479425592096
14.451091189024128,154.0411121275769,0.42576396553634527,-73.67803385705147
14.72913827887421,153.69433351291113,0.4489488757621027,-73.19951090791369
14.998786738821005,153.35733876874855,0.47107570246164304,-72.74678698247189
15.260453740596265,153.02985144661264,0.49221908863414454,-72.3177102546848
15.514523843283769,152.71157636086238,0.512446348205729,-71.91037320425629
15.761352795289163,152.40220898396012,0.5318184031354395,-71.52307775249594
14.303564783479404,154.40480471837682,0.39836448941857416,-74.40350130232287
14.621793442367393,154.02102754292414,0.42468028587498996,-73.85187002271148
14.930425632170254,153.64706067172568,0.44973564516070735,-73.33172950741216
15.22994794209943,153.28281077585842,0.47362450137322815,-72.84028660660687
15.520806433063704,152.92811692217242,0.496431005139469,-72.37508390323566
15.80341156074003,152.58277303611868,0.5182308147950747,-71.93395077386413
16.0781425391712,152.24654346437998,0.5390922167245221,-71.5149613423787
16.345350991369507,151.91917414545222,0.5590770630481635,-71.11639977157337
14.71535743059406,154.0525589308568,0.4191211933653876,-74.10632490798103
15.054819860018776,153.65268637617558,0.44612574952149986,-73.54202089015767
15.384477612123803,153.26219729638635,0.4718455018760208,-73.00963239270285
15.704804880715454,152.88109602786605,0.4963753817604123,-72.50635070059795
16.016237193024867,152.50930417212112,0.5198005036174896,-72.02970241888272
16.31917611136277,152.14668564905188,0.5421974524657026,-71.57750096447226
16.61399342947208,151.79306433121747,0.5636354038843997,-71.14780476715805
16.9010346736445,151.4482368903226,0.5841770619829592,-70.7388827210502
15.106184542677692,153.70791283203874,0.43839201666203204,-73.82800885006226
15.466199341940433,153.2925355639107,0.4660279728474245,-73.25204268633806
15.816233993918559,152.8861026154002,0.49235648996085646,-72.70837098808774
16.156748303968698,152.4887144718972,0.5174734130301519,-72.1941721352827
16.488165335948068,152.10037436846534,0.5414647415516799,-71.70695928665997
16.810875902579152,151.72101577854133,0.5644079132801925,-71.24453228778523
17.12524260031834,151.35052200253213,0.5863729236109219,-70.8049361177938
17.431603164726436,150.98874060040643,0.6074232635707114,-70.38642650333958
15.478394459555776,153.3705678559255,0.4563728636202773,-73.56612127847572
15.858334866219487,152.94022380345785,0.4845905538836586,-72.97936341488584
16.22814753410738,152.51837577014103,0.5114796462260537,-72.42523975942167
16.588276177796146,152.10521893237367,0.5371368286407144,-71.90091804395757
16.93912973944638,151.70083726242112,0.5616489190722096,-71.4039001331983
17.281086679118037,151.30523331282038,0.5850941455507523,-70.93197433537476
17.614498855265524,150.91834965309636,0.6075432647533424,-70.4831740924792
17.939694739402015,150.5400848068051,0.6290604997832591,-70.05574375825171
15.8339388403502,153.04023013972426,0.47322333490275303,-73.31867950657688
16.233225283152553,152.5954127604409,0.5019793637828208,-72.72188691716619
16.622260258819125,152.15863649711832,0.5293869096091545,-72.15803440124233
17.00146991959278,151.7301898246,0.5555434427970155,-71.62428097682194
17.37124764415723,151.31023657454742,0.5805365428144013,-71.11811906309268
17.73195813985093,150.8988478887643,0.6044451746536483,-70.63732718106007
18.083941176822268,150.49602540725775,0.6273408063703328,-70.17992888453401
18.427514667937487,150.1017186350603,0.6492883464408072,-69.74415870282064
13.322371045666937,154.919813539507,0.3176382555275338,-77.84471986363178
13.602328520411964,154.5474303110467,0.3420462183866035,-77.3540894613745
13.873488931158056,154.18654801094522,0.3652907731719958,-76.89109636990845
14.136317846845891,153.83679455060806,0.38745868752066337,-76.45331503750543
14.391241558511044,153.49777362205407,0.4086277233933921,-76.03860677379336
14.638651424287096,153.16907965834693,0.4288677793330254,-75.64508033924808
14.87890813170259,152.85030732141962,0.4482419283783067,-75.27105595793381
15.112345274408979,152.54105776371256,0.46680728690807066,-74.91503556278121
13.845939288402482,154.52426219776143,0.3449308424693906,-77.49291424111156
14.152563939771373,154.13049249227203,0.3702911083722528,-76.98547280585447
14.450113201794867,153.74776710165463,0.3944557908213339,-76.5062152170729
14.739040626975802,153.37582970428844,0.41751300674224345,-76.05269564338907
15.019761998759645,153.01438113336815,0.43954176676485607,-75.62275646948326
15.29265994064087,152.6630976301058,0.46061316958113613,-75.21448722335056
15.558087991237322,152.32164295566614,0.4807914394755887,-74.8261889709042
15.816374014686474,151.98967676024918,0.5001347955993605,-74.45634481792675
14.336189522126702,154.13795759930198,0.3697379819741043,-77.16951839358751
14.66847004658829,153.7237413235247,0.3959521400660199,-76.64691526555109
14.99145625766487,153.3200816755317,0.4209415394791068,-76.15296786882283
15.305585709431274,152.92683632494936,0.44479544935567417,-75.68521621810012
15.611260327413579,152.54380240470115,0.4675939964722767,-75.24148747510093
15.908850775476147,152.17073782764885,0.4894093546791326,-74.8198554789406
16.198700351568213,151.80737583610917,0.5103067817574292,-74.41860550643325
16.481128236809553,151.45343533640076,0.5303454888278911,-74.03620502410044
14.797805513883642,153.76055903176126,0.3924693852671972,-76.86993679882579
15.154830353955738,153.32672764092308,0.4194554134147423,-76.33353680863686
15.502390383373765,152.90294202180692,0.4451898981336267,-75.82620503285709
15.840904335995885,152.48917204750535,0.4697631476953739,-75.34547042574381
16.170757523355192,152.0853102174422,0.4932562980078112,-74.88914793442693
16.492305976846495,151.69119581985274,0.5157424973185908,-74.45529859615631
16.80588017522485,151.30663175427537,0.5372879421645443,-74.04219464941598
17.1117881404652,150.93139670544468,0.5579527466074768,-73.64829052921645
15.234493985059096,153.39171132238204,0.41344128304151584,-76.5906187237878
15.615434527255285,152.93900963774755,0.44112979712155975,-76.04156999598814
15.986779943262402,152.49582570150116,0.4675419618205796,-75.52195240425931
16.34892779765047,152.06223985615114,0.49276903136129313,-75.02928639163976
16.702244474137466,151.63823900405035,0.5168930627972648,-74.56137717753298
17.04706911210942,151.22374342289524,0.5399880960960025,-74.11627539009397
17.38371717895791,150.81862571444398,0.5621211889461094,-73.69224251437143
17.712483422784622,150.4227247046814,0.5833532855627657,-73.2877221240836
15.649244246340835,153.03105808258906,0.43290282522628987,-76.32876435596968
16.053342065651194,152.56016014137825,0.46123441478953037,-75.76804522054431
16.447748010519753,152.0982394141909,0.4882665134782204,-75.23707823581756
16.832836484941147,151.64548505670334,0.5140912435892481,-74.73337746449961
17.208952967830918,151.2019774161628,0.5387915099268328,-74.25474048375844
17.57641776374036,150.7677173274495,0.5624421753535009,-73.79920952460536
17.935529434387224,150.34264705604565,0.5851110942400626,-73.36503724422455
18.286567619574583,149.92666582226047,0.6068599805962704,-72.95065818748779
16.044506275310415,152.67824999506692,0.45105380176001186,-76.08212641905816
16.47106299687193,152.18977092677775,0.4799770610798404,-75.5105798459996
16.887859280330087,151.70971969629028,0.5075791075267513,-74.96907060081126
17.29524465413723,151.23839270498192,0.5339528655920892,-74.45510816890659
17.69354197732183,150.77596281311793,0.5591820258860704,-73.96648425571297
18.083051024657102,150.32251096097085,0.5833422162027665,-73.50123440782829
18.464051792526323,149.87804898644353,0.6065020334101497,-73.0576040975153
18.83680720026959,149.44253668030464,0.6287239106868711,-72.63402040731195
16.42231614110715,152.33294975039502,0.4680568740776176,-75.84887325807301
16.870685273555743,151.82745490134798,0.4975269164728534,-75.26723267482892
17.30924915495405,151.3298326005036,0.5256552491786268,-74.71588365174
17.738330940587215,150.84048501966444,0.5525355426125825,-74.1923326387169
18.15822936202263,150.35967663770816,0.578252220398991,-73.69436698859268
18.569222167119737,149.88756804555604,0.6028816259747782,-73.2200170372231
18.971569315840068,149.42424052934496,0.6264930527302555,-72.76752248883818
19.365515574773656,148.96971457143215,0.6491496101495348,-72.33530431723287
13.725812351845184,154.34601924096054,0.3127763610163636,-80.12160270900846
14.037386798740789,153.93125145254723,0.3377994932291055,-79.64925432062651
14.340260117139783,153.52830024690098,0.36166928664557,-79.202156262528
14.634844467300008,153.13683284227568,0.3844691055133713,-78.77818437589156
14.92151859078603,152.75648523640356,0.4062738685976931,-78.3754562611352
15.200631446972713,152.38687852973297,0.4271510938148337,-77.99229978466109
15.472505920393836,152.02762938693192,0.4471618595396918,-77.62722348919084
15.737441917646697,151.67835705838075,0.4663616112003334,-77.27889196035548
14.278064337708853,153.93054255762738,0.34040188840328245,-79.79325415068804
14.619440190111986,153.49111249043088,0.3664010017833355,-79.30429642826248
14.95193254195181,153.06292123312704,0.3912143124862132,-78.84104921744152
15.275931858279044,152.6457660236547,0.41492645002236594,-78.40137742498284
15.591797087264103,152.23939318671276,0.43761350854233133,-77.98338795166421
15.899859596849325,151.84351782686502,0.4593441434205604,-77.58539676361418
16.200426703746203,151.4578369883244,0.48018053110153114,-77.20589979460324
16.493784607605566,151.0820388500618,0.500179175184451,-76.84354866451145
14.79559150735434,153.52516353678396,0.3654969501109161,-79.49098738799913
15.165655008806418,153.06212474690923,0.3923698452266527,-78.98700207290356
15.526715047015344,152.60971364753084,0.41802735388912216,-78.50911968533076
15.87913644069064,152.16785547730098,0.4425551819896263,-78.05519935127386
16.22325496582528,151.73640592949047,0.4660304752564132,-77.62334023097822
16.559381075735338,151.3151739695567,0.48852290972334145,-77.21184929949143
16.887803272473565,150.90393748423642,0.5100956499251819,-76.81921270846036
17.208790894856932,150.50245448923891,0.530806154189518,-76.44407183608386
15.283265861708593,153.12944869563464,0.388480094312215,-79.21059022848212
15.681011747275738,152.64373577035687,0.41614166008724557,-78.69288666348338
16.069684441929148,152.16801513778853,0.44256054429328634,-78.20162465280474
16.449620321900003,151.70233805593497,0.46782342364513047,-77.73465991520557
16.821129185346578,151.2466685795716,0.4920083955505876,-77.2900862655948
17.18449778630364,150.80090926138837,0.5151860627431086,-76.86620405279636
17.539993071335633,150.3649191059417,0.5374204896087166,-76.46149195235786
17.887864840180068,149.93852664677746,0.5587700064420611,-76.07458332963597
15.7449424615511,152.74296716791744,0.40967409414364236,-78.948809685081
16.169455738297064,152.23541941203163,0.4380523857386926,-78.41848987010019
16.584867184424976,151.73721115045137,0.4651625937108087,-77.91490539695542
16.991482380290442,151.24851778646098,0.4910922787066398,-77.43591052286732
17.38958276055057,150.76941073838768,0.5159204078459486,-76.97959569161335
17.779428992965844,150.2998858108028,0.5397184336948568,-76.54425658344408
18.16126410428095,149.83988328871695,0.5625512485334344,-76.12836631354675
18.535316033563323,149.38930275554117,0.5844779873344087,-75.7305520915821
16.183729978021795,152.3652996660745,0.4293330669098784,-78.70308155045414
16.63417207866532,151.83667834360656,0.4583665217404382,-78.16108510934717
17.075517479252824,151.31673164816948,0.4861080830165186,-77.64607992235601
17.508038940745053,150.80575737874202,0.5126461228354401,-77.15592040462451
17.931987464302818,150.30393335966343,0.538060409871703,-76.68869528117834
18.347595545888364,149.81134829071428,0.5624231828237571,-76.24269720940765
18.755080216000003,149.32802383322468,0.5858001024313407,-75.81639536037069
19.154645506585723,148.8539310523228,0.6082510529545367,-75.40841235947914
16.602176144756914,151.99604381587415,0.44766065576233377,-78.47134803427163
17.07777414078015,151.44704477633755,0.47729605989969054,-77.91848451352631
17.54430796301831,150.90604826757772,0.5056170754759495,-77.39283716649194
18.00201643633034,150.3734718973813,0.5327128900666213,-76.89225989595822
18.451118082788632,149.8495993169601,0.5586639949354045,-76.41484178831048
18.891815375281404,149.33461176665796,0.5835433615804876,-75.95887388002916
19.324297497548613,148.82861234133662,0.607417369621918,-75.52282277978024
19.748742746018728,148.3316439504428,0.6303466065686586,-75.10530787610371
17.00239831241048,151.6348169884414,0.46482256654790916,-78.25193204627439
17.502435403842473,151.06608159569078,0.49501344029105876,-77.68890764850168
17.993464220647333,150.50467147487862,0.5238686466752777,-77.15329511173476
18.47568745115921,149.95112349591847,0.5514780727516332,-76.64295100020807
18.949289710296778,149.40582598276674,0.5779229051796977,-76.1559652945131
19.414441782940337,148.86905237664726,0.6032768032450158,-75.690628618401
19.871303337250996,148.34098724153705,0.6276068237671142,-75.24540621310362
20.320025283031093,147.8217456441234,0.6509742189519631,-74.81891539885358
10.30462318812538,159.22178207379406,0.40438043838396337,-62.59398536982103
10.423646282834017,159.07553098587496,0.4250838848716509,-62.074451469284874
10.53667427273341,158.93501230140762,0.44458771412851783,-61.59127402714165
10.644194609678243,158.79999346041782,0.46299786496442213,-61.140639022641935
10.746640054459938,158.67022848603168,0.48040765279967623,-60.71926648976651
10.844396238584398,158.54546798254407,0.4968996242796744,-60.3243175328501
10.937808280061907,158.42546516221765,0.5125471283712145,-59.95332073916575
11.027186262478207,158.30997969857944,0.5274156106776762,-59.60411312029079
10.636108065234884,158.94408681857112,0.4297082812472379,-62.11003585200581
10.766280921723942,158.79253677009956,0.45124533377405923,-61.573443825855406
10.89007502692161,158.64650706497483,0.471549776497652,-61.074091148198086
11.007998968810272,158.50582170520408,0.4907293304417246,-60.608100248006174
11.120504778106485,158.3702807217861,0.5088789792115881,-60.17213082175861
11.227996006804121,158.23967197808878,0.5260828366562499,-59.76328933147927
11.330834460170072,158.1137789224488,0.5424157226082116,-59.37905480699099
11.42934578059477,157.99238579416965,0.5579444623318299,-59.01721923834823
10.944577096677365,158.6699594390399,0.45283550299619346,-61.66598439586812
11.085431907092413,158.5134534624905,0.4751279039414487,-61.1141011517339
11.21955789052847,158.3622457878402,0.4961581796748065,-60.60024042464271
11.347481489308985,158.21621626342983,0.5160356049802716,-60.120466689870874
11.469671448295907,158.0752102600266,0.5348566325312805,-59.67138699300808
11.58654694895155,157.93905256283182,0.5527067588029376,-59.25006001918887
11.698484424659883,157.80755675848607,0.5696621034141812,-58.85392139078519
11.805823221285141,157.680531726501,0.5857907126945178,-58.48072360134979
11.233297915908274,158.39966503404767,0.47411315274332944,-61.25551431503717
11.384415707263392,158.2384972707261,0.497095081276904,-60.689814648043715
11.528483044754774,158.08239870483985,0.5187881991333066,-60.162836645572405
11.666041853177045,157.93130384088724,0.5393031775214379,-59.67059313480382
11.79757544894896,157.78510267554358,0.5587377769950576,-59.209644827204116
11.923516716652228,157.64365650641292,0.5771787270799199,-58.77700827493481
12.044254981548427,157.50680887190447,0.5947033083973269,-58.37008075040633
12.160141724430222,157.37439326774177,0.6113806595484931,-57.98657979568455
11.504862034196357,158.13334927315628,0.4938144903873569,-60.87370533554225
11.665864317004523,157.9677764887906,0.5174298047517877,-60.29543704961662
11.819519231744135,157.80703841798956,0.5397320135650948,-59.75651780192703
11.966382160332314,157.6511231724903,0.5608330274191392,-59.252915412151935
12.10694917134148,157.49996464318696,0.580831781951583,-58.781149528609205
12.241665212198686,157.35346018904912,0.5998161163953706,-58.33819928178931
12.370931017833797,157.2114830566003,0.6178643578231524,-57.92142781740634
12.495108861666006,157.0738912670007,0.6350466307055614,-57.528521522623016
11.761362154000917,157.87107678743723,0.5121563236391713,-60.516652089747396
11.931904719390714,157.70132591499586,0.5363566332068276,-59.92688157594422
12.094824649708716,157.53617131974758,0.5592215533491264,-59.377027196791616
12.250689053095845,157.3756536389699,0.5808641148508301,-58.86301675519788
12.400005188327494,157.21974992513125,0.6013843173923161,-58.38133329178781
12.543228653899007,157.06839312531162,0.6208710066913837,-57.92892249937931
12.680770315622278,156.92148591401354,0.6394034603293406,-57.50311696962397
12.813002078863649,156.77891070131497,0.6570526994546245,-57.101575147580235
12.004514689193508,157.61285647506475,0.5293136018101765,-60.18120095418489
12.184282631493735,157.43913031823053,0.5540567775877276,-59.580849440425816
12.356171787823042,157.2697590983815,0.5774440019012577,-59.020929449141434
12.520759496399764,157.1048349333423,0.5995893248694686,-58.49733302986522
12.678562852578567,156.94437731381015,0.6205937161806863,-58.006510423483675
12.83004687949276,156.78835429202726,0.6405469405571104,-57.54537729164735
12.975631460445019,156.6366976676426,0.6595291447192755,-57.111238727924054
13.115697120074243,156.4893140717365,0.6776121707841165,-56.7017279844501
12.235746487479688,157.35865912613397,0.5454295370327378,-59.86476905691826
12.424450182855002,157.1811405845434,0.5706785871335104,-59.25463950701744
12.605035939730602,157.00773355468834,0.5945526129860906,-58.68541208477683
12.778090022358148,156.83858062962497,0.6171665977503661,-58.15294676328425
12.94413817992446,156.67374303040944,0.638622400612107,-57.65366426952985
13.103653786140416,156.51322342998947,0.659010630344533,-57.18445317480797
13.257064764671512,156.35698243700682,0.6784122330352694,-56.74259371391792
13.404759368944582,156.20495071423198,0.6968998068292569,-56.32569632132289
10.644559205806399,158.7169432731278,0.3867687592758799,-65.16295760874189
10.780422768526066,158.5446975915234,0.40800306902608796,-64.63984079612551
10.909772961601435,158.37914636542052,0.4280434371473074,-64.15236571185186
11.033115811830438,158.22001186525486,0.4469927099664238,-63.69687445944271
11.150902526441085,158.06700444886164,0.46494174545928757,-63.27020794491279
11.26353686758094,157.91983261396135,0.4819711185661587,-62.86962447497266
11.371381643110308,157.77820928174617,0.49815259883094515,-62.49273121715155
11.47476410298017,157.64185577549435,0.5135503708059471,-62.13742899306653
10.996766427385076,158.43323621377388,0.4122782485937282,-64.69935419679261
11.145306679678006,158.254192640745,0.4343611902594599,-64.15915297663943
11.286938300728876,158.08161828864016,0.45521774951095795,-63.655443203662585
11.422186324727958,157.9152984993814,0.4749524932461169,-63.18450445632257
11.551519507206747,157.75499469566486,0.49365785528683115,-62.74312272499973
11.675358132126137,157.6004568195233,0.5114158957987235,-62.32850618654707
11.794080569350717,157.451431490487,0.528299782597844,-61.93821622511012
11.908028734306905,157.3076674578861,0.544375015765371,-61.570111811246434
11.324728882356942,158.15337451637475,0.4355525839226716,-64.27411218616129
11.485416507475364,157.96794127517282,0.45840334125274695,-63.71860698501513
11.638837216878303,157.7887399464425,0.479998720675165,-63.20034118961532
11.785531671149954,157.61561773562158,0.5004447553542216,-62.7155422695326
11.925983477100184,157.44838642007923,0.5198352685500468,-62.26094844700116
12.060627005097846,157.2868370491233,0.5382536320965949,-61.83372419404225
12.189853983148693,157.13074987390326,0.5557742505505722,-61.43139089980878
12.314018993797815,156.97990119749025,0.5724637891904965,-61.051770910552634
11.631893344703661,157.87760321173198,0.4569506643617546,-63.881122866261116
11.804254450090399,157.68613235132554,0.48050140574959876,-63.31179359718413
11.969021643298522,157.5006470001758,0.5027705540188823,-62.780369848937525
12.126748726439983,157.32105499352298,0.5238654472896087,-62.28303350817436
12.277931909516727,157.1472176967905,0.5438811475584351,-61.81648089403987
12.423017612713283,156.97896684245597,0.5629021979060206,-61.37783804808636
12.562409073619797,156.81611614020974,0.5810041088306511,-60.9645911180103
12.696471860945856,156.65846945688892,0.5982545889770639,-60.57453011959488
11.920991177296518,157.60605027888576,0.4767513788296709,-63.51563467207685
12.104597837505846,157.40885014718037,0.5009443673916077,-62.933730397288194
12.280310639805714,157.21738222858994,0.5238318648080409,-62.390329267735424
12.448694435640435,157.03161377138156,0.5455223814587554,-61.88157302332239
12.61025613923949,156.85145493850837,0.5661120940299394,-61.40412096801964
12.765452495111452,156.67677767021266,0.585686601187784,-60.95506511046202
12.914696679864903,156.5074288924198,0.6043224115630318,-60.531860321776826
13.05836381647343,156.34323996533087,0.6220881766861688,-60.132267870055934
12.194226681564613,157.33876411925323,0.49517572299162227,-63.17388021459934
12.38868981082659,157.13610821447904,0.5199612489871469,-62.580467808986505
12.574982742951923,156.93892600686402,0.5434193439215758,-62.02609811112599
12.75367959677749,156.74724297248207,0.5656595796035012,-61.50687730186516
12.925296368444233,156.56101727719258,0.5867791437444474,-61.01943179713933
13.090298648505412,156.38016056510617,0.6068645938862978,-60.56082328751447
13.24910820352158,156.20455269117926,0.6259933465876807,-60.128478718327756
13.402108477790689,156.03405238299032,0.644234912117462,-59.720133639013476
12.453406926325359,157.07573896665943,0.5124017923702159,-62.85282194830893
12.658370601127439,156.8678724232136,0.5377366310308923,-62.24882215519777
12.854908506556773,156.66521713604945,0.5617237731967689,-61.6843548617376
13.043602496066736,156.46785566313483,0.5844737583290963,-61.15549460465697
13.224976248163824,156.2757933866653,0.6060846974114513,-60.65883843575689
13.399502920748247,156.0889811370575,0.6266440249415464,-60.191420901016016
13.567611700533794,155.90733138253043,0.6462299889757387,-59.75064388374316
13.72969328161544,155.7307300534954,0.6649128871911211,-59.33421980455531
12.700033548022864,156.8169323069528,0.5285752161888724,-62.54997495215751
12.915170427462499,156.60407677336798,0.5544214546536081,-61.93618963509847
13.121644362403053,156.39616714786504,0.5789011780458557,-61.362383532840454
13.320043611072913,156.19334196736517,0.6021258131516538,-60.82460291110973
13.510898316696586,155.99565305931662,0.6241943191936846,-60.31941849558283
13.694688089177795,155.8030899189757,0.6451949374498802,-59.843840425055554
13.871848512650182,155.61559729464176,0.665206681967771,-59.39524799224057
14.042776592190537,155.4330881283561,0.6843005766833762,-58.97133272494011
10.999836269093166,158.1882189341267,0.37089516047907983,-67.77233695390048
11.154711300551108,157.9872182076565,0.39267564373550207,-67.24894506300703
11.302576792313076,157.7938683577986,0.41326925834690165,-66.76017208648251
11.443949814157657,157.60785450468313,0.43277563055176915,-66.30254873302577
11.579293580964675,157.42884965998556,0.4512830130553704,-65.87306867205895
11.709024455899918,157.25652548922758,0.4688698710969231,-65.46911481253521
11.833518188931828,157.09055901998744,0.4856062669864006,-65.08839655482211
11.953115122926125,156.93063688351327,0.5015550065680605,-64.72889903975783
11.374112953159786,157.89662026164405,0.3966225899900194,-67.3304723361303
11.543401039147122,157.68709408484074,0.4192682962737717,-66.7900224844821
11.70528066171717,157.4849719470601,0.44069518160884597,-66.28499549503935
11.86028482242282,157.2900093385453,0.4610045008869359,-65.81186680404365
12.008891654732592,157.10193646005786,0.4802860003058843,-65.36758124024476
12.151531810766231,156.9204715790505,0.498619556876122,-64.94947668260905
12.288594712840734,156.74532976747372,0.5160765658649108,-64.5552210492971
12.420433776985707,156.57622874452423,0.532721090734881,-64.18276127295947
11.722862088833558,157.60923064428835,0.42007755764523325,-66.92523837734389
11.905965295625151,157.3916607587442,0.44350496498336583,-66.36950874708424
12.081301704970077,157.181233371569,0.4656849674712525,-65.84990839770339
12.249416751102181,156.9777729792725,0.4867202080845818,-65.36286718420352
12.410800671770057,156.78106619030982,0.5067017523052717,-64.90528763046665
12.565895845210955,156.59087751690157,0.5257107260703947,-64.47446850618554
12.715103028710711,156.40696002648485,0.543819705470086,-64.06804161776267
12.858786576604192,156.2290626996475,0.5610938694917743,-63.68392056843793
12.049716086082796,157.32626392909233,0.44162719712539944,-66.5507693263645
12.246099234292604,157.10106739450512,0.46576632055599204,-65.98123586236626
12.434391452490974,156.8827406603881,0.4886321667969997,-65.44845985118214
12.615148054995643,156.67117585607497,0.510328616869092,-64.94883147068175
12.788869052216592,156.46621515193607,0.5309479147978556,-64.47921629484354
12.956006417565954,156.26766884734786,0.5505723038280624,-64.03687883753781
13.116970293313253,156.07532783293794,0.5692754178485181,-63.619419197806984
13.27213418552939,155.88897238702395,0.5871234363997431,-63.22472165234895
12.357551401251287,157.04782113630858,0.461556347926543,-66.20251036592408
12.566731300871636,156.81536446265054,0.4863477049335217,-65.62041732331572
12.767525571869102,156.58949638275226,0.5098421686208705,-65.07564448572674
12.96049727225103,156.37017530536897,0.5321447346269508,-64.56454726501447
13.146154226449115,156.1572980896658,0.5533487097118748,-64.08395874222626
13.32495620693094,155.95072030521513,0.5735373460889739,-63.631113217153526
13.49732109223845,155.75027041305924,0.5927852341372843,-63.20358275105542
13.663630025298902,155.55575993173875,0.6111594592343481,-62.79922563060168
12.64868817653871,156.77392711495915,0.4800904188249609,-65.87685532369402
12.870225509415501,156.53453634172615,0.5054828622919915,-65.28326443072956
13.083108085165334,156.30144646870488,0.5295567003898507,-64.72750107825568
13.287904895941061,156.07468086706947,0.5524179402549323,-64.20589005139401
13.485129915376696,155.8541902068936,0.5741608546231511,-63.71523569718398
13.675249183428768,155.63987477787177,0.5948696141060695,-63.252745512049984
13.858686904931563,155.43160030636776,0.6146196808731078,-62.815966617716434
14.035830560675503,155.22920942869487,0.6334789669104858,-62.402734129184225
12.925027648509872,156.50455536754475,0.4974108513694566,-65.5709002026318
13.15852051775541,156.2585234766101,0.5233599569893914,-64.96672700657066
13.383111894617407,156.01849987731765,0.5479703717631058,-64.40084121276045
13.599375156854332,155.78457163129417,0.5713490270502006,-63.86954050770276
13.807828997792178,155.55674235071268,0.5935910796073243,-63.36960371059092
14.008944405771121,155.33495647927958,0.6147815417861887,-62.89821442542816
14.2031506941729,155.11911667017858,0.6349966757868204,-62.45289748013348
14.390840556944198,154.90909650990412,0.6543051530730477,-62.03146722594074
13.188149192523833,156.23964501928995,0.5136658605063318,-65.2822718229256
13.433227929162976,155.9872375300037,0.5401327026426673,-64.6683131087769
13.669178186664432,155.7405420491443,0.5652421727270468,-64.0930605912507
13.89657639130309,155.49970810591662,0.589102051617301,-63.55278789470065
14.11594471774521,155.26479140331722,0.6118083099575832,-63.044251071902025
14.327757956658209,155.03577996814417,0.6334467361575993,-62.564612343262965
14.532449469193189,154.81261302142624,0.6540943309901791,-62.111376524459516
14.730416180398725,154.59519490095693,0.6738204678778809,-61.68233928050546
11.366458041645842,157.64279934405377,0.35701253012628265,-70.38662798430141
11.54250784862984,157.4104139689891,0.37935440209831395,-69.86668720749425
11.711101421141308,157.1865942500309,0.4005176157176835,-69.38001906203135
11.872757390627367,156.97099853226297,0.42059847565095165,-68.92337830287897
12.027942639134055,156.7632714410755,0.4396825274750852,-68.49394215139951
12.177078785829758,156.56305556574887,0.4578460268068632,-68.0892449326462
12.32054805252427,156.3699987598733,0.475157232466677,-67.70712171344373
12.458698174876364,156.18375878701153,0.4916774800867685,-67.34566250329424
11.763961723559612,157.3414094211073,0.3829917763335262,-69.96767041700365
11.956375597738466,157.09853481711372,0.4062171907334501,-69.43074982107504
12.140941649694359,156.8639458332292,0.42823235915933083,-68.9278524416194
12.318190283869566,156.6373797038815,0.4491351334801131,-68.45568569828768
12.488599646331522,156.41854552100168,0.4690124795031349,-68.01138466787316
12.652602449831125,156.20713871120012,0.48794199921852954,-67.59244432003456
12.81059179851347,156.00285052119818,0.5059932262222415,-67.19666306885303
12.96292606949383,155.8053743939147,0.5232287021765498,-66.82209684197464
12.134616919390911,157.04467860251253,0.40665883392252633,-69.58342737898238
12.342721541945139,156.79187778656538,0.4306813655135651,-69.03129101199563
12.54263103471019,156.54706511817014,0.45346535097748597,-68.51383595502706
12.734883996979711,156.31005516217675,0.47510996135746003,-68.02773116786226
12.919966939515419,156.0806205901606,0.49570341998028106,-67.57007544274731
13.098321002364203,155.85850926403776,0.5153245225843057,-67.1383297526016
13.270347718144215,155.64345577579337,0.5340439344846535,-66.73026075945177
13.436413845322152,155.43518945657388,0.551925269337953,-66.34389479348808
12.482245673378138,156.75277783238928,0.4283893574800044,-69.2283144027999
12.7054384116731,156.4905399076125,0.4531366990382288,-68.6624247371231
12.920125838985557,156.23597941169086,0.47661983441191075,-68.13180044969319
13.126852165554117,155.98898668721884,0.4989391141775296,-67.6330772656539
13.326109879733433,155.74939703070484,0.5201838877386529,-67.16332248588446
13.518346344530368,155.5170102266414,0.5404340212804208,-66.7199674726228
13.70396948461369,155.29160402592976,0.5597611962466932,-66.30075114948438
13.883352557638558,155.07294370133806,0.5782299899577726,-65.90367392393318
12.809872784839662,156.4657719367398,0.44847437693786707,-68.89800170841454
13.047609517998666,156.19452801380436,0.47388515398385617,-68.31959046682016
13.276562540274533,155.9306407032098,0.49800825835073215,-67.77696682896794
13.497279523643297,155.67407460125628,0.5209451052021717,-67.26673762448452
13.710256939914702,155.42472664801252,0.5427860618379358,-66.78594264641332
13.915946526359189,155.18244797340338,0.5636119634113447,-66.33198729410279
14.114760885734144,154.94705921122545,0.5834954123544759,-65.90258609294975
14.307078185621428,154.71836152329686,0.602501860476845,-65.49571658758703
13.119936927773129,156.18365478628613,0.467143916760227,-68.58906569898713
13.371722862474185,155.90378938428006,0.4931654167773684,-67.99918310338224
13.61447414831759,155.63095209151749,0.5178776267633942,-67.44555798237354
13.848740108818474,155.3651802800134,0.541382930368253,-66.92477192165289
14.07501951260667,155.10643155027168,0.5637726223541303,-66.43384056163835
14.293766901724176,154.85460776553583,0.5851284220156615,-65.97014641355676
14.505398096999363,154.6095721087292,0.6055237732482628,-65.5313824219641
14.71029481803937,154.3711615051969,0.6250249278029977,-65.11550585116602
13.4144357709302,155.90637307628887,0.48458293698812505,-68.29875237515681
13.679818157128299,155.61823253550213,0.5111694231913549,-67.69830348370486
13.935938876647839,155.3367857939815,0.5364265803228562,-67.13453710955798
14.18334736329653,155.06214157641378,0.5604576791027449,-66.60401270247475
14.422543240631443,154.79431717399913,0.5833548651573902,-66.10372460860954
14.653982508873202,154.5332645552673,0.6052006700820647,-65.63103507262335
14.878082950231805,154.27888908211827,0.6260693118817192,-65.18361786203494
15.095228664204884,154.031063267504,0.6460277791096152,-64.75941216561509
13.6950283597126,155.63384252523855,0.5009423861964132,-68.02481318650082
13.973590635036418,155.33774137730217,0.528053819836454,-67.41458525869889
14.242685205054821,155.04799539884291,0.5538172471339912,-66.84142612830733
14.502860289180814,154.76478330302695,0.5783367561275657,-66.30187578045363
14.75461512167628,154.48818112448993,0.6017052776913989,-65.79290972614741
14.99840599490304,154.2181903055528,0.6240060941871459,-65.3118722007824
15.234651560925014,153.95475799510007,0.6453141400410606,-64.85641986617797
15.463737278295913,153.69779208308987,0.6656970865316753,-64.42447573666763
11.739844105372713,157.08864687861086,0.3452586173355873,-72.97003229628973
11.939135693681083,156.82248728960718,0.36817638213496545,-72.4575216265103
12.130603965793345,156.56572666594292,0.38992457028379696,-71.97662166372699
12.31475810749255,156.3180092909331,0.4105961108373869,-71.52434214434618
12.492058761498827,156.0789626773527,0.4302737798679563,-71.09807129419592
12.662923886445055,155.84821034842085,0.44903155649642834,-70.69551920557886
12.82773415080486,155.62537987956335,0.4669358274937832,-70.31466824369613
12.986837460777116,155.4101080774459,0.48404639000386107,-69.95373253691801
12.161490585588966,156.77563780085148,0.37151914544967524,-72.57486997596614
12.379309715590928,156.49678935149043,0.39534052538219266,-72.04551221031464
12.588935444042995,156.22701208136013,0.4179609737171399,-71.54845448047253
12.790883451180218,155.96603889638763,0.4394748923885682,-71.08066770562283
12.98562090347282,155.7135702333317,0.4599664111047419,-70.63950520899243
13.17357261162327,155.46928982431467,0.4795107961705504,-70.2226439284633
13.355126334802073,155.23287507219203,0.49817565670955416,-69.82803490642189
13.53063723499475,155.00400408518482,0.516021949634228,-69.45386278691318
12.55494742743121,156.46781912833367,0.3954258072757027,-72.21234379408097
12.790539258929346,156.17693328979922,0.42006127350621125,-71.66787578420754
13.017615553644223,155.89477065628,0.44346765507897434,-71.1563104265597
13.236694879828887,155.62115095301385,0.46574061025933244,-70.67458780255471
13.448247981757994,155.35584651126177,0.4869654703788024,-70.22003146654887
13.652703781507824,155.09860079818878,0.5072186459218276,-69.79028995143884
13.850454579619234,154.84914097882944,0.5265688339557513,-69.38328736422612
14.041860422728929,154.60718669604577,0.5450780249020544,-68.99718291485848
12.924227482961973,156.16530771543304,0.4173629718966411,-71.87718559877823
13.176916274030297,155.86295221194368,0.4427377218250018,-71.31904596484299
13.42080736417041,155.56895665800127,0.46685779953662804,-70.79434236289416
13.656419635203461,155.28322582595413,0.4898199894795185,-70.29998853994104
13.88422499822156,155.00560284756702,0.5117107017478209,-69.8332824719764
14.104654232579138,154.73589033541194,0.5326073754690068,-69.39184816749167
14.31810207412969,154.47386500180568,0.5525796870907436,-68.97358638597427
14.524931487415953,154.21928808630045,0.5716905585676673,-68.57663421793835
13.272504956726282,155.8681234247175,0.437628032179209,-71.56531624955481
13.541680407498676,155.55480004136635,0.4636786483505892,-70.99471578663038
13.80180999634387,155.24946177273097,0.48845113362494597,-70.45802692982392
14.053410790155079,154.95209671062076,0.5120432913862349,-69.9521408233095
14.296953862860514,154.66261767319733,0.5345425093042442,-69.47433334105878
14.532869968632875,154.38088576398022,0.5560271600397486,-69.02220718965516
14.761554512368809,154.10672693241156,0.5765678100752188,-68.59364276315179
14.98337172085818,153.839943961428,0.5962282289978961,-68.18675778981242
13.602338015871776,155.57622212739176,0.45645578048032065,-71.27351387283342
13.887444959184688,155.2523795077388,0.48312785218920384,-70.69148441578258
14.163287073819559,154.93613842947096,0.5085001272855078,-70.14379322662298
14.430377828211117,154.62756863815244,0.5326713383138565,-69.6273119807105
14.6891857711762,154.3266515305986,0.5557297658783131,-69.13929737320764
14.940140038860248,154.0333060140918,0.5777546366440774,-68.67733352142533
15.183635204645986,153.74740690512095,0.5988173324498675,-68.23928296656848
15.42003534599093,153.46879839825806,0.6189824004063962,-67.8232463996549
13.915821631686716,155.2895179883145,0.4740348291204983,-70.9991890833234
14.216351868226186,154.95556110624585,0.5012811895413051,-70.40661949792567
14.507423571110948,154.62881567193432,0.5272076170156086,-69.8487729789369
14.789545098375958,154.30943148921304,0.5519136971247186,-69.32250439536872
15.063181035500318,153.9974574479037,0.5754885316616691,-68.82505375014661
15.32875753739683,153.6928695596607,0.5980121339210962,-68.35398888131935
15.586667056765428,153.3955911014604,0.6195566378549091,-67.90715661896537
15.837272304950003,153.10550749436408,0.6401873087425192,-67.48264260037284
14.214695308817914,155.00789858200812,0.4905189778626183,-70.74022931689512
14.530181051209853,154.66419593437584,0.518298370407175,-70.13789256374328
14.836036559915643,154.3273098776789,0.5447390127194016,-69.57062748982207
15.132763787737753,153.99746875171908,0.5699412781276756,-69.03527444209759
15.420822118933527,153.67478788491053,0.5939950281215949,-68.52905886750597
15.70063354883452,153.3592996948845,0.6169810049035898,-68.04953431169186
15.972587291003686,153.0509754918476,0.6389720403797792,-67.59453373756924
16.23704363169707,152.74974170211462,0.6600340671855504,-67.16212943795445
12.114985982369118,156.53413397964985,0.33565954144809895,-75.48800373624316
12.33939005798607,156.23216440650071,0.35916575151609165,-74.98695679001408
12.555713797114771,155.94030541373425,0.3815121299441278,-74.51557072188659
12.764445131520336,155.65820148755458,0.40278821269945375,-74.07113416140135
12.966027598827795,155.3854759608045,0.42307397473613273,-73.6512682757395
13.160865504915629,155.12174502623796,0.44244107756065554,-73.25387893310204
13.349328784479804,154.86662663211908,0.4609539889352276,-72.87711400455767
13.53175708639959,154.61974629639985,0.478670917374708,-72.51932828558827
12.561400857273286,156.2078435492294,0.3622246918673304,-75.11720317816183
12.806697155396172,155.89076017489958,0.386656247895139,-74.59949754723493
13.043581744520274,155.58339446522666,0.40989671950487905,-74.1120729490591
13.272542715976032,155.28549036016253,0.4320370442390593,-73.65218812272663
13.49402432317821,154.99675369909065,0.4531584871083664,-73.21743699389968
13.708432420071809,154.71686938054143,0.4733339407922916,-72.80569891100193
13.916139193891189,154.44551272520562,0.4926290462399264,-72.41509618705157
14.117487141380993,154.18235725993065,0.5111031287780108,-72.04395915780268
12.97828417125748,155.88734611105295,0.3863929518683296,-74.7768295467774
13.243631171947735,155.55589507446408,0.4116570287396147,-74.24416119799206
13.500286594054918,155.2337459115145,0.43570187916237113,-73.74231371758705
13.748735103002838,154.92073992819462,0.45861963587652965,-73.2685229831745
13.989418716175244,154.61666426242775,0.4804927118148721,-72.82036005422988
14.22274205099512,154.32127194731376,0.5013950968043207,-72.39568186732747
14.449076923988216,154.03429557693937,0.5213934787493383,-71.9925890202496
14.668766211381545,153.7554569357484,0.5405481809471321,-71.60939097530373
13.369837788391843,155.57269449743788,0.40855748827985533,-74.4619608710184
13.654481809881439,155.2275279102121,0.4345766202822622,-73.91573373618427
13.930197020676731,154.89123023313522,0.4593508705091585,-73.40080332652514
14.197462136139885,154.563738109899,0.482973445383018,-72.91438641512215
14.456714533828919,154.24491871697938,0.5055277907778146,-72.4540347569613
14.70835531315828,153.93459253766358,0.5270888853472109,-72.01758622571356
14.952753758977414,153.63254918587165,0.5477243619853036,-71.60312284075275
15.190251083806935,153.3385587708423,0.5674954460412323,-71.2089361216747
13.739384078766015,155.2638558550427,0.429022147652231,-74.16879020722288
14.04264409449958,154.90555156666352,0.4557307271265478,-73.61018542065604
14.33677407128026,154.5556703610481,0.4811708306894774,-73.08329982986979
14.622244697921198,154.21424226096215,0.5054366381696952,-72.58533420698724
14.899486721212398,153.88121321574533,0.5286125336074607,-72.11382394999772
15.168895821706407,153.55647041585584,0.5507743952681348,-71.6665906453113
15.43083694279695,153.23986014614687,0.5719907171281163,-71.24170033715365
15.6856479144054,152.9312007876293,0.5923235477031435,-70.83742903744884
14.089599836185524,154.96074187705042,0.44802657993254574,-73.89431333830862
14.410856005437068,154.58981771930902,0.47536836797675874,-73.32433721350114
14.722811581047639,154.22686126319684,0.5014198206255662,-72.78645760319068
15.025927491702742,153.87199403753476,0.5262760070867478,-72.27786187772078
15.320626180106899,153.52523951996548,0.550022170220039,-71.79607155111583
15.607296301152878,153.1865508402698,0.5727350132836546,-71.33889425503646
15.886296919387432,152.85583054797763,0.594483821211163,-70.9043822491829
16.157961015737975,152.53294516284475,0.6153313998060462,-70.49079808931117
14.422676725869065,154.66322918261983,0.4657631345888356,-73.63611751892128
14.761361319336233,154.28015354101896,0.4936894188685556,-73.05563683334567
15.090601091028656,153.90458325265283,0.5203049872848958,-72.50759135234478
15.410845743401344,153.53672957139528,0.5457057270875871,-71.98915724670508
15.722507990584859,153.17669229506265,0.5699776726641959,-71.49784424586336
16.02596808632699,152.8244897212131,0.5931982890420514,-71.0314480100505
16.321577894050396,152.48008022525482,0.6154375927453215,-70.58800887972538
16.60966427946238,152.14337827961145,0.6367590911362259,-70.1657777034382
14.740434284984726,154.37117306643438,0.48238854102118656,-73.39223541407596
15.096024404391617,153.97637292851124,0.5108567440595896,-72.8020039085558
15.442048209888428,153.58861087769696,0.5379951261658797,-72.24451292131975
15.778942923560578,153.20818620494512,0.5639003314085314,-71.71692930825544
16.10711030452515,152.8352738648555,0.5886591280096969,-71.21675281445525
16.426921014770606,152.46995656072187,0.612349688608007,-70.74176883231277
16.73871856692729,152.1122480388802,0.6350427105089008,-70.29000738756612
17.0428226064929,151.76211050365126,0.6568023549750381,-69.85970912790813
12.486652560573065,155.98764760098246,0.3281430865542246,-77.90874914017024
12.737739659637008,155.6482967043825,0.35224669538028275,-77.4230347231132
12.980627083197364,155.31960942480728,0.3752007409500095,-76.96479031693399
13.215769871622047,155.00124516446652,0.3970913764717881,-76.53159832747373
13.443583474627632,154.69283672385086,0.41799576694160306,-76.12132747855634
13.66444820665587,154.3940056155907,0.43798323387852983,-75.73209346177869
13.878713559538554,154.10437187567007,0.45711629453028807,-75.36222299260588
14.086701825485964,153.82356057380647,0.47545153139349355,-75.0102240942917
12.95813077345807,155.6466678471562,0.3550288698107932,-77.56252500716964
13.232654467964627,155.2895749433516,0.3800809888736289,-77.06039512550367
13.4987056293988,154.94266785325925,0.4039522744440739,-76.58627864966142
13.756732228737715,154.6057171481952,0.4267302079867142,-76.13773720411933
14.007143669499014,154.27844868982075,0.44849317962024615,-75.71262017033375
14.250315517027095,153.96056222015736,0.4693116853775845,-75.30902364641469
14.486593661661551,153.65174375148237,0.48924936647938577,-74.92525487966512
14.716297810566143,153.35167414276594,0.5083638796981623,-74.55980280225567
13.398754765585732,155.31214073380042,0.37947409737289584,-77.24442615123041
13.69578302171361,154.9381514721961,0.4053784344325378,-76.72752221530153
13.98412072483925,154.57384481849624,0.4300736800190807,-76.23910159663171
14.264205260545292,154.2191001052465,0.4536484464665891,-75.77671118741355
14.53643706636786,153.8737348392039,0.47618221596173993,-75.33818463370577
14.801184157024904,153.53752630431467,0.49774653337543984,-74.9216018927196
15.058786141264582,153.2102263470276,0.5184060453373011,-74.52525402596207
15.309557583911786,152.89157187903703,0.5382193711340016,-74.14761398025908
13.812910674807194,154.98404700105604,0.4018806948383392,-76.94989984794333
14.131608173422537,154.5939024797757,0.4285569707216611,-76.41958031095228
14.44144212876851,154.2129185322935,0.45399829930701485,-75.91815561456396
14.742836902704196,153.84108094044984,0.478294310134165,-75.44316092641948
15.036181595452398,153.4782974124925,0.5015254697176618,-74.9924170819107
15.321834378038282,153.12442198667705,0.5237642701352795,-74.56399070351641
15.600126369045661,152.77927205116197,0.5450762676687064,-74.15615934012664
15.871364871154855,152.4426406496809,0.565520953962803,-73.76738248697644
14.204065499862248,154.66229482324522,0.42255896087954226,-76.67542770165026
14.543676920699484,154.25665333907747,0.44993924478573893,-76.13283536301819
14.874289498237331,153.8596365332654,0.47606071466703725,-75.61950069594246
15.196312569885432,153.47133443103374,0.5010139233587151,-75.1329496166506
15.510121935408728,153.09174351712986,0.5248802328173625,-74.6709925617906
15.816064009375086,152.720793752813,0.5477329986051449,-74.23168513885417
16.114459565987698,152.35836768772367,0.5696386078796066,-73.81329359846181
16.405606856272847,152.0043144584983,0.59065735056517,-73.414266086841
14.575011962144885,154.3467467600307,0.4417534212168823,-76.41823502046468
14.934849347290797,153.92619951979597,0.4697795280159748,-75.86434360209894
15.285584398036407,153.51373101896255,0.4965246270608212,-75.3400315267142
15.62760975771823,153.1095334387149,0.5220801156987183,-74.84281752141943
15.961286272973783,152.71369065943765,0.5465281768841843,-74.3705036414539
16.28694697986211,152.32620772443468,0.5699429596441437,-73.92113642438926
16.60490072617579,151.9470319161945,0.5923916162212128,-73.49297268317385
16.915435176676713,151.57606834907673,0.6139351730354443,-73.08445098491629
14.928036322968136,154.03723788499116,0.4596601906486474,-76.17609449804152
15.307469085152002,153.60232069431757,0.4882817573102167,-75.61174285821488
15.677723047263832,153.1749292439415,0.5156015485920524,-75.07725703912924
16.039172744214067,152.755355905031,0.5417117394366756,-74.57015031910134
16.392162657512813,152.34377063034012,0.5666952706597129,-74.08821807968029
16.73701104917558,151.9402527151055,0.5906270254610959,-73.629499439277
17.074013471696695,151.54481372269035,0.6135748655362163,-73.19224335564175
17.403445669546716,151.1574145818128,0.6356005016312477,-72.77488032487047
15.26503649593369,153.73358793133218,0.4764389609720439,-75.9471906717702
15.663483406008318,153.28479011434032,0.5056119950039335,-75.37310847434335
16.052698135332815,152.8429603415737,0.5334637158930902,-74.82914818481518
16.433035896126405,152.4084893274035,0.5600870187413801,-74.31281911650197
16.80482358249315,151.98163183757322,0.5855655481193301,-73.82191143796993
17.16836346640569,151.56254061211592,0.6099748706642298,-73.35445826417632
17.523936605999467,151.15129103597852,0.6333835099943761,-72.9087020578106
17.871805652075412,150.74789965919572,0.6558538166740173,-72.48306654261341
12.849635450506517,155.45718377832748,0.32255891581694707,-80.20456662696034
13.128578367396422,155.07944190954092,0.3472635175373751,-79.7376697887915
13.399361320431943,154.71272850723253,0.37082926472709105,-79.29587372519929
13.662396065819033,154.3567318156523,0.3933389605885378,-78.87705934890538
13.918059845750783,154.01110734520313,0.4148669691613116,-78.47934910420297
14.166699184999523,153.67549448739481,0.4354802637759312,-78.1010754967137
14.4086336915327,153.34952724723357,0.4552393908935938,-77.74075151507526
14.64415924094465,153.03284146341636,0.4741992784456275,-77.39704600858568
13.346113701466335,155.10043558171822,0.3497734158305869,-79.88276616140688
13.651185169323483,154.70215410688832,0.3754507817181632,-79.39974879213543
13.947903885839079,154.314317121107,0.3999579034116635,-78.9422920205355
14.23666668315861,153.9367363135467,0.4233788322249588,-78.50826499250431
14.517837255367162,153.56917152600317,0.44578908658931,-78.09577871793792
14.791750251584428,153.2113507341034,0.46725675298081065,-77.70315313789216
15.058714926223582,152.86298344068112,0.48784344885295094,-77.328888033582
15.319018188369212,152.52377003408571,0.5076051309866667,-76.97163875147507
13.810453916002722,154.75083928741378,0.3745038121048074,-79.58674012946285
14.14062915924486,154.3329665026587,0.4010540485934521,-79.08917614687303
14.462316730239065,153.92492654482052,0.4264055557870922,-78.61756616566224
14.775895130928722,153.5266517967612,0.45064344360562636,-78.16977263418697
15.081711648785701,153.1380047902834,0.47384426012467185,-77.74389798065056
15.380086256331053,152.75880127503973,0.496077086999695,-77.33825238562369
15.671315124102385,152.38882607033366,0.5174045013024793,-76.9513251468596
15.95567354523469,152.0278444055388,0.5378833836095998,-76.58176073221281
14.24721901209139,154.40829779696327,0.39716062269321084,-79.31232011811426
14.601578773735437,153.97166690615575,0.42450051698819447,-78.80151230789782
14.947363006386555,153.54423701324708,0.45061550709484566,-78.31699927164792
15.284929553843536,153.126058586736,0.47559165502806666,-77.85663903908595
15.61460697180319,152.71709521851295,0.4995064374166673,-77.4185277561775
15.936698254873656,152.31724954833362,0.5224298356833892,-77.00096811235842
16.25148422726515,151.9263813965311,0.5444252966082787,-76.60244113373484
16.55922635483494,151.54432094893977,0.5655505399260033,-76.22158254635983
14.660014917466315,154.07265590590106,0.4180604996345003,-79.05628657809928
15.037727244117095,153.61800873829432,0.44611969020856446,-78.53333122825273
15.406815166722955,153.17191624751078,0.47292971285589824,-78.03696756813167
15.767613956758286,152.73454453478627,0.4985774935997704,-77.56505106860693
16.120431503789796,152.30595667698753,0.5231413541961004,-77.11567347979991
16.465551891504568,151.88614130220472,0.5466920972677047,-76.68713186935196
16.803238682233296,151.4750328460744,0.5692939654220898,-76.27790081980375
17.13373762992254,151.07252645855164,0.5910054481450695,-75.88660908651904
15.051745847454908,153.74372358722653,0.43745278654495107,-78.81610153549211
15.452052308363253,153.27172776298028,0.4661710456934182,-78.28193312185867
15.84371801210277,152.807630164584,0.49361747986026544,-77.77461627189419
16.227054051682476,152.35171023492265,0.5198798051617697,-77.29200543771215
16.602346009095026,151.904129037549,0.5450371186338523,-76.83218954416735
16.969857401919153,151.464960301528,0.5691609784666363,-76.39346160002972
17.32983287836565,151.0342126606518,0.5923163615137113,-75.97429127794422
17.68250084535152,150.61184617173362,0.6145624692891907,-75.57330185273824
15.424789145051482,153.42129160953937,0.45553733107252165,-78.58972824332703
15.846994135641008,152.93255304377482,0.4848625803490835,-78.04515155044169
16.260568903052853,152.4510501203196,0.5128946737087257,-77.52765599868253
16.66579958154689,151.97717260706378,0.5397221196585545,-77.03509429057657
17.062947830748975,151.51117843760667,0.5654247096727312,-76.56555452406201
17.452255160884658,151.0532255872009,0.590074702038131,-76.11732697254025
17.833945857970754,150.60339646293423,0.6137377559321027,-75.68887770202022
18.20822954156973,150.16171593352306,0.6364737363434038,-75.2788257767591
15.781118269428484,153.1051419017149,0.4724767709565471,-78.37550681423001
16.224579694431487,152.60021547177533,0.5023635038273276,-77.82122353462323
16.659444782964915,152.1018574945947,0.5309369738829491,-77.2942223447413
17.085972955081992,151.6105669541643,0.5582863643174786,-76.79235728738435
17.504400892966867,151.12669704169915,0.5844921317166154,-76.31371609743368
17.91494682616148,150.65048916603996,0.6096271871336215,-75.85658744616727
18.317813391878808,150.18209908927247,0.633757827877313,-75.41943491282437
18.713190137225,149.72161637670092,0.6569445411921505,-75.00087444554786
9.775040166286233,159.94116559304962,0.41790904673114476,-62.55430255091366
9.883852200673953,159.8077511156098,0.43841011304021826,-62.038134354336165
9.987109530023634,159.67945504128173,0.45772143175130103,-61.558100534661996
10.085268872382557,159.556093745317,0.4759482557201485,-61.110408802352744
10.178735231001976,159.43746460586573,0.493183272458508,-60.691798036164414
10.267869089736967,159.32335683309276,0.5095084537729798,-60.29944576529344
10.352992707779174,159.2135581882833,0.5249966217327453,-59.93089497613586
10.434395246021085,159.10785955243858,0.5397127160355976,-59.58399612662639
10.078965874538424,159.6905949215351,0.44291283427116485,-62.07171273506905
10.19782824871766,159.55318493889732,0.46424321562414483,-61.538566402279514
10.310782259316838,159.42064204764662,0.48435115443248905,-61.042432309845786
10.418304731326991,159.2928408005847,0.5033436690830655,-60.579455054223686
10.520818925655423,159.16962614256568,0.5213150994803305,-60.14631355385301
10.618702249879917,159.05082604537876,0.5383489694406407,-59.74013103185113
10.712292674934856,158.93625994983972,0.5545195573482835,-59.358401218141594
10.801894051394244,158.82574453620342,0.5698931910187982,-58.99892906356439
10.361384609644652,159.4419592963059,0.4657488983015267,-61.62881053708845
10.489860065093714,159.30085832519754,0.4878314863480074,-61.08044141999764
10.612104559702523,159.16436635644592,0.5086623904651931,-60.569863364737095
10.728611969775512,159.0324151039405,0.5283501674629153,-60.0931633685032
10.839821451893812,158.90489614960845,0.5469906114402832,-59.64696801546886
10.946125221629021,158.78167565512,0.5646686145051248,-59.228353035900994
11.047875061227392,158.66260443246654,0.5814597410805329,-58.834769008023144
11.145387718372747,158.54752499592175,0.5974315269164203,-58.46398161724031
10.625369272263475,159.1957193033289,0.4867624680056252,-61.219323775169364
10.763067374463777,159.05118557458974,0.5095323755455666,-60.65719800546504
10.894238212670908,158.91099846354902,0.531024170510378,-60.13355861962694
11.019390522134875,158.77514541285854,0.5513477914244417,-59.64444126925021
11.138977375946178,158.64356370535592,0.5706003260607123,-59.186426472153514
11.25340401965068,158.5161570831796,0.5888678858646357,-58.75654806758026
11.363034445285647,158.39280736284755,0.6062271830934657,-58.352218503093674
11.468196851547559,158.27338270623446,0.6227468331782993,-57.97116871195941
10.873355285893455,158.95218054565487,0.5062223886072482,-60.8383642652194
11.019924287612772,158.8044372458779,0.5296242443341368,-60.26372302171675
11.159692559704173,158.66077522935527,0.5517239361952819,-59.72819214036843
11.293181823948148,158.52123640255533,0.5726326279952673,-59.227762515934465
11.42085739002868,158.38580282638327,0.5924485688799299,-58.75897383065667
11.543136020193174,158.2544151999395,0.6112589667505746,-58.31882270941026
11.660392549731224,158.1269859448677,0.6291415675764652,-57.904687662355826
11.772965391449342,158.00340863908923,0.6461659604650224,-57.51426864109744
11.107307970337544,158.71154039530097,0.52434204207919,-60.48205036126865
11.262428791917952,158.5607829923739,0.5483280991122464,-59.895954906427974
11.41049542193701,158.413839722716,0.5709899417667059,-59.349533864703965
11.55204096945131,158.27080569144002,0.5924398403396368,-58.838738325638964
11.68754153908177,158.13170683886517,0.6127770946861343,-58.360071557734365
11.817424107841886,157.99652019760865,0.6320899062897709,-57.91049692649121
11.942073175782813,157.86518837835243,0.6504569592115735,-57.48736255216432
12.061836300735347,157.7376301153965,0.6679487273433485,-57.088340595616806
11.328838174708913,158.4739193352665,0.5412936669851637,-60.14724638892203
11.49221958885715,158.3203210707968,0.5658223401253551,-59.550613928837926
11.648311016492272,158.17026878010472,0.5890064621160569,-58.99416851738837
11.79765557200058,158.02390956169648,0.6109593092003427,-58.47382566918881
11.94073890599087,157.88131236653504,0.6317811381983296,-57.98605601845483
12.077997079645248,157.74248994590695,0.6515610569634644,-57.52779305319399
12.20982323209157,157.6074146770463,0.6703786065270508,-57.09635753836932
12.336573133767537,157.4760301741239,0.6883050700888221,-56.68939657467343
11.53928409900755,158.23938299363468,0.5572182943772178,-59.83138332536248
11.71065885187792,158.08309892469393,0.5822530553932047,-59.22501363673382
11.87452353714918,157.9300922733189,0.605924411218043,-58.65929909877792
12.031430070355016,157.78056098501995,0.6283465579929516,-58.13012329978166
12.181872557142798,157.63461618516948,0.6496206292206642,-57.633927501076656
12.326295153054069,157.4923057425713,0.6698365643835116,-57.167618232832936
12.465098736433651,157.35363137877917,0.6890746919041932,-56.72849152565346
12.598646470674979,157.21856130208707,0.707407039515615,-56.31417177928093
10.0870159527111,159.46754526560346,0.399493394371233,-65.13733493222941
10.211020955550971,159.30993941612317,0.4205146195111724,-64.61758583806599
10.328988978841139,159.1583710110981,0.4403520707124265,-64.13326770933217
10.441395342797266,159.0126116442679,0.4591079215703495,-63.680742244131935
10.548663298755704,158.87241560797275,0.4768724103572516,-63.25686743854733
10.651171099376404,158.7375307207837,0.49372554119396106,-62.858916594131195
10.7492582058361,158.60770526890212,0.5097385574621358,-62.48451010575985
10.843230442384673,158.4826925229464,0.5249751583161628,-62.131560520666824
10.409467906297662,159.21350874868466,0.4246711127366553,-64.67542368238897
10.544870932128777,159.05060920600923,0.4465364594714491,-64.13868859003938
10.673871961134575,158.89348172337608,0.46718592995453656,-63.638228898746235
10.796964646978521,158.74196222459977,0.4867234009394376,-63.17034415231564
10.914589089609391,158.59585731572733,0.5052406696443064,-62.73183777814894
11.027139331780003,158.454957504083,0.5228192089977336,-62.3199332626263
11.134969644994738,158.3190460040686,0.5395316447919611,-61.93220550356918
11.238399756857978,158.18790472019754,0.5554429764543931,-61.56652545844915
10.709276550276334,158.96156747657776,0.44764756864021277,-64.25166315510533
10.8555833732879,158.79373864282175,0.47027745000663795,-63.69971164627955
10.995157334712019,158.63140799914845,0.4916627769669082,-63.184778866729516
11.128507293199242,158.47447425503609,0.5119088760973766,-62.70311256547087
11.25608770962696,158.32279533571693,0.531108917942379,-62.25146868833978
11.378306172584994,158.1762038433896,0.5493456714168022,-61.82702727915393
11.495529734578701,158.03451762176206,0.566692983876142,-61.42732348136254
11.608090187601242,157.89754712688196,0.5832170053263241,-61.05019184940312
10.989682989227257,158.71217589841623,0.4687756825909544,-63.85998755115008
11.146452541173316,158.53972890132437,0.492103268225094,-63.294291394702725
11.296187256629121,158.37250020326832,0.514160386121583,-62.76627598633545
11.439408905820418,158.21044980019266,0.5350536519751302,-62.27214374930408
11.576584238163028,158.05348592916462,0.554877459522488,-61.80860896359112
11.708132512524786,157.90148264493786,0.5737157337696405,-61.372813461920664
11.834431861381796,157.75429204958448,0.5916434133243972,-60.96225734946843
11.955824595282241,157.61175298121296,0.6087276773900343,-60.574743038676374
11.253253692062883,158.4656332417641,0.4883298068671029,-63.49567633791037
11.420088850869778,158.2888381180284,0.5122981878396665,-62.91747837494775
11.579612179099328,158.11697717973686,0.5349724932660339,-62.3775551267793
11.732356428481365,157.95007026581274,0.556460495712103,-61.87206907974931
11.878798887376705,157.7880749283057,0.5768576884785488,-61.3976976948076
12.01936889681444,157.63090601149895,0.5962490374004414,-60.95154895534596
12.154454224902784,157.4784494629235,0.6147104648442637,-60.531091861882736
12.284406384753492,157.33057227721707,0.6323100790845918,-60.13410024019851
11.502058357626193,158.22213000238503,0.506527414835353,-63.154985182517756
11.678599022857544,158.04122429857958,0.5310875747898077,-62.56534746041266
11.847572671052172,157.86496578298664,0.5543320005014087,-62.0145207252124
12.009521392354301,157.69343275658215,0.5763695109154666,-61.49863207413329
12.164931520155104,157.52663111305756,0.5972965955451797,-61.014326241486245
12.31424111782647,157.3645158193363,0.617199164606099,-60.55868104585517
12.457846349180258,157.20700623264665,0.6361540343612474,-60.12913770729886
12.59610679739885,157.0539972427772,0.6542301581872758,-59.7234444706497
11.737792474913865,157.98177982544055,0.5235438134991328,-62.83489406937781
11.923710070810772,157.79697485712742,0.5486531146407921,-62.23473353322959
12.101824657810539,157.61652821095777,0.5724266902265372,-61.673870798085225
12.272686251784357,157.4405753335107,0.5949743120589018,-61.148401452897566
12.43678894304472,157.2691695173138,0.6163933783534529,-60.654940999483614
12.594578341717172,157.1023051915074,0.6367706620169922,-60.19054023905751
12.746457932741585,156.93993467672144,0.656183796926308,-59.752615452130904
12.892794385656455,156.78198047419107,0.6747025104412767,-59.33889187229783
11.961863952588276,157.74464166607925,0.5395223872544463,-62.53293167735451
12.156857007110219,157.55612719356205,0.5651434182281196,-61.923047165235076
12.343828076798117,157.37168108882167,0.5894101734317642,-61.352904461178085
12.523333878167644,157.19149469128396,0.61243329749626,-60.81857098957371
12.695875138330496,157.01566778352142,0.634311022389929,-60.31663603202028
12.861903989301844,156.84423360921164,0.6551309137263109,-59.8441260871556
13.02183029815843,156.67717700366,0.6749713576430995,-59.3984349474803
13.176026959339815,156.5144477826732,0.6939027944572488,-58.977267053801974
10.412444490746886,158.97192238298166,0.38284471519360386,-67.76145637122299
10.553560285335504,158.78763021719203,0.40440021456099984,-67.2414790121699
10.688174500526014,158.6102932760075,0.42477933998035494,-66.75592095117402
10.81677451455224,158.4396453307448,0.444081061788036,-66.3013302507382
10.939796268542663,158.2754029722659,0.462393023887473,-65.87471584533674
11.057631029053072,158.11727708479728,0.4797931268630234,-65.4734741457388
11.17063139249272,157.96498016323915,0.4963509092489069,-65.09532655269214
11.279116289864826,157.8182310531138,0.5121286908739274,-64.73826892050585
10.754574305596941,158.71275960872163,0.40823243359887684,-67.32169364525087
10.90861587548654,158.5216786751804,0.4306484480255387,-66.78478224420107
11.055786274111991,158.33726623034252,0.451856523574222,-66.2830886009704
11.196588649532616,158.15932714833795,0.4719572411328185,-65.81310580894663
11.331473609692752,157.98763600298724,0.4910397202775677,-65.371794256485
11.460846368763299,157.82195113347615,0.5091832558378541,-64.95650559792635
11.585072783257752,157.66202397326384,0.5264587021817104,-64.56492000628784
11.704484389542372,157.50760537687987,0.5429296201187156,-64.19499536478239
11.072876075339623,158.4559318478628,0.4313826596611333,-66.91834767893366
11.239285730821692,158.25849408417162,0.4545769900747916,-66.36627021888721
11.398492067630274,158.06742735057293,0.476535166930581,-65.85011211709457
11.551010772229427,157.88260589891988,0.4973591419068274,-65.36632113351722
11.697304530064521,157.70386119658477,0.5171393366817046,-64.91181558493544
11.837790147841341,157.53099839989576,0.5359562780756052,-64.4839082362001
11.972844596386633,157.36380757632386,0.553881984701011,-64.0802433556902
12.10281005907531,157.20207152995962,0.5709811167522079,-63.69874569247018
11.370765160046163,158.20187690462504,0.45265637583407103,-66.54559433471442
11.549045443297867,157.9984527653618,0.476560117214363,-65.97981908443593
11.719821816139405,157.80109442150325,0.49920218892288215,-65.45058710561754
11.883620153224713,157.60974384527893,0.5206857638723905,-64.9543066712073
12.040913074105472,157.42428829175464,0.541102425551805,-64.48785933067511
12.19212702161778,157.2445790389082,0.5605338015653196,-64.04852376819981
12.337648292453864,157.07044439851947,0.5790529521178664,-63.63391271252106
12.477828079705768,156.90169896197946,0.5967255221640689,-63.24192174654808
11.650943948919048,157.95087887073245,0.47233375180329296,-66.19890905951323
11.840647133636587,157.7417911544516,0.496888316596837,-65.6206743872748
12.02257298977674,157.5384584021193,0.5201579421890211,-65.07954194777112
12.19725561470645,157.34088871102415,0.5422468996455151,-64.57188538965484
12.365175763136156,157.14902402828096,0.5632478187900501,-64.09455390936624
12.526767866563207,156.96276103231557,0.5832433199472963,-63.64479611445321
12.682426036853995,156.781965839228,0.6023074038726152,-63.220196830207264
12.832509089824752,156.6064845987713,0.6205066057861885,-62.818625780279206
11.915590447791422,157.7031144586666,0.4906365688344011,-65.87470830610405
12.116310642949305,157.48864811896112,0.5157915609651964,-65.28507134373608
12.309003718258715,157.27962194959605,0.5396402411263476,-64.73304055678358
12.494210330401794,157.07610864736395,0.5622878756857836,-64.21495906770834
12.672417841560712,156.8781037809527,0.5838280442316828,-63.727647442398116
12.844067268428823,156.68554870185238,0.6043442694823736,-63.26832759015925
13.009559247347381,156.49834686242772,0.6239114082058768,-62.834559502385225
13.169259028640454,156.31637569879658,0.6425968068174207,-62.424189836286835
12.166488027096133,157.45868476711888,0.507743395182288,-65.57010539355443
12.377854924382541,157.23909407985258,0.533455027363425,-64.9699780406069
12.580965624730165,157.02462605549286,0.55784059566275,-64.40791367580599
12.776365921916067,156.81541653673,0.5810062746398834,-63.880228388120855
12.964548475090192,156.611513676695,0.6030465119005817,-63.38371728754395
13.14595967855996,156.4129027783814,0.624045655996624,-62.91557846806585
13.321005579506108,156.2195241487275,0.6440793480809958,-62.47334970792943
13.490056834930304,156.03128621097747,0.6632156787311506,-62.054856983513645
12.405117017428582,157.217637331445,0.5238001315239504,-65.28274066929824
12.626790872775208,156.9931512691371,0.5500300233895329,-64.67291677216834
12.839997745779707,156.77346861602163,0.5749154991327721,-64.1015719088412
13.045287340447135,156.55878697819765,0.5985635669197833,-63.56499814048643
13.243156478772452,156.34920609354026,0.621069472335496,-63.05996785514724
13.434055884582321,156.14475450820203,0.6425183241889834,-62.58365781576467
13.61839604677165,155.9454088978585,0.6629864866308485,-62.133585847030844
13.796552132391199,155.75110835718138,0.6825427369370773,-61.707559302376985
10.747611443524967,158.46116633764296,0.3682187830317162,-70.39109295897163
10.907739167337926,158.24783178221594,0.3903228079319034,-69.87466953792276
11.060942410484035,158.0423364503585,0.4112590197270412,-69.39133019867127
11.20771235493335,157.84438534687004,0.4311230885222128,-68.93784473851318
11.348490395723267,157.65366514209802,0.4499999657553522,-68.51140374630255
11.483674462720087,157.4698564872468,0.46796535168775794,-68.10955348443775
11.613624711331745,157.29264186308905,0.485086986309228,-67.73013972549285
11.738668281927309,157.12171067309845,0.5014257206560303,-67.37126211791065
11.110396228153563,158.19517755837873,0.3938504660473909,-69.97472701587154
11.285161031558298,157.97335630545086,0.4168331752436386,-69.44148141433575
11.452636592464618,157.7590561811393,0.4386169297621163,-68.94206496635793
11.613326379636687,157.55206110870435,0.4592989284211553,-68.47320033913677
11.767683406159145,157.35212239310587,0.4789655244332588,-68.03203618941251
11.916116894187997,157.15897382379904,0.4976937459927305,-67.61607962943236
12.058997949666132,156.97234168289722,0.5155525895942312,-67.22313997690361
12.196664313112592,156.79195154760052,0.5326040943257464,-66.85128298888513
11.448134365861248,157.9318448750556,0.4172060761475215,-69.59285522459092
11.636908950928195,157.70204346853137,0.4409824746150038,-69.044541865248
11.818070339214678,157.47943203951553,0.46353205005051357,-68.53071095214949
11.992130992031525,157.26387148173632,0.48495330266634473,-68.04804684110702
12.159552882360227,157.05517651480793,0.5053338252063212,-67.59366205362294
12.320754084068643,156.85313335779458,0.524751821591217,-67.16502985418872
12.476114410375121,156.6575117644125,0.5432774021506527,-66.75992795611256
12.625980137871064,156.46807343562844,0.5609736603171831,-66.37639266456692
11.7644192174893,157.67157808361384,0.4386549320242847,-69.23993381589234
11.966644192953868,157.43423265256848,0.463153882494557,-68.67800788062603
12.160966258080897,157.2037364819162,0.48640077198545584,-68.15114426432588
12.347904496223814,156.9800255800174,0.5084952628038389,-67.65599417759383
12.527927654897976,156.76297684526824,0.5295260560866158,-67.18963874704211
12.701460645064492,156.55242815366634,0.5495724084605773,-66.7495217281758
12.868890128528435,156.34819230436273,0.5687054287159415,-66.33339320117456
13.030569201767605,156.15006695461207,0.5869891565133645,-65.93926365602329
12.06209211726717,157.41463721007852,0.45848325126349676,-68.91166282751736
12.277264104383182,157.1701290737828,0.48364435071445516,-68.33735039708138
12.484272815906458,156.93212251743662,0.5075303379238248,-67.79861882977308
12.683641988386524,156.70062688155565,0.5302419225743836,-67.2920904801727
12.875845321166125,156.47558002112183,0.5518688062203674,-66.81481901861753
13.061312875530616,156.25687066840015,0.572491196869733,-66.36422229902941
13.240436600144083,156.0443541850822,0.5921811067784561,-65.93802607229554
13.41357496467183,155.83786394112863,0.6110034327546331,-65.53421804036736
12.343441869920762,157.1611780217016,0.4769173182447296,-68.60464112687472
12.571104555000757,156.9098448085921,0.5026886708725867,-68.01898796460567
12.790368999390711,156.664660494053,0.5271637040953743,-67.46938229835828
13.001761937227768,156.4257060495976,0.5504440790195138,-66.95242123549023
13.205760480722828,156.19297909478664,0.5726204072971041,-66.46513430658577
13.402798412035914,155.9664184114775,0.5937737635861543,-66.0049165037857
13.593271638738232,155.74592140955826,0.6139769841405601,-65.56947203445678
13.777542769743166,155.53135687908414,0.6332957484047753,-65.15676836644163
12.610341814460753,156.91128322535283,0.49413912907512275,-68.31613204479589
12.850078878412832,156.65342702367195,0.5204756919692982,-67.72003961655916
13.081204903036527,156.40136354452102,0.5454963027684894,-67.16041687598896
13.304248212943815,156.15524377247718,0.5693034926668782,-66.63383875416093
13.519688020049532,155.9151239387782,0.591988706874893,-66.13731346656817
13.727960603302435,155.68099207568548,0.6136338148904358,-65.6682157345184
13.9294646883259,155.45278711189212,0.6343124096194509,-65.22423059787101
14.124565960075124,155.23041293401718,0.6540908899883764,-64.8033074699258
12.864346475797355,156.66498409384621,0.510297243871794,-68.04390067883992
13.115775928547167,156.40087758391448,0.5371595731315781,-67.43815329665267
13.358401027110201,156.14220529911498,0.5626876763155513,-66.86925937200097
13.592750479528988,155.88918670101444,0.5869848849888302,-66.33377429856566
13.81930446657928,155.64193552311534,0.6101434123143559,-65.8286874062297
14.038500706197732,155.40048826462868,0.6322458610823269,-65.35135537571321
14.250739753098413,155.16482483938063,0.653366523128122,-64.89944612603462
14.456389444031936,154.93488388843573,0.6735724627279114,-64.47089289456811
11.088301297760095,157.94283502888916,0.3557559232500582,-72.99034094906524
11.269246900160821,157.698339349776,0.3784223097365458,-72.4815169270509
11.442913226952744,157.46249715942787,0.39993033559476604,-72.00412634021104
11.609785647435114,157.23499590809655,0.42037232193539753,-71.55519159790632
11.770302391168235,157.01550223807428,0.4398304700976272,-71.13211232077215
11.924860320184791,156.80367531384172,0.4583782172172266,-70.73260889201156
12.07382021280523,156.59917534365394,0.4760814396158169,-70.35467300421737
12.217511195003787,156.40166914754226,0.49299945410546486,-69.99652726801433
11.47249986535329,157.66836336477562,0.3816614088460194,-72.59833963359983
11.669974552788016,157.41348101726237,0.40522647704754244,-72.07286906054946
11.859822132157143,157.16689023297153,0.42760234631907745,-71.579516029874
12.04253583688112,156.9283662096041,0.44888279247225954,-71.11526420025237
12.218561554596858,156.69764786477108,0.469151351808437,-70.67747838393039
12.388303908186518,156.47445413626113,0.4884827295987811,-70.26384591237442
12.552131479480078,156.25849480536544,0.5069440053123789,-69.87232726445185
12.710381192751065,156.04947789336683,0.5245956363279015,-69.50111568026175
11.83041583577939,157.39694696265107,0.4052503401299956,-72.23874424434163
12.043717156209874,157.13226563330215,0.4296261118688779,-71.69835482483913
12.249087698510609,156.87549851681828,0.4527850393392789,-71.19068112165435
12.447025251392505,156.62650634170865,0.4748221369366809,-70.71267596647748
12.637980673747272,156.3850989105773,0.4958221242057155,-70.26167443101643
12.82236385506963,156.15105412432803,0.5158608317671002,-69.83533548463197
13.000548864582019,155.9241309594629,0.5350064080100914,-69.4315927255851
13.172878273441807,155.70407858180965,0.5533203247599013,-69.04861402434018
12.165821692419797,157.1289565134274,0.4269005560348135,-71.90632683688929
12.394323272329604,156.85498391976574,0.452013499656719,-71.35245017810067
12.614627273656941,156.58853685881195,0.47588451384272773,-70.83181884587563
12.827233691892905,156.32955949287796,0.49860972161508893,-70.34135928747234
13.032596164087591,156.07793110978864,0.5202749030154462,-69.87838096894257
13.23112780066326,155.83348769751765,0.540956898613148,-69.44051832728925
13.423206250276879,155.59603694563626,0.5607248172033679,-69.02568162163006
13.609177951531608,155.36536897801543,0.5796410430998341,-68.63201662509448
12.481698716004633,156.86461929587003,0.44690448728918264,-71.59703798852368
12.724836889606554,156.58180068136556,0.47269224243473923,-71.03087937500844
12.959542117145695,156.3061106574788,0.4972151085912101,-70.49843847084432
13.186314664631666,156.03757481446948,0.5205702102508678,-69.99661901865174
13.40560912986305,155.77614054791403,0.5428442868319002,-69.52270830745654
13.61784014108246,155.521701030621,0.5641150937312588,-69.07431942054873
13.823387331248444,155.27411212306802,0.584452610781856,-68.64934221970931
14.022599513030489,155.0332046375125,0.6039200508172086,-68.24590310097464
12.780447405574144,156.60406319779233,0.4654930679495188,-71.30767841531322
13.037711152660847,156.31279384011876,0.49190211393683153,-70.73026524550978
13.28633364446693,156.02825019040202,0.5170251023130912,-70.18699375822501
13.526813800230167,155.75053735938573,0.5409600692705395,-69.6747480807939
13.759605652822804,155.47966951263078,0.5637946289349235,-69.19079620698591
13.985123912135254,155.21559610332702,0.5856073719406815,-68.73273254067709
14.203748844847587,154.9582205887303,0.6064690743806158,-68.29842902350222
14.41583036864763,154.70741414704597,0.6264437073678248,-67.88599496678394
13.064031871695146,156.34734689578448,0.4828518512446936,-71.03567631468846
13.33495487901996,156.047981304136,0.509835778429873,-70.44789380110868
13.597051806649715,155.75493438490474,0.5355140073919344,-69.89463552116659
13.850818860915352,155.46838896109978,0.5599854098515514,-69.37276861041835
14.096708214587634,155.18842467927766,0.5833384028150197,-68.87954421754338
14.335133434625432,154.91504638088526,0.6056523446596588,-68.41254034313003
14.566474265302139,154.64820453193695,0.6269987443428738,-67.96961311893635
14.791080639178592,154.38781032158295,0.6474422717204346,-67.54885672596238
13.334081556006819,156.09448074444825,0.4991321706905159,-70.77893309152039
13.618235864225682,155.78733959987932,0.5266503723550773,-70.18155112240828
13.893399796144134,155.48610733615772,0.5528445531906343,-69.61904014234953
14.160065679818207,155.19104277701652,0.5778143550604038,-69.08825254508565
14.418682717608702,154.90228981396075,0.6016489362263818,-68.58642473815655
14.6696622791985,154.61990780562664,0.624428364920594,-68.11112027548016
14.913382587236082,154.34389363663024,0.6462248286091673,-67.6601812946846
15.150192643783113,154.07419813317713,0.6671036448555357,-67.23168852946235
11.429943928328006,157.42482352242703,0.345484354748609,-75.52451853981141
11.633330597868996,157.14738600031893,0.36872532829084825,-75.02740258402588
11.829177939774933,156.87931023886514,0.390818076367201,-74.55978220114939
12.017955170937817,156.62027879869575,0.41185156001701806,-74.1189562756343
12.200087881387937,156.3699497232463,0.4319052045028011,-73.7025553227609
12.375963187081192,156.1279710162104,0.45105014766382834,-73.30849376470081
12.545934544223156,155.89398994737928,0.46935035946789433,-72.93492732212968
12.710325793947952,155.66765919500503,0.48686357600233626,-72.58021801298584
11.836056782600352,157.14033969221327,0.37168759753421915,-75.15752412219891
12.058034686509977,156.85042300911013,0.3958490086331196,-74.64400281807498
12.272157050075727,156.56944749560142,0.4188315436365257,-74.16059277613536
12.478895650837625,156.2971931902559,0.4407255479639883,-73.70456287971032
12.678678890918572,156.0333989760785,0.46161171865594364,-73.27351633841394
12.871897236355885,155.77778018940498,0.4815624055447288,-72.8653410153166
13.058907935471941,155.53004035745425,0.5006427319972998,-72.47816705500543
13.240038982744748,155.28987927931917,0.5189115307139305,-72.11033201589642
12.21465154295058,156.85938051494728,0.3955324879881222,-74.8207133087687
12.454438450144135,156.55765913462602,0.4205231950571093,-74.29247382928048
12.686101029724378,156.26444057315774,0.44430748396260417,-73.79488185749827
12.91011034981911,155.97959981540203,0.46697687837299934,-73.32518324784614
13.126894954047675,155.70295498196484,0.48861320504646377,-72.88095821033419
13.336846146635306,155.43428779790264,0.5092898918169378,-72.46007209251012
13.54032260712059,155.1733575978728,0.5290730891634259,-72.06063324601979
13.737654265667702,154.91991122139123,0.5480226074731074,-71.68095830078994
12.56967819280591,156.58226743937274,0.4174054623284507,-74.50920427817651
12.826576478575376,156.26932582434648,0.44314938170935353,-73.96764368847666
13.075121012995382,155.96443567747764,0.46766182781461374,-73.45720363545274
13.315779873218418,155.6675645499252,0.4910353810631858,-72.97511063880162
13.548979580158742,155.37860820283896,0.5133528829239101,-72.51892541160191
13.775110228558317,155.09741374490807,0.5346887308052855,-72.08649407955669
13.994529994264,154.8237957613316,0.5551100001853222,-71.67590628658387
14.207568916790352,154.55754791379493,0.5746773830048715,-71.28546061677086
12.904256835905603,156.30918710161973,0.43760525038061665,-74.21922005547731
13.177638580557396,155.98553917919511,0.4640379254810376,-73.6655139762488
13.442470502712236,155.66948194745584,0.48921613475234005,-73.1433487353498
13.699215821614784,155.36107326076248,0.5132334150209903,-72.64993456747034
13.948297252972209,155.06028496141502,0.5361735275568555,-72.18281558516505
14.190101985701158,154.76702851789113,0.5581117499438096,-71.73982141972107
14.424986080691404,154.48117315040116,0.5791159985051918,-71.31902556525445
14.653278158874711,154.20255903818307,0.599247767553586,-70.91871095256609
13.220898877836177,156.0402332302881,0.4563675218057918,-73.94777942484119
13.510194647692169,155.70633634898107,0.4834336840008123,-73.38292961964619
13.790773053278341,155.37956266409054,0.5092241242428867,-72.8499963771997
14.06309090679415,155.06005819226036,0.5338332515862015,-72.34617619952814
14.327565629984251,154.74786935249398,0.5573456675501498,-71.86899902687146
14.584580081013097,154.44297095565724,0.5798374550096219,-71.41628028598777
14.834486845489804,154.14528621305544,0.6013773006899863,-70.98607947147195
15.077611830013549,153.8547014637415,0.622027435029569,-70.57666587432061
13.521658644828614,155.77543538504057,0.4738814689209724,-73.69248771201518
13.826348651295344,155.4317006050844,0.5015332321131555,-73.11735710886269
14.122178351784036,155.09461690167268,0.5278894980030656,-72.57448066882297
14.409596850276602,154.76441643374707,0.5530454763208832,-72.06104332224257
14.689015015909098,154.44121875591907,0.5770865412712033,-71.574562896623
14.96081016457645,154.1250610254078,0.6000895174664312,-71.11284255938622
15.22533024429429,153.8159197915214,0.6221238022867942,-70.67392963458211
15.48289733540911,153.5137271641718,0.6432523061409727,-70.25608148796846
13.808240102742946,155.51477881691977,0.4903012747372825,-73.45139206838203
14.1278471338321,155.16157869614264,0.5184967711335108,-72.86673107691433
14.438472274187468,154.8145545432922,0.5453782717767229,-72.31462891784308
14.740555814892623,154.4740227559467,0.5710417255758137,-71.79226079778068
15.034500996885358,154.1401746498131,0.595573221395,-71.29713419601033
15.320678552668454,153.81310876241653,0.6190502710400632,-70.82704168975404
15.599430789001772,153.49285433106064,0.6415429313022332,-70.38002000403627
15.871074995839924,153.1793888309708,0.6631147444257822,-69.95431605431213
11.767802794398525,156.9149872620399,0.3373333649648329,-77.96166587282008
11.994980920626993,156.60326140610027,0.3611579117020844,-77.4802073336669
12.21447858253151,156.3014662852198,0.3838449133820511,-77.02606677454881
12.42673862092498,156.00929272816995,0.40547998838900695,-76.59683441336638
12.63216438992264,155.72640231566592,0.42613978352159065,-76.19038621071091
12.831124269065295,155.45244308278944,0.4458931207471727,-75.8048445833605
13.023955985468202,155.1870596776709,0.464802037269686,-75.43854250913066
13.210970246150719,154.9299001437699,0.4829226554868852,-75.08999385390324
12.196039404538334,156.6191699080021,0.363851174547088,-77.61996109988095
12.444021876610726,156.2926991496685,0.3886194695305736,-77.12240339061854
12.684056182162694,155.9756630605705,0.4122196544361556,-76.65270396965727
12.91658168775668,155.66786037482385,0.4347386607468623,-76.20843194768386
13.141998936118918,155.36904284945723,0.4562543433710802,-75.78744368009768
13.360674439101025,155.07893423089283,0.4768366801961667,-75.38784176735197
13.572944880813113,154.79724295649777,0.4965488125917832,-75.0079395319693
13.779120646720717,154.5236709707904,0.5154479164643401,-74.64623159352905
12.595541150551705,156.3274047996626,0.38796820181191144,-77.30612214589911
12.863462561225845,155.98695475297458,0.41358577995698786,-76.79409809200222
13.123218619934708,155.65542331887565,0.4380077014757903,-76.31040014998663
13.375242042082126,155.33271424706956,0.46132201362274616,-75.85258231432618
13.619927950484847,155.01866761829857,0.4836076462617602,-75.4184848689795
13.85763849641827,154.71308178254077,0.5049356073297677,-75.00619398077073
14.088706943520792,154.4157284223375,0.5253700234912543,-74.61400653287471
14.313441092384288,154.1263632646574,0.5449690120262527,-74.24040094141445
12.970431169762096,156.0399555893204,0.41007943841758554,-77.01563679945416
13.257519429380851,155.6861915396346,0.4364675224423456,-76.4904979844075
13.536266799290006,155.34081553644836,0.4616348126307558,-75.9940955883328
13.807097172698224,155.0038336451719,0.4856703582094146,-75.52397143233814
14.0703981524411,154.67517244687542,0.5086540560200798,-75.07795259063094
14.32652550692498,154.35470373947882,0.5306578420932869,-74.65411154178864
14.575807137570516,154.04226180460395,0.551746732215263,-74.25073134454782
14.818546400412993,153.7376558936071,0.5719796943792642,-73.86627668974978
13.323965146352025,155.75696164319885,0.4304899095443475,-76.74501721950615
13.629525031391632,155.3904700275704,0.45758182081263354,-76.20790077472233
13.92660352524171,155.03182549907496,0.48342979721552093,-75.69988311740856
14.215613934922658,154.68113389097894,0.508123795795167,-75.21849631222462
14.496934622063062,154.33840652263854,0.5317445911451106,-74.76155658031614
14.770913302144896,154.00358748030538,0.5543649632328425,-74.32712497799706
15.037870900171686,153.6765729477524,0.5760507376637042,-73.91347290195833
15.298104772624482,153.35722535865577,0.5968616584578175,-73.51905337044614
13.658762918732547,155.4784772864824,0.4494400369887267,-76.4915123968563
13.982163679265454,155.0997811294111,0.4771786467224991,-75.94338722973525
14.296972292865929,154.72838383310807,0.5036518600148827,-75.42468271512064
14.603590024698395,154.36448860461275,0.5289504626015825,-74.93292317403115
14.902384562288331,154.00818981669738,0.553156031945746,-74.46591594274929
15.193694167409468,153.65950270563934,0.5763421214000665,-74.02171255213904
15.477831425904139,153.31838464108807,0.5985752999771284,-73.59857455046597
15.755086374553379,152.98475084828877,0.6199160252392782,-73.1949450078768
13.97696710616716,155.20449873429263,0.46712267904506233,-76.25291380472697
14.317632707851267,154.81406905724504,0.4954585242714205,-75.6946145781425
14.649620853917819,154.43038516269272,0.522508943149847,-75.16602324897873
14.973319549845522,154.05374538651532,0.5483654827650402,-74.66465809075547
15.28908459963135,153.68432555382773,0.5731104597868668,-74.18831921830436
15.597243620186243,153.32221094826627,0.5968181410400916,-73.73505024393377
15.898099692034513,152.96741940925597,0.619555782606597,-73.30310440696884
16.19193439646443,152.6199185370479,0.6413845026386973,-72.89091629580032
14.280354680497183,154.9349826709149,0.4836948999770216,-76.02742116584594
14.637756007783626,154.53324714529452,0.512584761587865,-75.45967380587739
14.986416478964914,154.13770136386356,0.5401704013626394,-74.92189170053277
15.326709808388808,153.74873668785906,0.5665440697891143,-74.4115885196712
15.658978883072818,153.36660887883758,0.5917887680303021,-73.92655857695212
15.9835396497343,152.9914722084685,0.6159794249478011,-73.46483894151504
16.300684673600802,152.62340428207054,0.6391839353795328,-73.02467586413734
16.6106860917416,152.26242464746875,0.6614640327051472,-72.60449671132359
12.097195659079905,156.42076293106115,0.33115344236916017,-80.27388660868968
12.34915916635883,156.07391939562245,0.35556553904154753,-79.81165235128887
12.593438752872634,155.73740936623884,0.37885123784083835,-79.37438211555575
12.830441710524353,155.41094450173364,0.4010928549996375,-78.9599621927663
13.06054029058354,155.09420177846118,0.42236427507645363,-78.56652010992306
13.284075604751173,154.7868404365458,0.4427320025474322,-78.19239318805536
13.501361475623648,154.48851301181531,0.4622561275385804,-77.83609898267218
13.712687668110146,154.19887278339925,0.48099113547121525,-77.49631067889403
12.547452994530595,156.11256701881356,0.35799482275870215,-79.95737540481056
12.82255688802776,155.74856885742525,0.3833752029083143,-79.47940979634345
13.089776053524862,155.39431459123827,0.4075986236384952,-79.02686708956729
13.349507781207349,155.0496346124935,0.4307486375629324,-78.59762123694394
13.60211530523545,154.71430594291962,0.452900269106927,-78.18978783362583
13.847931999602622,154.38807254246635,0.47412111892010145,-77.80169119025759
14.08726510277048,154.07065897114146,0.4944723291248886,-77.43183525670224
14.320398837445893,153.76177994588625,0.5140093933147023,-77.07887936089026
12.96779522646414,155.80899387485402,0.38239309671992894,-79.66636043021668
13.265089007110985,155.42870065707996,0.4086438461205376,-79.17422885484062
13.554350620681072,155.0575396674751,0.4337099954690615,-78.70791378896855
13.835964322658445,154.6954567484693,0.457676144188356,-78.26528185581743
14.110281826009684,154.3423268317085,0.4806183315430316,-77.84443949366577
14.377626326200707,153.99797730152542,0.5026051359630174,-77.44370073024479
14.638296107715224,153.6622040883991,0.5236986396087124,-77.06155855882686
14.892567558011896,153.33478318247847,0.5439552384791453,-76.69666100162563
13.36251174803503,155.51024286838015,0.40475164567083516,-79.3967145311649
13.681146935907892,155.1144034219539,0.4317911801159772,-78.89171274107532
13.991646176925078,154.72706873635866,0.4576207995867409,-78.41286943460395
14.294378669151214,154.3482970569451,0.48232604351483316,-77.95804611739838
14.589682597954408,153.9780591552082,0.5059838644702277,-77.52534230238945
14.877869004763772,153.61626452074077,0.5286637226569965,-77.11306393599037
15.15922528513688,153.26277971343725,0.5504285496222786,-76.71969519978168
15.434018104663044,152.9174416998031,0.5713355582515792,-76.34387488154127
13.734988584637565,155.21640110937994,0.4253816918908371,-79.1452495989336
14.074200735227178,154.8056770159983,0.45314100862516876,-78.62846789861085
14.405209584184728,154.4028191097156,0.47966702050480803,-78.13814365809507
14.728367637411838,154.0079951892662,0.5050461184521335,-77.67213506608378
15.04399791169808,153.62126989074176,0.5293560843256402,-77.22853653598132
15.35239766238837,153.24263350963957,0.5526671807896373,-76.80564774114796
15.653841783782457,152.87202245939008,0.5750431140005204,-76.40194581869889
15.948585635920884,152.50933431180695,0.5965418432907245,-76.01606203305957
14.087949937030467,154.92747960442472,0.44452835187884376,-78.90945226218727
14.447045086299843,154.5024621151734,0.47294837002500517,-78.38181988844126
14.797900230422806,154.08466470091957,0.5001133121074703,-77.88090765140993
15.14084983780057,153.6743620582915,0.5261103460543763,-77.40457190987948
15.476200389824216,153.2717108202295,0.5510180124337059,-76.95090349333965
15.804233982774345,152.87678083243145,0.5749073098464537,-76.51819730906979
16.125211641948013,152.48957758253897,0.5978426564389636,-76.10492492721467
16.439376068960488,152.1100588386042,0.6198826990951932,-75.70971152325203
14.423623494299001,154.64343809121232,0.46238811780432326,-78.68730545426187
14.8019676698843,154.20466038561048,0.4914177362509793,-78.1496224963905
15.17206074929648,153.7724524062907,0.5191718436484738,-77.6388926909815
15.534218577227968,153.34719246062025,0.5457383863941725,-77.1529697997518
15.888729762657762,152.92912769370403,0.5711965821030469,-76.68994301198198
16.235860068954796,152.5184063018751,0.5956181088196866,-76.24810374041478
16.575855473680033,152.1151020828808,0.6190680435896534,-75.82591923898931
16.908944846432206,151.71923257669403,0.6416056709966204,-75.42200981185417
14.743856640062505,154.36420213885958,0.4791209190680779,-78.477165329135
15.140866809114888,153.91214966098997,0.5087154711809823,-77.930129175923
15.529637263199854,153.46601340344245,0.5370153092530198,-77.41025112776208
15.910463753661704,153.0262737914451,0.5641090398002098,-76.91538538267055
16.283616193944813,152.59326656629932,0.5900765271142129,-76.4436199102662
16.649342996317028,152.16721713726383,0.6149900802102835,-75.99324371320357
17.00787406046357,151.74826687414753,0.6389153895555004,-75.56272079953527
17.359423392110575,151.33649266360672,0.6619123348035363,-75.15066764694892
9.310139941368929,160.5780410385951,0.4298853726288649,-62.51672706089883
9.41029707281908,160.4556688239021,0.45020026581535894,-62.003689018799264
9.505278799131862,160.3378768254662,0.4693343905001032,-61.52657894904924
9.595514910676885,160.22452516773873,0.4873923799845908,-61.08162480722584
9.681386135694812,160.1154498956267,0.5044663545038651,-60.66558302004065
9.763231005130207,160.010474571738,0.5206377664027823,-60.27564640477605
9.841351857291816,159.90941763402478,0.5359789614839076,-59.90937134503807
9.916019724976916,159.8120974762134,0.5505544423828465,-59.56462009775543
9.590648132735456,160.35028254900575,0.4545981469645687,-62.03534829527439
9.699937517108665,160.22501370694962,0.4757380373121729,-61.505404005683104
9.803723405143769,160.10404003120834,0.4956647186089974,-61.01226106957864
9.902454756701964,159.98728128363626,0.5144845762893945,-60.552084724299995
9.996529646781774,159.87462247301596,0.5322913702630045,-60.12157177763219
10.086302640945762,159.7659272616777,0.549168092587446,-59.717861044209904
10.172090925501884,159.66104704544776,0.5651885335520167,-59.338459922026594
10.254179381246109,159.55982724484954,0.5804185724169334,-58.98118540757998
9.850967417608667,160.12304435472072,0.47717292207568474,-61.5934555611981
9.968978571624419,159.995149282055,0.4990617357641063,-61.04834909198137
10.081187021124007,159.8712603639035,0.5197083308858995,-60.54081895386693
10.188058035108607,159.75135572135588,0.539220619157072,-60.06697310578796
10.290004839032617,159.63536817076888,0.55769380283676,-59.62345630688125
10.38739606726047,159.52320069909618,0.5752122307997097,-59.207360134247175
10.480561989475733,159.4147371689474,0.5918509683195446,-58.81614906329252
10.569799670713648,159.30984988942961,0.6076770919882142,-58.44760103141975
10.093998267278412,159.89695833156262,0.4979496382789545,-61.18481948192218
10.220365595072398,159.76666364850342,0.5205233276408777,-60.626008436952134
10.340655432165349,159.6400842466096,0.5418285851687709,-60.10546568965732
10.455347317547965,159.51725496467543,0.5619746927413458,-59.619248126902455
10.564867787526426,159.3981552980345,0.5810581350809132,-59.163954682340595
10.669597893985031,159.2827267756189,0.5991644695232577,-58.736635258781135
10.769879503656181,159.17088520401643,0.6163698986826326,-58.334716396636395
10.866020524517419,159.06252945354203,0.632742568757161,-57.955941458367114
10.322038097988449,159.67247005664436,0.5171931337044868,-60.804582789291416
10.456432986811679,159.53996955127977,0.5403970196705863,-60.233301771915784
10.584496803239592,159.41089264516867,0.5623086251743883,-59.700910076024876
10.706721614257228,159.2853294429156,0.5830384463962184,-59.203420057750506
10.823545706096766,159.16330503072527,0.602684118694237,-58.737390019413574
10.935361143307786,159.0447987067606,0.6213322854275886,-58.29983283460468
11.042520121974444,158.92975768727314,0.6390601728469968,-57.888141274625205
11.145340246284725,158.81810705013004,0.6559368911450056,-57.500027873631716
10.536939763251361,159.44989294605722,0.535113684516383,-60.44888672310682
10.679064755282194,159.31535467029218,0.5589005982460569,-59.86619186099129
10.814623661764319,159.18394838337707,0.5813733738326224,-59.3229477414987
10.944119590529061,159.055818032269,0.6026436033505002,-58.81512710619013
11.068001238585742,158.9310332520496,0.6228099624896237,-58.339252017419
11.186670474902774,158.80961035684226,0.6419600781003585,-57.892302248255234
11.300488732076705,158.6915274388047,0.6601721047657978,-57.47164032558747
11.409782319754317,158.5767354169407,0.6775160280735323,-57.0749511263332
10.740221037558605,159.22944492638328,0.5518810744686387,-60.11461294460691
10.88980518002298,159.0930164736653,0.5762099188599027,-59.52141738029554
11.032604621401099,158.95942906667725,0.5992044733888494,-58.96818283486646
11.16913222555038,158.82887915143186,0.6209773257808102,-58.45084663573615
11.299845940408716,158.70147991770693,0.6416280985864317,-57.96589835904378
11.425156390439753,158.57728396685113,0.6612453151980334,-57.510288037016856
11.545433293926271,158.45629974096005,0.6799079776544112,-57.08135096747725
11.661010802177833,158.33850362958717,0.6976868716946198,-56.67674708388183
10.933142066169527,159.0112743575306,0.5676343616191722,-59.79920581768253
11.089937174823262,158.87308672157442,0.5924690245284426,-59.196306076863806
11.239743551635007,158.73745028990777,0.6159507223405951,-58.633833326504124
11.383082697124724,158.60461273986613,0.6381929526008153,-58.1076931030387
11.520420797266668,158.47472986914752,0.6592962046709455,-57.61434573586325
11.652176313954989,158.34788986451315,0.6793498239453476,-57.15071441704536
11.778726417216955,158.22413100409997,0.6984335905355871,-56.71410981978523
11.900412340927216,158.1034547787564,0.716619025734796,-56.30216927891943
9.598350587641274,160.13120291115652,0.4107969305979674,-65.11234436831595
9.712322212381027,159.9861534281708,0.43162224911342484,-64.59571119529309
9.820667447554367,159.84656590765357,0.4512730034369276,-64.1143136141542
9.923834555702028,159.71225618471368,0.4698507622532114,-63.66453157509961
10.022222213321857,159.58301784836823,0.48744520652350465,-63.24323898282059
10.116186299135464,159.4586337949069,0.5041358269591001,-62.847723087197565
10.206045840774273,159.33888378135194,0.5199933936304002,-62.47561657900366
10.292087947803692,159.223549441688,0.5350811689762931,-62.124842898419786
9.895564513356318,159.90210622991853,0.435676024539611,-64.65190250996898
10.019868783236829,159.75302806848168,0.4573409111534097,-64.11836942888281
10.138207472439921,159.60911195461074,0.47779941698119816,-63.620911703078754
10.251046521024325,159.47023923029442,0.49715480000498224,-63.15584746854771
10.358800789690038,159.33625695079732,0.5154982866442017,-62.71999637715569
10.461841266744013,159.20699183609185,0.5329108232605615,-62.31059614883662
10.560501102235483,159.08225968206162,0.5494645495747402,-61.92523423575582
10.655080620511184,158.96187183835207,0.5652240159833466,-61.56179272325811
10.171533081456817,159.67358772937206,0.4583844358830999,-64.2294107834561
10.3057064575529,159.52080657067938,0.4808104045450876,-63.680736688957296
10.433606760586427,159.37288221557412,0.5020015795271762,-63.16887721415913
10.55571469472595,159.22975967882323,0.5220626557052577,-62.69009898792671
10.672458995109949,159.091338242114,0.541086220094275,-62.24117444157894
10.784223677917408,158.95748763350275,0.5591545025986301,-61.81929809008513
10.89135413482054,158.8280591882492,0.5763408524129033,-61.42201784812467
10.994162201762466,158.70289370763774,0.5927109588275978,-61.04717959650792
10.429315230038029,159.4462856234483,0.4792696607456512,-63.83884459697666
10.572945136384106,159.29007667882544,0.502390776643335,-63.276493164058756
10.710021277178694,159.13841598414265,0.5242514357551133,-62.7516147995604
10.841036989617178,158.99131049928363,0.5449576097239192,-62.260431042853725
10.96643295991804,158.84871051772623,0.564603096575511,-61.79967287589096
11.08660449327242,158.7105279452397,0.5832712703760362,-61.366496801437165
11.20190764731311,158.57664911481754,0.6010365599704894,-60.958415878990145
11.312664338724701,158.44694395484814,0.6179656726119823,-60.57324401624123
10.67133160688737,159.22064921485023,0.49860194040820793,-63.475513254333926
10.824047485801723,159.06124909043152,0.5223620344394709,-62.9007210866186
10.9699520766796,158.90608680259737,0.5448383027221693,-62.363992786924534
11.109549556815917,158.75522961820622,0.5661378618503367,-61.86151015151548
11.243290940356692,158.60867766837814,0.5863555976398501,-61.38996752294515
11.371581349798584,158.46638421216932,0.605575913429196,-60.946487721457004
11.494786171508993,158.32827002044584,0.6238742106093543,-60.52855285693578
11.613236185449244,158.19423378930625,0.6413181145696537,-60.133948394696205
10.89953305723144,158.9969933714831,0.5165955602324205,-63.13569460879571
11.060999660232152,158.83460840252818,0.5409462351679182,-62.54951886989953
11.215417679695069,158.67615004747512,0.5639916557129392,-62.00194043946426
11.363300607093109,158.52174433160096,0.5858399732494407,-61.489105882818336
11.505108399041253,158.37144009708499,0.606587058341481,-61.007676964537836
11.641254735722386,158.2252311494328,0.626318247464846,-60.554746479847545
11.772113184789479,158.08307213382355,0.6451098248900214,-60.12776888958267
11.898022342279537,157.94489013600628,0.6630302504974809,-59.72450420159966
11.115516689106773,158.77553613299318,0.5334233062468927,-62.816385521813956
11.28542876614957,158.61034840947408,0.5583224481507896,-62.21973927962432
11.448072770238404,158.44877604103334,0.581896567482543,-61.6621746121966
11.603970195412394,158.29100234921228,0.6042547571469771,-61.139806704551006
11.753588746562826,158.13712381078085,0.6254937851817404,-60.649268211065205
11.897349573020136,157.98717399482663,0.6456998397221969,-60.187625026331744
12.03563342971789,157.84114086245665,0.6649500118805194,-59.752306782815964
12.168785819547537,157.69897950276942,0.683313525059161,-59.34105058283823
11.320607887018978,158.55642506176952,0.5492265356227769,-62.515127768147536
11.498685925883377,158.38859690067443,0.5746371806099158,-61.90880674458955
11.669292191890014,158.22407337583184,0.5987044703970311,-61.34200899866062
11.832955044494822,158.06309372460242,0.6215383595703561,-60.81082165283081
11.99014889874673,157.90580103203072,0.6432364388881116,-60.31185124086088
12.141301424504439,157.75226787514165,0.6638856783304282,-59.842139451612766
12.286799695746856,157.60251498315884,0.6835639106567752,-59.399093523226306
12.426995326330703,157.45652506077843,0.7023410619131192,-58.98042985551262
9.89846005142705,159.66389539860376,0.3934971519856297,-67.74960966490764
10.027955820254583,159.49389247775025,0.414845921528374,-67.23276927505684
10.15138838512695,159.3302355175309,0.4350277776459517,-66.7501637232036
10.26921873424769,159.17270216043045,0.45414110350326165,-66.29835724657472
10.381858642441124,159.021048166596,0.4722729980232961,-65.87437299297243
10.489677203227805,158.87501956264265,0.48950085636782414,-65.47561993121717
10.593006612452283,158.73436053252814,0.5058937482593823,-65.09983061212857
10.692146983749286,158.59881862561463,0.5215135585151639,-64.74501083456124
10.213373994822405,159.4319779976816,0.4185784627149214,-67.3116383149581
10.354559138230874,159.256643285774,0.44078296401554845,-66.777969848712
10.489336612996828,159.08733342765055,0.4617893098555343,-66.27932985087676
10.618182925301006,158.92389792944527,0.4816974796681263,-65.81222787433559
10.74152420540685,158.76615132743453,0.5005960339634722,-65.37363879393277
10.859743121250963,158.6138879293933,0.5185637482457774,-64.96092707398087
10.973184707814227,158.46689170404508,0.5356709944455815,-64.57178427038512
11.08216122681582,158.32494306580463,0.5519808850819279,-64.20417842648922
10.505942350470537,159.20077061632128,0.4414537834335428,-66.9098815226227
10.658294286405598,159.02049216620694,0.46443299589818066,-66.36114281099859
10.803928792927545,158.84591025201948,0.486186143116737,-65.84812995363146
10.943334888809671,158.67694420942826,0.5068145618218631,-65.36730740431928
11.07695065993708,158.51346599757355,0.5264081011671392,-64.91560818479334
11.205170168686804,158.35531732698672,0.5450467553358441,-64.49035807380652
11.32834930503821,158.20232142722645,0.5628020474321678,-64.0892129131888
11.446810669576786,158.05429131821165,0.5797381766010581,-63.71010779039294
10.779388157748107,158.97090785132312,0.46247852525860006,-66.53855502103625
10.94244207308533,158.7860153463484,0.48616450454892257,-65.97620662491065
11.098498036674512,158.6064862798207,0.5085991943772571,-65.45020429049336
11.248055399388749,158.4323079173365,0.5298851396935722,-64.95697316771468
11.391562217287035,158.26340831297273,0.5501133384543432,-64.49340968452518
11.529422137404563,158.099675681208,0.5693648727361416,-64.05680570342135
11.66200025217655,157.94097193665166,0.5877122945568904,-63.644785682293104
11.789627989591864,157.78714237219367,0.6052207754230516,-63.25525568984782
11.036259827866964,158.7428344319126,0.4819286337546584,-66.1931632710659
11.209598472392223,158.5536126689574,0.5062635875787631,-65.61843759552215
11.375683824792558,158.36941824349557,0.5293242646266763,-65.08061365976873
11.535023745278114,158.19030455009212,0.5512142953374599,-64.57608212992399
11.68807459460876,158.01625445277526,0.5720257113146755,-64.10170721687807
11.83524808144423,157.84720177474819,0.5918405747840544,-63.654750837776646
11.976917105754213,157.68304651588517,0.6107323659125821,-63.23280967345803
12.113420643467164,157.52366586645138,0.6287671343393291,-62.83376405478943
11.27860983541293,158.51686014588554,0.5000226129254006,-65.87014441997684
11.461855865240176,158.3235585555607,0.5249568120483475,-65.2840939018683
11.63761516548779,158.13494650033041,0.5485956364646061,-64.73544614050469
11.806402563765637,157.95114180160454,0.5710436995066182,-64.22056138024878
11.968681311985529,157.7721808996393,0.5923939701261527,-63.73627530554867
12.124869883803422,157.598042348386,0.6127294005738297,-63.27982323840223
12.275347795761636,157.42866362621683,0.6321243148447806,-62.84877712713509
12.420460476421738,157.26395342113494,0.6506455618260244,-62.440994335358035
11.508117614892532,158.29319775903355,0.516936438192993,-65.56662838799487
11.700927547536402,158.0960373163784,0.5424266606407557,-64.97016117211902
11.88603652607847,157.903227875671,0.5666020255619916,-64.41155090701128
12.063965027772342,157.71495007844342,0.5895680422804574,-63.887130877158626
12.235181983790168,157.53129276190026,0.6114185355165342,-63.39371138789027
12.400111517859475,157.35227835762015,0.632237271169615,-62.928504024698825
12.559138736234766,157.17788121924255,0.6520993455831322,-62.48905860253639
12.712614573330356,157.00804112115856,0.6710723399950245,-62.07321188409705
11.726176288017662,158.0719895657876,0.5328139241725809,-65.28026848485285
11.928235663061075,157.87116794009708,0.5588222733571121,-64.67417537191737
12.122396837272916,157.67435878586338,0.5834976772949967,-64.10635290371808
12.309184801361829,157.48180404829552,0.6069464668667658,-63.573110383954656
12.48907311761184,157.2936438370107,0.6292632526665807,-63.07123544908355
12.662490592799658,157.10994363695332,0.6505325487893588,-62.59791841122997
12.829827029917821,156.93071408382218,0.670830162651528,-62.150689192703396
12.99143804390353,156.75592562343337,0.6902243504762151,-61.72736599628957
10.207000269991436,159.1827078384823,0.37824506371525973,-70.39287336810185
10.353706605926236,158.98561995387752,0.40013063770862034,-69.87965242418682
10.493948366743085,158.79573463224324,0.4208581240201073,-69.39934191878162
10.628192000166544,158.6127993113231,0.44052262706374223,-68.9487257001779
10.756856031909647,158.43653874954046,0.459208568862543,-68.52500682409642
10.880317217854314,158.2666679536565,0.4769911549960149,-68.12574266884307
10.998916062110409,158.10290055212394,0.4939376634476487,-67.74878896125162
11.11296142717111,157.94495431560057,0.510108513841365,-67.39225429929304
10.540447079656742,158.94643095102225,0.40356262820525607,-69.97868679795904
10.700358019241499,158.74253237206867,0.4263218993784023,-69.44877607876673
10.853462741152399,158.54548536813274,0.4478923083176848,-68.9525160190757
11.000240260556833,158.35511649949837,0.46837047376571594,-68.48664354168963
11.141120885551624,158.1712154595279,0.487842205083681,-68.04831997777613
11.276492714769669,157.99355078505897,0.5063840213169225,-67.63506375318279
11.406707158552194,157.82188036998605,0.5240644425824582,-67.2446943280643
11.532083556534326,157.65595867934286,0.5409450623833644,-66.8752865880854
10.850417800522703,158.71107302242442,0.42663659857375946,-69.59878770816252
11.022946082543863,158.50082068815067,0.4501858390832102,-69.05393195267125
11.188364272565755,158.29705976551233,0.4725187012766978,-68.54337593935419
11.347160894311275,158.09969366200616,0.4937330915473871,-68.0638184351869
11.499775580382375,157.90857550376188,0.5139160448346092,-67.61238478841247
11.646605519198745,157.72352638905105,0.5331452419009011,-67.18655972567
11.788010959392963,157.5443479081662,0.5514903027418655,-66.78413124708749
11.924319817166074,157.3708309504513,0.5690138614244418,-66.4031449263689
11.140303062274828,158.47725400799152,0.44783056532886,-69.24767120463216
11.324926591198027,158.26103787343743,0.4720996729888889,-68.68931819750192
11.502167847798649,158.05094670567598,0.49512750637534236,-68.16584113595282
11.672522669705556,157.8469586482875,0.5170131205908055,-67.6739057459657
11.83643799506489,157.64898878737952,0.5378446453596359,-67.21060608737598
11.994318244195973,157.45690979067655,0.5577008004436745,-66.77339748545036
12.146530792476089,157.27056631602812,0.5766521906434426,-66.36004041492744
12.29341055425805,157.08978532253485,0.5947623827192425,-65.96855474141749
11.41278184309492,158.24540541950265,0.46742640118677936,-68.92106580364418
11.609032115135141,158.0235636948692,0.49235583146206524,-68.35043585709126
11.797655115774127,157.80747634748585,0.5160212707836086,-67.81519718741376
11.97915217516192,157.5971942582955,0.5385228085056702,-67.31198672570606
12.153975854664859,157.39269304945705,0.5599495613929902,-66.83787114337305
12.322536252631174,157.19389596992875,0.5803811871099014,-66.39027993704461
12.485206434756739,157.00069008823334,0.599889180449306,-65.96694932876433
12.642326984590907,156.8129380285355,0.618537951961922,-65.56587647518425
11.670010546512735,158.01582504711283,0.48564701804418425,-68.61559181695047
11.877463965262212,157.78865500338443,0.5111855962924833,-68.03372610664448
12.077068657689827,157.56686618201368,0.5354393055342682,-67.48771548492131
12.269329916186466,157.3505803146739,0.5585091736079367,-66.97417166016791
12.454704506386234,157.13983219369007,0.5804852141753293,-66.4901371988685
12.633606889368322,156.93459468023912,0.6014479382149044,-66.03301877906271
12.806414601247653,156.73479658805215,0.6214696511747569,-65.60053112902445
12.973472762694124,156.54033577340218,0.640615532991015,-65.19065122613058
11.913752852147296,157.78871474887856,0.502671742585277,-68.32852910460734
12.13202388699402,157.55648058965622,0.52877503830636,-67.73632538233532
12.342245309103024,157.32925312013987,0.5535741572947547,-67.18039645964083
12.544925073777488,157.10722314397609,0.5771709846717676,-66.65733186167358
12.740522941535362,156.89048331926122,0.5996563545718019,-66.16415284613899
12.929456611262536,156.67905517821052,0.6211115595766054,-65.69824583760122
13.112107042841624,156.47290861776372,0.6416096485224927,-65.2573064231694
13.288822919923843,156.27197627929638,0.6612165076397643,-64.83929355929105
12.14547124256931,157.5642068933861,0.5186469862334263,-68.05765576608064
12.374206961177528,157.3271456416479,0.5452760804527135,-67.45589528743857
12.594710282841577,157.0947160746276,0.5705830456883374,-66.89079119682894
12.807490712401144,156.8671763910627,0.5946705547184408,-66.35891344774915
13.013009965083846,156.64467587216848,0.6176301966207954,-65.85726439372932
13.21168800677926,156.4272838123986,0.6395439840917319,-65.3832124134587
13.403908315099672,156.2150105408177,0.6604856516763983,-64.93443597893744
13.590022291035654,156.00782303220055,0.6805217377939543,-64.50887788554324
10.520069294554343,158.69485087709813,0.3651837914764294,-73.0061352882443
10.68557922927218,158.4687807470684,0.3876193566861144,-72.50063233999951
10.84428200801337,158.25070963102635,0.40890656104621254,-72.02640008095516
10.996641043414249,158.04036475544362,0.42913718597863265,-71.58047281696011
11.143074025523687,157.83744865542536,0.448392922981124,-71.16026084317699
11.28395859040376,157.64165304712643,0.4667467287506178,-70.76349416249224
11.41963748451659,157.45266781804622,0.48426402742726576,-70.3881731683951
11.550422891990916,157.27018697488538,0.5010037105740146,-70.03252836812678
10.872683263265834,158.45269417696662,0.39076774756600413,-72.61676718958697
11.053068206627788,158.21815977137157,0.41409685099302074,-72.09478387851526
11.226317578034518,157.9912327605827,0.4362471750622648,-71.604750731793
11.3929036023803,157.7717276158377,0.4573119418486815,-71.14366340017496
11.553252400927828,157.55941880852203,0.4773741633767045,-70.70889748471474
11.7077499744865,157.35405764390234,0.49650804972041684,-70.29815005384583
11.856747330846693,157.15538352865897,0.5147802132472756,-69.90939040632458
12.000564784117032,156.96313172655496,0.5322506711500024,-69.54081979853046
11.20067564593204,158.21174089582613,0.4140686433454034,-72.25959092155745
11.395278585373534,157.96927406302538,0.4382046735158173,-71.72284564641329
11.582458357992177,157.73401183355696,0.46113468829222115,-71.21864476631117
11.762692935225676,157.50585336204358,0.48295313477253443,-70.74395315252691
11.936414393260538,157.28464336511695,0.5037441941129495,-70.29611672357763
12.104014803951172,157.07019164646078,0.5235831872993603,-69.87280425211138
12.265851310449335,156.86228649304908,0.5425377809731259,-69.47195822908994
12.422250385058437,156.66070412649043,0.5606689920738153,-69.09175461904118
11.507605705192844,157.97258535262236,0.4354584251218769,-71.92941679739266
11.715842688291985,157.7226417167903,0.46032896881879465,-71.37933398218871
11.916403010827134,157.47949212671486,0.4839688145340666,-70.86232181975481
12.109768223430533,157.2431180553537,0.5064735046730506,-70.3753187928414
12.296374339113962,157.01343281229884,0.5279282670200899,-69.91564522525483
12.476617622878488,156.79030358675664,0.5484094182334446,-69.48094538076367
12.650859605248964,156.57356684238064,0.5679855708852639,-69.06913844496096
12.819431289093712,156.3630393655631,0.5867186398386712,-68.67837832725168
11.796283907205126,157.73563725726393,0.45522505219487275,-71.62222364873917
12.017631013130345,157.47861333134034,0.48076867824939234,-71.06000290507352
12.231077071342188,157.22796765778423,0.5050590449421237,-70.5313223498148
12.437105427498135,156.98376179479152,0.5281926829806713,-70.03309771347065
12.636154362051744,156.74597605204102,0.5502557657849956,-69.56262711383619
12.828622772836669,156.51453389892652,0.571325510691846,-69.11753344785078
13.014875119441841,156.28931924288156,0.5914713869131273,-68.69571550403272
13.195245572293745,156.07018898689196,0.6107561233237001,-68.29530782621666
12.068971401565395,157.5011755594562,0.47359598638852196,-71.33483364347009
12.30295496310668,157.23742092108262,0.4997599559136726,-70.76149779005021
12.52883818272419,156.97962538681958,0.5246498926590837,-70.22212368935402
12.747104713509648,156.7279284972826,0.548363225978219,-69.71360737184196
12.958193704814898,156.48237603818572,0.5709869903368161,-69.23322759673852
13.162505374468921,156.24294667815764,0.5925992242105775,-68.77858853680354
13.360405879260236,156.0095710278659,0.6132701787004832,-68.34757103152202
13.55223140164926,155.7821456281811,0.6330633264545348,-67.93829252471464
12.327516841400861,157.2693856565617,0.4907540313895375,-71.06469165109118
12.573705755082104,156.9992118463944,0.51749259958071,-70.48112212860681
12.811616850676625,156.73457605976387,0.54293788755701,-69.93189488534681
13.041732834716292,156.47569384146584,0.5671881471937351,-69.41388884316292
13.264492540932313,156.2226750012197,0.5903312022047112,-68.9243658230401
13.480296390483186,155.9755523595856,0.6124458447168184,-68.460913522007
13.689511185523108,155.73430249559757,0.6336030443071395,-68.02139691515282
13.892474130444702,155.49886109472078,0.6538669578197461,-67.60391827697295
12.57345272227019,157.04038541539896,0.5068483065407757,-70.80971229850127
12.831452311460922,156.76407261220132,0.5341214373081321,-70.21667583128288
13.081015717001396,156.49287591061616,0.5600833569662026,-69.65832671382147
13.322623631649579,156.22708499849517,0.5848330745415733,-69.13152898137963
13.556713560666193,155.966872329307,0.6084591413632411,-68.63352959447347
13.783685169689422,155.7123238666443,0.6310410452913219,-68.16190170657997
14.003904999644138,155.4634614368894,0.6526504199699203,-67.71449622138401
14.217710420564927,155.2202593726733,0.6733520553303599,-67.2894019059273
10.83346927093566,158.2078145584073,0.3543438028779195,-75.55459354079235
11.019205009149877,157.95118912517992,0.37734122432324785,-75.06097754173815
11.197873316546723,157.70326600423454,0.39920070168394606,-74.59670566248865
11.369925407109157,157.46376358944283,0.42001068746959197,-74.1590865182671
11.535769772965855,157.23237241519396,0.4398501213451024,-73.74575946903877
11.69577729878453,157.00877010484345,0.45878967912131124,-73.3546470060564
11.850286010157363,156.79263108740537,0.47689289208236235,-72.98391223311988
11.999605060538132,156.58363306958677,0.4942170804165676,-72.63192394224406
11.205652785152413,157.9583535571838,0.38021860174067923,-75.19074898574212
11.408079176474862,157.69144421536168,0.4041312289305762,-74.68093550705315
11.603135564590616,157.43279221662266,0.4268757445951926,-74.2010777836804
11.791277470860432,157.18221207489057,0.4485419725217863,-73.7484543860297
11.972917716203638,156.93947403504828,0.4692101102162923,-73.32067735904698
12.148431828830267,156.70432214234017,0.4889520308434795,-72.91564264194203
12.3181627220568,156.47648636279465,0.507832403936977,-72.53148778327287
12.482424622808193,156.2556909696839,0.5259096308320867,-72.166557147935
11.552070603228414,157.71044993037634,0.40376957958284704,-74.85686361402007
11.770456668944759,157.43386863311733,0.42850774714694173,-74.33253078964027
11.981213948693581,157.1650865640242,0.45205073927121864,-73.83868667261834
12.184799251164009,156.90401146340045,0.4744895452224229,-73.3725867135131
12.381627276685325,156.65049136425824,0.49590547849175737,-72.93181989076594
12.572075900140065,156.4043354864308,0.5163714757536594,-72.51425958187049
12.75649076917085,156.16532859683053,0.5359532186278877,-72.1180215140551
12.935189165561951,155.93324118587907,0.5547100707445559,-71.74142911064665
11.876449109860921,157.46466207529738,0.4253771106431026,-74.54809363717231
12.110145195100474,157.178934816195,0.45086594493747534,-74.01063144828797
12.335990104295153,156.9005394902596,0.4751350246767971,-73.50412836162951
12.554439838660816,156.6294744024279,0.4982763832472303,-73.02582035037504
12.765908998808664,156.3656635064715,0.5203723352087452,-72.5732767807447
12.970775939944176,156.10897993408176,0.5414967723872702,-72.1443517170611
13.169387285235665,155.85926245180877,0.5617162863957996,-71.7371421084185
13.362061714804982,155.6163273182121,0.5810911070115585,-71.34995328016532
12.181729207748926,157.22136990153535,0.44533532301869866,-74.2606904283054
12.430152438194234,156.9269557907527,0.47151137418056505,-73.71126880264096
12.670532998011332,156.6394000924074,0.49644515364792363,-73.1932245158757
12.903324372062116,156.3587891727775,0.520229638642919,-72.70377706976595
13.128939436791724,156.08512111483182,0.5429480499172327,-72.2404790734053
13.347755487353494,155.81833171562525,0.564675145038661,-71.80116796653905
13.560118663525179,155.5583129135943,0.5854783414144882,-71.38392444164428
13.766347663400532,155.30492622958994,0.6054186557038231,-70.98703808458694
12.470276050812291,156.98082716679576,0.4638763115600095,-73.99169449039464
12.732899414845233,156.67813204161493,0.4906851590703433,-73.43131050526826
12.987315104208527,156.38181778720772,0.5162309544384083,-72.90267801510834
13.233972674546315,156.0920564822172,0.5406075345518584,-72.40300256507244
13.47328192679657,155.80891863184175,0.5638989467750808,-71.92982239960428
13.705617807608279,155.53240148578476,0.5861807394692218,-71.4809605899036
13.931324747017205,155.26244932344719,0.6075210852906433,-71.05448369015025
14.150720295596251,154.99896839228916,0.6279817213979717,-70.64866753013297
12.744022738171674,156.74319767153207,0.481186436651412,-73.73872817817016
13.020366511734961,156.43258407129022,0.5085809164894793,-73.16824081965935
13.288360512580203,156.12787145305296,0.5346930451762815,-72.62984142516977
13.548449185400816,155.82931540509279,0.5596174476750608,-72.12072371170596
13.801038118323124,155.53705723469434,0.5834389303254105,-71.63841358737305
14.046498819164915,155.25115447461303,0.6062337686163932,-71.18072167016518
14.285172965375683,154.97160292528326,0.6280708305593389,-70.74570217656797
14.517375964597536,154.69835301258777,0.6490125174760564,-70.33161886799974
13.004571402012978,156.508580561961,0.49741759991629697,-73.49985226342702
13.294196312488474,156.190375231362,0.525356464662877,-72.92000855998839
13.57534930227045,155.8775899353821,0.551994956936772,-72.37255674570234
13.848468706620995,155.57056170576794,0.5774284282013241,-71.85468052885416
14.113954933864878,155.26950111722587,0.6017423856306781,-71.36389521809173
14.372175120851248,154.97452486356048,0.6250137771471206,-70.89800062074637
14.62346729658671,154.68567946580265,0.6473121146866314,-70.45504016168827
14.868143867023049,154.40295897879028,0.66870041538128,-70.03326698468354
11.142879789784306,157.72900752371672,0.34565601767623594,-78.00614386639839
11.350013878328307,157.44066244036196,0.36922422928493726,-77.5284292296079
11.54992390656636,157.16159946681884,0.39166546654313883,-77.07789324233418
11.74303979224223,156.89154007820005,0.4130648761236399,-76.6521337016987
11.929752332514719,156.6301737408207,0.4334986487109869,-76.24903355987628
12.1104177355789,156.37717402039593,0.4530351674053879,-75.8667217027562
12.285361924953136,156.13220909794273,0.47173604851490547,-75.50353710662479
12.454884156732504,155.89494883416216,0.48965701168272224,-75.15799921084422
11.534776646716717,157.4709874450864,0.371839120785306,-77.66816227546693
11.760545003060498,157.17038976055215,0.39634584600350375,-77.17460614699253
11.978827061975641,156.87856151304186,0.4196955910662545,-76.7087659841863
12.190051926948051,156.59532973615433,0.44197480441046844,-76.26821826587017
12.394609969350189,156.32047201007404,0.4632608721130598,-75.85082617612863
12.592857645633137,156.05373582490026,0.4836233192800912,-75.4546986505698
12.785121707585851,155.7948516106801,0.5031248514861564,-75.07815490178042
12.971702738931134,155.543541810222,0.5218222262720134,-74.71969503695554
11.899781838187407,157.21493808470964,0.39565701506413975,-77.35780906380295
12.143376438410977,156.90278389534217,0.4210093831856289,-76.8500353700586
12.379269109513208,156.5988714301811,0.4451777855824481,-76.37044332875669
12.607885221324551,156.3031300107701,0.46824977535927614,-75.9165940451362
12.829612344995663,156.01542313533912,0.4903038008999313,-75.48633441017418
13.044804925477914,155.73557077971748,0.5114104034502616,-75.07775673605822
13.253788395060722,155.463364761829,0.5316332589559837,-74.68916363473524
13.456862626098621,155.19857968563713,0.5510300506196998,-74.3190388741446
12.24178482834117,156.96137296925662,0.41749845883203474,-77.07061021240688
12.502487446597115,156.6382623490098,0.44361900123816034,-76.54996342373475
12.755311010428235,156.32285526877965,0.4685310052135901,-76.0579072036924
13.00067517956701,156.01518033964135,0.4923230147717139,-75.59199017535452
13.238962823723696,155.71518486174168,0.5150744326172407,-75.15004574858875
13.47052455391393,155.42275985661314,0.5368567141098106,-74.73015230984784
13.695682739523457,155.13775760965297,0.5577344092653838,-74.33059843977365
13.914734876667023,154.86000436500018,0.5777660361040985,-73.94985400184669
12.563853940519488,156.71063527883558,0.4376637437570155,-76.8031066281903
12.84102006290309,156.3770933725693,0.46448687189572446,-76.27071803560378
13.110162495862955,156.0507097567013,0.49007888925209087,-75.76728163566698
13.371693592674145,155.73160952638898,0.5145292365631388,-75.29033594251321
13.625989973442492,155.41982176683462,0.5379181815497805,-74.83770319888107
13.873396920494335,155.1153071363519,0.5603180093867687,-74.40745009006297
14.114232301137331,154.81797744907198,0.5817940646582069,-73.99785328787415
14.348789852949265,154.52771001444725,0.6024056252585827,-73.60737076574425
12.868456032083502,156.46294810005782,0.4563896131131832,-76.5525695346772
13.161502776228751,156.11944020727552,0.48385911745857096,-76.00940312769912
13.446408878962623,155.7825408383431,0.510076622364586,-75.49551059890912
13.723578079064247,155.452468952068,0.5351323860870416,-75.00842232863558
13.993379467875515,155.1293335081581,0.5591074663368282,-74.54595132344252
14.256151754987336,154.81316344122857,0.5820749073485701,-74.10615442780713
14.51220710012972,154.50392916134143,0.6041007815990117,-73.68729818289019
14.761834317895625,154.2015584432967,0.6252450640533914,-73.2878303623245
13.157606859529327,156.21844922352037,0.4738660100639097,-76.3168079925036
13.466003495182164,155.86539188091982,0.5019332109570043,-75.76369419985822
13.766166318827002,155.5183907181429,0.5287289594099366,-75.24014184778119
14.058489369393312,155.17775611070448,0.5543442637139171,-74.74367484602719
14.343333138970127,154.84367508892169,0.5788609077076552,-74.27209859549036
14.621028715632972,154.51624356030618,0.6023526345109258,-73.82346167419793
14.891881528730973,154.1954896183293,0.6248861878354157,-73.39602200026864
15.156174476366111,153.88139089624687,0.6465221863899611,-72.98821858288638
13.432976778729179,155.9772154636722,0.4902476496411028,-76.09403590954926
13.756237176385817,155.61498480194933,0.5188700014280712,-75.53169694004299
14.071191163611992,155.2582568948789,0.5462026857428137,-74.99917752504366
14.378222168810808,154.90743124850118,0.5723374027775249,-74.49399651846423
14.677681178725743,154.56277126329812,0.5973566075329837,-74.0139531063844
14.969890765594162,154.22443857688936,0.6213346902657562,-73.55708894641943
15.25514875064425,153.8925180821855,0.6443390172373626,-73.12165462506663
15.53373125820151,153.56703666860017,0.666430805113635,-72.70608161858048
11.44405793867831,157.26539978993796,0.3389719013691677,-80.33272379718473
11.67344078308013,156.94465076313503,0.36311513213878926,-79.87454388179776
11.895563195305574,156.63361548016968,0.3861428354570139,-79.44120211486367
12.110825584691709,156.33202998108243,0.408136898700867,-79.03059026196082
12.319593167223578,156.03959343463026,0.42917078549628657,-78.64084098789182
12.522199930541206,155.7559854381653,0.44931058995279427,-78.27029644707747
12.71895250365746,155.48087736367552,0.4686160039212658,-77.91747874779816
12.910133407209623,155.21394004809767,0.4871411276036952,-77.58106536912376
11.855536609546078,156.99779915429076,0.36547307175226496,-80.02055659386745
12.105600567909738,156.6627052956028,0.3905794460520846,-79.54696076851813
12.348197955376214,156.33672942198854,0.4145403809116589,-79.09866063831664
12.583722838217923,156.0197228656011,0.43743899163850963,-78.67353522958399
12.812534773709475,155.7114817214011,0.4593498712011613,-78.26970493310799
13.034963068981238,155.4117675060789,0.4803401975199571,-77.88549858963317
13.251310546239566,155.1203211079256,0.5004707005399571,-77.51942443391052
13.461856701269955,154.83687256267783,0.5197964734700277,-77.17014585219819
12.239032063299819,156.73262857980123,0.3895677392351252,-79.73363281997503
12.508890352476598,156.38397272944263,0.4155410622244863,-79.24617757384247
12.7711251438026,156.04382229822508,0.4403419646885888,-78.7844112698529
13.026121395352575,155.7121402237353,0.4640546004529432,-78.3462051596814
13.274230753372748,155.3888170196454,0.4867545667944486,-77.92967007534408
13.515775661533581,155.0736944602829,0.5085100069499867,-77.53312421278929
13.75105302553325,154.76658193896006,0.5293825768130787,-77.15506452520194
13.98033728249241,154.4672681790014,0.5494282565567035,-76.79414280218583
12.598590428396648,156.47034961535277,0.4116528814874785,-79.46786402736787
12.887454568886298,156.10880839557376,0.4384129818144349,-78.96783783496237
13.168578676062985,155.7551484325471,0.4639760166125542,-78.4938430463025
13.44233678447717,155.40944090069559,0.48842707141364017,-78.04374529948339
13.709070842414011,155.07166833914366,0.5118426461654492,-77.61564804839492
13.969094681512965,154.74175113976167,0.5342917532214378,-77.2078609952207
14.222697586636341,154.41956614424578,0.5558368834840948,-76.81887190665694
14.470147280731858,154.10496015902922,0.5765348181923787,-76.44732299819894
12.937402581946474,156.21126323973743,0.4320348562617058,-79.22009153255794
13.24456477603914,155.8374301792033,0.4595139091256206,-78.70857857741596
13.54390424597659,155.47084649834923,0.48577318638009453,-78.22339722457876
13.835782651985276,155.1116884761094,0.5108986166497591,-77.76240925589067
14.120530799988178,154.7600284146665,0.5349675183493329,-77.32371252875504
14.398452482300247,154.41586373676807,0.5580496933491966,-76.90561001539518
14.669827959825735,154.07913767247624,0.5802083924020044,-76.50658201897473
14.934916868151861,153.74975446206432,0.6015011268987261,-76.12526284827173
13.258033307502364,155.95555756660445,0.45095499848107334,-78.98782493154779
13.582853199780258,155.5699596667687,0.4790949170884491,-78.4657491711086
13.899796304340386,155.19097446441197,0.5059939776733038,-77.97026955293322
14.209210728902693,154.8188804336323,0.5317388772961595,-77.49924545195691
14.51141495013665,154.4538375120737,0.5564076819872075,-77.05077060567429
14.806701536439647,154.09591863605397,0.5800709162384111,-76.6231427235722
15.09534055020802,153.74513238476158,0.6027925275634535,-76.21483608281133
15.37758238164571,153.40143976789298,0.6246306980484568,-75.82447848009588
13.562578030680047,155.70334093121164,0.4686068025582254,-78.76906548159113
13.904472490161286,155.306450613153,0.4973573333013252,-78.23722235613272
14.238460172225034,154.9155342277497,0.5248472678766998,-77.73221080574349
14.564875156380065,154.53096898411022,0.5511640728287344,-77.25188700860488
14.884022435308538,154.15300071243598,0.576386479843267,-76.79434248741683
15.196182355593791,153.78177642160014,0.6005856790863384,-76.35787092441225
15.501613783211655,153.4173690350956,0.6238262611900292,-75.94094178493562
15.800556871962874,153.05979567070517,0.6461670284405103,-75.54217753458332
13.85277292784105,155.4546650118564,0.48514778132337577,-78.56218423208225
14.211207293608467,155.04691008999308,0.5144649866208425,-78.02126695106477
14.561726145496975,154.6444889612468,0.5425030962744688,-77.50738911480946
14.904648252710654,154.24787580720445,0.5693502278349837,-77.01840669764339
15.240264444794448,153.85740023130936,0.595085747781283,-76.55240939963274
15.568841994527837,153.47328195204804,0.6197814629489166,-76.10768792706251
15.89062771225453,153.09565727409725,0.643502560982238,-75.68270796990114
16.205850656080976,152.7245987762011,0.6663084210196174,-75.27608767334878
