19.427031334787532,283.31053167964905,2.411211078166968,-74.41883539338264
19.69870617870523,282.6154403273229,2.1690315051483555,-75.77910448613146
19.86900874787371,282.2464257091852,1.9773909327500616,-77.05519508395913
20.033626003672758,281.8876878520699,1.798612275748835,-78.26244825792743
20.191400830225827,281.54171739446787,1.6340378850220567,-79.38792883922176
20.34177839311077,281.20973315506217,1.4842643290310746,-80.42352710437419
20.484752812695938,280.8917918207812,1.3492352781396753,-81.3657487101216
20.272689127869054,281.204214745952,3.867347636443567,-75.47518024854018
20.372402330852676,281.00135531297775,3.61682442350083,-76.5534736860525
20.4740853513965,280.79280393012186,3.3709274272125764,-77.62373277146122
20.576337166259787,280.5812717262874,3.1337848355529174,-78.66713473072097
20.677929305068048,280.36916689747073,2.908844393289952,-79.66704239564534
20.77790631852823,280.15838220707917,2.698691136424658,-80.61004273124853
20.875642369941037,279.950170599164,2.5049771369359375,-81.48654061571051
20.970847872778474,279.74512506189365,2.3284555649359255,-82.29088585146083
21.417238870850955,278.5872705945479,5.292525268876667,-78.28071968006752
21.43950230104265,278.55448099636925,5.027429408057022,-79.07263995846823
21.46506704925729,278.5142498511599,4.761463857577805,-79.87186397949996
21.49371532414315,278.4666400584106,4.49955712316461,-80.66348580514088
21.525145983751372,278.41191940570496,4.246258903719859,-81.43336623560671
21.559027489691857,278.3504721296722,4.005419936087113,-82.16916090828646
21.595048742965236,278.2827074821663,3.7799756800085134,-82.86107687174642
21.63295629392947,278.2089890077681,3.5718537786065014,-83.50227592209949
22.60451818547877,275.9418367407102,6.604450946023487,-81.03839997355932
22.565019265855494,276.03804083912655,6.352903360321021,-81.59090804827628
22.52757314392975,276.1305681791696,6.095579341839296,-82.15724359006096
22.49304768720042,276.217262339235,5.837378633445247,-82.7266620034075
22.462141795414293,276.29628581834766,5.583227831584339,-83.28825675313846
22.435352749004203,276.36622059274237,5.337697117267461,-83.8318065892687
22.412971611840927,276.4261093046127,5.104673706675112,-84.34851379443877
22.395101702191607,276.4754422199487,4.887139848996498,-84.83152401404406
23.62668663906412,273.71697727687666,7.617950854945614,-83.29949851969971
23.54892113651523,273.8887380586106,7.394496537289472,-83.68601911773717
23.470750151426735,274.06259301403657,7.1627001643239,-84.08698172962349
23.393682068204093,274.2352291626838,6.926958666294756,-84.49481608573986
23.3191102031016,274.40349645716884,6.692000951495844,-84.90138459972115
23.248206096928786,274.5646536008013,6.4625227622965316,-85.29860850077822
23.18184717697361,274.7165503512157,6.242825434016346,-85.67908809094436
23.12058753819966,274.8577212756581,6.036518473482911,-86.03661339338811
24.369901474878024,272.12811412964214,8.295517066218176,-84.88309559638729
24.27310722882038,272.33510790376926,8.099597958121825,-85.1697580710489
24.17369672187989,272.54895944671927,7.89469846053238,-85.46939534253143
24.0734097868715,272.7660387050527,7.684703259152582,-85.77637988347506
23.97396216789346,272.9826788442281,7.473992723998757,-86.08440000408713
23.876898688941942,273.19549148810955,7.2671222053059195,-86.38692592159742
23.783473843956656,273.4016376289891,7.068472269893304,-86.67771204135143
23.694578936519687,273.5990090788495,6.881927151949796,-86.95125332605487
24.844079931891265,271.1265553030976,8.703344420231337,-85.86850689951427
24.73911332170348,271.3475244396433,8.527522925871295,-86.09999616748163
24.63007081061649,271.57834528176664,8.34290393450815,-86.34296076177806
24.518725446273834,271.81542130890733,8.15302718428359,-86.59282633683014
24.406894985000697,272.05498099172974,7.962000510338805,-86.84432339482647
24.29628032617269,272.2934134245874,7.77421844992933,-87.09185582316904
24.188321919088576,272.52758062248375,7.594033764306092,-87.3299232258451
24.08409957327891,272.7550500570606,7.425435054263694,-87.55352826247149
25.12125715027195,270.54540980922616,8.932378460084927,-86.43595682252761
25.01297898163143,270.7714955117742,8.769104733221573,-86.63815751115266
24.899791120760803,271.0090915139146,8.59736399891834,-86.85081299835018
24.78344318142526,271.25470488974753,8.420497486650275,-87.06989645662824
24.665771149634715,271.5045878291614,8.242446458459321,-87.29069585191839
24.548530740295636,271.7550781226805,8.067494950197743,-87.50813120895882
24.43324311292093,272.0029279027607,7.8999583682451195,-87.7171296724442
24.321080083443345,272.24556207210736,7.743865709232934,-87.91300085408753
17.673698754908628,286.33060268244384,2.626181838418383,-72.85691180154825
17.830489377817234,285.9779832200014,2.410610638224144,-74.24374591617196
17.985735240470927,285.62663164863204,2.203186874209508,-75.59980750519833
18.137503085422576,285.2808167533187,2.006779190453506,-76.90367516726673
18.28430911039128,284.9438486779186,1.8235158501318136,-78.1376984644273
18.425194721016577,284.61789316380117,1.6547324225298328,-79.28884456920827
18.559737090893258,284.3039345966432,1.5010032872821397,-80.34899687155651
18.687997752850958,284.0018851510721,1.3622388172326472,-81.31473291011835
18.474764562270725,284.33635706598665,3.950629545426946,-75.277957834344
18.564929718170664,284.1446341660218,3.693073120782314,-76.38203856279867
18.656882804565637,283.94716756464686,3.4403532793706773,-77.47779497294269
18.7494010730022,283.7463858957607,3.1966653862317984,-78.54612105486385
18.84142656215085,283.5444202898449,2.965497097990378,-79.57017611846788
18.932153466223326,283.34291019320057,2.7494460827236917,-80.53643278452556
19.021075431399026,283.14289318542393,2.5501527394669408,-81.43526924125955
19.107987788924518,282.9447936379339,2.368339414819859,-82.26108510239133
19.463675387110047,281.93002602639723,5.421849912174014,-78.1378544356176
19.486480163111622,281.8945605329996,5.148323045763611,-78.95120257316914
19.512336095941237,281.85168270905075,4.874024021645899,-79.77183363445432
19.541038534027102,281.80140644455724,4.603983056714364,-80.58457631337042
19.572319749767516,281.7439190806725,4.342822736092223,-81.37508872152479
19.605897388490835,281.6794985678362,4.09443412555948,-82.13089955270388
19.641519147193975,281.6084309795659,3.861761070470279,-82.84216721104919
19.67899351736593,281.5309505919611,3.646712036050883,-83.50207579152277
20.487020216534507,279.5008209589706,6.779920617124489,-80.95972543315185
20.456281329945316,279.58366664437204,6.51925510975372,-81.52880342516042
20.42759215078005,279.6624998865439,6.252741693029395,-82.1119137432025
20.401686446996827,279.7353113201935,5.9854023030159285,-82.69809056499003
20.379154878933914,279.80037626800475,5.722261864726489,-83.27624650221992
20.36042068991742,279.8563430060434,5.467956978457026,-83.83603525231774
20.345738286099692,279.9022690711531,5.2264061924422975,-84.36859668302094
20.33520968059708,279.93761145884264,5.000589881552394,-84.86707426930785
21.367064485855515,277.45841884096313,7.831971859855018,-83.28380222034104
21.30317227715279,277.6105987286675,7.599412865742062,-83.68255737256659
21.239256204930367,277.76401610563045,7.358280972310664,-84.09607084851353
21.176607324572615,277.91560516701895,7.113094752845701,-84.51661051176275
21.11641569128975,278.06244815549127,6.868689965839025,-84.93589662603506
21.059682034295403,278.20199655947954,6.629842581539452,-85.34574536087088
21.00715885688967,278.33223462954925,6.40090115262271,-85.73869724180187
20.959327111526918,278.45176480356554,6.1854881757488425,-86.1085291538369
22.007016056365963,275.99899129816936,8.53650328137536,-84.91857498192101
21.926609115804737,276.1835798676043,8.33186588210511,-85.21434456556482
21.84429457176442,276.37375535722094,8.117910770099284,-85.52342279065135
21.761568717108798,276.5661592935544,7.898632610268664,-85.84006755942838
21.67990248444319,276.75740325096285,7.67851312413998,-86.1578642097253
21.60061837065512,276.9443533070802,7.462188709326539,-86.47020381036835
21.52479106691544,277.12437414640533,7.254092271645225,-86.77079383065929
21.45318719037307,277.29549323937835,7.058128210555122,-87.05411738974762
22.415761393006346,275.0779290318599,8.960364514275561,-85.93980860475038
22.32824048591634,275.27541320111965,8.776264298589664,-86.17845941037983
22.237561452862913,275.48122737569133,8.582975318997235,-86.42889656941136
22.145253028504065,275.69204216350823,8.384133698160682,-86.68646310768409
22.052876789810252,275.9043737145975,8.183939082905825,-86.94581410454263
21.96189091674472,276.1148873942401,7.986861825328956,-87.20129519556241
21.873529849637272,276.3206797296127,7.797305529906815,-87.44737222761312
21.788720691688226,276.51948868648327,7.619280074532152,-87.67904167745603
22.655219781519623,274.5425044352208,9.197433784455615,-86.5302288993677
22.56480893428342,274.7447177657717,9.026236799877044,-86.73846258526767
22.470522307022627,274.95678636182356,8.84615975298655,-86.95743459320046
22.373870559771955,275.17547512819567,8.660630097121462,-87.1830536479034
22.27643245265258,275.3973228374739,8.473672267850809,-87.41054982107394
22.179714361019336,275.6189496037069,8.289640248539655,-87.63479859964431
22.085020363599043,275.83735444233184,8.11289680723799,-87.8507031227784
21.993356148641805,276.05014889331096,7.947490773767959,-88.05357221846886
16.335496240062675,288.7514193321638,2.6524920132717464,-72.65584037342298
16.477136840884814,288.41880970644434,2.4327922932340753,-74.06633772798698
16.61734566385569,288.08703856910734,2.221431233847003,-75.4456308894689
16.754418063415322,287.7600174117014,2.0212987075536537,-76.77207452180708
16.88706197320505,287.4407481542013,1.834527982220438,-78.02786692439672
17.014462792964874,287.1311528846775,1.6624451201944717,-79.19990199831649
17.136289533126337,286.83204404738984,1.5056033937025102,-80.28006466131973
17.25264545781981,286.54323265281397,1.3638840904168863,-81.26499774175038
17.043558961801853,286.88831950381217,4.006353156069922,-75.11099563144111
17.125890875093038,286.70601269663615,3.743330221447894,-76.23586539044359
17.20984763586231,286.51794895854334,3.485316023057809,-77.35218623229738
17.294342259418663,286.32633667731915,3.2365523043814384,-78.44062974657969
17.378444517429386,286.1330937551764,3.000551772941334,-79.48419707646508
17.461458299805745,285.9396676255611,2.7799161973850124,-80.46927449907612
17.54296212487818,285.7469356396181,2.5762717606513346,-81.38622443658068
17.62280859693958,285.55519973970735,2.3903125255617885,-82.22949215405575
17.915431031528446,284.6437653334461,5.512399018115588,-78.01792100516109
17.93805837053461,284.60699435058353,5.232384525359021,-78.84833484820649
17.963505229340498,284.5628876095883,4.95168524588717,-79.6860249717546
17.991579200871374,284.51141743584384,4.675402379918165,-80.51561666211985
18.022038849548988,284.4527068710164,4.408206849363333,-81.32261429146716
18.05463829282451,284.3869517534767,4.154013084060841,-82.09445263384757
18.089167100421378,284.3143452869332,3.9157642716848033,-82.82125790886583
18.125476410243685,284.2350260917625,3.6953479330456527,-83.4962378683865
18.815973158888905,282.3799806406123,6.905197987085523,-80.89594389576723
18.79131149729377,282.4531540751158,6.637611591241666,-81.47797957337576
18.76863615945332,282.5221415679685,6.364140576457881,-82.07420948974183
18.748581732913248,282.58504537363007,6.089890774425376,-82.67350513215587
18.731659281870453,282.64022536101686,5.819951897001693,-83.2646482376615
18.718237593383535,282.68637877541204,5.55900085200279,-83.83720486964035
18.708543622647642,282.72257353669295,5.3109703077920685,-84.38227536466697
18.70267724572325,282.74824123043516,5.078830580913495,-84.89300958836301
19.589878237653362,280.47663490580777,7.985863360174209,-83.27593279026163
19.536003650188764,280.6141487682046,7.746523417004717,-83.68399414246413
19.482317159808368,280.7523493264036,7.498461726671588,-84.10704697736385
19.42994556688328,280.88836538882913,7.24627786277062,-84.53724652784493
19.37992648727449,281.0194600382571,6.994875324165097,-84.96621819292434
19.33313340597787,281.1432330858607,6.749077355084717,-85.38571128718391
19.29022611621439,281.25777118487724,6.513255353875624,-85.78823327193349
19.251631309026436,281.3617276428064,6.291030177699385,-86.16756208754202
20.15296057621366,279.1153870846365,8.709706765398154,-84.95707969446377
20.084558197995474,279.2829276162904,8.49873425087363,-85.25951105748084
20.01469888330568,279.4551962322145,8.278227057138269,-85.57547951095736
19.944691468685555,279.62905555284925,8.052248984223336,-85.89917172841577
19.8758206656444,279.8013397467053,7.825342351468259,-86.2241122104558
19.80924142345384,279.96911546092656,7.602188083848668,-86.54364950676943
19.745893957281986,280.1299059994647,7.387242547923138,-86.85147191562513
19.686452282174976,280.28184311883774,7.184411106741091,-87.142067812318
20.51323549797958,278.2549296993414,9.144091239066054,-86.01171442577547
20.43858886313181,278.43437234704635,8.954146045194712,-86.25535132564953
20.361389278271673,278.6210961378314,8.75476676441731,-86.51097095223795
20.282974708902945,278.81199525717574,8.549646182284599,-86.77387218588052
20.204709529726323,279.0038212698894,8.343034677606257,-87.03867348277937
20.12786717389382,279.1934618021715,8.13944031047981,-87.29969727213
20.053526747984098,279.3781994587672,7.943286248534405,-87.55140346387485
19.982501240929004,279.5559057580661,7.7585818042795625,-87.78880075406894
20.724979923651297,277.7535097698773,9.385301741863211,-86.62439877843303
20.647804680018197,277.9372796536494,9.208680741519057,-86.83660311633936
20.567445158058067,278.12975402175755,9.022928396181914,-87.0597103137058
20.48522337665637,278.32791841985465,8.831518994751827,-87.2896013016906
20.402518530552744,278.52854992836234,8.638519057650198,-87.52148498398125
20.320645834613504,278.7284992810466,8.448313384679528,-87.75022679392268
20.240744720260654,278.92496404800517,8.265279420147644,-87.97073379565944
20.163696128802126,279.11570388817546,8.093462468293245,-88.17833317820893
15.239355872595755,290.77489331860374,2.6545350848518745,-72.48618122370202
15.368697960486863,290.45876907109215,2.4319582618002022,-73.91602462914372
15.496696569824083,290.1431351598891,2.217862064518255,-75.31432976427145
15.621825317249282,289.83161989316136,2.015144116469479,-76.6592728556934
15.742939268340457,289.5269843088298,1.8259345129624946,-77.93292933619423
15.859331866492148,289.23096289960654,1.651546363871391,-79.12213504684976
15.970737980254537,288.94423902616114,1.4925126670403615,-80.21877831439024
16.077286708247538,288.6665516170912,1.3486898677794468,-81.21955789643579
15.875450869307807,289.01489652394713,4.028900425363191,-74.97335016611146
15.951190746458764,288.84069554334144,3.7621258203837606,-76.11482166160646
16.0284180133718,288.6607333858295,3.50048750642365,-77.24760456822614
16.106153104716412,288.47704168645214,3.248251431574525,-78.3521955286666
16.18356507030063,288.29136976633924,3.0089395312771554,-79.41147081456447
16.26004110572624,288.10501581116756,2.7851485878243203,-80.4117485343845
16.335221997907066,287.9187352067212,2.578487840450593,-81.34337919661142
16.40899986888074,287.73273928273613,2.389625728291065,-82.20084548245048
16.657246230435334,286.89658526884364,5.55971133322704,-77.92471390016911
16.67923028049382,286.8594510500488,5.275355279479711,-78.76824149030647
16.703829797846495,286.81507139357245,4.990380154044928,-79.61908650357628
16.730865339519426,286.7633806857414,4.709925874835786,-80.46172462559983
16.760118038408155,286.70444780209846,4.438686165383332,-81.28154750495632
16.791370730275393,286.6384027851867,4.18058192067865,-82.06591936777113
16.824444235512253,286.5653665455677,3.9385464575303413,-82.80494578387078
16.859219939666723,286.4854053251166,3.7144452376680053,-83.49185400296832
17.463664951489235,284.7611023161734,6.977807048463599,-80.85574490565735
17.44322841572115,284.82725269022893,6.7057680268926605,-81.44715292221267
17.42468923359971,284.8891404691023,6.427823098120637,-82.05291365457202
17.40860878518849,284.9449515516428,6.149121769147391,-82.66179213618265
17.39543984169301,284.99310794827596,5.8747841482435845,-83.26248536195055
17.38551147653745,285.0323417442165,5.609501416867661,-83.84450444241153
17.379030525792363,285.0617266734253,5.357203817030033,-84.39892853587449
17.376094918866116,285.0806735280525,5.1208449849473245,-84.91891671491784
18.15632737582811,282.96528742761313,8.080023646842523,-83.2880637701488
18.109774494778016,283.09171692735833,7.836561575570859,-83.70225751045423
18.063521482904623,283.2184834622996,7.584281832391502,-84.13163183359478
18.018569894262484,283.3428696540126,7.327821476207913,-84.56828186802446
17.97584210089528,283.46227939242686,7.072112048809534,-85.00378455432714
17.936116034963728,283.5744263446759,6.821991655381996,-85.42985857134322
17.89998222064358,283.67747442579093,6.581831684821857,-85.8390019482582
17.867826973331205,283.7701139011283,6.355238814174282,-86.22500431070353
18.66038315895541,281.6801592226455,8.819325593242251,-85.0117508090966
18.600888329226038,281.8346100380081,8.604766491721982,-85.31801390385826
18.540227053295048,281.9932075605788,8.380533268050112,-85.63798069977172
18.479562639677287,282.1529948043962,8.150716013126454,-85.96581271093906
18.42003676473108,282.3109842719252,7.919876823457858,-86.29501633537313
18.36267683044468,282.4644007280143,7.692706213521556,-86.61893295980026
18.308321505910037,282.61089044703186,7.4736578556395195,-86.93125684681446
18.25757551592759,282.7486641078167,7.266622138117523,-87.22649538745172
18.983010363353056,280.86733100275956,9.263483584158402,-86.09567629840295
18.917971420831304,281.0328248364551,9.070467860632798,-86.34171108376096
18.850789068794377,281.2048690085222,8.867858444381856,-86.59986368024218
18.78265128911197,281.3805444108875,8.659363931372708,-86.86542929867883
18.71476948517377,281.55679455071265,8.449246101529463,-87.13302775936374
18.648275223348044,281.73068504788927,8.24201628139858,-87.39699056539962
18.584129441111173,281.89964489848114,8.04209073026487,-87.65179546907983
18.523059232834132,282.0616483079158,7.853461429145857,-87.89247728095805
19.17260041096076,280.3936440157229,9.510658538171022,-86.72602889455148
19.105315211824465,280.5631324062838,9.331367730892055,-86.93978629061509
19.035324176697234,280.74051032094053,9.142773346381249,-87.16456245167146
18.963800405163813,280.9229487055837,8.948358940677835,-87.39624596090493
18.891967625136562,281.1074201503733,8.752196663451066,-87.63005766810446
18.820993651082226,281.29096113389676,8.558670004522172,-87.86088130528873
18.75189218397363,281.4709262159966,8.37214632195333,-88.08364878414699
18.685449950284728,281.6451894698332,8.19665171542123,-88.2937178611794
14.322844767529944,292.49703198391745,2.640728206263228,-72.34115652158908
14.442004653852454,292.1946487493638,2.416610073688784,-73.78701649818949
14.559896277003189,291.89246180662576,2.20105254481113,-75.20109719612535
14.675135402269643,291.5938709396335,1.9969547660073415,-76.56142290004915
14.786692892700112,291.3014446373267,1.8064408481819278,-77.84996544748246
14.893945358224014,291.01676961521804,1.6308120447280894,-79.0535103899538
14.996676110270386,290.7404297806762,1.470585238447078,-80.16394781602767
15.09503007342631,290.4721112469995,1.3255984001213357,-81.17802275506412
14.901394066887228,290.8202039561113,4.03336837885449,-74.85691038646462
14.971525357833238,290.65295215995087,3.7644737626370395,-76.01184183919206
15.043032627508893,290.4799311789481,3.5007759631817685,-77.15803141924938
15.115022581826675,290.30302908893714,3.24655445260171,-78.27582931948326
15.186742781502875,290.1238598491995,3.0053348832802453,-79.34800539059988
15.257644954314562,289.9436033576693,2.779708462995734,-80.36081761370079
15.32741659156763,289.7629198624799,2.5712710687047378,-81.30460318006615
15.395977616294035,289.58195160832025,2.3806722813478207,-82.17387268280027
15.611080979980976,288.8039048227819,5.587585988742091,-77.84675839982862
15.632213363276922,288.7668633410216,5.300705661768929,-78.7006210529181
15.655791322796755,288.72265354056924,5.013208126366544,-79.56191371777628
15.68164676707762,288.6711774534037,4.7302584871082605,-80.4149894719697
15.709578921986738,288.6124596216897,4.456565343042144,-81.24514472585129
15.739392677648935,288.5465773579866,4.196053222186979,-82.03968336864396
15.770931897964578,288.47359484888693,3.951648423109282,-82.78868816523895
15.804099528090322,288.393522105864,3.7252006843523415,-83.48539848787799
16.34175682526977,286.7728606075022,7.031555595491302,-80.8217151399581
16.324360553567956,286.83370449758024,6.756886225705042,-81.42025558657092
16.308780422034573,286.890233988156,6.476232109713713,-82.03336610578218
16.295520443166104,286.94070071738713,6.19477312261279,-82.64972608237525
16.2849874130421,286.9835754297106,5.9176514771534,-83.25796181062931
16.277478571332054,287.0176174589357,5.649569706806741,-83.84753600588633
16.273183822192347,287.0419049598853,5.394457847628635,-84.40950559527208
16.272198025179815,287.05583216130543,5.155258755524668,-84.93703330596581
16.968301269774532,285.0659506849599,8.158370586016767,-83.29483353448342
16.927264910193113,285.1837832912494,7.9124235232914835,-83.71352288095412
16.886607688089697,285.3016797165633,7.657505282563969,-84.14764378065516
16.847232136419347,285.41704500652486,7.398281030346398,-84.58924224978912
16.809969341672552,285.52739484242284,7.139705253385041,-85.02985285101744
16.775521232980285,285.6305330003266,6.886630414007024,-85.46116446112819
16.744422783772155,285.7246841525833,6.643431678931823,-85.87566163786818
16.717027332063783,285.8085669532133,6.413708781165585,-86.26713776435322
17.423388889108907,283.84544462565043,8.918344727245211,-85.04876282354307
17.370676420548538,283.98969496594196,8.701510740205126,-85.35778409539277
17.317022632305356,284.1376247974336,8.47479566466132,-85.68075376928768
17.263475834805817,284.28641992965896,8.242312613710661,-86.01180924991603
17.211064492497897,284.433233793601,8.008644049615079,-86.34443578375853
17.16071477623891,284.5754157748066,7.778494454598518,-86.67196080298605
17.113184407472374,284.71070852736545,7.556322397162711,-86.9880748528391
17.069022474460485,284.837383666554,7.346013109844132,-87.28729295805644
17.713849351100006,283.0747199299531,9.378774994091742,-86.15042958561028
17.65615242452413,283.22934891771047,9.183598563934149,-86.39829073430006
17.59663657492174,283.38993139200585,8.978585758958205,-86.65850243962502
17.536372001033232,283.55369349080144,8.767464793106956,-86.92634835022047
17.47644944958364,283.717728641177,8.554515961221723,-87.19643827303663
17.41788820306382,283.8792414004338,8.344264133272612,-87.46309851969605
17.361555258375326,284.0357746203721,8.141131065291109,-87.72080897195929
17.308109017611933,284.18538147397095,7.949104651432009,-87.96461496040128
17.88369306528894,282.62698578764946,9.638722555814708,-86.78844613823966
17.823985231689715,282.78536059976943,9.457238975681937,-87.00364642385811
17.761955885097432,282.9509497865412,9.266183204474318,-87.23009378954033
17.698661730641653,283.1210663210501,9.0690579984145,-87.46366942625117
17.63520431514631,283.292833513827,8.869954534172884,-87.69958776820906
17.57263506336196,283.46343132004677,8.673271085066355,-87.9327300378172
17.511867834854286,283.63033547219425,8.48338211447148,-88.15803187734608
17.45361401359328,283.7915076949577,8.304311181443166,-88.37086212271537
13.542498777227403,293.9827337446213,2.64476053431609,-72.2089490426364
13.653190818702447,293.6918358824578,2.419138323467263,-73.66898135923623
13.762673339761015,293.40089483683045,2.202136371882301,-75.0969999871433
13.869677378563344,293.1131219794036,1.9966640160695928,-76.47089493362155
13.973267121994976,292.8309270858109,1.804847688172714,-77.77254891570706
14.072885307259632,292.5557756161987,1.627983887830707,-78.98870678956705
14.168352541579035,292.2881706519152,1.4665790697073804,-80.11126429120112
14.259824110191184,292.02775636339675,1.320456880202021,-81.13701150965487
14.072983218998397,292.37607656541525,4.059336949451177,-74.74528990856139
14.138468007459547,292.2145709205979,3.7881238231618157,-75.91252091178735
14.205228708823638,292.04730119432986,3.5221486715194685,-77.07093108928194
14.27244097675024,291.8760383761477,3.2657176782324036,-78.20073245153682
14.339415159505108,291.7022850462679,3.0223715245685256,-79.28460048925508
14.405654141948425,291.5271239835218,2.7947058228773214,-80.30873994992463
14.470881942509308,291.3511372100961,2.5843108465182127,-81.26347930855032
14.535039515364245,291.1744101927171,2.391822804700298,-82.14335870384258
14.722204766230131,290.44678360852055,5.640277463221943,-77.76195773103781
14.742657046287356,290.4096959317015,5.350374637038153,-78.62586628458467
14.765407121008833,290.3655103448616,5.059839325681642,-79.49727413188457
14.790293197773886,290.3141061612451,4.773879219935568,-80.36040866680877
14.817126662853392,290.25547435845834,4.497233943593144,-81.20046960831206
14.845728159200007,290.1896508185527,4.233845293876277,-82.00470081416746
14.8759584622363,290.11665410599977,3.986643154788056,-82.76316348373133
14.907736546956917,290.0364482592341,3.757468948577586,-83.46911056773806
15.389114532918924,288.50575029231896,7.112400356214379,-80.76700794253881
15.374264517949292,288.5620241650967,6.834264655155526,-81.37324883087848
15.361161719819847,288.6139298081049,6.5500471420829784,-81.99424529441784
15.350259439488637,288.65977807835804,6.264981345646855,-82.61857132622708
15.341923186718093,288.6980847570887,5.9842531074787075,-83.23476662567018
15.33642080207028,288.72763587821265,5.7125947208436,-83.83223409454136
15.33392545172818,288.747516527034,5.453950433955314,-84.40200145256343
15.334527153193623,288.7571094709756,5.2112624093935205,-84.93723201329868
15.959867697040712,286.87603237393705,8.264587910061126,-83.26809743520026
15.923405950925032,286.9865996486037,8.014994246700194,-83.69249727660963
15.887393122704708,287.0969752794581,7.756254439457059,-84.1325728520341
15.85264764709031,287.2046678946187,7.4930893584527,-84.58029078057717
15.819922436007076,287.3072890483427,7.230502668797881,-85.02711614392594
15.789853615817524,287.40272105000014,6.973384184140371,-85.4646859647648
15.76292723870784,287.4892428695242,6.726131251797002,-85.88545538815183
15.73946657723199,287.56560024921026,6.492349793419641,-86.28321190930359
16.3737390210502,285.71163242569196,9.044399524238871,-85.04320289572165
16.326619240326355,285.8473553800313,8.823875612670857,-85.35658106001308
16.27875119524523,285.986332182683,8.593241054827358,-85.68416468612915
16.231087552669468,286.1258650817668,8.356661429569915,-86.0200330084729
16.184561811967264,286.26322426688904,8.118768215081541,-86.35761795495519
16.140014389635457,286.395864027268,7.884305531159523,-86.69020523288506
16.098133537807186,286.52160970850525,7.657757816312883,-87.01146010253815
16.05941958425363,286.6387868533016,7.443020425056214,-87.31589071601168
16.63745342094429,284.97696195145613,9.518805638657987,-86.15810891717025
16.585791678153907,285.12256371273355,9.319907154492547,-86.40957254457814
16.532585463245173,285.2735849907687,9.110912203181229,-86.67363693626115
16.47880834412285,285.4273674089355,8.895597620744914,-86.94554059947572
16.425451172092522,285.58112584385384,8.678290768201721,-87.21985076601842
16.373439347563536,285.7321793688252,8.463555930875206,-87.4908596235739
16.3235603692756,285.8781664531648,8.255841725509885,-87.75302594730395
16.276413472831894,286.0172083348336,8.059147671613385,-88.00138924025448
16.791354508615,284.55065210432724,9.788032666098136,-86.80311850294625
16.737868187179423,284.69981269517797,9.602758996957592,-87.02157402320039
16.682381527045663,284.85559269575225,9.407638558169682,-87.25151631435058
16.62585641445427,285.01541664572346,9.206220311559468,-87.48878807923555
16.569293953908794,285.17652865928295,9.00264105130129,-87.72856691183947
16.513648974204962,285.33622576832056,8.801337942386608,-87.96570421367771
16.459751530289022,285.4920844410966,8.60671245929211,-88.19511716019014
16.40824875224092,285.6421410670653,8.422800229082677,-88.41216981095602
12.868760005694424,295.27980227103797,2.6673339556325946,-72.0865344320592
12.972335012394792,294.99866615628184,2.4394400923622115,-73.5595198074777
13.07474255058033,294.7172935977015,2.220268306402233,-75.00021935085903
13.1748096158158,294.43873637984905,2.012743005711538,-76.38640856852545
13.271677698675369,294.1652700675596,1.818995858528951,-77.69989778743515
13.364843791367335,293.89825792064113,1.640319692067847,-78.92740354936113
13.454158383008116,293.63813534722954,1.4772100385643694,-80.06083468365614
13.539783940722337,293.3845120034858,1.329474476818221,-81.09702901338015
13.35868710001729,293.7333450403622,4.1019382234582995,-74.63833846439438
13.420296967627095,293.57666915687616,3.827577622801484,-75.81715046509984
13.483086591800776,293.4142503426724,3.5585449425815354,-76.98699148040565
13.546288798355684,293.24776050034797,3.2991781419224258,-78.12795334352059
13.60926582313993,293.0786081941763,3.0530366059466005,-79.22262989781251
13.67156279224902,292.90779374563306,2.822721635816595,-80.25718616367253
13.73293360238642,292.7358328203203,2.609817613062273,-81.22195133374403
13.793336021139957,292.5627627931224,2.414945736809744,-82.1115008574843
13.957037715093115,291.87864038102776,5.706349142005023,-77.67553017779287
13.976960137007698,291.8414256730284,5.4125952399500585,-78.54929049092961
13.999042756163245,291.79718923539826,5.118246674570555,-79.43053214885109
14.023128011662486,291.7457925484454,4.828559716218943,-80.30336427879259
14.049036639915764,291.68719911591126,4.548308586022274,-81.15289959914323
14.07660181054742,291.62141021779047,4.281453983056183,-81.96633171267537
14.105697883731427,291.5484059421451,4.030929319569548,-82.73370892315768
14.136256712423641,291.46811137399806,3.7985662911697227,-83.4483045597656
14.57054220548292,290.0145051989582,7.202084004567513,-80.70455960743271
14.557858897407552,290.06681846484537,6.919712393822558,-81.31872085292882
14.546852422238603,290.1147289609782,6.631218655683194,-81.94773619685537
14.537932466209067,290.15659951580665,6.341895381329701,-82.58007512542486
14.531428998491645,290.19098561713804,6.056975576927499,-83.20419403717315
14.52758442649753,290.2166971747734,5.7812230090781,-83.80944088963632
14.526557192504262,290.2328261141656,5.518596258148528,-84.38681971172691
14.528432618179755,290.23874622112174,5.272035645262209,-84.92949976619077
15.094876181096723,288.4502623975874,8.374426626739833,-83.22924602017382
15.062254511765522,288.5546228951633,8.120527009034282,-83.65979351329746
15.03012843195955,288.65858257700216,7.85736476958291,-84.10618508933828
14.999245240728918,288.7597387077203,7.589721097410754,-84.56030481463492
14.970291720433499,288.8557851072092,7.322651852150884,-85.01354734300892
14.943848248796675,288.9446717642488,7.061085654091818,-85.45749877105804
14.920359257695528,289.02472484305207,6.809442134162448,-85.88458709741465
14.900122164190659,289.094714226006,6.571332454416629,-86.28859694562395
15.474776502094477,287.33289158108425,9.168962595158181,-85.02355387458805
15.432319080439761,287.46138548269107,8.94424161210549,-85.3417607019732
15.389262813941171,287.5927801874667,8.70923942899994,-85.67436577658623
15.34648008785527,287.72447642042704,8.468177264241428,-86.01538630612994
15.304824686117142,287.8538434235582,8.225737479982147,-86.35819867853944
15.265064962393447,287.978424820984,7.986704492757353,-86.69604617806189
15.227830631751544,288.09611678265514,7.755588295949649,-87.022569312015
15.193580690277894,288.205291559126,7.53629337169877,-87.33227074226261
15.716731949500241,286.62792821331226,9.652886950817761,-86.15166059887537
15.67007517998375,286.76591863650367,9.449939246904183,-86.40711626790589
15.622090221735771,286.9088865715018,9.236693343377556,-86.675367335758
15.573669867945013,287.05427076946063,9.01697602634036,-86.9516044078581
15.52572149542623,287.19938851069026,8.795161998693265,-87.23035051228351
15.47909200831089,287.3416557096466,8.575854396599919,-87.50586311791442
15.43450231240946,287.47879202298805,8.363527600767645,-87.77258011159466
15.392501863130862,287.6089769405815,8.162191355370506,-88.02553612170038
15.857877669252561,286.21888670316747,9.92784985560452,-86.80462353123639
15.80952704658824,286.3603132859676,9.738647472349243,-87.0265868808645
15.759430128050914,286.5078689774589,9.53937984291967,-87.26022806576174
15.708469713774234,286.65907197102825,9.333641563696224,-87.5013501825874
15.65756321392253,286.81126791440886,9.125613651595312,-87.74509361669675
15.607584972156543,286.961852391563,8.919770285869282,-87.98628016155358
15.559295145356964,287.1084868500828,8.720537985571312,-88.21980908718326
15.513287131875954,287.2492708859585,8.531962736207259,-88.44104035872822
12.280709424652914,296.4249020075156,2.6908748748359117,-71.97587741796451
12.378175563245073,296.15219950075726,2.460736187767546,-73.46042999862578
12.474508880568735,295.8790940943165,2.2394310874094554,-74.91243468718562
12.56861752003977,295.6085012849841,2.0298971326713056,-76.30956834132891
12.659707865811313,295.3425825373561,1.834269894874535,-77.63358042165089
12.747321871029639,295.0826148014484,1.6538377929183754,-78.87116583645314
12.831334017926226,294.8289770074649,1.4890852382550508,-80.01424841120263
12.911911333617951,294.58125086048443,1.339803968261463,-81.0597114304206
12.736297301966497,294.9299151149251,4.143196042128432,-74.54088226051664
12.79455515124633,294.77743729450924,3.8658538872037855,-75.73007440309085
12.853907090537914,294.6192379885021,3.5939376160964795,-76.91014326008454
12.913634508703948,294.45690410815985,3.331813681482391,-78.06107577311012
12.97314341903069,294.29176386569304,3.0830578581986727,-79.16539572351712
13.032014223729291,294.12474743618844,2.8502758485271125,-80.20923565661231
13.090025319122862,293.95631439806874,2.6350458116554876,-81.1829283300886
13.147147672195157,293.78646187353473,2.4379743901982684,-82.08108341374613
13.291644352940587,293.13888988875743,5.768801364677346,-77.59538027863564
13.311046511853634,293.10163274932864,5.4714948021571,-78.4780181781981
13.332486274508902,293.05742456741,5.17363945298826,-79.36810801284334
13.355809927877901,293.0061111298593,4.880535734805535,-80.24965381079456
13.380846209310924,292.947632138387,4.596989210405444,-81.10769169787656
13.407438736355928,292.8819591740794,4.326977565751899,-81.92937195744985
13.435472949875049,292.8090395341684,4.0734371458746965,-82.70473324034472
13.464890950510902,292.728765303767,3.838190461060086,-83.4270690642431
13.860005209887326,291.34045148003116,7.28646795925629,-80.6442037450207
13.84907280558909,291.38946111627513,7.0002539832196025,-81.26555321360263
13.839750916670297,291.4340440176355,6.707885535995205,-81.90184176245326
13.83241266281378,291.4726067204889,6.414709676244494,-82.54144375417478
13.827358183570903,291.50373798549305,6.1260031437871,-83.17273987245467
13.824808437193306,291.52626758497297,5.846559159616535,-83.7850282934503
13.824909261941919,291.5392929069616,5.580350069642282,-84.36929183673489
13.827741646863139,291.54217983367016,5.33031507528419,-84.91870565607752
14.34498351736715,289.832399501769,8.478454535085456,-83.1876145126229
14.315510918842989,289.93157028225244,8.220683157506441,-83.62379014096443
14.28656687145315,290.03016564602945,7.953536690526212,-84.07597249999242
14.258838968821891,290.12585721295386,7.68185318130649,-84.53596799149804
14.232958464487561,290.21640773846764,7.4107383369582625,-84.9951044572328
14.209458850519837,290.29982379561494,7.145158556371743,-85.44491907918469
14.188749433959076,290.37447078969916,6.889556059806419,-85.87781302238169
14.171105637559277,290.4391383252906,6.6475486038444735,-86.28756711903466
14.69584271240027,288.75584555203193,9.288660972877569,-84.99597120716122
14.65720860211415,288.87832543378295,9.060165303751049,-85.31864782207431
14.618096393959677,289.0034065288494,8.821211858165636,-85.65592502085528
14.579311304199665,289.1285711036341,8.576076043053146,-86.00175883249058
14.541640368115642,289.2512704417245,8.32949088876944,-86.34946966090486
14.505791517474865,289.3691220572128,8.086282150337928,-86.69225667962287
14.472345283931304,289.4800804261077,7.850987524177716,-87.0237329315106
14.441725822808749,289.58255573711375,7.6275235694413555,-87.33839221295851
14.918861317782916,288.07728031989603,9.784453932489098,-86.13207074654551
14.876295329357353,288.2089883179627,9.57782326798551,-86.39128563028444
14.832579841972489,288.3452956455123,9.360671523481843,-86.66351851761719
14.788540456914468,288.48371980320394,9.136876431255875,-86.94390952570991
14.745014991779621,288.6216613135153,8.910862575243568,-87.22693326726088
14.702784814029517,288.7566147974647,8.687275773464808,-87.50680708125495
14.662515092707196,288.8863656595216,8.470620770627441,-87.77794214913771
14.624713603555724,289.0091396396437,8.264922933206156,-88.03536143219752
15.04849965002859,287.68431415483275,10.068669164563351,-86.78772850107981
15.004330217985515,287.81941214992236,9.87580785218641,-87.0130901925016
14.958627027922423,287.9602163089101,9.67262372548049,-87.25036785794615
14.912207574018156,288.1043187346776,9.462760830986932,-87.49531911312802
14.86591993043992,288.2491457028602,9.250450170599121,-87.74303919928698
14.82057156080836,288.39217120353476,9.040210066167406,-87.9883111039783
14.77686437020794,288.5311240319278,8.836499804702472,-88.22600670340331
14.735346857985634,288.6641531222734,8.643383217768125,-88.45147306430431
22.289830573053234,274.4888282981511,2.53222478212289,-72.92068701835179
22.479313106420605,274.09337197983956,2.330048921443753,-74.25574387482321
22.667374258610646,273.6997947840569,2.134671991845487,-75.56647522785595
22.85124726798332,273.31384610931826,1.949054452734571,-76.8309468896696
23.028633792598644,272.940325421613,1.7755016502837253,-78.03049529087554
23.19783610362299,272.58279743488634,1.6155844588434862,-79.15071344447516
23.35780971078239,272.2434745273663,1.4701414092110048,-80.18191674466128
23.508136802716464,271.9232679586016,1.3393486202919676,-81.11908819742187
23.42838431646478,271.94434778062407,3.734484449313416,-75.23029047443616
23.5233605430059,271.7571242091418,3.4943740714747773,-76.2924243093044
23.620947698069884,271.5636045018357,3.2576575174186875,-77.35126801003246
23.719538061405213,271.3668935798299,3.028543119452878,-78.3874373910386
23.817607639056636,271.16997473519814,2.8106579260166593,-79.3833364975211
23.913844425786397,270.9754480299766,2.606838618686667,-80.3243055391738
24.00723906878294,270.7853404399611,2.4190270101917575,-81.19936622901707
24.097124984252023,270.60101709424873,2.248271780412854,-82.00149153090224
24.84752516713184,268.8569244473632,5.069303713181804,-77.94786647276405
24.8452943292906,268.873971760885,4.815244231529493,-78.73086969812245
24.84675981556412,268.8836058471483,4.559139933011958,-79.52470123315048
24.85191672231195,268.8855115253333,4.305942883931701,-80.31409684315801
24.860552140535706,268.87980571361413,4.060354589193341,-81.08420183838555
24.87229583288568,268.8669596049619,3.826483111902176,-81.8216770041446
24.886686433345037,268.8476828686117,3.607591054291929,-82.51556968942269
24.90323740680018,268.82279992185585,3.4059619538032173,-83.15784516435531
26.32674500771864,265.73111771034735,6.30027289658312,-80.61069117038255
26.246056083960376,265.9038359641471,6.05850246432178,-81.16129155979152
26.16692762643099,266.07469069826493,5.809952115458028,-81.72824510386104
26.090819167091997,266.24051261476166,5.559508852021402,-82.30055930632122
26.018917172823343,266.39861226803686,5.312226401428738,-82.8667891250655
25.95205972316672,266.546964235679,5.072930382649845,-83.41592719955553
25.89071296318213,266.68429102065744,4.845860641336372,-83.93822333218363
25.834996035306776,266.8100457367547,4.6344055867663,-84.42580699155715
27.6028895688333,263.1044308914333,7.254419586787827,-82.7839218934987
27.472969220453617,263.3687218468127,7.038343794352016,-83.17410693765343
27.34104179090393,263.6389274756483,6.813083507533308,-83.58066454375704
27.209434834854697,263.9103915630101,6.583024256897409,-83.99580435178147
27.080316481634632,264.17865628680664,6.353022007929253,-84.41093640695804
26.95551395216791,264.4398424898605,6.12803575911206,-84.81732269619005
26.836387281990227,264.6909357364187,5.912742841421786,-85.20675359445043
26.72377584413196,264.9299344792209,5.711200231889484,-85.57213850018641
28.529833208961033,261.2340702374527,7.896759619324118,-84.2972270702675
28.375003602252313,261.541437443512,7.705718317258398,-84.59124166090578
28.21505382532982,261.8609926834142,7.504932635786015,-84.89990669202342
28.052634084545282,262.1876597563591,7.298302257582189,-85.21736546112285
27.89038532243337,262.51625193686516,7.090355220844077,-85.53688530297998
27.730701812103426,262.84194183045673,6.885931542353185,-85.85133809005895
27.57553415984966,263.1606730580859,6.689815295224441,-86.15374609444302
27.42626664198646,263.46944047015234,6.506375086496084,-86.43780390066756
29.118576255884992,260.0610416011019,8.2887739112642,-85.2317796042234
28.95275842743387,260.38585003710267,8.115811452287609,-85.47284635928891
28.77978588071208,260.72674998343183,7.933297689090018,-85.72698490120716
28.602366046565926,261.07868825919434,7.744816088375475,-85.98937998643608
28.423306656028554,261.43629276033573,7.554648129634012,-86.2543494854869
28.245257852677298,261.79436767513295,7.367498321664456,-86.51572467269767
28.07047862351202,262.1483640784477,7.188150241904232,-86.76731021669625
27.900670822172724,262.4947371806135,7.02110822708966,-87.003349518671
29.459422655102095,259.38621281044135,8.514896551080723,-85.76362894575813
29.28898117765645,259.7176742766109,8.353013210333081,-85.97677798979157
29.110231639687353,260.067372779403,8.18188596685215,-86.20196986905275
28.925860931963054,260.43036770325693,8.004923134752088,-86.43492631359302
28.738721388384224,260.80128091087994,7.82626181184373,-86.67052267179183
28.55156646505489,261.17479617996577,7.650518184755197,-86.90311484328174
28.366800321438383,261.54615451042974,7.482461128002299,-87.12695045089791
28.186288578829643,261.9115507437158,7.326659363911519,-87.33659852202051
20.055805311818354,278.5000820631753,2.6428470018293946,-72.56475106731739
20.225018199950224,278.12827412539605,2.4320980371046543,-73.94262475313485
20.393046863654444,277.75750186080506,2.228518562301875,-75.29527529040296
20.55753537722539,277.3928968298191,2.0351427747916775,-76.60034241836306
20.716561100256005,277.0386800947562,1.8543150686432877,-77.83887089313474
20.868743271123115,276.69791122041255,1.6876124810848614,-78.99630389605099
21.01328131994037,276.3723927514263,1.5358518657930158,-80.06294100582362
21.149923134184235,276.06273325675886,1.3991667519942166,-81.03386277918749
21.02279418389769,276.1840344978884,3.9101666464965708,-74.92558095654323
21.111099354078245,276.001725573852,3.658449124762079,-76.02602756148802
21.201853613694258,275.8128513317545,3.4104386875847097,-77.12265142160265
21.29366214035843,275.6201809282999,3.170480601472434,-78.1956265022334
21.3852278228234,275.4263329872061,2.9422943085095508,-79.22703563639688
21.475462285523616,275.23353724859606,2.7287616717742282,-80.2020385305237
21.563560006758514,275.04347009970445,2.5318271364021223,-81.109606268167
21.64902617337331,274.85718731311357,2.3525067315096333,-81.94277625892164
22.224036334378138,273.3792595391656,5.3204442385803565,-77.71120615007962
22.22936839651127,273.3827202374098,5.052310914948,-78.52662041403731
22.238272154927035,273.37837764027637,4.7822389869471,-79.35277276728323
22.25069765766375,273.3659346422708,4.515382779428959,-80.17396093073576
22.266433567587057,273.3454595830495,4.256600055818674,-80.97499107652843
22.28515649889218,273.3173083195903,4.010100248527936,-81.74230496148932
22.306489465839135,273.28201893588016,3.779191253493445,-82.4648550155154
22.330055495842718,273.24020740187814,3.5661515657960074,-83.13462378517102
23.473449643811232,270.5417004326875,6.625318921663371,-80.45227321439889
23.411723027777825,270.68727344319626,6.368120486271718,-81.02868219648651
23.351940455788352,270.8298265412191,6.103945641651823,-81.62175046148597
23.295295486384575,270.96647961179127,5.837924594720333,-82.22009610167085
23.242750087684097,271.0947855924268,5.575319071049439,-82.81194757232046
23.194980216429936,271.21288453126095,5.321110255117774,-83.38606165981223
23.15236279400769,271.3195711420435,5.079632314334062,-83.93255614970153
23.114999426063864,271.4142782507505,4.854307171159223,-84.4435297545761
24.550773212250615,268.1557804904218,7.64013071716828,-82.70034466043505
24.446652885534373,268.3858002576729,7.4083288563551,-83.11044152127187
24.34158168202272,268.61968038852444,7.16686013088612,-83.53743974136633
24.23750849619857,268.8531602997199,6.920358452644641,-83.97323736527346
24.136233492910755,269.0821802589782,6.673909380193738,-84.40896439241358
24.03926373313221,269.303213531022,6.432659971617468,-84.83566266017311
23.947715545833606,269.5135129780323,6.201418365578678,-85.24498057101923
23.862275834431113,269.7112371693148,5.984309071453152,-85.6297688935662
25.333861586682847,266.45437966105214,8.324751019276855,-84.2729690490031
25.207995549728686,266.72481804222855,8.118237522043202,-84.58266049097364
25.07860037458254,267.00474701905,7.90130220102224,-84.90759440229954
24.94792275433513,267.2894833115552,7.678076633388806,-85.24167278377564
24.818180152601155,267.574276866979,7.453315392524774,-85.57793511345835
24.691367034524614,267.85472826871217,7.232055105021836,-85.90906417166855
24.569097332562798,268.1271496503954,7.019226878960008,-86.22795089236598
24.4525090230846,268.38880734788677,6.819285927990736,-86.52822521053156
25.83199755904649,265.38528844147004,8.742404384238322,-85.24803163924045
25.696361770111572,265.67250101660505,8.55432921061301,-85.50217109894218
25.555488227481767,265.9727512704552,8.35591971328308,-85.76996341194365
25.41169043647022,266.2813463361149,8.15097163830882,-86.04639905052804
25.26734245182748,266.59334183491086,7.943981258647022,-86.32560691727332
25.124665662989713,266.9039862166232,7.739845947158422,-86.60125673361465
24.985539330020156,267.2091370976238,7.543499020068935,-86.8670369966496
24.85136885808503,267.5055733205544,7.359537929986587,-87.11713038848983
26.121141970753694,264.7686492049719,8.982189069327593,-85.80522721153257
25.981317351034093,265.06245097761894,8.80547940478822,-86.0299751893919
25.835275439483297,265.37126110202826,8.618695356335708,-86.26731767468786
25.68532294742695,265.69047213137947,8.425442307570167,-86.51281022638524
25.533881678602842,266.01511786210455,8.230061178879676,-86.76116341599653
25.383268181542636,266.34032464682934,8.037354461387789,-87.00659044372738
25.235489195539994,266.6617517126454,7.85223828402586,-87.24323497208773
25.09209008869567,266.97593930451643,7.679374874588996,-87.46561097835556
18.318341057418355,281.71311658702194,2.74842780911016,-72.25549066921593
18.47142720758771,281.36122046112615,2.5296345898333836,-73.66843359430266
18.623445666943503,281.0097871025375,2.318376574415124,-75.05535350352359
18.772344945387523,280.6634679729135,2.1177493642744123,-76.39356381124193
18.916476404285913,280.3260410925976,1.930127442906264,-77.66389455735104
19.054686231927228,280.00018416652875,1.7570887725016484,-78.85169054947319
19.18634388604743,279.6873949744332,1.5994266692179604,-79.94726184628335
19.311307769880347,279.3880617814822,1.45723299573594,-80.94579009060921
19.157371294360406,279.57485231617557,4.067765082690505,-74.65464696360925
19.239742343974722,279.39781443302866,3.805458711449798,-75.78688781223717
19.3243590665378,279.21411600290173,3.5471862300947206,-76.91478438316014
19.409985796112505,279.0262623220713,3.297406037425416,-78.01816482018941
19.495492637300917,278.8365887575398,3.0599106781122316,-79.07887128384758
19.579952959341377,278.64704172995977,2.8376142739506034,-80.08193678220813
19.662705789144603,278.45903273990876,2.6324563990103313,-81.01631494322812
19.74337525797342,278.2733868944802,2.4454182553083346,-81.87511808476437
20.196405953932647,276.99009362787865,5.537965364410236,-77.49210368891636
20.206505172010033,276.98422166670514,5.25723237964767,-78.33489176085995
20.21996993365786,276.97040611288105,4.974725212142272,-79.18824711863112
20.236718908453756,276.9483598170112,4.695764018777087,-80.03611841964853
20.256543698735847,276.9181091196189,4.425331116036717,-80.86304955558002
20.27915600623012,276.8799177246383,4.167712835207872,-81.65532034810931
20.304239930269016,276.83419008193437,3.926245105108789,-82.40182869787988
20.331496496723428,276.7813821429471,3.7031924186076863,-83.0945927028853
21.27489601081769,274.37711116679367,6.900967142939892,-80.29458447572439
21.226605808978988,274.5024096650136,6.630131285632592,-80.89320694355784
21.18039878851031,274.6240027658712,6.35224008260253,-81.50865113696216
21.13727010114334,274.7392380184957,6.0726235029300755,-82.12921784098071
21.098016721960693,274.84585488090124,5.796709588266314,-82.74287646692962
21.063197192637347,274.942117229649,5.529599023410081,-83.33820455129086
21.033125145101764,275.0268701122216,5.275692460875609,-83.905229879932
21.007891448711717,275.09952486909106,5.0384274672395835,-84.43604432560919
22.204414992102894,272.17881030730626,7.962785944390541,-82.6036138177749
22.11905512228567,272.38254420442064,7.717236414959414,-83.03110533539993
22.033362051434597,272.5887825422699,7.4617074774609184,-83.47586241778463
21.94899529852713,272.7935892993743,7.201037251009643,-83.9295261638632
21.867478826420093,272.99322275206487,6.940495078166266,-84.38300148300405
21.790083265112408,273.1844311045832,6.685373362550658,-84.82715962120609
21.71774809232803,273.3646703173123,6.44057546936306,-85.25354655902555
21.65105249847601,273.5322151913619,6.210267560030976,-85.65498132448535
22.88073389347953,270.60874189057404,8.679268195828676,-84.2265242266034
22.77618699884634,270.8504414458771,8.459404752186678,-84.54998627995971
22.669119602898576,271.0997789601439,8.228644362121054,-84.88912495704098
22.561462837953965,271.35240731198303,7.991308790759496,-85.2376435065124
22.45511025487645,271.6039368789458,7.752333415671119,-85.58839847148711
22.351756288856535,271.8503115988444,7.516906643242629,-85.93392598125834
22.252766895160452,272.0881314953758,7.290067406969201,-86.26702118937828
22.15910275709271,272.314868246684,7.076327463718508,-86.58127500499369
23.31187338766459,269.6199384943517,9.115261082069411,-85.23738631466064
23.198592190788247,269.87765343113216,8.914345556523328,-85.50294923646199
23.08132592152301,270.14626874240264,8.702530626472909,-85.78260227060352
22.96207379409113,270.4214125272491,8.483784368991394,-86.0711785278449
22.842873169503214,270.698503274336,8.26277320436071,-86.36265719390079
22.725619670077656,270.9731537374064,8.044542397778702,-86.65058433104961
22.611909728459022,271.2415454212887,7.834134605506052,-86.9285649099589
22.502933008396962,271.5007067663349,7.636208982802851,-87.19074435445629
23.562994701117212,269.0478398879941,9.363904084719607,-85.8179351553943
23.445908386648735,269.3119768504395,9.17479808853765,-86.05268881205494
23.323989491887176,269.5888428620445,8.975008538015041,-86.30045995082945
23.19923800809672,269.8741344927437,8.7682998166619,-86.55667121269512
23.07373814918666,270.16324186344156,8.559172670191463,-86.81590515432086
22.94947185352704,270.45165956166096,8.352571154396193,-87.07226780991108
22.82814786983881,270.73538393857734,8.153518196122189,-87.31982944990376
22.71107682769913,271.0112249788164,7.966737628628134,-87.55307156871628
16.926973852913807,284.3533956843035,2.82751847957157,-71.99049736645297
17.066890711115043,284.01844095013746,2.602175521494503,-73.43221894732628
17.20580749532183,283.6835183800269,2.3846805184623476,-74.84725088035339
17.34190574722524,283.3528990335194,2.178172836617909,-76.2126515632443
17.473743267153957,283.03001462764803,1.9850457214524855,-77.50908488438446
17.600333853221382,282.7172485350221,1.806872556252782,-78.72182595423891
17.72116875096312,282.4158678867863,1.6444228553862679,-79.84120455823155
17.836181269336723,282.1260984533769,1.4977507705295696,-80.86249593178167
17.66856049757056,282.35459578784753,4.188639562226259,-74.42187438585285
17.745563031649205,282.1829466099341,3.9178018890463893,-75.58013898906215
17.824619164617197,282.0046053201447,3.651278244589286,-76.73363047768983
17.90461752981474,281.8218636496547,3.3936118425646704,-77.86190349549906
17.984556118751627,281.63683180312006,3.148647498369414,-78.94661332900966
18.063629234323813,281.4512348879758,2.9193188592341515,-79.9726995649654
18.141281183145875,281.26628106016113,2.707555665022362,-80.92911150885571
18.217220031996103,281.08262133948944,2.514305931236538,-81.80903242662126
18.584371693284332,279.94217652075406,5.7075282676397485,-77.3029059059353
18.59729697762478,279.9301060996656,5.416714658013648,-78.16804298908511
18.61337276285254,279.9100617055343,5.1242759253440475,-79.04360642508756
18.632498600470683,279.8817555720834,4.835658760527198,-79.91326908377307
18.654471730020706,279.8451743304946,4.555937918129753,-80.761370826582
18.679031976441422,279.80050509912456,4.289453392532132,-81.57407128377447
18.705909011478106,279.7480462757042,4.039556462089126,-82.3402327333902
18.734860301640683,279.6881296348068,3.808493675540048,-83.05191221213934
19.533059669371543,277.5052853687666,7.118427258687353,-80.15702057252086
19.494289375089064,277.6155561517614,6.836731265871531,-80.77373043634815
19.457626907978092,277.7217024397697,6.547934350997873,-81.4073903864088
19.423920075085164,277.82124611439906,6.257519659894157,-82.04605203447824
19.393844702790933,277.91206660521715,5.971040217652176,-82.67748438559155
19.367874066730455,277.9925180232826,5.693683487258458,-83.29013007422651
19.346276544970568,278.06147873263996,5.429894541877875,-83.87395411457742
19.32913612259803,278.11833866757576,5.183114969028466,-84.42105376418128
20.350071884117853,275.4546578830715,8.21970233456351,-82.51729736175935
20.278424215703993,275.6383358000173,7.963244766117716,-82.95889570309517
20.206815742556913,275.82359660280173,7.696574064855823,-83.41805341375046
20.136685314162484,276.00676377339886,7.42468562835514,-83.88621076360785
20.069348951974096,276.18434491053216,7.1529878066987145,-84.35409941090774
20.00590133293453,276.3532997835356,6.886879982896905,-84.81246258845289
19.94715191015226,276.51123711887476,6.631331945527768,-85.25277377562507
19.893602107971326,276.65651541232927,6.390533667309459,-85.66783658138179
20.94472517693726,273.9886341609273,8.963615234486962,-84.18236077490707
20.855974689693852,274.20807833247454,8.733191341641803,-84.51693098967084
20.765367969807205,274.4338531668609,8.491503913285921,-84.86753217281073
20.674590806701183,274.66188929013117,8.243021614032292,-85.22771330525063
20.585288781552,274.8880876261434,7.992817067510699,-85.59019117383785
20.498929708901127,275.10866319374264,7.746191092493111,-85.9473926764467
20.416694692667498,275.3204386141376,7.508259046361373,-86.2920453302268
20.33941439837376,275.5210399839079,7.2835681381974045,-86.61771798702287
21.324224296444395,273.0640814127883,9.416056683906783,-85.22293625072496
21.227627909692224,273.29875765234453,9.205002644961985,-85.49766927040713
21.127897195462214,273.54279834494986,8.982606677235058,-85.78685382783102
21.02678387246726,273.7921027561868,8.752970643862765,-86.08520137321362
20.926064448273564,274.0423878323691,8.52089047541415,-86.38657759385109
20.827385822464194,274.28955916420296,8.2915212967749,-86.68443745160727
20.732131687472542,274.5300525319662,8.06998421501595,-86.97232668361642
20.641331629351463,274.761088390645,7.86097772769504,-87.24437047575161
21.545666262827005,272.5282318218121,9.67334532565278,-85.82245092159201
21.445618642895923,272.7690902235982,9.474451503979413,-86.06521827596247
21.341693208544175,273.02102175787127,9.264392963411396,-86.32135631896311
21.23564596505189,273.27998469489887,9.047057580967978,-86.58618571711649
21.129297612145596,273.54166593546563,8.827068168845953,-86.85419241943806
21.02437292610566,273.8018592001274,8.60947446844657,-87.11940373568373
20.922354877663583,274.0568287386399,8.399376117488423,-87.37583900146504
20.82437898363879,274.3035938340271,8.201537148827324,-87.61796168682413
15.78531099413706,286.56858408835376,2.885760214611874,-71.76166296443333
15.914302357685647,286.24810221366045,2.655236664452959,-73.22737868414856
16.042338243861888,285.9273109533274,2.4328118321181975,-74.66585309001252
16.167783318976177,285.6101740833343,2.221658186272366,-76.05393532451741
16.289355396886872,285.29984657856807,2.024181178712563,-77.37215672125967
16.406195691823346,284.9984796997739,1.8419477428091207,-78.60574030666278
16.517885209080937,284.70716181944704,1.6757057225030125,-79.74503857157413
16.62440917190378,284.4259959474947,1.5254767556444084,-80.78541122294529
16.45052511944368,284.6816131534654,4.2822444857059265,-74.22059510958883
16.522742081823377,284.51512595584865,4.004601318530009,-75.40047911353989
16.59684274724512,284.34194155123015,3.731496749169981,-76.57524594224316
16.67181491023034,284.1641765180443,3.4675402603355603,-77.72422461576764
16.746756930381178,283.98375855835417,3.216615636260426,-78.82892195602632
16.820955938524875,283.80223645741705,2.9816693986116563,-79.87420404209324
16.893935066504305,283.6206587511697,2.764620429145869,-80.84902179406454
16.96546317822685,283.43954199105,2.566387290098865,-81.74662280041571
17.26993959416728,282.4073205221719,5.842577155058114,-77.13865120699805
17.284525650038525,282.39104100156266,5.543681143254003,-78.02230073193331
17.30206118181465,282.3668062280534,5.243278099014375,-78.9162729483127
17.322433757528078,282.3343225570937,4.946914578914897,-79.80401637944726
17.345446988687637,282.2935406040851,4.659737040416584,-80.66970649661442
17.370863205915313,282.244583758181,4.386125476398661,-81.49940832240921
17.3984466260912,282.1876651432227,4.129440089216103,-82.28195974723471
17.42799634724778,282.1230185434756,3.8919095712374543,-83.00945520807774
18.11710261214096,280.1117684859718,7.294674258456807,-80.03637976676455
18.08528387715548,280.21061017796086,7.004239417363753,-80.66804396304813
18.05554577466041,280.3050579271277,6.706663643385357,-81.31677633132134
18.02862344653186,280.3927699442835,6.407551856629262,-81.97042635264883
18.005100719496557,280.4717335661372,6.112555131928834,-82.61660202016846
17.985386431408305,280.5403710287542,5.826927279214497,-83.24364007580628
17.969714845177073,280.5975839485174,5.555145587449749,-83.84145769923377
17.958164625956083,280.64274296020926,5.300650402249862,-84.40216327869304
18.845943165209498,278.1801066340889,8.430412867943376,-82.43973644774353
18.784601672921735,278.34814837299547,8.165152318963303,-82.89298300889953
18.72353446007956,278.5171149842873,7.889485154864716,-83.36404361960805
18.664008394362824,278.6835393251713,7.608532454637994,-83.844195870093
18.607178753934736,278.84412759240143,7.327812301670071,-84.32403250222454
18.5540051260289,278.9960060158577,7.052806913020039,-84.79419592590973
18.50519775119919,279.1369017085081,6.788535428944279,-85.24610503566821
18.461199193199096,279.2652359908864,6.539202496449798,-85.67255578272957
19.37634220072728,276.7983812934255,9.198810006809829,-84.14002290508758
19.299601744364438,277.0002713838969,8.95984029736412,-84.48375924936079
19.221464608724297,277.2075280064912,8.709304275353173,-84.84383235430741
19.143422967792972,277.41631056771985,8.451788497393123,-85.21366641796983
19.06692862902688,277.62275566315543,8.192474418721995,-85.58586638816774
18.9932737769135,277.82329530237735,7.936750422262247,-85.95277332157413
18.923497350339893,278.01492789403187,7.689789398228711,-86.30706374031081
18.858330873957108,278.19539930929005,7.456162310828942,-86.64229352815632
19.714972068972763,275.92630339178777,9.666426243205557,-85.20516007959867
19.631135692784756,276.1426907752726,9.447142001597802,-85.48746677428524
19.544770325978764,276.36729257843126,9.216149793093381,-85.78453797054122
19.45743068007526,276.59623472384914,8.97765928680016,-86.09098679944476
19.37068790357404,276.82547923393696,8.736569529432208,-86.40058823517545
19.285994907894803,277.0511686214178,8.498121689015065,-86.70672561958919
19.204570683444555,277.26994199259235,8.26749612690055,-87.00290064810024
19.127322208925207,277.4791703555476,8.049418707566307,-87.28322583266105
19.912720509993584,275.4204105042702,9.932168606043813,-85.8200503312334
19.825745311241057,275.6427235075066,9.72529873464598,-86.06945658146374
19.735580363855593,275.87485920841686,9.506865511345145,-86.3325404991797
19.64378629883427,276.1129969333902,9.280856512888072,-86.60454060115799
19.551975412686154,276.35306908885684,9.051992171835844,-86.87986554160487
19.461671035096124,276.5911131407642,8.825405316769467,-87.15248085811396
19.3741807795912,276.8236086702967,8.606254065948574,-87.41636765791736
19.290505376340263,277.0477406330743,8.3993305350388,-87.66597868715021
14.82960453157728,288.4588724586291,2.9317897445764145,-71.56142197203103
14.949420722406014,288.1508209322394,2.6970002271104736,-73.04755062041158
15.068312752131208,287.8421806610551,2.470518233023326,-74.50596646655426
15.184792389772449,287.53666312479993,2.2555421404408986,-75.91334328497373
15.297704618344309,287.23719755251034,2.054486058071156,-77.2501038564802
15.406290167935198,286.9457479477697,1.8689100082823182,-78.5014316090438
15.510198110554425,286.6632606592479,1.6995423207479692,-79.65770333623627
15.609450556040354,286.3897434765015,1.5463762411290545,-80.71435565670355
15.433413566389426,286.66357146238886,4.3589270217329155,-74.04393865872893
15.501412066190142,286.5018480490748,4.075635961594193,-75.24218947968494
15.57114489271845,286.3334365896556,3.797070466951945,-76.43503247969706
15.641680690842906,286.1603073561389,3.527893916769082,-77.60160977358608
15.712198241984288,285.9842378867687,3.2720214650108708,-78.72330348363407
15.782057862930694,285.8066332828336,3.0324086466709095,-79.78492186245441
15.850843385778841,285.62841377458665,2.810963622970047,-80.77542123369018
15.918369005239729,285.44998932879,2.6085787555658944,-81.68810813641264
16.175469632300974,284.5024496926884,5.955243590939883,-76.99351508246252
16.191031998929322,284.4832076286051,5.6496104058698275,-77.89288832240798
16.20936108212633,284.45605315914605,5.342567889589305,-78.80250030507347
16.230336641860838,284.42068448900045,5.0397450739739025,-79.70561161631251
16.253768514763816,284.3770202115429,4.746346888353686,-80.58626128227607
16.27943721762084,284.32513021959807,4.466784967896787,-81.43043754939046
16.307133728930754,284.2651578644721,4.204425007508822,-82.22696140062841
16.336688634915003,284.1972579461658,3.961478782458363,-82.96796290874872
16.941216879061912,282.32278847669255,7.443297791079217,-79.92823628047009
16.914644933159042,282.4126785526738,7.145556087318634,-80.5726180728863
16.890102213511685,282.49799521990474,6.840638656750684,-81.23417269932547
16.868235219388964,282.5765059286736,6.534251489588212,-81.90058001128308
16.84955571065532,282.6462835878078,6.232126237830542,-82.55931400896624
16.83442214117909,282.7058036108734,5.9395703512892855,-83.1986244123975
16.823041942431058,282.7539848011593,5.661085468421473,-83.8083924860572
16.815489247035316,282.7901808763703,5.400108760452694,-84.38073865128203
17.599292260762965,280.4888867314155,8.609373667225732,-82.36806224064091
17.545922624181255,280.6444413229414,8.336733363450147,-82.83123634267831
17.49298043552606,280.800431508195,8.053522545360545,-83.31244640967557
17.441595462140945,280.95356159412466,7.764967019962926,-83.80283311833044
17.39279553193622,281.1006990115626,7.476675466019015,-84.29287325807243
17.347433555921814,281.2391040297561,7.1941974830677715,-84.77312629601533
17.306141643978197,281.36659813944704,6.922591049900252,-85.2349679112819
17.269316073852274,281.4816517120989,6.666070338474569,-85.67119091704909
18.078012674948592,279.1766669880386,9.399584509212202,-84.09810132209842
18.01064443800796,279.36442126433786,9.153433163981168,-84.44967023050559
17.942210124197942,279.55680445694253,8.895459040697856,-84.81784308820583
17.874046346776595,279.75016573786854,8.630347276949072,-85.19593879014404
17.80745023256444,279.94083525717247,8.363369496967731,-85.57646868269738
17.743574496569433,280.1254217145302,8.099985640647878,-85.95170297158417
17.683345673910082,280.301065407826,7.845414348552042,-86.3142774563697
17.627417263303162,280.4656076398372,7.604243704285975,-86.6577397165185
18.383668416891556,278.3480476198717,9.880956522157241,-85.18387926820152
18.30983128672516,278.549643939403,9.65473850903908,-85.47267800898518
18.233912170429306,278.75856403030514,9.416501981533806,-85.77651612321586
18.157306678592878,278.9711234257502,9.170547067503911,-86.08992353864757
18.081421266650086,279.1834870161338,8.92185839942822,-86.40659936027562
18.007554303680212,279.39199126839026,8.675748020978652,-86.71986696064167
17.936794036422782,279.59344081729347,8.437443335387252,-87.02319346171237
17.86995069943799,279.78532764600766,8.211690438394568,-87.31068288879736
18.562215196606086,277.867115728407,10.154577658629714,-85.81155397842532
18.48550651340794,278.0743951345523,9.940970063503206,-86.06667189220822
18.406121633163764,278.2905230135743,9.715460215553362,-86.33573857990595
18.325463011928335,278.5118643213829,9.482119775961399,-86.6139225895685
18.24497539409709,278.7345554832863,9.245750549412268,-86.89556753388017
18.166021135837845,278.9548345984384,9.011553704195872,-87.17458768737426
18.08976845158665,279.16935695301123,8.784734286502173,-87.44493345394461
18.017111467242366,279.3754413516604,8.57010525943991,-87.70105067659013
14.016284693641133,290.094742030516,2.970454607552214,-71.3842423940671
14.12830395565122,289.7974436040535,2.7320194163016285,-72.88802973840968
14.239421971088058,289.49932320303776,2.5020721027288393,-74.36368939562925
14.348271251418478,289.20388115605266,2.283832469094847,-75.787746581066
14.453800046080591,288.91385920546276,2.0797211464406975,-77.14053361652286
14.55532863658173,288.63106728831565,1.8912912539240154,-78.40720367381313
14.652558994315813,288.35633649422925,1.7192534291344324,-79.57815867194887
14.745539993168318,288.0895990527821,1.5635756812150037,-80.64890583223739
14.569689882745283,288.3759550660635,4.4245359498545564,-73.8870445197687
14.633976038255732,288.2185603305327,4.136398371152319,-75.10118319798858
14.69986512388691,288.0544941301057,3.853148100377482,-76.30965928396937
14.766492829252526,287.88560297949783,3.579494168296441,-77.49145555702202
14.833103779000684,287.71353857949026,3.3193777998620484,-78.62784919324947
14.899117275841947,287.539586830758,3.0757612746851737,-79.7036015884945
14.964165061129957,287.3645626611306,2.850542462449013,-80.70767729435276
15.02809598548868,287.18878967397865,2.644590170938554,-81.63343730396896
15.248368557519152,286.3092311488164,6.052485658183139,-76.86361445813912
15.264489123290064,286.2878424937885,5.741059584900906,-77.77660803084936
15.283211908062295,286.25859560775126,5.42830911152237,-78.69976600983784
15.304411511563945,286.22117959167866,5.11993349418734,-79.61618871654045
15.327903559660577,286.17548475023045,4.82118743222863,-80.50979757923041
15.353483538512188,286.12153541545507,4.536508249559164,-81.36651906763025
15.38096360279548,286.05941690418683,4.26926524970076,-82.17516189501002
15.410198718277872,285.9892191014496,4.021654364158253,-82.92789015517272
15.94748550378699,284.22625581529076,7.572227180908681,-79.82994823453348
15.92498190863144,284.3089644552868,7.268193035162216,-80.48537920191427
15.904445493990892,284.386977009143,6.956954148571832,-81.15807307833629
15.886451418353415,284.4581501806943,6.644302999359356,-81.83556386324227
15.871453617465953,284.5206262280379,6.336039659145982,-82.50521122192752
15.859770125193709,284.57292313663305,6.037516477595004,-83.15519173902425
15.851586681659237,284.6139728118964,5.753254571583587,-83.77535815240405
15.846973367582034,284.6431143011587,5.4866868171399865,-84.35784405076937
16.5476419029334,282.47401107224,8.76516421072406,-82.3009364211735
16.50058737186254,282.6193900152816,8.486158621145403,-82.77276952463814
16.454062080373248,282.7648288600372,8.196442109410416,-83.26283229753311
16.409084367776497,282.9071742778803,7.901330380993618,-83.76214706558913
16.366578870790022,283.04342676595513,7.606509317214223,-84.2610910800834
16.32731234542069,283.1709565759737,7.317585275273648,-84.75015346505079
16.29185384312607,283.28766214194036,7.039647961601213,-85.22067478871469
16.26056226893712,283.39205307815536,6.776918341520648,-85.66544639677161
16.98402130566695,281.21995963677114,9.57482036651023,-84.05640054761986
16.924130122127384,281.3961240781567,9.322464653483856,-84.41482925297181
16.863418118934757,281.57633648996125,9.058065414005263,-84.79009713102633
16.803094810870125,281.75710496287576,8.786392651937247,-85.17543159802588
16.744331520127496,281.9349206416903,8.512795053573726,-85.56326321832789
16.688167918434566,282.10653833134984,8.24279305871193,-85.94580170659604
16.63543966147429,282.26921495679426,7.9816431539215325,-86.31564899268976
16.58673727024854,282.42086960672367,7.7339463366132435,-86.66634726463649
17.262616001175346,280.42779897671466,10.06856970799504,-85.15978583582283
17.196781053314876,280.6172322712501,9.836351714569526,-85.45429262745888
17.129204133046702,280.81328068690726,9.591847192991242,-85.76408237388296
17.061150415200025,281.01241944021905,9.3394343136115,-86.08361244829443
16.99389205905776,281.2109828752829,9.084171117846866,-86.40651598321709
16.92860178570396,281.40546879954377,8.831429462955096,-86.72606548126859
16.866262035710857,281.59281826497295,8.586476095460078,-87.03569851132154
16.80760485387072,281.7706225045187,8.35407265388429,-87.32951337970631
17.42536841469745,279.9678739332508,10.349380676327403,-85.79830831170719
17.356888420373007,280.16277204922596,10.129933080044967,-86.05846612880303
17.286126690675836,280.36573971038393,9.898290181399897,-86.33281415745911
17.2143557596223,280.57329867575373,9.658596365025732,-86.6164596889563
17.14288348467159,280.78175633348854,9.415723291507682,-86.9036897289276
17.072941251363225,280.98751783454566,9.174930188231063,-87.18837436395299
17.005584228341533,281.18738390230254,8.941461196872542,-87.46443812909854
16.94162033470882,281.3787833869338,8.720145517132059,-87.72632207146582
13.314558622448299,291.5272998479384,3.004259186084827,-71.22605270269379
13.419877416663557,291.2393762776578,2.7626289270682785,-72.74531887233869
13.524312601207795,290.95043210553155,2.5296463158964824,-74.2360857165186
13.626597496020118,290.66378843451116,2.308549451000873,-75.67475061288124
13.72576576625621,290.3820288487532,2.101764075326076,-77.0415696952656
13.821202537649642,290.1068344352713,1.9108366260348952,-78.32167282241235
13.9126517547477,289.83894106313903,1.736461600720163,-79.50548726647426
14.000182034949962,289.5782198405368,1.5785842932242755,-80.58858539260514
13.825877090480995,289.8733302774731,4.482291693896324,-73.74642787135522
13.8868863131941,289.71984787626724,4.189899518770096,-74.97450249307971
13.949382653063628,289.55971394787724,3.9025381797159886,-76.19668563074225
14.012558287756153,289.3946689742155,3.624956338592971,-77.39182222024547
14.075712703094169,289.2262576826052,3.3611175213585613,-78.54109977434308
14.138313668233497,289.05566549439885,3.1139892606684203,-79.62924127868877
14.200031524750184,288.8836194210423,2.885459695721702,-80.64522132611964
14.2607421850208,288.7103717776192,2.676376276916009,-81.58245149059466
14.451735653777554,287.8865139691373,6.138341987445341,-76.74629171333888
14.468149251688255,287.8635351486476,5.821827622727571,-77.67125824833673
14.487017533474575,287.8327565366633,5.504065032671889,-78.6063198839752
14.508211683088474,287.7938579102525,5.190814812107417,-79.53443703195903
14.53155271373013,287.7467043085334,4.887374399555511,-80.43943132239033
14.55684857446385,287.69128096923464,4.598203253851715,-81.30717553857484
14.583928532150873,287.6276241339651,4.326672900912011,-82.12647058176354
14.612666811188014,287.5557694485851,4.074964539097331,-82.88951279816001
15.095389799557875,285.88537310463477,7.686259556851952,-79.7398667406965
15.07611042182074,285.9622071861618,7.376694829854876,-80.40504687094152
15.058732579006824,286.03425959753906,7.059901647295359,-81.0875664815967
15.043772948560713,286.0994611290875,6.741748105384438,-81.77483193111242
15.03163817309515,286.1560112135383,6.4280937320680325,-82.45410350810614
15.022613208570338,286.2024625684055,6.1243294569462305,-83.1134950930043
15.01686588984979,286.23775732269013,5.834992518411159,-83.74283624960022
15.014462615162635,286.2612217581905,5.5635109877974145,-84.33427421332969
15.647349245495977,284.2022851186369,8.9031444775787,-82.23772654621344
15.60539744741116,284.339230951068,8.618538701724031,-82.71723560134764
15.564043243568044,284.47594051156096,8.323100397210455,-83.2151442207461
15.524212900839045,284.60938017950144,8.022224078694927,-83.72237047506854
15.486746030481259,284.73666183017076,7.721662918065214,-84.22920444251758
15.452338513576914,284.8552473724464,7.42707229345271,-84.72607426165273
15.421507534951296,284.96309898495696,7.143568830980313,-85.20429062773317
15.394581103142283,285.0587585846353,6.8753779822929095,-85.6566460908265
16.048478784939366,282.99755324632184,9.730206744199162,-84.0151392456058
15.994665260008532,283.16406720273363,9.472386072465515,-84.37967771419143
15.940217463934161,283.3341606277245,9.202329287211601,-84.76126404721516
15.886239490412589,283.5044760390662,8.92488098349992,-85.15304458315032
15.833798665169853,283.6716400993587,8.64545719095673,-85.54737865919375
15.783841434885243,283.8325300772388,8.369630775844993,-85.93642309596346
15.737128592571866,283.98450029806037,8.102690342761182,-86.31275108525406
15.694198867613313,284.12553418001323,7.849247387534929,-86.66990038203379
16.304524325649368,282.2363488717644,10.235095580085996,-85.13372248918904
16.245209978384064,282.4156327922215,9.997586524746403,-85.4333344869604
16.18441863507304,282.60095544207525,9.747556318979834,-85.74844714538168
16.123307035091827,282.78892759421166,9.48945187511447,-86.07345320511148
16.063036109426243,282.976026680431,9.228395519856619,-86.40192730284375
16.00467479924426,283.15888614668705,8.969811063119197,-86.72709716103667
15.949118320833575,283.334561250869,8.718998888060796,-87.04237477003335
15.897034335899198,283.5007258896105,8.480733126370296,-87.34185422843842
16.454099649451063,281.79429123248264,10.522427949930023,-85.78158471493711
16.392332565489966,281.9788471351921,10.297824632664215,-86.04626551330973
16.328593945884155,282.17083651376834,10.060768965406078,-86.32535336438126
16.264048174918667,282.3669145089361,9.815469501635448,-86.61390077155905
16.199889612407368,282.5635331217196,9.56685917907624,-86.90614432432497
16.13724136883283,282.75723817133814,9.320247743562902,-87.19591500574265
16.07706535506697,282.94495234022554,9.08091283973057,-87.47711479671993
16.020098478754672,283.12419631649357,8.853696820667025,-87.7441811430605
25.590829074390673,264.921773924936,2.7023043229275525,-72.99414652979948
25.78006074371838,264.5399804104681,2.5035203618965305,-74.28383531373944
25.967873802974065,264.1606994263615,2.3106042894135115,-75.5551068032651
26.15102416392673,263.79049280406946,2.1266844833179377,-76.78569810369332
26.326664394965402,263.43512966536446,1.954289515836084,-77.95614860267642
26.49251844398232,263.0992287377458,1.7952414467044984,-79.05091271188687
26.646977427513992,262.7860611739808,1.6506321631163632,-80.05897043765906
26.789114060080973,262.4975194336706,1.520870873358531,-80.97392691422533
26.915721887623516,262.10305869085647,3.830089317296616,-75.14667853039546
26.993666730343012,261.95579203541996,3.5947387527339627,-76.17948205078281
27.074382109872875,261.80270752035176,3.3617966707765548,-77.21310460838598
27.1561340418412,261.6471090850192,3.1356000768192636,-78.22796591152233
27.237148928880345,261.49241374030123,2.919990723612523,-79.2058714509306
27.315765221926466,261.3418544337065,2.7180782640797028,-80.13124434335442
27.39056021622485,261.1982270133047,2.532103182394548,-80.99199142680358
27.46043372482314,261.06371892738844,2.363406840887642,-81.77990729297758
28.56330043484496,258.7007009287509,5.08375601739736,-77.6696367613568
28.52656328411296,258.78250339780624,4.833738330573755,-78.4404406559301
28.49324781046345,258.85834233047416,4.580816469958114,-79.2246975208203
28.463647694093282,258.9274121706498,4.330036238239889,-80.00696754138201
28.437709651942537,258.98956922127775,4.086299511278383,-80.77190601075175
28.41507143448774,259.0452842118337,3.853999226469429,-81.50541994376259
28.395139097943506,259.09551384477163,3.6367338012617494,-82.19562788299699
28.377184572870185,259.141524635824,3.4371353873473205,-82.83349943388997
30.27372231428189,255.28028859805994,6.240694790156349,-80.13032579352797
30.144174505391728,255.53580127113372,6.000187235899271,-80.68343660720049
30.01495760539848,255.79262264961133,5.75220242638029,-81.25469023083569
29.88819400995126,256.04657449707986,5.501723129849914,-81.83284595909318
29.76563329474769,256.29408703858513,5.254011307628809,-82.4059772686654
29.648521834737576,256.53248126598385,5.014199554613242,-82.96239329425616
29.53755111044206,256.7601097633344,4.786903613437885,-83.491522535684
29.432885556026115,256.9763443876654,4.575916783274945,-83.98461987736371
31.742907119476392,252.42623646513667,7.137085167793609,-82.13089793848961
31.554626984282336,252.78393420074497,6.918678225473062,-82.53355360917362
31.36205430057067,253.15237924096246,6.690448815602337,-82.95412153100644
31.168399943038057,253.525643463796,6.456911472091102,-83.38448007311696
30.976684194519564,253.89799413456493,6.223163630227774,-83.8155234374801
30.789468844888525,254.2644138495764,5.994510186340786,-84.23783842197365
30.60866577817814,254.6210005781681,5.776052957693273,-84.64243304457206
30.435451951667133,254.9651805649454,5.572312681040224,-85.02139728226373
32.80717329106031,250.4039460144663,7.738663451569488,-83.52183987253522
32.58856990108747,250.81028256199463,7.542210956597966,-83.83380148129835
32.36173196040977,251.2348196295775,7.335336006860953,-84.16197380587965
32.130294091525336,251.67111188434146,7.12210231202044,-84.50012366891472
31.89791303562418,252.11249583457334,6.90731560033557,-84.84097858932664
31.66792766885154,252.5527158746703,6.696201740377433,-85.17673156005931
31.443072079408847,252.9864835208976,6.494015186737695,-85.4996344469361
31.2252936374601,253.40986548732673,6.305640772842893,-85.80258328451687
33.48351845838553,249.13739732325084,8.102623915197226,-84.38241614761736
33.25107057348576,249.5639843618021,7.922221643650966,-84.64401890819761
33.00781440572917,250.01339791375415,7.731524669229913,-84.9203211695146
32.75748003226719,250.47918927350992,7.534301745257153,-85.20611814238936
32.50397279843497,250.95441541557216,7.335135910552519,-85.4951826424641
32.251005695381664,251.4322958149982,7.139144768606209,-85.7806697491374
32.0017621312276,251.90684731293007,6.9516140450487,-86.05562218122714
31.758652917858488,252.3733749271505,6.777600964872878,-86.31349585383377
33.87721186442051,248.40646674008624,8.308630643226081,-84.8754374484295
33.638674671469246,248.84110826894639,8.138226700365145,-85.1101906732934
33.38785537165815,249.30113998687605,7.957788643985072,-85.35865907125276
33.12847655636576,249.7802220231067,7.770919473905211,-85.61617579951799
32.864527326574894,250.27136275039427,7.5820689348383485,-85.87707535751227
32.599886610790556,250.767580513736,7.396279837116437,-86.1350448346584
32.337962102562386,251.26257097710794,7.218840079266448,-86.38357888491633
32.08141378472767,251.75125141000998,7.054891879434333,-86.61646782775435
22.67828027349037,270.13407243042934,2.7955446134951716,-72.55149555619236
22.849772177025844,269.7669388065616,2.586522202523896,-73.89744097742812
23.02029567159676,269.40103205083244,2.383839331087406,-75.22373236063346
23.187115668655313,269.0422083052454,2.190704532779147,-76.5075112762421
23.34787737162717,268.69553402317763,2.0096842702985014,-77.72890207278503
23.500748225610835,268.3649729464848,1.8426000723325442,-78.872127249275
23.644489830774244,268.0532236499259,1.6905111874087086,-79.92611261990713
23.778456315051077,267.76171744013664,1.5537709518500984,-80.88455942903899
23.797280918107482,267.5604356954231,3.9944333704203396,-74.78987415989764
23.874261665544328,267.40718776450956,3.74560233801808,-75.8707913449988
23.954064574617245,267.24731675488897,3.4995599727581785,-76.95191957931962
24.03519197993542,267.0837822243521,3.260796513818711,-78.01308748625047
24.11614688370274,266.919590478568,3.033254709113127,-79.03565609823599
24.19556392113501,266.7575226296359,2.820090381097317,-80.00377748285061
24.27231240234132,266.59991513724566,2.6235411220552516,-80.90525222180518
24.345557291813822,266.44852470110465,2.4449054545809603,-81.73191611503795
25.18887510072621,264.4498774904242,5.329484303421283,-77.42518412269732
25.168269109255323,264.50644677166804,5.063713893666709,-78.23414563603966
25.151318107411043,264.5558739470481,4.795142973133906,-79.05657371653953
25.13821284304484,264.5974281089724,4.5290397426396565,-79.87648826458876
25.128866838258944,264.63095250286614,4.270477793389358,-80.67811123943922
25.122958224208414,264.65680807316727,4.023960575873833,-81.44705267737919
25.119998894043192,264.6757537020852,3.7931342464655664,-82.17127950695865
25.119413779734955,264.6887956195727,3.5806224819849057,-82.84174448827356
26.6362853384318,261.3135310401246,6.564424520811737,-80.01072434377794
26.53612110698628,261.53077285638165,6.307405912919019,-80.59187195320965
26.437259790186005,261.7471217991208,6.042650221795686,-81.19160258192578
26.341445541497528,261.9587609457882,5.775394622898099,-81.79824370350481
26.25009870699611,262.1624417865298,5.511120587257861,-82.39949644065314
26.16421970550796,262.3557209039746,5.255125715478768,-82.98339056420014
26.084356511483648,262.53707257815114,5.012125630443434,-83.53918665267602
26.01063345734297,262.70587192884597,4.785948747437808,-84.05808151582661
27.883662587091937,258.686056594143,7.523438050344297,-82.12582903078574
27.732490846867567,258.9993040416342,7.288958879446278,-82.54825385270496
27.578872333846988,259.3200685594672,7.044091641661211,-82.98918474744949
27.42550702522129,259.64287296651395,6.7935952131855,-83.4401912684882
27.27490468395895,259.96246618001055,6.542796036219288,-83.8918849611227
27.129171483251685,260.27427958115595,6.297188280553529,-84.33462638310337
26.989862631005156,260.5747710863476,6.0620057992136305,-84.75927433377838
26.85792182733216,260.86160317446695,5.841836802731595,-85.15785379258857
28.79042920790924,256.81715392391004,8.168151692397746,-83.60400684673716
28.612456938142095,257.17708282961087,7.956503608396394,-83.9301788483787
28.428758183012743,257.5513071699967,7.7336811721514875,-84.27313895950412
28.242429262864174,257.93381278013106,7.503964065763014,-84.62643842614173
28.056545693432287,258.31844986764895,7.272372723837244,-84.98259971130403
27.873884086086292,258.6994937013072,7.044321364120138,-85.33364581275274
27.696693403558207,259.072136023224,6.825205654516083,-85.67171251852143
27.52655501885915,259.43281913455104,6.6199924545191955,-85.98964293841567
29.368294999333553,255.64325217289567,8.558634978338384,-84.5218554129415
29.177836446740944,256.02315044919953,8.363818844858411,-84.79439215556833
28.979475536053073,256.4216139053013,8.157863101279533,-85.0821436948064
28.776415560630355,256.83258315426656,7.944726627124766,-85.37974563947819
28.57196493776198,257.2496152000115,7.729188933787935,-85.68081608872426
28.369232327986225,257.6664784535191,7.516546207531467,-85.97838035821067
28.170853502522952,258.0777170169969,7.312223049114995,-86.26539297325637
27.978800448624348,258.4790777595556,7.121361821362354,-86.53527146675931
29.705285413955515,254.96450499468045,8.779794946354796,-85.04885175255104
29.509221141053164,255.3526043763829,8.595507773929132,-85.29274045062486
29.303995675910002,255.76165927691355,8.400298815793523,-85.55080709860849
29.092820966939822,256.1856868786659,8.197943909140287,-85.81825549085455
28.87909040313282,256.61817720760195,7.993075677898859,-86.08929385342803
28.666064097265505,257.0526964279513,7.790906516497779,-86.35750346486702
28.456574236303712,257.4834833577131,7.596858775814288,-86.61630825540021
28.252805249034576,257.90592693654565,7.416158557917624,-86.85947147017659
20.46655052006991,274.25633832592786,2.8746005246609334,-72.16358114004785
20.622886587625462,273.9040674131826,2.6571601965307927,-73.55471231222882
20.778479355151717,273.55215690530014,2.446453661477054,-74.92519198162024
20.930969456063437,273.20590287764446,2.245751020007767,-76.25171197656961
21.07835920383799,272.86982520458463,2.0576456154705314,-77.51408987730704
21.21913220135312,272.54738554732256,1.8839540962085741,-78.69639176440522
21.352308762406004,272.2408504597216,1.7257047977447402,-79.78752852642944
21.477434788502908,271.9513083128933,1.583201536474025,-80.78130491938724
21.430812403089682,271.88024316056493,4.133692678414526,-74.46644489831407
21.505259112177413,271.72512429481355,3.8736938193433272,-75.58657751153605
21.582424173320813,271.562955059889,3.6168130755523875,-76.70639914507973
21.660986496636045,271.3964171040371,3.367662143889153,-77.8052805269955
21.739652202075167,271.2281912795294,3.130260941271359,-78.86425020479382
21.81726950825103,271.06070690147857,2.9077973909529686,-79.86726734091476
21.892914990343282,270.89594734094294,2.702500535455684,-80.8020758835994
21.96593928647194,270.73534118223284,2.5156280357251184,-81.66057218250535
22.62841277394284,269.00814495583774,5.538352663160519,-77.18678155328294
22.618386074405446,269.04671331219294,5.25938939514664,-78.02754527043017
22.61199315396391,269.07750540429697,4.97774167327166,-78.88174052418431
22.60934846253139,269.0998497970719,4.698857211470578,-79.73295797873519
22.610342148479397,269.1135766042572,4.427945043488075,-80.56508439352069
22.614683007924697,269.11895667183074,4.169592370066416,-81.36350870772172
22.6219607664007,269.1165901678393,3.927475852623825,-82.11610165055004
22.63171201384787,269.1072760917949,3.7042038090146634,-82.81382793433283
23.874145793596295,266.1081686586363,6.841068338441432,-79.86830274939828
23.79506434500841,266.29584478367804,6.570024740852552,-80.4734816690994
23.717768249588325,266.48124419912443,6.291067361123092,-81.0975741608988
23.643709458819938,266.66086031305207,6.009644469676954,-81.72855160624168
23.574059509464057,266.83171102553575,5.731415537394093,-82.35381563707804
23.509637154965045,266.99154124915196,5.461807574502795,-82.96117978410196
23.450888153906888,267.1389158936534,5.205609451692315,-83.53978469625214
23.39791313794498,267.27320224956514,4.966667819815426,-84.08080151217143
24.949222856447534,263.6728672201307,7.855509164966101,-82.07319971211517
24.82555904489265,263.9504961797981,7.607180066684914,-82.51307901670297
24.70056888775957,264.2334394342878,7.348028057135536,-82.97195572086723
24.576544031759852,264.51663161457304,7.0830205604993015,-83.44113582099915
24.45559700266706,264.79524118529184,6.8176748826267835,-83.91099511049931
24.33948806271256,265.065075519343,6.557638279793935,-84.37171144163776
24.229508843318737,265.32288226831565,6.308246291117301,-84.8140301800112
24.126437655388937,265.5665029712066,6.074132603167706,-85.22993678457578
25.732256330973524,261.9362018668607,8.539047099208604,-83.62100676996498
25.58492594920194,262.2581604773677,8.314154002485449,-83.96007147483243
25.433496485944993,262.5916361828968,8.077485440242636,-84.31643138966378
25.280621055887718,262.93103300227494,7.833510009766306,-84.68344900950582
25.128911655393303,263.2706686504182,7.587431288802662,-85.05347089890134
24.98070854965865,263.6052795425066,7.344819559855722,-85.41837821866335
24.837894174202813,263.93045786933186,7.111182652042793,-85.77021459094938
24.701782327299213,264.2429450623019,6.8915468320626285,-86.10178741078352
26.232127296920623,260.84310494412347,8.95370060018533,-84.58517525381536
26.073637177423674,261.1843465476631,8.746225123695153,-84.86785475231335
25.909188012894692,261.54105138944186,8.526920995425495,-85.16622211756194
25.74153978317276,261.90755691633234,8.299916356079406,-85.47477110960543
25.57351642722225,262.2778906586527,8.070161056428892,-85.78698471620864
25.407750291153025,262.6463106438731,7.843101607266686,-86.0957778337902
25.24645754495919,263.0078103545705,7.624275414986832,-86.3940321112865
25.091283459758426,263.3584985942947,7.418888086693504,-86.67513916684288
26.523981896452245,260.2102012924802,9.188779137705428,-85.13988041860327
26.36042131531735,260.55951275100097,8.992243644172522,-85.39238079092
26.18981811357016,260.92651172371967,8.784054656237434,-85.65949752915951
26.01494842512501,261.3055922764318,8.568143593447418,-85.9363186221584
25.83871680906044,261.69070773680176,8.34930323232522,-86.21694092310148
25.66389108720313,262.0759208872361,8.132890241905839,-86.49485430054885
25.49285821928118,262.455940855672,7.92443705121692,-86.76342392234336
25.32744552266156,262.826547726088,7.729233525386017,-87.01639387627911
18.730174405885307,277.603077081639,2.942528005194858,-71.82489053468002
18.873736713534605,277.2647165357652,2.7180327665652277,-73.25309247601422
19.016667941910317,276.9261026985703,2.5006076792321505,-74.65980803612372
19.156893236409697,276.5920828266735,2.2935713092579673,-76.02137987218336
19.29268138998726,276.26674487214586,2.0995365735707185,-77.31739228372972
19.422747988474416,275.9531590402622,1.9203130379368978,-78.53180298684792
19.546299141071216,275.65325992314484,1.7569003076451328,-79.65353063379376
19.66301457956234,275.36787633186725,1.6095581757543838,-80.67648378708677
19.5758310022785,275.38663772127865,4.253054301771972,-74.17792155229886
19.647188360879046,275.2318555565574,3.983657637789132,-75.33055015020572
19.721104501941905,275.0697975041674,3.7176666194839427,-76.48241118572611
19.796394165505152,274.90291785779385,3.4597915466372897,-77.6125114079034
19.87191690005567,274.73363590563747,3.214113202808283,-78.70162197350419
19.9466793899668,274.5641026226968,2.9838423401176235,-79.7335616847612
20.0199092897006,274.39602571847246,2.771196818357296,-80.69604701318642
20.0910903723629,274.23058010278197,2.5773962841576434,-81.5810430655094
20.624162350608387,272.70876545825314,5.717512589247356,-76.96460461681211
20.621202032809144,272.7343450349372,5.42737985068714,-77.8321413091327
20.621748704670885,272.7518100480881,5.134679253681987,-78.71304808529794
20.62586114884701,272.76053224627395,4.8450066371175415,-79.5905662920242
20.633413775627083,272.7603265764744,4.563680492685855,-80.44831609392048
20.64413949010144,272.75138825303884,4.295352785388941,-81.2715196476896
20.657686278670955,272.7341887909211,4.043720425811748,-82.04798366092429
20.673673217078193,272.7093614383047,3.811373205145092,-82.76870085494785
21.713718593793175,270.00339493812913,7.079018986884781,-79.72176104586663
21.649984479373895,270.1682156288879,6.795998215942366,-80.34759237790495
21.58826450164915,270.32986225034216,6.504940587722345,-80.99258837142588
21.529786283508518,270.48508317416145,6.211471151529986,-81.64442325644507
21.475533105692318,270.6311101218373,5.921395768870673,-82.29025376299832
21.426188294066943,270.76583509648447,5.64024484255097,-82.91772280552232
21.382123225520676,270.88788926744064,5.372862622051476,-83.51588220497183
21.343423533759278,270.99662664145853,5.123103647976075,-84.07589736606536
22.654327957340104,267.72820440067704,8.142123237227464,-81.998398940399
22.551218200983573,267.9775314696188,7.881856969750052,-82.45361699209205
22.447484173302826,268.2306285438531,7.6104264547646485,-82.92823886692467
22.34509693963184,268.4827819032196,7.332977064577098,-83.41334454703701
22.245862402031513,268.7295086008403,7.055185992551734,-83.89911134572866
22.151277986122437,268.96692090943645,6.782825645906569,-84.37556739591817
22.06243851123907,269.19199513235765,6.521311174620312,-84.83337012355742
21.98000221907445,269.4027076218282,6.275307265016434,-85.26448141101775
23.340100071815854,266.102873354083,8.860136597291053,-83.60257875540547
23.21595943242059,266.3942121110648,8.623741431912896,-83.95321113223469
23.08880971743744,266.6950489685427,8.375083724970047,-84.32157758958994
22.96094975838851,267.00015689374845,8.118795951120633,-84.70087509986162
22.834628245309407,267.3042522439727,7.860237528275161,-85.08329851423736
22.71184927356541,267.602454101889,7.605108471596745,-85.4606094400245
22.594217733224514,267.8906784971898,7.359006484966038,-85.82477715733253
22.482849140402397,268.1659013265215,7.127001115539176,-86.16858527097249
23.778333438936716,265.0783260959562,9.296435643787307,-84.60462749654859
23.64420199219826,265.3881378604063,9.077911029201548,-84.89656270776251
23.50544888228246,265.71111704670346,8.846990786477464,-85.20460821393205
23.364475153737963,266.04195999838237,8.607951633861116,-85.52313145766074
23.223720898111143,266.37510308971883,8.365889860393848,-85.84549709730598
23.08544827116187,266.7052163919683,8.126378742563924,-86.16452412815985
22.951552398277144,267.02766312113806,7.895046781114868,-86.47303507842939
22.82343413368602,267.3388401003433,7.677147400933376,-86.76440261054233
24.0343970126024,264.48449736127145,9.544044065500387,-85.1821431138018
23.895692737515912,264.8021317773761,9.336786137322303,-85.44259796443188
23.75142269466446,265.13501171069186,9.117267723808657,-85.71806900177577
23.604007303763723,265.477877716656,8.889557828478099,-86.00354012540926
23.455961353433576,265.82509026587326,8.65858793590853,-86.2930093619851
23.309667590907807,266.1711346891745,8.429836812383583,-86.57988686143415
23.16717085593862,266.51110951842713,8.208927004562115,-86.8574882192653
23.03002938160025,266.8411097612744,8.001196892873171,-87.11954383208877
17.329350394493297,280.3804380894182,3.0016263028577295,-71.52822217361332
17.462134627338447,280.0546942385691,2.771117729541435,-72.98741676172573
17.594342168156366,279.72824149207435,2.547970669064615,-74.42441104239595
17.72411922155559,279.4055622386135,2.3355432323346648,-75.815265229621
17.84993913818022,279.0903966892983,2.136462827325183,-77.13938251916498
17.97069264889725,278.7855038285857,1.9525308583298746,-78.38064427325311
18.085723067181796,278.4925579792162,1.784720455768196,-79.52798981597687
18.19480583530978,278.2121875756523,1.6332520960319759,-80.57542812868687
18.082089627838663,278.29442877746925,4.356551269892743,-73.92144614055181
18.1502669755152,278.1411406565071,4.079127470979916,-75.10143685334123
18.22083067290974,277.980461131526,3.8053623891915525,-76.28025582289189
18.2927026888009,277.8146559426148,3.540048442520094,-77.43661125897502
18.364861780418646,277.64593039214367,3.287315296465084,-78.55107209780243
18.436435476822286,277.47621133559676,3.0503904496077814,-79.60735156860339
18.506764581058388,277.30698727369287,2.831479485227709,-80.593156379153
18.575430739709233,277.13923345834604,2.631767074914425,-81.50052252217424
19.013316007613344,275.7759253975803,5.8727750088113515,-76.76131357508693
19.015175209528664,275.79196486315635,5.573070230775778,-77.65165588883285
19.020376116190818,275.7997155747171,5.270910152553749,-78.5552919361147
19.028936549437983,275.79857969607133,4.972014760868097,-79.45517381903532
19.04072052561737,275.7883555118529,4.681792784888588,-80.33470526124933
19.055480374004574,275.7691738470856,4.404947765496502,-81.17897834259684
19.07290857339764,275.7414006729227,4.14519004505737,-81.97575757740968
19.092686218629854,275.70553523961,3.9050898637749087,-82.71607154108546
19.97994454235355,273.2312818009312,7.285479803106668,-79.57948626160126
19.927616332755253,273.37823277738465,6.992140998213223,-80.22318242190674
19.877396780463847,273.52140898624685,6.690677683401593,-80.88623686054459
19.830339539016173,273.65776621121296,6.386864730378657,-81.55607261392849
19.787283374323273,273.7847071640125,6.086630271496172,-82.21964282653377
19.74880870272669,273.90023887058317,5.795589160717869,-82.86445226501816
19.71523109639372,274.0030416250741,5.518628000890932,-83.47948743036727
19.686625990789377,274.0924539435766,5.259603523094614,-84.05591775735631
20.814226816278516,271.0893330193277,8.391304157282878,-81.91458076236427
20.72673158107805,271.3160447935552,8.120693278983248,-82.38329347008202
20.639066010119496,271.54541026195477,7.838644345454407,-82.87174878665272
20.552948531719466,271.77300976045086,7.550455476969722,-83.37083150083657
20.46994617073729,271.99464667426963,7.261939121846973,-83.87055005455942
20.391353729773975,272.20667960406536,6.978971442226939,-84.36080806852188
20.31811598567007,272.4062660977287,6.707030982262742,-84.83219380151965
20.250801378767576,272.59148528633324,6.450804030256834,-85.27665507395359
21.422739790797166,269.55729078743553,9.139819051494639,-83.56515961376928
21.31639131663599,269.823891243686,8.893406784931328,-83.92613105845166
21.207788669750556,270.0984839398444,8.634330787004869,-84.30521575599394
21.09894817707214,270.37615678414664,8.367365797413832,-84.69546509860534
20.991832596376803,270.6519592805241,8.098004491525193,-85.0889422879248
20.888184469565275,270.92132468958204,7.832055715006193,-85.47730716084715
20.789395159918318,271.1804304046539,7.575190070799046,-85.85246841937169
20.696430037645715,271.42643672692657,7.332509543078444,-86.20719279889255
21.811838221969527,268.5904731114177,9.595380592437493,-84.59863372586047
21.696490531661645,268.87474156133857,9.367201129293392,-84.89894819445222
21.577470978905477,269.1704390296343,9.126153311936713,-85.21574652526559
21.456892065353255,269.4725727748962,8.876643882356397,-85.54328358253964
21.336889769557505,269.7759247048373,8.623895372055662,-85.87481962697713
21.21943628883986,270.07550706840925,8.37358796869728,-86.203091198749
21.10617851484624,270.36698400058793,8.131425172507225,-86.52087070709379
20.99833067023277,270.64698248948446,7.902696649459026,-86.82151766007365
22.03930607940173,268.02965490304456,9.854176987363884,-85.19517544019864
21.91981975013206,268.321463762918,9.637531318288586,-85.46289711882136
21.795828501932103,268.62665476659066,9.408115881256702,-85.74599393273901
21.669465367887334,268.9402714818405,9.170120679082997,-86.03935622137276
21.54293499253861,269.25702108260714,8.92859722852364,-86.3368941388749
21.418317573675537,269.5717415265536,8.68912798042582,-86.63194798198107
21.297392309195292,269.87985055653917,8.457409830541453,-86.91779115493581
21.181511221119255,270.17769639980366,8.238818407942095,-87.18814431177485
16.173719671809973,282.7277865029544,3.0535893352024694,-71.26685529106439
16.29734846592856,282.4133470044153,2.81788150555011,-72.7523888681441
16.42042448172297,282.0978470859125,2.5897907137408613,-74.21509775243497
16.54127022210563,281.7854666707816,2.372708170322114,-75.63081155379761
16.658520007351232,281.47966117447635,2.169272285645406,-76.97878894802507
16.771200252409802,281.1829374945633,1.981275870159133,-78.24285666530407
16.878758232261365,280.89676187332583,1.809667719938719,-79.41198193395495
16.981039428507277,280.621605026692,1.6546330138169167,-80.48026905887617
16.85214021430898,280.7497199357114,4.44722703588349,-73.6930744135607
16.917250754292617,280.59850514537635,4.1628560165293775,-74.89643852803978
16.984580254618052,280.43984470435515,3.8823685959079928,-76.09826793874548
17.05313750679984,280.27584528950996,3.610626238313665,-77.27702488944196
17.121996039505223,280.108534701156,3.3517992346576104,-78.41311221910802
17.190377933977885,279.9396560521807,3.109127470786356,-79.490162906946
17.257710902221262,279.7705203148152,2.884803942779668,-80.49588501485944
17.323650269194587,279.6019427463464,2.6799812729704673,-81.4223843647579
17.68969609886863,278.3634303127842,6.008643967903519,-76.57656650979708
17.694906040802866,278.37232893828576,5.700641125442702,-77.48655988494798
17.703284003004875,278.3728578181209,5.390289571325935,-78.40976300802141
17.71481730877818,278.36444001797184,5.083414787335788,-79.32888513408894
17.72936322821317,278.34685649613806,4.785501619727953,-80.227148958997
17.746690091052287,278.3201825939279,4.501295188428252,-81.08954468860401
17.766525059104378,278.2846965582028,4.2345148606555565,-81.90380852696474
17.788596757832245,278.2407878964118,3.9877113782176794,-82.66100827841886
18.557851526101558,275.9526618353845,7.466212050612504,-79.44499688685698
18.514184878501105,276.0854317410169,7.163900492813035,-80.1042684384532
18.47264894930391,276.21401297979935,6.853400871114083,-80.78304981644888
18.434160409268344,276.3355305933365,6.54061655704402,-81.46854907043291
18.399445085729397,276.4475249712464,6.23157929454862,-82.14754754155274
18.369003516075413,276.54809407914377,5.93197407331791,-82.80743633413908
18.343108300375,276.6359550757898,5.646720804790435,-83.43715221962294
18.3218273720193,276.71043080300973,5.3796747029580665,-84.02787521550366
19.306733012399256,273.9222406153415,8.60967402181033,-81.82860347888487
19.231325890751187,274.1306792970708,8.330032944289416,-82.30923548086568
19.156049945637843,274.3409410540381,8.03872980958141,-82.80989539626012
19.08242219487978,274.5488513818071,7.741194921401253,-83.32129810525217
19.01182077958814,274.75044939111496,7.443356388227464,-83.8333068580667
18.945381450570295,274.9422940496892,7.151177596319619,-84.33572029144659
18.883932111870827,275.12168811224257,6.8701886679337845,-84.81907074433578
18.82797192090836,275.2867910151298,6.605090503373144,-85.2752999061697
19.853011707960874,272.4686436571657,9.38520858168353,-83.51799314876253
19.76054853298994,272.7150837786894,9.13002333857366,-83.88820832011179
19.666370374483385,272.96836402459326,8.861838657975401,-84.27686558173421
19.572266474097766,273.2238386431565,8.585553366377809,-84.67688773965384
19.479971862360298,273.4768348406442,8.306774957986114,-85.08022299762816
19.391022433141277,273.72304454414734,8.03140455893199,-85.47844372814448
19.306642196043036,273.9588575280659,7.765172939585561,-85.86340814395746
19.22767981903993,274.18158178329344,7.513206165404384,-86.22787247898131
20.20243749217562,271.5505367275142,9.857903229708658,-84.57792131211104
20.10180668070816,271.81389594074176,9.621249404767967,-84.88580082543123
19.998198776914762,272.0873370342936,9.371327722532312,-85.21049408591273
19.893493028427446,272.36613289490447,9.112658853338544,-85.54615568836952
19.789582212266204,272.6453553958926,8.850575001976845,-85.88595286653302
19.68820834463306,272.9203009171939,8.590847166339286,-86.22255103827003
19.59082299136174,273.18687994019774,8.339241239900092,-86.54867994923896
19.498494821225687,273.4419052147136,8.101074760664247,-86.8576899616564
20.40678138862303,271.0176310402304,10.126671988419085,-85.19055246525785
20.302382109900318,271.2882502788117,9.901776000765285,-85.4648797902658
20.194261966925012,271.57079850848334,9.663677678289828,-85.75490285470637
20.08432095686607,271.8605796084288,9.4166735155547,-86.05542785049289
19.97451487440026,272.15259346500693,9.165919299939178,-86.36028663618228
19.866683290689693,272.441971697497,8.917086146478436,-86.66275804437095
19.762395843312675,272.7243945869141,8.675932927690017,-86.9560793105767
19.662843321508007,272.9964157429443,8.447864193122028,-87.23396425689712
15.202599117852117,284.7422854606547,3.0996732501284847,-71.0350829201593
15.318382663379738,284.4379400624311,2.8594153648421807,-72.54331287640503
15.433621720461291,284.13225224505214,2.627001662683676,-74.0281662989391
15.546781994862407,283.8291486157845,2.405850937180314,-75.46527911173617
15.656627291963176,283.531847562003,2.1986100576337466,-76.83379258028963
15.762291547561148,283.24264831108843,2.0070631717477037,-78.11749386600081
15.863302633867672,282.96284776117477,1.8321367042986196,-79.30538191775052
15.959558355151383,282.69279023128695,1.6739839756309873,-80.39165063004556
15.820456081219247,282.85471463265566,4.527376922809685,-73.48893966660059
15.882694488845463,282.70583206688144,4.2369252094065235,-74.71252334015921
15.946996493470023,282.5494839649473,3.9505583991395303,-75.93424433213876
16.01244255815002,282.3876412209529,3.673197110534896,-77.13235721091272
16.078183246430317,282.2221820515942,3.4090457448923037,-78.28712732215708
16.14351626774102,282.0546965584746,3.1613535397448684,-79.38212504868054
16.207937606210496,281.8863495234975,2.9323010387099804,-80.40506664600802
16.271159265211217,281.71782580425474,2.723011496807872,-81.34812519071795
16.581731288270124,280.5794072609807,6.128576929678093,-76.4089199479681
16.589308115780042,280.582863730707,5.813306193801815,-77.33602620132949
16.599884181206022,280.57792327326865,5.495786725676449,-78.2762551084173
16.61342380824494,280.56402293179195,5.181935063993208,-79.2121079809695
16.62978006742835,280.54092619843345,4.87730057057445,-80.12665673307232
16.648734683255004,280.508660186687,4.586663121661317,-81.00480723715
16.67004240579733,280.46742925227716,4.313747886000516,-81.83427782220545
16.693468978343706,280.41753180803977,4.061086663263151,-82.60617655937777
17.369662451871516,278.2812899261695,7.625727136735727,-79.31950297453311
17.33270872804979,278.402631250013,7.315542574631857,-79.99246227172112
17.29786833815226,278.5194914490173,6.997123248537679,-80.68505167838074
17.26594834526631,278.6291348121659,6.676483946405753,-81.38429317355474
17.237584731931793,278.7292137514445,6.359745335478628,-82.07682118331432
17.21321479388543,278.8178990646741,6.052651545607487,-82.7499317802116
17.19307724724339,278.8939360146778,5.760149165552692,-83.39252321867897
17.1772341788106,278.9566324126371,5.486089602535799,-83.99578992167132
18.0488684558096,276.34501776741587,8.802520728469336,-81.74403438187952
17.982994835695195,276.5385018439814,8.51493691067984,-82.23524794617305
17.91745701072844,276.7331747569638,8.215504621095581,-82.74673225291863
17.853609179515185,276.9250672977515,7.909769510867739,-83.26905312850776
17.792677725352267,277.11041411970257,7.603759616836279,-83.79194777157294
17.73567127911424,277.2859388865025,7.303512585289394,-84.305125206639
17.683324796569934,277.4490623549066,7.014601090846175,-84.79907207111357
17.63608269502076,277.5980077281171,6.741736017480773,-85.2657285321869
18.54427862980389,274.9578500764747,9.602077584973241,-83.46637304682594
18.462841239560845,275.187676609714,9.339159211992007,-83.84487243569126
18.380084553321193,275.42344115852796,9.06295648771288,-84.24210080042079
18.297613110657956,275.6607233725409,8.778477132580694,-84.6508668190793
18.216977980234052,275.8950830361444,8.491428384660063,-85.06301757626501
18.139549090954414,276.12242674500067,8.207790440917158,-85.47004960688511
18.066416774557588,276.33931887093206,7.933344321694641,-85.8637787215645
17.99833707028096,276.54318723487944,7.6732343499819216,-86.23695457609246
18.861225776152168,274.0810906545897,10.090048986086599,-84.54887812995544
18.77231840402721,274.32715901566286,9.845914533351483,-84.86358862930366
18.680955677620755,274.58224279937707,9.588170333253023,-85.19540490170948
18.588826441321757,274.84184109548164,9.321437550127554,-85.53839151951665
18.497626225338575,275.1012703808831,9.05114372342441,-85.88563377894809
18.408911754152182,275.3560637869378,8.783138244635245,-86.22973409120917
18.32397810141667,275.602335587556,8.523239333212615,-86.56338598116218
18.243778074925018,275.83705042487884,8.27678620770921,-86.87993359522288
19.046619161651034,273.57191286994015,10.367721705228396,-85.17529418740577
18.95425707404328,273.8249780746215,10.135537026558847,-85.45561735938594
18.858768604371114,274.0888156652143,9.889778360667071,-85.75192254171529
18.76186302418322,274.35895229127783,9.634836221811454,-86.05894017628661
18.665294037252586,274.6306352629392,9.375957489378457,-86.37043217539471
18.570707048082514,274.89924199231956,9.118889702362123,-86.67962306227193
18.479503571839206,275.16067050598696,8.869443942956377,-86.97971886823905
18.39274584064434,275.4116429892568,8.633047454409889,-87.26442876325375
14.373830499867683,286.4936222879212,3.1408268013336995,-70.82820896776448
14.482830625814834,286.1982950022417,2.896547482140724,-72.35623149003139
14.591286362277426,285.9013927637887,2.660315767157122,-73.8603836589374
14.697782019835497,285.60662669597565,2.4355739875614804,-75.31613700659703
14.801187545507542,285.31701512198384,2.2249755937962963,-76.70253568981504
14.900723778711052,285.034683586818,2.0302961921111105,-78.00333806731298
14.995982345784089,284.7607889620387,1.8524416061414053,-79.20757656004872
15.086900855601183,284.4955726083032,1.6915362541251884,-80.30952883976644
14.941513237956517,284.68284201445596,4.598755421462854,-73.30561285417058
15.001098500641886,284.53637206537815,4.302930363592805,-74.54688055424377
15.062606068554992,284.38243594915957,4.011371632966635,-75.78598730745263
15.125176600190567,284.22288729160476,3.729051145376415,-77.0010098190636
15.188024443161112,284.0594765971115,3.460202341436527,-78.17209778582934
15.25050898289373,283.89366472653563,3.2080815876586373,-79.2827719365349
15.312180910731806,283.72649425697904,2.9748573316618283,-80.32076094949555
15.372796681273416,283.5585421217803,2.761625876543929,-81.27830186754856
15.639662845823487,282.5017589921812,6.235246584455006,-76.25662399575658
15.648931813108726,282.5009990872203,5.913552969334363,-77.19877461598405
15.661041644370377,282.49184633473436,5.589703988425108,-78.153960464224
15.675939124609542,282.4737467243434,5.269695552794875,-79.10450303198593
15.693474885066612,282.44644657074133,4.959132668596148,-80.033345554657
15.713442061232792,282.4099306563159,4.662824429958599,-80.9253241893128
15.735617748973945,282.3643403405273,4.384499636351844,-81.7681461808759
15.759797190138773,282.30989744234336,4.126671946196387,-82.55295954627861
16.361220021005344,280.29942095475195,7.76755774509108,-79.20312126983869
16.329566157488628,280.4114153888142,7.450408894323043,-79.88820029866719
16.29998697481627,280.5187175435015,7.124990644981494,-80.59300613836223
16.27320047536992,280.618707392958,6.797415319751802,-81.30439811997968
16.249769972286447,280.709129570216,6.473880605939163,-82.00888407901243
16.230081818887484,280.78821387275394,6.160181562687487,-82.69367803806021
16.21434744166778,280.8547273945901,5.86128605611378,-83.3476494713909
16.20262418147323,280.90796385583303,5.581040413041772,-83.96200885203385
16.982739147030937,278.44336694434077,8.974038510852456,-81.66268013729136
16.924515142741985,278.6244544562029,8.67941800140724,-82.16333837246398
16.866768023672357,278.8062353989101,8.372791583952484,-82.68447614989823
16.81071850963813,278.98491375334686,8.059806361587933,-83.21652758188942
16.757469166289113,279.15688792383816,7.746577515234896,-83.74911946995894
16.70792529236932,279.3190185633147,7.439206485536988,-84.2718838984174
16.662746614791892,279.468823427196,7.1433019276302545,-84.77526851037426
16.622333303475187,279.60457744421456,6.863581019548281,-85.25121617951659
17.43598450740415,277.1129215556593,9.79505318380269,-83.4133661978662
17.36344709358907,277.3288967459869,9.525274258816518,-83.79931486631463
17.28988763699005,277.550088998249,9.241966157309587,-84.20424446681113
17.21675852957616,277.7722696924216,8.950232768248704,-84.62086187838237
17.145460098835795,277.99119488891426,8.655868660634082,-85.04092470930847
17.077226843831642,278.2029511739282,8.364922308464186,-85.455863516401
17.013040549094303,278.40424788554736,8.083217574505726,-85.85745720709279
16.953582201380424,278.5926117764018,7.815912354047744,-86.23845258686384
17.72598112572595,276.2715269528706,10.296699962727411,-84.51538049533137
17.646562321910427,276.5031387126739,10.045922857789792,-84.83626967000812
17.56508907590719,276.7429053117013,9.781240193288845,-85.17452410826962
17.48309291764016,276.9865192817487,9.50736210331794,-85.5241275583958
17.40210734089684,277.22950445170534,9.229799810863147,-85.87809226105057
17.32353756244671,277.46759320685055,8.954470715333926,-86.22896505442881
17.248551224085055,277.69707013656165,8.687237461656208,-86.56940829504724
17.178007191755043,277.9150257296832,8.43345628991417,-86.89276208809379
17.895637919061418,275.78266514960563,10.582350551479188,-85.15374823187338
17.813030939439724,276.02103280847075,10.34369057834783,-85.43951645682569
17.72775852846837,276.26923526901936,10.091133941167755,-85.74152289452209
17.64137212353043,276.5229902404855,9.829154544146595,-86.05442964358973
17.55545917452153,276.7777553145998,9.563079334195272,-86.37193593980368
17.471506119563465,277.02911525723385,9.298722240780096,-86.68721811829221
17.390777412881878,277.27315051554046,9.041938760529968,-86.99345513504484
17.314230932265627,277.50672336965937,8.798174104198777,-87.28435316361077
29.217310827157444,255.02001728624734,2.7314047851970553,-73.22942126812686
29.38651986904086,254.69167642447192,2.5429652477672784,-74.45370636860495
29.554213087860205,254.3664951907573,2.3591585751791504,-75.6660963370378
29.71681844876427,254.05144294702208,2.1831797815822207,-76.84437788309883
29.871028421598684,253.75296553573875,2.017706272147022,-77.96861475276678
30.01401571041688,253.47656627323659,1.864766001466401,-79.02236377545415
30.143581422946305,253.2265195744545,1.7256858415850955,-79.9934288762816
30.25822714281225,253.0057331780432,1.6011126970043257,-80.87411743546768
30.699852804123676,252.04861889054948,3.7656282222891537,-75.20940963183813
30.74379622268358,251.969253957063,3.5433807690864083,-76.19628493163434
30.790216543346745,251.8854558368848,3.322375626895311,-77.18828935397322
30.83743020772744,251.80037473215907,3.1069246187269686,-78.16602211692465
30.883548389456415,251.71756218023492,2.9009565154549644,-79.11102547375827
30.92664247763172,251.64066223843395,2.7077594355925876,-80.00707819580919
30.96490744437691,251.5731031585139,2.529813507750489,-80.8411698268074
30.996799213918923,251.51783478248117,2.3687273046517157,-81.60403645165411
32.5357113776613,248.4842454941041,4.923373708037614,-77.52782915209609
32.451434960273154,248.6451926385809,4.686414980873546,-78.27267922125222
32.36945299843283,248.8032213836508,4.445715017985546,-79.03353099325429
32.29052242819685,248.95684601351928,4.206224004676783,-79.79510908312301
32.214907871336344,249.10544677043703,3.9728689233128347,-80.54190272733337
32.14238797500974,249.24928385649648,3.75018049985716,-81.25934543048112
32.07233213061521,249.38938076380407,3.541982595687523,-81.93484694730981
32.0038283260286,249.52730676221304,3.351186595212257,-82.55852702460344
34.43026303294347,244.92894575394763,6.0000827126630485,-79.78577488374971
34.24315501786187,245.26934087917533,5.769918214931539,-80.32942141462189
34.0540212322549,245.61600262975253,5.531784548662103,-80.89279386839385
33.865744173896545,245.9637953812792,5.290565284022823,-81.46469628509475
33.68076739855402,246.30823357936262,5.051533086718852,-82.03301542965374
33.50088911162384,246.64588215799546,4.819945668289859,-82.5856462375693
33.327162153816325,246.9745813625248,4.600643600187811,-83.11141739239694
33.15991065702225,247.29346521957817,4.397714335873271,-83.60086901190336
36.04760526700735,241.9847637020668,6.840657904717069,-81.61944158740268
35.79588987796575,242.429156468316,6.6288382538223605,-82.02357072620083
35.536397880608405,242.89068217894103,6.406875285291715,-82.44689254502242
35.27323408985468,243.36240538104613,6.179229459034046,-82.88120788677634
35.01033997559973,243.8374769329808,5.951041374107616,-83.31716001973783
34.75112471663117,244.30979162089403,5.727767138246614,-83.74491181193555
34.49818783638847,244.77451761517236,5.5147602080761535,-84.15490393755867
34.25318179608226,245.22840018065938,5.31686814137467,-84.53856952428347
37.21342512997816,239.91077550870443,7.408386015750989,-82.89372643504579
36.92840112624982,240.40413240497662,7.215251040411663,-83.21327133315832
36.630881977273305,240.922898690016,7.011386103933305,-83.550306132804
36.325431499696485,241.45965438854824,6.800850553511455,-83.89844673166812
36.0167335840741,242.00655546700438,6.5885373532830975,-84.25012175911903
35.70914303118655,242.55609559514608,6.379863494336517,-84.5970794382142
35.40629182382105,243.10181360176585,6.180373785818848,-84.93100694350412
35.11082609489661,243.63880805315253,5.995320296131093,-85.24416226374068
37.95188469758837,238.61679048428132,7.7534357628115425,-83.68211025422481
37.65157298604693,239.13041183731653,7.574106280711074,-83.95440009738049
37.335733102933816,239.67449644485038,7.384127290655238,-84.24273298767254
37.00902522045119,240.2416568070019,7.187297372734382,-84.54171946622161
36.67642606448011,240.82375195530724,6.98832015029764,-84.84480977467973
36.34275120429326,241.41267344858977,6.792536770520349,-85.1447022325153
36.012201349319014,242.0011344422421,6.605555681807026,-85.4338736523994
35.688021582230114,242.58330539443676,6.432834740286653,-85.70514868664335
38.38091502635695,237.87169142917648,7.949284454409854,-84.1338459698232
38.07381348095583,238.3933567694458,7.778602652813016,-84.38081755028477
37.749457068595014,238.9482670832133,7.5974834606999995,-84.64290110594646
37.41249267732693,239.52916688155955,7.4095792272903696,-84.91523108809986
37.067999308669805,240.12786164916048,7.219480422867821,-85.19180950122616
36.721002040775005,240.7360037114834,7.032473886561892,-85.46586179042258
36.37599020361479,241.34591540257918,6.854191279556122,-85.73031656210945
36.036534522092516,241.95128685811457,6.690197540225396,-85.97833597206623
25.529458620924885,261.45663415495716,2.8395468317460777,-72.72661248687224
25.689095617707853,261.1249973629408,2.6386224414118846,-74.02060912381548
25.847945558475327,260.7948193917028,2.442906184486763,-75.30106466406171
26.002991247844623,260.47240364766895,2.2557018211448985,-76.54497146619237
26.151496497614332,260.16347561982917,2.0797434865663176,-77.73181883201524
26.291182191106266,259.8728118967962,1.9170671040044347,-78.84482482598281
26.42033842622131,259.6040028132782,1.7689667008470598,-79.87168030323198
26.537865491286954,259.35936448586233,1.6360262956026224,-80.80477275932118
26.785287220718462,258.70686595656633,3.955031712450316,-74.82379276116744
26.838117603943427,258.6060647509116,3.7166969523158846,-75.86832755715031
26.8938903942879,258.4992232986258,3.480021549952128,-76.91731613504153
26.951130917721986,258.3892281552358,3.2495181994393665,-77.9505810293089
27.008232198676996,258.27926269308443,3.02925443064616,-78.94906232116908
27.063599736175135,258.1725180511177,2.8225913179956006,-79.89614068538584
27.115785260569723,258.07192110173537,2.6320205378511963,-80.7786147384426
27.16358922399223,257.9799214428326,2.459111577442365,-81.58721539180941
28.34490295233568,255.39682734964472,5.203176868073462,-77.29021169936848
28.28751460291182,255.52099137747496,4.94795878087915,-78.0789384172018
28.233344550547496,255.63983884456368,4.689034969669151,-78.8838191557465
28.182960216420547,255.75202457186762,4.431633282814576,-79.68890202534746
28.136521534874944,255.85698422397894,4.180904501726048,-80.47811100308492
28.093801997994344,255.95492346411822,3.94153369196037,-81.23646753983336
28.054261786097324,256.04669980969624,3.7174252629587134,-81.95113767984442
28.01715361052377,256.1336306033214,3.5115018103404783,-82.6121643553827
29.962316643099005,252.07813660322938,6.363557437906156,-79.70560541886583
29.815226039917043,252.373011401935,6.114854745266241,-80.28016025240018
29.66806292616369,252.67050743407398,5.857773401879922,-80.87505243412815
29.523233466259892,252.9658368301318,5.597496762333126,-81.47857469010883
29.382740453330303,253.25486385116412,5.339567225182349,-82.0781546638131
29.248028468568215,253.53444485726922,5.089456566196587,-82.66132358655707
29.119917724369113,253.80260800990203,4.852147798800769,-83.21666873166245
28.998629543846285,254.0585543966261,4.63179528349203,-83.73461773203341
31.351164534214757,249.3142264153648,7.269047593062091,-81.67785200115193
31.146544258097055,249.71027714329153,7.039671915471111,-82.10299197293196
30.937154740976663,250.11880226097085,6.799410193689994,-82.54803099728196
30.726515415224792,250.53321624495206,6.552995775332268,-83.00441965892846
30.51794644705575,250.94711052668103,6.305836258143713,-83.46246839712924
30.31427105929184,251.35484212964093,6.063619459324029,-83.91206102142961
30.117601377568533,251.75199304902887,5.831872020314385,-84.3434401095956
29.92924180941279,252.13562158159587,5.615543772658509,-84.74793445533217
32.35755739209901,247.35769328332455,7.8802705245340725,-83.05438625676967
32.12253386195299,247.80277091481636,7.670856517598291,-83.3886031461182
31.878757889321733,248.26804017078436,7.449789538465456,-83.74093664595716
31.63020768691108,248.74635623600065,7.221360742051912,-84.10476314079432
31.38089061750431,249.23029397890124,6.990704157074904,-84.47227581081717
31.134469237606055,249.71284785042698,6.763458409724317,-84.83501979165841
30.893944996334614,250.18806342318481,6.545344700509057,-85.18453491522538
30.661457145522785,250.6514818168236,6.341729000685295,-85.51300103821188
32.99749199779965,246.13273356509274,8.251545046025207,-83.90852468067263
32.748131274327534,246.59884575709253,8.056957928604186,-84.19185999948624
32.4874037501998,247.0899537024151,7.8507189735686955,-84.49176193543394
32.219413588752914,247.59887711810205,7.636825756420686,-84.80266420396762
31.94845858221389,248.1178506777599,7.420197477135988,-85.11784077607709
31.678625552794294,248.63925706411698,7.206380567309887,-85.429836996105
31.41341878950129,249.1563420940894,7.001152312231859,-85.73101996410797
31.155492726911785,249.66377250799164,6.810084068447106,-86.0141591109505
33.3702010297745,245.4258263729043,8.462173540282205,-84.39881548748981
33.11430170866272,245.90064890829487,8.276896327406037,-84.65487380128059
32.845527504925485,246.40314560223885,8.080147571167153,-84.9264924567424
32.567995463478546,246.92622471685434,7.875757910550879,-85.20866185464276
32.28611502047538,247.46203462569002,7.668515923830982,-85.49524001192839
32.004172475188824,248.00270288376606,7.463900927685958,-85.77932802535426
31.7259326342955,248.54108792950314,7.267705707863699,-86.0537671635897
31.454333886721884,249.071398149573,7.085604842287301,-86.3116804692597
22.772191594306154,266.5313819972781,2.931863169590492,-72.26860678531183
22.921397744812996,266.2027441652821,2.72060727455515,-73.61909807919287
23.070181917292377,265.8744220297754,2.515045684292246,-74.95472237029439
23.215946218464044,265.5521578745822,2.318565227124139,-76.25186926269747
23.356378030541514,265.2410870198636,2.133939250091678,-77.48961085849488
23.489597408187283,264.9454042709487,1.9632031979809141,-78.65093543361166
23.614244562654065,264.6681625804405,1.8076175552754152,-79.72348445583212
23.72950113194363,264.41121982429735,1.6677089588068696,-80.69974756342155
23.8515418127106,263.97653804178424,4.11758880020365,-74.45391778762318
23.908463921861074,263.8622919701523,3.8657486286368505,-75.54617609530183
23.968423569523736,263.7410879530364,3.615945100788407,-76.64228069420993
24.030106868737096,263.6155851174674,3.372849666891622,-77.72145330530887
24.092119742207142,263.48865771578545,3.1406356106343347,-78.76418073210772
24.153116070884636,263.3631243108363,2.922713765804673,-79.75356548025923
24.21190927850901,263.24150591806006,2.721575206907758,-80.67629480475043
24.26755082145682,263.12585042409773,2.538747734455339,-81.52313715333479
25.19284289271569,260.8956555095369,5.445205078357785,-77.03340569006691
25.15424462101758,260.99146191792374,5.174371285235439,-77.85953340208901
25.119213197948607,261.0805296890123,4.899915043184474,-78.70186321542457
25.08816471715542,261.1616495150069,4.627291036039397,-79.54389999300149
25.061178726811047,261.23430958827726,4.361827428330348,-80.36912823867603
25.038027518283993,261.29866866012947,4.108325981135908,-81.16226266728877
25.018244091731898,261.3554410640198,3.8707436773651196,-81.91031134979094
25.00121104491235,261.40572654218124,3.651998822048196,-82.60329266573575
26.587101384023814,257.7966118935568,6.68087601037354,-79.57201064490161
26.47014931847198,258.0534500593611,6.41597381341147,-80.17382391309793
26.35419781536196,258.31050097311874,6.142409475415487,-80.79644007879457
26.24125408887647,258.56334143485094,5.86562168992245,-81.42772216836069
26.132965602801647,258.80817563521794,5.591375743830575,-82.05472383802945
26.030502695125946,259.04212582006164,5.3253133170765095,-82.66469277069862
25.9345147855895,259.2633787264885,5.072522697106722,-83.24604298356948
25.84515933270597,259.47117695087104,4.837198400120817,-83.78913867830556
27.78852263431726,255.20517496869226,7.646271044362849,-81.65560676242619
27.620683474822506,255.55890896244856,7.401240838367307,-82.09990202965736
27.44996128637622,255.92179863216245,7.144745437946078,-82.56469697488713
27.279358185619575,256.28768008052674,6.881760374761002,-83.04113686812389
27.11167060694899,256.6506130042137,6.617922812003378,-83.5192502854132
26.949247825326136,257.0054061390203,6.359112525919868,-83.98869356437434
26.79382429149099,257.3480182695527,6.110992093343456,-84.43955778665024
26.646450031675407,257.67577050123595,5.878582870660135,-84.86310469648004
28.66218123015341,253.36385621086893,8.298515195707775,-83.11617886660247
28.467022648784152,253.76546694581475,8.074360910104424,-83.46415946420956
28.26560558850685,254.18337956874672,7.837800010350997,-83.83083068287642
28.061365451132865,254.6108417855637,7.59333651715392,-84.20935596851668
27.857717491045754,255.0409168488005,7.346318468584613,-84.59172442528389
27.657745695074965,255.46712077067926,7.102574220978039,-84.96931095938722
27.463946630960464,255.88398568412083,6.867968911152743,-85.33353857027545
27.278072760602917,256.2874473798734,6.647953609874603,-85.67653386566646
29.219252401087367,252.20779992968698,8.6949118286007,-84.02523687168254
29.01099032758719,252.6304366499591,8.486371329465543,-84.31916778966017
28.79422082178784,253.07388588323715,8.265340494684454,-84.63017355531416
28.572514019715555,253.53131851017574,8.036004059378378,-84.95253003018684
28.34955750571578,253.99544237666035,7.803476833832862,-85.27935716206201
28.128815156721455,254.45917733109906,7.573484761131535,-85.60307077357973
27.913222149375652,254.91629917303024,7.351946683194457,-85.91594871669798
27.704970870183864,255.36193434733698,7.144521344539961,-86.21072344798345
29.544300152819346,251.5394370811153,8.91983687485342,-84.54805724827115
29.32996580323288,251.9710064359504,8.721134135906201,-84.81297134804625
29.10581452405598,252.4259262360821,8.510083286534083,-85.09390035324563
28.875442572132425,252.89742601430075,8.29068516759258,-85.3857065639613
28.642647568058177,253.3781102136126,8.067910519189539,-85.68212223948126
28.41107575473811,253.86064273326588,7.847409281925902,-85.97614276850416
28.18389198493741,254.3384288949973,7.635110914967279,-86.26053887055367
27.963534057603546,254.80616577514394,7.436776491193879,-86.52840721371943
20.641868721877394,270.62709747494284,3.010976712340597,-71.86074029095977
20.781124186142947,270.3044414847163,2.791071229987274,-73.25763098322835
20.920133103069556,269.9813071158312,2.577275447543975,-74.63855511487328
21.0566179775981,269.6629702480854,2.373040682866348,-75.97943712714418
21.18858463488266,269.3540855518942,2.181168227560139,-77.25903499885777
21.31444848603069,269.0583820080455,2.0036881535939015,-78.46017975672308
21.43310437915577,268.778489073232,1.8418283516380023,-79.57050235684368
21.543935126401895,268.5159079708232,1.6960635482547286,-80.58260350963556
21.5840242694505,268.2375071730007,4.257363945642236,-74.11420014113342
21.642336377280984,268.1150985001911,3.9941153608206506,-75.24624032935957
21.703615656516774,267.9852046824808,3.7332402052837184,-76.38158261780693
21.766674765973683,267.850288284066,3.4795377417922952,-77.49897346898446
21.830283287687475,267.7129641372379,3.2372631391183693,-78.57855386305924
21.893282300503603,267.57574514408935,3.0098621752280024,-79.60322473819213
21.954679518190034,267.44082440492963,2.799818462969985,-80.55961235864453
22.01371085085542,267.3099281596663,2.608618552657025,-81.43854520604813
22.75411333273399,265.3537451033519,5.654342296907859,-76.78191257257912
22.728626206215573,265.42806129543163,5.370161788260797,-77.63989828487
22.70677517379041,265.49479215607903,5.082463444104971,-78.51407125392863
22.688862033562476,265.5528397129218,4.79688912057504,-79.38749393249796
22.674908336158406,265.60173028117157,4.518909484312991,-80.24330286992223
22.664689200916847,265.6415771362759,4.253415483990021,-81.06598288593908
22.657796283114376,265.6729699178193,4.0043990542806895,-81.84243644072869
22.653713395929923,265.6968234075337,3.7747653868086997,-82.56268965564563
23.971291351600854,262.4472029562029,6.956762661341182,-79.41823164148282
23.876809387677966,262.6732993918267,6.6778138163082925,-80.04387981855783
23.78391046615853,262.89800146548026,6.390005582325667,-80.69068340267417
23.69428500764152,263.11721349508986,6.098992907362156,-81.34614362075955
23.609305284177427,263.32743239648244,5.810725292845922,-81.99700732322646
23.52993489872216,263.52599989314956,5.530979937572878,-82.63029894575588
23.45670005191209,263.71122433013767,5.264924090712755,-83.23430489686204
23.38971870008166,263.88236856477306,5.016774059315488,-83.79936060403128
25.0221104446607,260.00989489344096,7.976216291233249,-81.59186452853156
24.882488020502564,260.32825186222624,7.717420111106713,-82.05336254220438
24.741180114808458,260.6533946494157,7.446705515554973,-82.53586135377631
24.600763676429345,260.97956476082044,7.169259147659462,-83.03024072826724
24.463616869605605,261.30124753830836,6.890913305181216,-83.52628997740149
24.331720406113043,261.61364433290476,6.617705915458681,-84.01347867610801
24.20652352410364,261.913027364717,6.355406001823225,-84.48178124519784
24.08889274192196,262.1969226598042,6.109084732338063,-84.92241628673297
25.787972857483766,258.27324774914274,8.666066382399896,-83.12157903597165
25.62387627482013,258.63779715109905,8.428807769481475,-83.48221859937452
25.45519996943392,259.0157640931215,8.178529506266429,-83.86205576923876
25.284920516457273,259.40079890262933,7.9199257553391975,-84.2540645244176
25.115969020042968,259.78642924551843,7.6585306977029965,-84.65005631918729
24.950969722101906,260.16664137959657,7.40033278943715,-85.04126214423647
24.792029198516296,260.53638672777845,7.151313470364167,-85.41901120506778
24.64061133750254,260.8919249303798,6.916986614653418,-85.77539383059053
26.277239527336885,257.1805288759952,9.085760099394184,-84.07639908786314
26.101278175727654,257.56567933933735,8.864725708625846,-84.38026278003433
25.91878759918059,257.9684751061776,8.630505490099413,-84.7016690139051
25.732877469382075,258.38246667669415,8.387454279715241,-85.03475141624227
25.546728263705067,258.80082724398375,8.140859642255666,-85.3724940556417
25.36330208806223,259.21697258525285,7.896601840929485,-85.70720027207179
25.185087763893588,259.62514670628764,7.660715679370481,-86.03107588753561
25.01392737599292,260.02086205240084,7.438926634986161,-86.33682697886391
26.563102870698014,256.5478605053208,9.32403957391686,-84.62654588047928
26.381588798762284,256.9419057581067,9.113264910770132,-84.89987587407967
26.192402721767056,257.3559908299546,8.889407466071667,-85.1896512655065
25.998686219021565,257.7837054604725,8.656624454892658,-85.4906182916496
25.803723557812486,258.21811213693576,8.420049165257561,-85.796397186873
25.610640667823578,258.65237848958765,8.185479239563904,-86.09989135424502
25.42212853492068,259.08039820076436,7.9589578411940884,-86.39381277406456
25.24024153814626,259.49728510399143,7.746312789631345,-86.67123997162972
18.94844492157083,274.0035489907829,3.079309553515729,-71.49975773597933
19.078675828512644,273.6880989558065,2.852065408978193,-72.93534635973046
19.2087366152863,273.3715978084936,2.6312903043293665,-74.35403338516998
19.33659952542218,273.058932341659,2.4204866229843494,-75.7313767530562
19.460514852531595,272.7543630992448,2.2224759192247734,-77.04589226744447
19.579121253709644,272.4612426687544,2.039280211200265,-78.28030160293643
19.69150266426212,272.1818631405699,1.8720965151423288,-79.42224827901062
19.797188378090887,271.91744504134635,1.7213526862303474,-80.46444559548027
19.782696806421306,271.75279666759167,4.3783383042369435,-73.8073812110506
19.84092463639309,271.6256121504731,4.1053562774736,-74.97295188363657
19.90198090582372,271.4906383017262,3.8350475090716882,-76.14133700498301
19.96477984876075,271.3501675019133,3.5723163405962017,-77.29089734254566
20.028219376720347,271.2065958004326,3.3214826027675617,-78.40150480681194
20.091284374516416,271.06218382510355,3.086017004596711,-79.45591134393526
20.1531293947161,270.9188580270803,2.868392091293008,-80.44071315431424
20.213128005253544,270.77808556775835,2.670055019858231,-81.34680940596316
20.817480679638884,269.0361312806866,5.8359027080071355,-76.54555509451106
20.801257084705483,269.09412295329406,5.540250761404142,-77.43082298834852
20.788607456137818,269.1440209128227,5.241193143343646,-78.33222573973558
20.779747894477072,269.18481391718063,4.9445277954236735,-79.23246079307785
20.774658523911732,269.2160528250409,4.655841638716642,-80.11438450172137
20.77311961873471,269.2378067148903,4.38009537122737,-80.96230474389347
20.77476996844185,269.2505572149862,4.121304083828441,-81.76305382126907
20.77917222607611,269.2550630539779,3.8823553558469617,-82.50668370402602
21.89370737065141,266.29473517613405,7.197241880094565,-79.26078596517232
21.81610406938281,266.496168591661,6.906105279465861,-79.9072542321678
21.740393826494508,266.6951112822802,6.605970098746434,-80.57514691713577
21.668018329346683,266.88774637800043,6.302675068831544,-81.25165860773228
21.60013750687771,267.0708130870541,6.002323156956439,-81.92328170949335
21.537558533223727,267.24182895856876,5.7108012210711925,-82.57686148856571
21.480717159787673,267.3991941150784,5.433336049320925,-83.20059115135093
21.42970633217375,267.542177313536,5.174154754663779,-83.78479628589434
22.823660502016768,263.99137045052316,8.265011294261669,-81.5081803071795
22.70573058513917,264.28059947324067,7.994156282463061,-81.98501958852991
22.58689381838068,264.5748914870746,7.7110231606637925,-82.48327703851861
22.469385295831,264.86884837046944,7.420981627794842,-82.99360140684546
22.355253198240995,265.15732158709255,7.130029804784672,-83.50557793901625
22.246192675670947,265.4358406620944,6.844336519835252,-84.008521456988
22.143436538301483,265.70093165659915,6.569755055257293,-84.4923149301035
22.047716341633294,265.9502790759974,6.311390568784248,-84.94815186779525
23.502370280867527,262.34671143179474,8.988859181266411,-83.0952997701238
23.36244088551497,262.68030050971856,8.740034185239393,-83.46744223803529
23.21908878591886,263.0251414799521,8.477686842350993,-83.85922393568414
23.074914911947836,263.37525558889445,8.206679037207726,-84.26345055998928
22.93246237017959,263.7245812087777,7.9327057227350215,-84.67177864748643
22.793993897175678,264.0675074434052,7.661890184409683,-85.0753168169758
22.661315235138368,264.3993346342298,7.400307940172033,-85.46531854613215
22.535673295943226,264.71658216600804,7.153519418561142,-85.83384920365373
23.93651906849451,261.310108637203,9.429795013574523,-84.08849436132809
23.785851687603696,261.66368950158835,9.197677892022853,-84.40152052866058
23.630053045119386,262.03249664648996,8.951795597651483,-84.7325091415364
23.471851062148264,262.4104398725037,8.696654728933344,-85.07546603136775
23.314015855710824,262.79111117448485,8.437694156103875,-85.42325399355788
23.159110787998113,263.16835901527423,8.180924997972003,-85.76808037796583
23.009277418281112,263.53682213030174,7.9324776515692905,-86.10209043083631
22.866091011986153,263.89232894809777,7.698128003145549,-86.4179723963733
24.19041840118901,260.7092296188715,9.680317429209582,-84.66170504992053
24.034694189049244,261.071534516694,9.4588029249248,-84.94288189641557
23.872832209340462,261.45132763457394,9.223588598992547,-85.24089852031726
23.70759428138161,261.8425454244526,8.97897234000583,-85.5503958523845
23.541846370733097,262.238668191077,8.730230369982703,-85.86489400809636
23.378299061235406,262.6333061905416,8.483286992308885,-86.17721585079977
23.21927231426853,263.02076915782834,8.244279472807845,-86.48002395307184
23.06652666810497,263.39651519598226,8.019086780075774,-86.7663846089176
17.569665714955516,276.83877052685085,3.1388566264480597,-71.18000473391321
17.69187178142368,276.5308514214325,2.9053061549107926,-72.6483483483384
17.813932420213924,276.2214523105733,2.678538463240345,-74.09898214387184
17.934018567015595,275.91513260846966,2.4620979900297715,-75.50716559641411
18.050572386351437,275.6158259008608,2.2588210656597587,-76.8512249753949
18.162405058583232,275.3265767678928,2.070720259190788,-78.11380493635438
18.268744032312245,275.0494048085231,1.8989636966924583,-79.28257516395965
18.36922736323174,274.7853065693664,1.7439368615561328,-80.35035901217553
18.31770058201381,274.704931868327,4.483889531270712,-73.5317353497043
18.375058976974916,274.5751333413856,4.202513346326594,-74.7259057137293
18.435084088355456,274.4373711527564,3.9240782211509395,-75.92245034053093
18.496773355215435,274.29378933237047,3.653575825756295,-77.09941463929732
18.559127213015994,274.14659826395547,3.395378620586639,-78.23645304050267
18.621243308930953,273.9978482497155,3.1529752343474433,-79.3162059712161
18.6823893957449,273.84924658320017,2.9288253153933517,-80.32525921630582
18.742043647178484,273.7020495766551,2.7243390516489283,-81.2545865748128
19.244113833380347,272.1297626278825,5.994612510381562,-76.32742332004351
19.2345483825598,272.1752234317165,5.689021884618357,-77.23623949385978
19.22843600250033,272.21228460735034,5.3801380472190585,-78.16111660132245
19.225928080429867,272.24000124460133,5.073890639169098,-79.08444719614592
19.226974976849622,272.25793830595364,4.775963350925504,-79.98885608246823
19.231363153731916,272.26612276968484,4.491372130781711,-80.8585139998845
19.238769450748265,272.2649428083945,4.224147470557072,-81.68020615751452
19.248818374202624,272.25502548406956,3.9771572857825603,-82.44402017650513
20.20696564490419,269.52931093457,7.408016299799037,-79.10756441781533
20.142226845374804,269.7108740775392,7.106254716935347,-79.77227687216532
20.07953750293889,269.88917961885795,6.79539478996427,-80.45862163666334
20.02014301699445,270.0606439079186,6.4814326049470825,-81.15353111768769
19.96503785904954,270.2222046868543,6.170600371800519,-81.84328411704588
19.914909017557164,270.3715199212165,5.868874914176098,-82.51458008341156
19.870124339717428,270.507058989331,5.581528879273471,-83.1555424012505
19.83076011987697,270.62808838059357,5.312792948221598,-83.75649947822869
21.0391770334897,267.34126522543374,8.51886290138982,-81.4162911068541
20.938106947868093,267.6065330920735,8.237426962535746,-81.90679061791475
20.836649423952714,267.8755827426983,7.943422519937543,-82.41905802031904
20.736765020539863,268.1433269997572,7.642378252893262,-82.9435403616251
20.64024041906546,268.404926420433,7.340433945959682,-83.4696476539737
20.54854733282298,268.6561820941033,7.043867768543568,-83.98656513022979
20.462751672548638,268.8938253366146,6.758600482730753,-84.4841033051344
20.383483345590534,269.1156638220854,6.489760462398108,-84.95344212632642
21.647048865830683,265.7764230380329,9.273279056674093,-83.05164213172989
21.526081623915413,266.0842590756352,9.014252263647316,-83.43417748473621
21.40251092918298,266.40169018512415,8.741285759767443,-83.8367358236095
21.278632288894485,266.72306510826814,8.459388866820438,-84.25197338182485
21.15667794150111,267.0426756289392,8.174395484454731,-84.67141119531342
21.03862473129361,267.35525036943244,7.892542841591686,-85.08605346294985
20.926043952461466,267.6563770461941,7.619983735242038,-85.48709054528723
20.820015901475685,267.9427847050147,7.362312357673817,-85.8665732273501
22.03622349534201,264.7887915927776,9.733436987367167,-84.07733574172379
21.905501204818993,265.1159529679564,9.491510999166032,-84.39873725806636
21.770660922091228,265.4564631529092,9.235332619979287,-84.73847465336534
21.634117687268706,265.80455418970854,8.969543086342034,-85.09043867038272
21.498310306101267,266.1541834655373,8.699712786922316,-85.44738527577108
21.365484977682137,266.4995675165948,8.43196472062528,-85.80143776480382
21.23751050781277,266.83567457891803,8.17250808950806,-86.14469099632966
21.11575593440953,267.15859073341693,7.9271570146962596,-86.469821433711
22.263974700767978,264.2157577739744,9.995084218774066,-84.67018092074436
22.12863978818062,264.5514138736277,9.764045199930406,-84.95858985743904
21.98829130419911,264.9025629605656,9.518784003228562,-85.26419457114915
21.845378207802604,265.26345577077706,9.263723880969984,-85.58154062777207
21.702427527060212,265.6279394227457,9.004266143802228,-85.90405865314426
21.561818013552962,265.9900035992923,8.746443635194279,-86.22450080662448
21.425577164337074,266.344307324539,8.49647172253022,-86.535487868579
21.295237380253187,266.68659143962634,8.260268611294252,-86.83007826853316
16.42429518803406,279.2573233087641,3.191203634350559,-70.89569148554988
16.539409850470804,278.9568146929482,2.9521697787708825,-72.39213305745523
16.654377322407974,278.65449233916974,2.72019617806389,-73.87015608615621
16.76752943646524,278.35463825147144,2.4988617551029035,-75.30477260907215
16.877462001078577,278.06091161816073,2.291013807476179,-76.67415684110762
16.983122351485235,277.7761015610415,2.098654806373195,-77.96089881686308
17.083849157861835,277.5020044142781,1.9229260011277203,-79.1527021752323
17.17936278260334,277.23943541917714,1.764174465194743,-80.24249573755907
17.10230599846655,277.2226171137739,4.576746905273386,-73.28408985292442
17.15839398440801,277.0915903242678,4.288056287786699,-74.502934883629
17.21698497624346,276.9525025086589,4.002546918097982,-75.72375549573428
17.27714569446388,276.8073677241655,3.7252843862885774,-76.92433329095539
17.337960072726332,276.6582372326572,3.460684545503632,-78.08414496881576
17.39861590574617,276.5069840775383,3.2122491003307823,-79.18574553664541
17.458469926864357,276.3551332651552,2.982424028963414,-80.21572276954812
17.517081269590992,276.2037674376028,2.772585103722069,-81.16512539695296
17.94061916415456,274.76784304168604,6.134392839342017,-76.12763419181506
17.935924549826577,274.80355582306476,5.820117273873359,-77.05695150653173
17.934539156489507,274.8306868593442,5.502657623114316,-78.00224414974593
17.936564912120392,274.8483416629972,5.188056274862546,-78.9456454026221
17.94193056581497,274.85609187535266,4.882078040789303,-79.86958869158185
17.95042907860116,274.85392492065444,4.589784045242422,-80.75813350245387
17.961768280248208,274.842147924919,4.315214699268125,-81.5980346292323
17.975621747750864,274.82127634088175,4.061217552789411,-82.37942040388809
18.811079262935362,272.28794489807245,7.593979062199715,-78.96208127915271
18.756310869993627,272.4533513186813,7.282894928919632,-79.64286397601651
18.70366013069912,272.6149506010624,6.962639954354224,-80.34544182374263
18.65421579213935,272.7693536607545,6.639346147739385,-81.05652093879077
18.608841527624797,272.91366128098736,6.319355672644855,-81.76219912300216
18.568130376598788,273.0456440816553,6.008720643966172,-82.44905385036606
18.532397902430347,273.1638244430695,5.712749204207546,-83.10515693298262
18.501708777584046,273.2674620368828,5.435671104784215,-83.72084697714739
19.56336158173775,270.199134345065,8.743284674069658,-81.322549097954
19.475583098709652,270.44457894727645,8.452523792094961,-81.82523253101039
19.387771912852664,270.6928304203488,8.148955956386,-82.34997955525547
19.301666477528293,270.9390673135899,7.838248596167228,-82.88706018857276
19.21884396809972,271.17871025094416,7.526663450830688,-83.42573278714828
19.140598699837167,271.4077855515122,7.220570869207702,-83.9550732599251
19.067865571877025,271.62319137903177,6.92594679565298,-84.46483279465743
19.001195874623352,271.82283278305255,6.6479348897388855,-84.94618672794644
20.11310076596207,268.7033577819537,9.52516540639361,-82.99892739960261
20.007199203474606,268.98969937961954,9.257115474710744,-83.39083872310525
19.899289637971144,269.28434294419685,8.974774685237117,-83.80310750138209
19.7914182751493,269.5819216629444,8.683282159273107,-84.22825694866216
19.685566280626222,269.8770288952059,8.388592420349127,-84.65768905577474
19.583481836783573,270.16467851696876,8.097039920610381,-85.08231775602788
19.486550358253822,270.44069651952685,7.814840938698968,-85.49328195105939
19.395721940548476,270.7019816903753,7.547614973673921,-85.88262308084663
20.46526452765972,267.7582772734692,10.002678808861765,-84.05244337333171
20.350451340059575,268.06328418380195,9.752056676749161,-84.38146955517155
20.232273192317678,268.380156384852,9.48676783588221,-84.7291631157811
20.11288826988767,268.7034088612493,9.211572768011465,-85.08931134394514
19.994466451174716,269.02731356708864,8.932156675342876,-85.45457532273839
19.87899901639384,269.3463989256941,8.654738485248417,-85.8170049613188
19.768137648871246,269.65590824851404,8.385592975539467,-86.16865272143157
19.663089078569957,269.95213902438104,8.13056342261104,-86.50218770152912
20.671456950766242,267.2095038700616,10.274403097858489,-84.66216895204401
20.55241846937177,267.52275766665883,10.034908443904147,-84.95720379207003
20.429210243887166,267.8499179241206,9.78074501387326,-85.26975407504317
20.304023524562815,268.18551317660484,9.516447493735106,-85.59427909042832
20.179109419977248,268.52370798153635,9.247526750955855,-85.92412940850778
20.056579253707103,268.85881501098066,8.9801090012021,-86.2519949351807
19.93822707807595,269.185786227736,8.720474874279388,-86.57046090840355
19.825405164971396,269.5005957573714,8.474572810268954,-86.87258112971763
15.456611602439903,281.3484134859189,3.2375985114830756,-70.64162207515717
15.565460418824886,281.05498276617527,2.9937474612998174,-72.162455615898
15.674146890012297,280.7594706904445,2.757204004601435,-73.66424099275206
15.7811355954368,280.46592126237636,2.5315760269033607,-75.12178219373683
15.885147669989978,280.1777606296741,2.319719012220441,-76.51312951143024
15.985239964758103,279.8975632974497,2.1236251399877335,-77.82083407962283
16.080839012559277,279.62694014054415,1.9444107115289713,-79.03263770432478
16.171728574525694,279.3665575873312,1.7823878597404381,-80.14156917676326
16.0768636220672,279.39847938570455,4.6590824720292,-73.06104227293592
16.13149523341884,279.26711712781906,4.363957339145634,-74.30140058839157
16.188473483358372,279.12764281810837,4.072229993180707,-75.54337160904807
16.24692366061366,278.98195590479276,3.78902944106289,-76.76451290900356
16.305998867320344,278.83196999750913,3.5188078554535878,-77.94415361271246
16.364960265185697,278.67940710960045,3.2650765700825692,-79.06478210123002
16.42323581343933,278.52563879922513,3.0302677142500123,-80.11299608418533
16.480448405564847,278.3716029098615,2.81572513184186,-81.07991752205811
16.842502563841336,277.04688466701185,6.258415360059515,-75.9450729519059
16.84143057672285,277.0749081528329,5.936486575732382,-76.89239086637839
16.843518709212454,277.09424499509623,5.61147783586969,-77.85559279241227
16.84883057830039,277.10403902139217,5.289529066294993,-78.81658922277119
16.85727908872026,277.1038633444679,4.97647426619196,-79.75765182178009
16.86866362589137,277.0936686083157,4.67741184832705,-80.66274947565253
16.882717543237828,277.0736913009612,4.396388417217645,-81.5186177512508
16.899153843374755,277.04435160679884,4.136231241211594,-82.31542779117736
17.636652470616674,274.6706665789905,7.759170364849649,-78.82564362432278
17.589741606026788,274.82279051769797,7.439849246460084,-79.5206670172795
17.544965229068332,274.970704741267,7.111304038025332,-80.23761475519494
17.503285412587665,275.1111831112353,6.779785217290694,-80.96299583028127
17.46546088222,275.2414611120982,6.4517297515155585,-81.68275208580019
17.432009829715103,275.3594009436341,6.133252934196148,-82.38336000451118
17.403206755359097,275.463565782417,5.829691431968514,-83.05285060089179
17.379107813261495,275.5532062258548,5.545270972226479,-83.6815779742367
18.322770740112684,272.66756744451163,8.942925307286423,-81.23034523060983
18.24562864951502,272.8964720256386,8.64390045379466,-81.74393299887491
18.168701014736563,273.1274255404895,8.331869773539836,-82.27983684705461
18.093544672928576,273.3558335100127,8.012622554974518,-82.82817047805393
18.021566752514833,273.5773361101928,7.692526409251586,-83.37805993492405
17.95391860708217,273.7881475481993,7.378030458458257,-83.91848727522292
17.891430232398047,273.98530354655907,7.075155732196508,-84.43915633791414
17.83459086868701,274.1667868418287,6.789056238364697,-84.93124202884682
18.824270344417407,271.23168382477127,9.749527049668357,-82.94203402319313
18.73050445872576,271.4999611403619,9.473460740613675,-83.34241271935304
18.635173769733665,271.7755117348723,9.182804363823163,-83.7634419489139
18.54011925768341,272.05321472512946,8.882811767334006,-84.19752613483567
18.447117041837153,272.3279208736692,8.579542843173245,-84.63596212077654
18.357729882455992,272.5948848028374,8.279415625888808,-85.06958543552183
18.273193537762054,272.8501312683688,7.988699365399519,-85.48949199157329
18.19435422421055,273.0906984219605,7.713032400024806,-85.88771824610615
19.145659372836867,270.323615789766,10.242722388859931,-84.01962184846765
19.043702508282088,270.60993383713225,9.984361815089134,-84.35558315609941
18.938953300214912,270.90692436088966,9.710978176384133,-84.71050695487688
18.833357746910373,271.20934850609996,9.427438160842295,-85.07808660495552
18.728865150367564,271.51174888476993,9.139527314686967,-85.45089941107909
18.62725940126796,271.8089186526316,8.853547512040658,-85.82093060456813
18.530016749751645,272.09633212229926,8.575828616079784,-86.18019669351942
18.438213860984458,272.3704619583262,8.312236262311794,-86.52136263638664
19.333900342728445,269.79598794451294,10.523575504299039,-84.64400348204046
19.228052561039835,270.09030685028273,10.276549433291184,-84.94509506168322
19.11868271268167,270.39724956442916,10.014468855841717,-85.26398903099562
19.007768511564745,270.71158780495904,9.741967642183315,-85.59506656184249
18.897334418641456,271.02775990368235,9.46465296543579,-85.93160645901273
18.78927371610162,271.34035377507075,9.188731851495591,-86.26624360338995
18.68519146152534,271.64456826207123,8.920539925029205,-86.59153282472886
18.586295245116457,271.93657165379153,8.666049051892752,-86.90052569074594
33.00247107932757,245.2963611144327,2.743827602160907,-73.46662479245646
33.13479291633561,245.04996404714896,2.5666305867210064,-74.62095627582025
33.26533030053917,244.80740993580147,2.3928526012507825,-75.76971108277891
33.39039296134022,244.57558941287877,2.225706373532834,-76.89099106976109
33.50637716717183,244.361209697521,2.0679740726979405,-77.96464855040546
33.610014145079106,244.17033876240652,1.9218540653020737,-78.97357718989842
33.69857238536635,244.0080374306759,1.7888820652878217,-79.90460125083686
33.76999673538861,243.87810938066184,1.6699264434331778,-80.7488751647929
34.58316516368289,242.3302734894374,3.689746196665267,-75.26207103936457
34.582380311963306,242.33102044379012,3.4812176711362737,-76.2011767313832
34.58314842837316,242.32971017014654,3.2728852108697826,-77.14927885751423
34.584003839483366,242.32903904415696,3.068974873909392,-78.08736939616585
34.58310077463703,242.3323774213712,2.8734393423000566,-78.99696300575745
34.578376880034206,242.34348210978868,2.689685813246234,-79.86143016199645
34.5677446988678,242.36615750285796,2.5203842266700938,-80.66705175352193
34.54928235893327,242.4039155406577,2.3673722259966894,-81.40367685030216
36.532297125988066,238.7889963446195,4.760626123489288,-77.37021979240396
36.3964510440794,239.02559959286143,4.536842689244983,-78.08880846080052
36.26087000736157,239.26359187929717,4.308678272460982,-78.825507942528
36.126835893421166,239.5008154552009,4.080934999321118,-79.56534257244398
35.99502528799441,239.73609673071758,3.858497961147599,-80.29280995943621
35.86546759191886,239.96934261033817,3.645962648455462,-80.99306297635151
35.7376054944007,240.20146272862846,3.44730834921984,-81.65298932852731
35.610441982642584,240.43413746561362,3.2656645891968967,-82.26202568586227
38.53340997810102,235.27577016602385,5.768517523778638,-79.42939019505754
38.290328212546065,235.6861308337892,5.5484003975862395,-79.96337001171726
38.041987836579416,236.1085550166755,5.320025202553187,-80.51835946936765
37.79196322025492,236.5372460839009,5.088144180757354,-81.08328935560974
37.543379672095234,236.96700020561204,4.857986225715121,-81.64597893627966
37.29862414365202,237.39371630111336,4.634864344253667,-82.19405169610756
37.0591831985785,237.81471401846176,4.423767992766617,-82.71588560659117
36.82563270644466,238.22880481669696,4.229006147657574,-83.20144413214699
40.23376621194588,232.38001044313074,6.564013940387609,-81.10672331729528
39.92382688964344,232.88981482768452,6.3583598557658485,-81.5115118812171
39.60195430688369,233.42332760520875,6.142404097659718,-81.93659079171626
39.27298539406734,233.97306270635053,5.920535187001072,-82.37374736337775
38.94167631818246,234.53144338106475,5.697895015060346,-82.81346857237938
38.61223959755035,235.0915609057984,5.4800300785323355,-83.2456071137908
38.28797529047516,235.64781920990018,5.272473226050028,-83.66015726282536
37.971067898620944,236.1963351462985,5.0803245838139715,-84.04800993052078
41.45540240796315,230.34660450553991,7.1058878122506774,-82.27566790907218
41.111095428090096,230.9027665526775,6.915724041066091,-82.6013583489075
40.74956839514888,231.49122302174737,6.714646531195031,-82.94568422935669
40.37610465223575,232.10409583203463,6.5066954517501525,-83.30217633970337
39.99625308214176,232.73284077234294,6.296814595338017,-83.66305240244635
39.615284074971704,233.36909737494844,6.0905564412716,-84.01971904710953
39.2376916804005,234.0055133326139,5.893687466581564,-84.36340703789394
38.86684117326012,234.63637619847268,5.711753874174302,-84.68583853840674
42.22775803333419,229.08020116662917,7.43707605868322,-83.00052596634791
41.86765067856945,229.65539877093653,7.258599872351435,-83.28165032057281
41.48697369957008,230.26806032014701,7.069219888510983,-83.5800415916834
41.09108869289607,230.91038982235156,6.872748811047062,-83.89019413013831
40.685854434465675,231.57356533648053,6.673975073388234,-84.205323190533
40.277057817516365,232.2486012676566,6.478409096038889,-84.51777053646586
39.86985131315623,232.92725165223905,6.291914591108024,-84.81955074997981
39.468310215579905,233.60277155018593,6.120277482223278,-85.10295413433026
42.67609902901723,228.35158338787684,7.625619370600842,-83.41656341038606
42.30894232187846,228.9342854323419,7.454544891118554,-83.6736632069482
41.91931978032403,229.55728026839174,7.272718831199561,-83.9471539743578
41.512566705628174,230.21292794861438,7.083825599817853,-84.23204177821691
41.09465021475987,230.8923619659157,6.892559915436957,-84.52208420533881
40.67159469818573,231.58634441355045,6.704398251237721,-84.81014450587973
40.24888955267319,232.2862007565488,6.525248614531242,-85.0886872757647
39.8309980123734,232.98464686879916,6.361025876083869,-85.35034159278054
28.521297845255592,252.80303814897053,2.859966978633244,-72.95599667971678
28.655683054005674,252.53337755717592,2.6687142172215177,-74.18972851300218
28.78936734866249,252.26543212487823,2.4815048953631687,-75.41601459667835
28.919194125061907,252.00558153351597,2.3016912211436855,-76.61196162053767
29.04214984691204,251.75990871687196,2.1321355854337734,-77.75667449389863
29.155569675722877,251.53378714312777,1.9750590720775099,-78.83257903326162
29.257293383259984,251.33156914448605,1.8319715357037358,-79.82629745288259
29.345758143583748,251.15640154687716,1.703678387578952,-80.72901838247878
29.879664286972226,249.9921292633332,3.8918192043806825,-74.89628181784815
29.89837818701615,249.9586879321399,3.6656365757941356,-75.89899133895308
29.91975166132841,249.92056830572326,3.440038449637951,-76.9101155565469
29.94246908679696,249.88031361562028,3.2194946079682216,-77.90970198569069
29.964931613151787,249.84102395176063,3.0081354401051663,-78.87850287578388
29.98540590657031,249.80607353893768,2.809473186994385,-79.79934819570872
30.002184535456255,249.77880181353032,2.6262118124393563,-80.65821888365157
30.01373315963531,249.76222599342663,2.4601631353080635,-81.4448819307463
31.562578141023838,246.6221725253892,5.055840981951989,-77.18096649189954
31.462436506264073,246.81692391005654,4.812613492844951,-77.9461957333526
31.364430587350817,247.00932935444138,4.564925612288087,-78.72990413006818
31.269595631455257,247.19735594103153,4.317896744450131,-79.51633492956967
31.178440192251184,247.3799074551442,4.0766796795982625,-80.2893039194448
31.090932352109906,247.55688093340385,3.8460671397460198,-81.03343606014856
31.00656600203641,247.72907217784032,3.6301562134174965,-81.73527195311466
30.92448790848682,247.89795946353985,3.432116167000603,-82.38408917252994
33.301621507577,243.26064859759197,6.1473577816483616,-79.4204966770265
33.10529281451043,243.62661856187543,5.908089869502111,-79.9862241843367
32.906789237805164,243.99973706189797,5.660000536355603,-80.57374258522599
32.70919784760692,244.37438816834432,5.40816364592785,-81.17142172176813
32.51515716783634,244.7456125931199,5.158110639923329,-81.76655522797674
32.32663229550698,245.10955571662134,4.9154077742222375,-82.34632749476617
32.144801648384615,245.4637298023018,4.685226984496272,-82.89880020106501
31.970067579034676,245.80705309528926,4.471979846256998,-83.41375903744245
34.78940355644241,240.47462835651544,7.005909763683864,-81.2508907312647
34.53162425620787,240.94099701831644,6.782567204324519,-81.67670971711297
34.26608232392434,241.42542445144483,6.548038651475465,-82.12360349273543
33.997071096520486,241.92050812160224,6.306989386248982,-82.5829876420197
33.72871922878997,242.41890015603576,6.064845526526718,-83.04497955298916
33.46460412443673,242.9140135307548,5.827412480065582,-83.49910766523196
33.207460181434506,243.40059740153234,5.60042914060372,-83.93511998517647
32.9590326566019,243.87507520118888,5.389131116480853,-84.34375849015122
35.86440118571329,238.5095655388499,7.58911666934743,-82.52975591653481
35.57413043459518,239.0242103570516,7.382832085568049,-82.86988543725776
35.271506398934605,239.56520830769753,7.164597662811798,-83.22929225043127
34.961304588807884,240.12464663954904,6.938680160125504,-83.60125200746924
34.64842321424596,240.69413226314498,6.710270730880302,-83.97772269941954
34.33741465935258,241.26560344383668,6.485160454502742,-84.34987729048322
34.03207482928717,241.83208948089168,6.269316690475373,-84.70876627844828
33.73516864572987,242.38826970360122,6.068426931434994,-85.04600308481844
36.546744723833335,237.28201313412671,7.944870402905318,-83.32408109510759
36.24107473734828,237.81728024899652,7.751443270783461,-83.61596479202095
35.92007603159648,238.3839969744106,7.546020892721094,-83.9256204914448
35.58864977110901,238.97425280326334,7.332605850533655,-84.24735099554076
35.252020361403034,239.57931027720528,7.1162031228978755,-84.5741745964005
34.91523585020607,240.19044258625317,6.90253939177169,-84.89825547518768
34.58269493559835,240.79977847220886,6.697666420156444,-85.21147183147396
34.25779107571927,241.4009909096753,6.507506160843833,-85.50603595768082
36.94380818213844,236.57443987293615,8.147144593728939,-83.7804336587124
36.63106190757836,237.11823076348745,7.961852998916264,-84.04633195911543
36.301278336762174,237.69629769950103,7.764701642726331,-84.32903493780304
35.95936682016954,238.30084089690754,7.5595427337984775,-84.62338942959981
35.610679031387576,238.92303680948905,7.351267716872712,-84.92298926580047
35.26049940741307,239.5538762520037,7.1455536830648025,-85.2205506629198
34.913541163655765,240.18504749969495,6.9484856669674,-85.50842792819381
34.573546804078205,240.80969027042448,6.766108283339744,-85.77919090864039
25.18595442055554,258.768628327033,2.9613163047100346,-72.46026859034068
25.31763191757949,258.48653414106116,2.758185541616707,-73.75999706695364
25.449167149568694,258.2047217528835,2.559646333370894,-75.05070975313559
25.57782517923633,257.92909677031747,2.3691579655137507,-76.30874875707046
25.70104783407212,257.66519056959993,2.189638682410438,-77.51267118432729
25.816626833671997,257.41778468518254,2.0233181415086317,-78.64457904663817
25.922826582601253,257.190643519621,1.8716748459381973,-79.69098824268823
26.01844558709356,256.9863796490204,1.7354534478218697,-80.64316685433126
26.359604590356852,256.1193054410501,4.069809578082711,-74.51215824267324
26.39060687482909,256.06061852958067,3.828398996879175,-75.56906428466478
26.42471493996096,255.9956517098834,3.5879542461577425,-76.63379673222902
26.46072895842845,255.92681364135603,3.3531411030928604,-77.68565843430721
26.49724228300244,255.8569650844691,3.1282271301022817,-78.70481881315271
26.53277598040121,255.78914587410594,2.916797765444869,-79.67372355272738
26.565914215399257,255.72629453161034,2.721570991540987,-80.57816492241822
26.595419223514057,255.67100516047418,2.5443231514187006,-81.40790039395985
27.817141283237135,252.93405530742393,5.318668875741918,-76.93582192616377
27.743976746235358,253.09297055535365,5.058260682787383,-77.74210167414941
27.673872821559677,253.2471198835967,4.793400269620405,-78.56706485881926
27.607637533093087,253.39465251056427,4.529474163946977,-79.39431108553661
27.54563026277562,253.53458445431215,4.27185286460849,-80.20711362495027
27.48776633125848,253.6668251915789,4.025481308521662,-80.98969814371118
27.43358367057142,253.79207520988456,3.794537839794217,-81.72836769636
27.38235211861677,253.91162738951448,3.5822065601846225,-82.41231925687704
29.329505824681327,249.7433239550534,6.488472712795723,-79.32147357652164
29.17099532863665,250.06773310885956,6.231839779108918,-79.9161252433293
29.012161091279793,250.39578557530166,5.9659734557796416,-80.53318978102138
28.855618212020566,250.72219145838164,5.696232952051342,-81.16055257045804
28.703561348104678,251.04233431506353,5.4284088059010145,-81.78506889048377
28.557591174226257,251.35266016501413,5.16827491504798,-82.39357329303198
28.418636119731172,251.6508930745293,4.921143118977077,-82.97389363050875
28.286974562974873,251.93605183350516,4.69149307169258,-83.51570334669012
30.629752194206045,247.0864744451368,7.407765364422101,-81.27957507582667
30.415784200664717,247.5097409399929,7.1680104405996685,-81.72514844614871
30.19683051812458,247.9467301829584,6.916350536716951,-82.19249470704948
29.976616888676563,248.3903486872916,6.657709249473948,-82.67269744339036
29.758665971384755,248.8336544467371,6.397767638260466,-83.15555622689446
29.545979453697683,249.2704995171691,6.142554157619811,-83.63033133842829
29.34080807615415,249.6960380941429,5.897975885382227,-84.0865793196063
29.144546340381282,250.10701195312274,5.669368954799104,-84.51494092591601
31.573444625998434,245.20495882916637,8.03175999229093,-82.65239590607543
31.329567457069746,245.6768760002295,7.810261790718312,-83.00641147261128
31.07676251101445,246.17036517985056,7.575931083421199,-83.38032228176131
30.819233700357074,246.67775227289656,7.333254018659292,-83.7671762132565
30.561218330991483,247.19102628322713,7.087651881132185,-84.158705655947
30.306590856599133,247.7025953508512,6.845128920365019,-84.5458878111754
30.05852725153079,248.2059752017214,6.611823382143764,-84.9196304798851
29.8192911446921,248.69628011468583,6.3935339840166145,-85.2714714147708
32.17441072502752,244.02621644241856,8.412174725668073,-83.50710026175864
31.91606247221981,244.51950105751598,8.204484656076517,-83.80950313407783
31.64618569118525,245.0392588058111,7.983845434415693,-84.13019739289824
31.36913228005031,245.57775842519578,7.75444836344181,-84.46331722902086
31.08945788147086,246.12660698617367,7.521504585237233,-84.80171172868093
30.811493496050137,246.67753923997898,7.29093895931545,-85.13739635351884
30.538950983825668,247.22319599320554,7.068966919168618,-85.46214316723685
30.274639765156653,247.757736323411,6.861621302870157,-85.76811102730042
32.52485379920125,243.34555005089092,8.628382624855073,-83.99885643532835
32.25972793693341,243.84794112146884,8.429442673969303,-84.27344972679694
31.981563738927058,244.37955183691227,8.217660777677693,-84.56529584435528
31.694741916289274,244.93272450686706,7.997058598474196,-84.86910408707922
31.40395005611121,245.49895217543556,7.772717591408318,-85.17832959917988
31.113741418842956,246.069675537884,7.5505008522173105,-85.48556800835598
30.828112188414636,246.6370996534997,7.336650224525606,-85.78308847620063
30.5501782410487,247.1948723666014,7.137317917933395,-86.06342255917629
22.63237639299754,263.5914623337757,3.049181110869578,-72.00332616952377
22.759168368081667,263.30392962177893,2.8360027809342196,-73.35796422056282
22.886090143501345,263.0156949096772,2.6278939098880145,-74.70225816390729
23.010737564137795,262.73224367893107,2.4283967036391547,-76.01195839837247
23.13090288209395,262.45863451060734,2.2404690980392648,-77.26521002490347
23.24472319990815,262.19915426588227,2.0663405395888095,-78.4438918899976
23.35077916587002,261.957085978261,1.90745641939636,-79.53447421285324
23.448135199835516,261.7346109821539,1.7645045612961843,-80.52832825849512
23.657430318242792,261.09208713489187,4.225194593821385,-74.14225672513928
23.695806052931932,261.01547554893455,3.9707204494953277,-75.24511335547164
23.737400095226654,260.93161119658805,3.717569768658761,-76.35523064335457
23.781107411791304,260.8427763474342,3.470566950370668,-77.45131849820048
23.82567403628186,260.75161796435503,3.23408595755178,-78.51309948753425
23.86981901431006,260.66088607355346,3.0117639922500787,-79.52273976231919
23.912350266274938,260.57317844629745,2.806320489716802,-80.46591860404895
23.952256051747938,260.4907332069339,2.6194924264315675,-81.33242644631082
24.931339292818716,258.0819341098056,5.549892559837736,-76.67585254557581
24.877953644624608,258.2118278643087,5.274493686502542,-77.51784877935883
24.82803316963449,258.3354107990499,4.9947023952034835,-78.3786182579203
24.782202562587088,258.45100687012723,4.716129049127965,-79.24122919984693
24.74070569675418,258.55773364260494,4.444320746229471,-80.08852218852105
24.703422034670872,258.6555069635546,4.184340379068479,-80.90441771977527
24.66993098768588,258.7449364290861,3.940421513422734,-81.67505847304481
24.6396064006765,258.8271438779478,3.7157473873475158,-82.38961167060874
26.2561112736401,255.0575044009187,6.791094179899469,-79.17955042157045
26.12699851170722,255.34593840452573,6.519016503064839,-79.80012084393617
25.9986465231984,255.63556622306584,6.237409835263442,-80.44358532471742
25.8732689703536,255.92144844607503,5.9518814505600215,-81.09741331287168
25.752696801742736,256.19930826219905,5.668440563172273,-81.7480950326333
25.63824319490144,256.46587058744115,5.39302953783456,-82.38218618553657
25.530649708293957,256.7190408697057,5.131066978667581,-82.98733996900829
25.43011317300102,256.9579097129873,4.887074673628234,-83.55316643198057
27.398752190702506,252.52993958681154,7.7669896341263716,-81.243236720377
27.219885472742387,252.91436072993034,7.512375989599058,-81.70702026890503
27.037853582370676,253.30927504241123,7.245283656530995,-82.1931737364949
26.855876194682587,253.70797122230263,6.970869438710613,-82.69248613930492
26.676959097035606,254.10394629102422,6.69503754549582,-83.1944829519006
26.50363174635342,254.49148805788903,6.424004779975793,-83.68820159738969
26.33776388979804,254.86612556469453,6.163813004841795,-84.16304927785792
26.180488779367764,255.22487254286202,5.919871277596088,-84.60959807711437
28.230726699642783,250.7340085016895,8.429706519459208,-82.69528883330204
28.024667325027732,251.16646665682043,8.194248404499243,-83.06241630579522
27.812047725923964,251.6167941755566,7.9452234871459915,-83.45000291076478
27.596541569297848,252.07766545413415,7.687322241737688,-83.85089079589874
27.381804403258506,252.5415195734213,7.426173309013227,-84.25661369413952
27.171138823823938,253.0012583632328,7.167966342294352,-84.65798202566958
26.967218253022345,253.45086945839805,6.9189814032583135,-85.0457887124047
26.771918276042246,253.8858590972902,6.685102645231536,-85.41151749736045
28.76187311941744,249.6061009544553,8.833848286587687,-83.60163002182124
28.542475517601552,250.060067858704,8.6129557751778,-83.91415187429233
28.314247611409,250.53656669325488,8.378303024559457,-84.24546283615574
28.081017022152142,251.02817575418038,8.134260990888961,-84.58954415238087
27.84673803862785,251.5269366245531,7.886230367212578,-84.93909457000532
27.615125216066318,252.0250905475827,7.64031152716457,-85.28600209420371
27.389324174450664,252.5157899874128,7.4028590681812165,-85.62195138913283
27.17168241343439,252.99364658340136,7.179993156508125,-85.93906392488279
29.072113473748484,248.95375276840818,9.063575646056679,-84.12393060041202
28.84639184329811,249.4170727081906,8.85193707739899,-84.4069981611344
28.610511264143764,249.90555812204653,8.62661151563626,-84.70776362499112
28.368338630929298,250.41183396206597,8.391784161608369,-85.02081187091773
28.12395636663696,250.92781228932313,8.152713200073912,-85.33947497438056
27.881282627789115,251.44543989404224,7.915428639801232,-85.6562444813532
27.643716005516566,251.9574490137654,7.686307117937866,-85.96331973451363
27.4138713571191,252.4579684154398,7.471587053293224,-86.25320605377046
20.62351765875756,267.5620966913042,3.1255312658866914,-71.5908045032168
20.74466315574062,267.27337287842613,2.903788820192628,-72.99151275332564
20.866056885114357,266.98325169371503,2.687533564440477,-74.3807392036021
20.98555623826001,266.6968527152309,2.4803732638571607,-75.73376607116539
21.101225931757224,266.4188329351742,2.2852943126674847,-77.02842396138699
21.211467266497888,266.1530677422629,2.10452081048327,-78.24643604752296
21.31509912402767,265.90244640436623,1.9394652386045663,-79.37426465710978
21.411383617890007,265.66880169679104,1.7907630148663645,-80.4033949828467
21.529652441028382,265.19564208935043,4.360885977341671,-73.79896774134723
21.572270675265,265.10649110227325,4.095170975024859,-74.94092217971162
21.618059272752514,265.0094927816276,3.8311078120551008,-76.08960680877655
21.665992635688493,264.9068102471533,3.573650807181423,-77.22325299209413
21.714939642059026,264.80090038117567,3.327257978911771,-78.32123357499208
21.763774803535913,264.6942636807311,3.095603389926922,-79.36550941057479
21.81147888570161,264.58921029622275,2.8814005831726015,-80.34169516997856
21.857213098771034,264.4876810760129,2.686346427727983,-81.23963827746987
22.65541980741996,262.3428357816914,5.752891870040118,-76.42078706673692
22.61648480288736,262.44968768269683,5.464443788313999,-77.29378511648999
22.58114609977366,262.54923750528616,5.1716909296414215,-78.1855709841212
22.549886218159397,262.6399580573854,4.880431675191461,-79.07877162869762
22.522863046687448,262.72104712610286,4.596357711362326,-79.95587784713783
22.49993349224756,262.79241700308023,4.324623890435573,-80.80057641268166
22.480714826121265,262.8545902498969,4.0695016831263775,-81.5988995333609
22.464666856428355,262.90853447479844,3.834163947370407,-82.34001721937342
23.827236155475816,259.47050309090184,7.05836886732093,-79.0206749963717
23.720739365473644,259.72880691040905,6.772663042254808,-79.66427990341619
23.615633611462812,259.9865839016846,6.477216148410216,-80.33114858801311
23.513806532160476,260.2392203150074,6.177849609133582,-81.00839354593863
23.416801147160832,260.4827407977382,5.880756845855065,-81.68219975164776
23.325709352790245,260.71410692675477,5.592017466155505,-82.3388981730705
23.24113465831396,260.9313687769802,5.317131287667695,-82.96601295002542
23.163221192903823,261.1336616228989,5.060645207099961,-83.55312054904107
24.839932846195097,257.0633818688518,8.086039666610334,-81.1719438575614
24.688737940679935,257.41427312811527,7.818143799951058,-81.65229756317599
24.535581851800952,257.7732549976795,7.53731117894517,-82.15552396424307
24.3832598838943,258.13399701597376,7.24890560417607,-82.67215163720526
24.23435653655472,258.49040754088423,6.959024419897434,-83.19146952281568
24.091026435919268,258.8371637444782,6.674042488472312,-83.7023289750445
23.954845730748854,259.1701146534416,6.400109544710925,-84.19401946785754
23.82675458780874,259.48649350254914,6.142686239665196,-84.65706944133682
25.578928991744462,255.34844824738096,8.784679027054073,-82.69076561578834
25.403089215154044,255.7462386543931,8.536616472903932,-83.07007418795807
25.222337661092496,256.15905152563494,8.274379129756518,-83.47034230224953
25.03989208924301,256.57993190938333,8.002843095783376,-83.88422640989296
24.85892371597133,257.0017593349348,7.727820425774025,-84.3030848862441
24.68227215135197,257.4178923260919,7.455659913120584,-84.71758519759666
24.51221515167214,257.8227350858866,7.192758374251171,-85.118426513085
24.350332537596415,258.2121244541448,6.945064119982197,-85.49705585924308
26.051582062505812,254.26919764024873,9.211059833315895,-83.64112466308154
25.863543889301717,254.68827332140935,8.97816822616978,-83.96320272497891
25.668600820451342,255.1267942846097,8.730832431429763,-84.30452813442729
25.47012178284287,255.57768600736733,8.473589207429438,-84.65894279271856
25.271553612134923,256.0334282505444,8.212009769689978,-85.0190101799166
25.076105194939412,256.48674236622196,7.9523470730356065,-85.37650805608851
24.88647063904756,256.931241749331,7.701072301738616,-85.72304824247948
24.704640193270897,257.3619275896583,7.464373283547623,-86.05072604421984
26.328002670635197,253.64414927297355,9.453542035544771,-84.18965297450025
26.134134779710703,254.07260727898483,9.230317463251732,-84.4808174970108
25.932188280429042,254.52302373608427,8.992686357439256,-84.79010020461736
25.725575812495848,254.98835210014164,8.744986515302617,-85.11197186280614
25.517864572844374,255.46093605436502,8.492636250477087,-85.43965370062715
25.31244814772759,255.9332083029949,8.241812298282085,-85.765545798864
25.112245062578758,256.3983818273585,7.999005231347687,-86.08178890335516
24.919479457566666,256.8510043276037,7.770521205069048,-86.38087028454895
19.004576700652546,270.88739598958813,3.1922747734199373,-71.22101409493266
19.120011004094852,270.59997967710234,2.963160266322971,-72.66080420726436
19.23573027677635,270.31065799710575,2.7399006151748577,-74.08812304686364
19.34980171987803,270.0242328307208,2.526156107605557,-75.47787792443538
19.46050508484246,269.74502004293697,2.3249339243439415,-76.80765338655983
19.56644704144478,269.47655142575815,2.138449833789729,-78.05906322993974
19.666628805505567,269.2213922452611,1.9680845912730427,-79.21858512344588
19.76046156498661,268.98109164481053,1.8144255690157645,-80.27782127536251
19.814909919380646,268.63676387750445,4.479915878106896,-73.48539465918832
19.859818278922333,268.53888639832087,4.204462571711116,-74.6608644397184
19.907776254257143,268.4327956779981,3.93095995528215,-75.84257354152153
19.957825611640907,268.3205436695842,3.66447063935606,-77.00835855215352
20.008935383482108,268.204418720638,3.4095198828552253,-78.1373158858749
20.0601036719652,268.0867067310405,3.1698084559471766,-79.21125206329862
20.110446343456548,267.9694749913848,2.9480397437841006,-80.21574878339916
20.159258273455787,267.85441603322795,2.745871447023007,-81.14072296579637
20.820752833542407,265.9222927442526,5.931614915549111,-76.17924530392935
20.792466736664565,266.01089822508504,5.631773157461266,-77.07922818352272
20.767767356555364,266.0915587356485,5.327727545901473,-77.99796597601663
20.74702777817592,266.1628682957719,5.025435550709049,-78.91771612442484
20.730342216830298,266.22408464119974,4.730708969763265,-79.82068126066619
20.717554007560107,266.27510852962143,4.448775282416587,-80.69036713070199
20.708313779910988,266.31638111473666,4.183931897661899,-81.5127301680884
20.70215164626653,266.34873321773216,3.9393359717397187,-82.27696243401857
21.867877800659297,263.1852801368928,7.294674591210168,-78.85854129396338
21.77884944294019,263.41862375197155,6.996956320080345,-79.52257158931636
21.691574935098934,263.6502124269386,6.689343620094752,-80.2101508926141
21.607680427125576,263.87571850552615,6.377842938244789,-80.90808419956959
21.528482233217662,264.0914234357813,6.068803628236743,-81.60229929255235
21.45490162041177,264.294483733874,5.7684180291141525,-82.27894425956644
21.387439151624772,264.4830619590834,5.482248572130119,-82.92544626459215
21.326204148119185,264.6563189451708,5.214855588612649,-83.53136875599708
22.773810094153486,260.88669570463156,8.369279264648,-81.08311466125575
22.644424922898303,261.2091462821321,8.089566480792211,-81.57844310155343
22.51388981883247,261.5378787666581,7.796547651144054,-82.09706672813215
22.384651779317732,261.86691260403234,7.495769090383661,-82.62928407808562
22.258956230726106,262.19052047260624,7.193494948186768,-83.16417941003105
22.138661683380956,262.5037140140425,6.896232887900643,-83.69044807939261
22.02511748005659,262.8026078220999,6.61021975644028,-84.19728504140052
21.91911927996098,263.0846095623907,6.340952157925612,-84.67519312947658
23.43588431696282,259.24556719294947,9.100831824475796,-82.65853108755812
23.284119255475254,259.61355423108,8.841473422731553,-83.04903573520242
23.128611611876057,259.9943582996458,8.567434247539511,-83.46093894181406
22.972198562090732,260.3813777101406,8.283756873783288,-83.88672997674645
22.81765565547631,260.76789303343713,7.996414333240247,-84.31761231929059
22.667451455360286,261.14766471780325,7.7118914412213675,-84.7441307013911
22.52355310278911,261.51545172392986,7.436681462066316,-85.15690649537491
22.387313628163575,261.867363633921,7.176780460239149,-85.54736295631453
23.859901467347825,258.21101133296946,9.547750898521741,-83.64655061665938
23.696992336339548,258.599866282853,9.304054290824194,-83.97753098441294
23.528575365524116,259.0057380947051,9.045335528839281,-84.32817230934262
23.35763229560163,259.4218919686022,8.776281959212675,-84.69218926679034
23.18719115750863,259.84121476925463,8.502615826021163,-85.06202487445745
23.020052280269617,260.2568561133958,8.230722355590052,-85.42935980812298
22.858551722860597,260.6628284248129,7.967169884224579,-85.78574516386637
22.704402818157863,261.05445923683715,7.718198332485418,-86.12325836163684
24.108111730394352,257.61116881766077,9.802072721561705,-84.21765354690521
23.939848907427802,258.0093092079063,9.568385637287603,-84.51643324232874
23.765033831989843,258.4268639884368,9.319679103163233,-84.83371764836679
23.58669298646283,258.8571139144459,9.060430458066959,-85.16387279954931
23.40796618786193,259.2928076863872,8.796201053029467,-85.50001983049806
23.23182074495992,259.72681594786934,8.53329538993223,-85.8344780159811
23.060792592746257,260.15277108117954,8.278299786761098,-86.15933849283488
22.896801139535057,260.5655749086069,8.037573190042801,-86.46707648606483
17.6724264601626,273.7150115903052,3.2510449676646767,-70.88976342459065
17.782400387755025,273.43033114603696,3.015520450986631,-72.36308508799142
17.892653121036737,273.14336185528526,2.7861761558599567,-73.82306637923011
18.001422795553825,272.85862910246385,2.566715964581037,-75.24430568385138
18.107161789647808,272.5801572534368,2.3601622788339243,-76.60419270864263
18.20863920140934,272.31118898426564,2.1687208845834185,-77.88426392666513
18.3049982218527,272.0540205300303,1.9937424292684396,-79.07102651175158
18.395764225336606,271.80996804754125,1.8357703053119798,-80.15619842433102
18.404705198195565,271.56487321311727,4.584979964396965,-73.20067566754688
18.450690094171147,271.4609427260046,4.301021578511261,-74.40512978304942
18.499574829513374,271.34857348992597,4.019285501664291,-75.6153696254274
18.55045896904254,271.22971436520606,3.744925329232108,-76.8089048189505
18.60239419797028,271.1065045017812,3.4825215745018148,-77.96460567366222
18.654478304793443,270.9810445863996,3.2357943917710683,-79.06416198545354
18.705934258520692,270.85519587918725,3.0074346543027564,-80.09314306953802
18.756161587920143,270.7304424640802,2.799062625437168,-81.04154110954973
19.31256793326319,268.97114345221473,6.089758332606681,-75.95434007131301
19.29223531909837,269.0452216610696,5.779913097823466,-76.87793764936087
19.275409300086185,269.11093375366056,5.465969794068896,-77.82022799308376
19.2623782974433,269.1669707304808,5.154022072069401,-78.76315452995141
19.253188967390344,269.21263406959577,4.849982176113466,-79.68868217919275
19.24767690726675,269.24780757898424,4.559136468725457,-80.58017124144163
19.24552159960572,269.27285759862497,4.285799806636709,-81.42352743134677
19.24631057194768,269.28849466575764,4.03311080731061,-82.20797620789918
20.257356420651703,266.35321461576734,7.504392060680174,-78.70011269254151
20.181963260758337,266.5658834537269,7.1960571121016494,-79.38228089214803
20.108527603463486,266.77590354016854,6.877715722108419,-80.08822005270365
20.038465452188078,266.97919307823594,6.555534965236082,-80.80446864266992
19.972913418689654,267.1722493233822,6.235997111242196,-81.51673622957831
19.912659762775743,267.3523879387682,5.925388556486256,-82.21101873263643
19.858126747761137,267.5178590708777,5.629320206796939,-82.87467117609535
19.809400019516787,267.66783637316973,5.352358163571422,-83.49725697226116
21.07518716165092,264.15101443809306,8.621404115123761,-80.98671820528472
20.96312063749502,264.44945000986434,8.331177848341568,-81.49554737745173
20.850462487228036,264.7527826692421,8.027343884354591,-82.02802834696192
20.73937486618874,265.0553424568584,7.715609382220464,-82.57425612516859
20.63182980830359,265.35171757153114,7.402382986238972,-83.12313700567577
20.52945038264272,265.63720285980645,7.094284873025245,-83.66323386811877
20.43340827448948,265.9081327829995,6.797622278540004,-84.18366682551128
20.344389069290166,266.16205323323663,6.517917160294806,-84.6749238344289
21.67346533960843,262.5759552874293,9.382939836306987,-82.61051663181699
21.54098435186455,262.91850984223356,9.11347862113902,-83.0112533566836
21.405608545093138,263.2721495329878,8.82891157063054,-83.43377287372259
21.269860085434495,263.63059386779855,8.534429816945423,-83.870414100078
21.136192006675728,263.9874775845217,8.236147512295851,-84.31224344983126
21.006774674983138,264.336907703676,7.940666225111035,-84.74969923577294
20.883328959489805,264.67394294406336,7.654558732417102,-85.17333931436518
20.767031739860062,264.99491640838863,7.383857176688826,-85.57457100923462
22.056993032537324,261.58164580690175,9.848684642730205,-83.6309793135779
21.9143055674704,261.94456279024337,9.595290767427745,-83.97018358853276
21.76714509672537,262.322564400036,9.326382783563565,-84.32941935996564
21.618170556961193,262.7092294240107,9.046783940930979,-84.70228481019889
21.470066074112363,263.0978092956742,8.762349603010716,-85.08111582787788
21.325301499487566,263.4818269810109,8.479579493223753,-85.4575076477647
21.185927284066874,263.8556352597727,8.205123202708029,-85.82296027233332
21.05343953681501,264.21483340520797,7.945260740674533,-86.16953939401616
22.28166055922599,261.00458646126896,10.113902495734745,-84.22162617639522
22.134052743193617,261.3766252190683,9.87080646546614,-84.52749435159595
21.98103485275065,261.7660398136909,9.612165941116572,-84.85221828654171
21.825309729617423,262.16641676050995,9.342584547998415,-85.19006810522215
21.669665042198876,262.5708696907067,9.067750651214803,-85.53407456894536
21.516721943334122,262.9726536061281,8.794079770030352,-85.87648539765297
21.368710021370344,263.36576079078185,8.528238760780821,-86.20934952051554
21.22730853351131,263.74539001352906,8.27662764944566,-86.52513461756591
16.556589549232573,276.1517522352347,3.3031801724523966,-70.59235781269182
16.66147882047202,275.8705897665242,3.062027780883218,-72.09475962826997
16.76661929117927,275.58683861177417,2.8273464244109046,-73.58305004374554
16.870390179162342,275.3047833281511,2.602876012155138,-75.0315686619946
16.971384698955017,275.02819740730115,2.391650207657591,-76.41754789785311
17.068502606053325,274.76007803306896,2.1958639831123112,-77.72246942030038
17.160999528633674,274.5024957609147,2.0168396495589604,-78.93287832002223
17.248489684557903,274.2565733512195,1.855080311912567,-80.04060467806275
17.22446158570462,274.0889596092446,4.678337819878769,-72.9424400406585
17.27076707495581,273.9808553705656,4.3868900729684706,-74.1721857844568
17.319815347486628,273.86417450669563,4.097911690116428,-75.40729908983533
17.370755988576498,273.74077083351125,3.8166339522775607,-76.6250132829163
17.422709828275515,273.61265103090585,3.5476832429601766,-77.804012356813
17.474856219438156,273.4817550950094,3.294793966398915,-78.92589594942243
17.52650429981839,273.3497682797019,3.060643276518563,-79.97623455441516
17.577136688422055,273.2179984097575,2.846816061397138,-80.9450973896808
18.05136093073108,271.60059274202996,6.230515149867572,-75.74654718277209
18.037057109652118,271.6630011668392,5.91182965924292,-76.69094359601254
18.026146441130173,271.71676593744047,5.589152036931136,-77.65395304502358
18.018851156907804,271.7606553256147,5.2686935983967516,-78.61724957225728
18.015182002275075,271.7940020447272,4.956451902955615,-79.5625980973791
18.014970526214057,271.8166698756996,4.657761525113363,-80.4732414790183
18.017921015724202,271.8289570199379,4.3769489463153635,-81.3350516466325
18.02366808798593,271.8314685021133,4.117132875616001,-82.13729403529211
18.911344955309254,269.0871819210495,7.691445382677385,-78.54872195530135
18.846734505740436,269.282638573814,7.373684374844341,-79.24705323912873
18.784189157868536,269.47478255988284,7.045834790652298,-79.9693292326257
18.72495449224579,269.6597423613152,6.714203638578347,-80.70185641873076
18.6700231211183,269.8341960788638,6.385387739123307,-81.43015658490086
18.62007793789573,269.9955900615052,6.06575221775411,-82.14009992854078
18.57548057840832,270.142242683474,5.760946619732299,-82.81898503943866
18.536299990365553,270.27333238816266,5.475537458716621,-83.45638461417118
19.655891450471618,266.9701350418675,8.846778367635627,-80.88841389016656
19.557727584161242,267.2482518105814,8.547173536798354,-81.40942066433156
19.459364175610315,267.53018611120393,8.233711195610809,-81.95438246175236
19.362729390009804,267.8105398172236,7.912240648880477,-82.51321360224208
19.269573053722105,268.0841724012904,7.589296396063862,-83.07466472120484
19.181328847602963,268.34661818267693,7.271594640339871,-83.62718547769138
19.099027262788233,268.5943939520717,6.9655003508529205,-84.15983540055387
19.02326811789722,268.8251564730026,6.676552938324885,-84.66309584375102
20.200907837626623,265.4537929880325,9.635580947782282,-82.55396280456907
20.08401940254461,265.77464499866977,9.357073254807306,-82.96403021438257
19.96486454243868,266.1052009027621,9.063098793975685,-83.39621745550328
19.84570433093819,266.43946618803744,8.758981213259956,-83.84272812290888
19.728727446158693,266.77138475234807,8.450958558239508,-84.29450729213178
19.61586255307938,267.09536047758974,8.145733461879212,-84.74189971508704
19.508632776967318,267.40670537675,7.849944625281047,-85.175411337582
19.408075708321956,267.7019369735361,7.569651406013749,-85.58643958852907
20.5505355193267,264.4954087796793,10.118529590401012,-83.60260033871641
20.424259747246083,264.83609021136374,9.85643074904237,-83.9493690022291
20.294293922415214,265.1902972654234,9.578395525708183,-84.31650002460574
20.163027735408342,265.55189161629875,9.28936887532067,-84.69748641973177
20.032862240153147,265.9144452301299,8.995324149098813,-85.08456729360104
19.90599789522747,266.27180415627646,8.702860315503663,-85.46926286352218
19.78425481671964,266.6186107735977,8.418695331923217,-85.8430298804467
19.66895611185251,266.9506913262726,8.149140123147465,-86.19792688853246
20.755454685338925,263.938744405988,10.393736656302254,-84.21029041871277
20.62464275749678,264.2883529629828,10.142182239030829,-84.52271810953803
20.489292972218124,264.6536828999899,9.874630034005808,-84.85431883873098
20.351837518514913,265.0285980078774,9.595797479577742,-85.19927503455371
20.214773188301788,265.4065349451195,9.311485626196497,-85.55053583729146
20.08043825382756,265.78108271791535,9.028206656266052,-85.90028545002663
19.95081454152324,266.14654127233325,8.752695490335084,-86.24053672490237
19.827389376683076,266.49835880649863,8.491384171473172,-86.56375317839961
36.75115347366524,236.22672491654617,2.7509070536574716,-73.62837032078133
36.83701384636091,236.07151324911848,2.584301857662089,-74.71795661689562
36.92056302318467,235.92105933941187,2.42004436782043,-75.80754595060742
36.998197399663624,235.7817849278117,2.261328176774772,-76.87571268708906
37.066202952426,235.6602734400525,2.111000232105707,-77.90229019163782
37.12102225481364,235.56280889454854,1.9713899932717656,-78.8697202455183
37.15950252618429,235.49495226581269,1.8442075419038213,-79.76404780396537
37.17910134930488,235.4611936902136,1.7305149182212989,-80.57544963335845
38.36885374367737,233.3891378491766,3.62064075511767,-75.24814171181302
38.32022106483338,233.46643301326412,3.4245955953828298,-76.1443710451401
38.27161879851268,233.54475778232944,3.2278920641863964,-77.05283433073798
38.22190797165035,233.6262101690659,3.034640720366963,-77.95500901608433
38.16941549400966,233.7137685328604,2.8487758930160965,-78.83252733400846
38.11207836186456,233.8110545815391,2.6737759545202815,-79.66852423915553
38.04764849917676,233.92199526884926,2.5124524014409575,-80.44875568763769
37.97392676153606,234.050433933395,2.3668291977667715,-81.16235144310461
40.360134920386734,230.00405786925276,4.6189341566184305,-77.1625466989281
40.175703637525075,230.30216184650064,4.40669131966233,-77.85848926700982
39.9888692253189,230.6064408603332,4.189608519893256,-78.57424568620333
39.801403638446324,230.91421787190336,3.9723287535555527,-79.2951784850527
39.61440956073974,231.22382536989448,3.759663949187028,-80.00588220039918
39.42822116018148,231.53478770292318,3.5562285058305534,-80.69135393869662
39.24243422947692,231.84780038176382,3.366104005248832,-81.33810210674906
39.05605732946418,232.16451091803472,3.1925851039049364,-81.93502180660039
42.400361598983885,226.64894780592806,5.571845346438581,-79.04536226549207
42.10863965816778,227.10884807311112,5.360104583130973,-79.57147314182912
41.80801760565404,227.58642295388822,5.139935100694437,-80.11966937839675
41.50260222838414,228.07556691599916,4.915961953509486,-80.67903143833733
41.196091103605305,228.57064737679696,4.6933529793521105,-81.23737091073643
40.89140644242106,229.0670975474307,4.477440297517081,-81.78212982246781
40.590467070182044,229.56181873456933,4.273312994080961,-82.30134357857783
40.2941395171045,230.05331339639667,4.085446808705057,-82.78451112626506
44.13123383119416,223.88493601268937,6.333289194898612,-80.58884845200349
43.772787135340046,224.43705769955,6.13237811030042,-80.99449848922112
43.39813567606057,225.01866054213895,5.921062074732226,-81.42141906882392
43.012622758473874,225.62212981745554,5.703663692493794,-81.86141800474044
42.621628677025235,226.23956609202466,5.485314454592048,-82.30488337949542
42.23003072329432,226.86360367748432,5.271621036328974,-82.74143718673588
41.841750831969236,227.48813929315443,5.068250842724984,-83.16071999653077
41.459483488906024,228.10881715330478,4.880503581426562,-83.55317564888549
45.37378544238896,221.94400875513662,6.856816079805147,-81.67008617866023
44.98100221621993,222.5390303466531,6.668517697370791,-82.00108167453361
44.56637783878149,223.17204354267065,6.46913921565137,-82.35176030051046
44.1356677188284,223.83513618129976,6.262703493624316,-82.71561167168498
43.69505685875211,224.51950680869933,6.05419138508505,-83.08470665102804
43.25054480160259,225.21635435443463,5.849260622936399,-83.450190645837
42.8073590231316,225.91777769845632,5.653855122917756,-83.80292763196626
42.36951695771459,226.61749871901563,5.473762398058376,-84.13419379433385
46.159165425473475,220.73484815249674,7.178756026014857,-82.34302278756871
45.750531733735706,221.34747237968972,7.000276679652376,-82.63156195507787
45.3165216140369,222.00316817233264,6.810640412007361,-82.93848838949107
44.862945809197306,222.69414357567982,6.61367081451475,-83.25823104051602
44.39630124653491,223.41134633403215,6.414223787114612,-83.58383900090115
43.92313677087293,224.14535382296333,6.217946545464721,-83.90738033790942
43.449401124781126,224.8873441914014,6.030912423873489,-84.22049749731296
42.979906522980414,225.62995019422493,5.859181422422395,-84.51503537622469
46.61508113337615,220.03893492136348,7.3626857584485075,-82.7301750020302
46.19933668048726,220.65849790241828,7.190519798439472,-82.9956835835252
45.756221468807254,221.3239043613447,7.007282975473557,-83.278750468939
45.29150695650785,222.02753243629127,6.816685084748048,-83.57430743543509
44.811798737708244,222.76029430362138,6.623505024059624,-83.87593902809054
44.32390051083846,223.51251250135635,6.433374413001936,-84.17623077687033
43.83413267059544,224.27491814841454,6.252430486703468,-84.46727408559607
43.34774357934953,225.03957027530348,6.086882835810022,-84.74125396435134
31.539172030028737,244.52519375131197,2.8704287947671694,-73.1600763246722
31.638426588922655,244.33239931601992,2.688974136986582,-74.33368146662696
31.736905870731594,244.14171845340226,2.510472960582427,-75.505490679274
31.83147237614634,243.95925247140033,2.338288136170601,-76.65291043834469
31.918969243073484,243.79111620488297,2.175372970714154,-77.75486516141893
31.99644683626251,243.64300660537776,2.024100848272005,-78.79318348222365
32.06136047797331,243.5198295014071,1.8861705111244458,-79.75359586125498
32.11171851511502,243.42542253622793,1.7625890988464137,-80.62623536014974
32.959021255529144,241.76041182347925,3.8260980754861085,-74.94212698907474
32.93809569115541,241.7979499718517,3.6118505093957562,-75.90409596970657
32.91908957729008,241.83289302012983,3.397250219969005,-76.87795326035527
32.90096071270872,241.86725142849727,3.1866837600906566,-77.84410787849865
32.88223567439975,241.90381899876857,2.984297694178132,-78.78329307714823
32.861149677971156,241.94592234422834,2.793708126134057,-79.67796872533815
32.835824783219174,241.997098211454,2.61778821670461,-80.51347099950031
32.80445833148932,242.06074848319832,2.458556647455357,-81.27875233905579
34.71524163244183,238.4524502069412,4.9158332894893,-77.04887043523739
34.57131639479161,238.71109308693167,4.684027437232291,-77.79183276005091
34.42784978706687,238.97112893593547,4.447175147893389,-78.55521060953244
34.28637413711649,239.22988596406088,4.210257618767951,-79.3235218888138
34.1478057510864,239.48570996669076,3.97838491687358,-80.0805925914329
34.01238499447891,239.7381003481867,3.7564042456485867,-80.8107922013031
33.87972317161188,239.98766008321607,3.5485502656995007,-81.50018412838254
33.74894148739342,240.23587657629915,3.3581890076026952,-82.13741453135164
36.52584364871078,235.16113769628643,5.949106887451289,-79.12226222725091
36.28283907818046,235.584396457063,5.718525296750126,-79.67976675382273
36.03502341032136,236.01969996369294,5.4788292581916105,-80.26027314873585
35.78610167114191,236.46085371342798,5.234968461327035,-80.852275655179
35.53932734728779,236.90225201580125,4.992429291331537,-81.44301430768823
35.297204287638515,237.33942258832255,4.756823557369614,-82.0194307588672
35.0613172562717,237.7693745072966,4.533455256850318,-82.56917570673205
34.83231585220022,238.1906904704626,4.326935944755589,-83.0815040587116
38.071471957719254,232.43935900927445,6.769953790167726,-80.82321517563092
37.76534534836379,232.95846981690752,6.551937577210796,-81.24946956512949
37.44808587197543,233.50110282287292,6.322544856229043,-81.6978273535513
37.124634983139416,234.0593909957566,6.086366079362851,-82.1597104610052
36.79984367168717,234.62535536881163,5.848820009890721,-82.62510916915511
36.4780029074356,235.19169907277404,5.615786962087329,-83.08328127202293
36.16247189269417,235.75248333775795,5.393164040265461,-83.52357433175176
35.85547342103307,236.30355338045112,5.18641451521,-83.93623618828994
39.18658731416284,230.52237644800093,7.331829685486474,-82.0153753787134
38.84706242858119,231.0873472429575,7.128116077899061,-82.36051898497234
38.491350765964924,231.6843520825596,6.9122337178350834,-82.72599062462713
38.12486871038882,232.3050966453139,6.688418941735707,-83.10500992240264
37.75328113491667,232.94058878260603,6.461896573769759,-83.48936362328342
37.38195010993064,233.5820236180968,6.238570242066877,-83.86993105620033
37.01543324566011,234.2216441202095,6.024601334137742,-84.23735894646262
36.6571307295801,234.85340385770218,5.825941063781382,-84.582777924514
39.8938128765884,229.3257623954277,7.676332961227582,-82.757562176407
39.53839768878325,229.91026118727603,7.483649822726492,-83.05670118554495
39.163555234986816,230.5319702445318,7.278688739205683,-83.37471682265505
38.774814763496856,231.18264158800966,7.065449584280499,-83.70582908861415
38.37818448512067,231.85295826462547,6.848999240910324,-84.04286540562666
37.97957191037654,232.53343467107163,6.63520512027066,-84.37768569366904
37.58421569879296,233.21535908116354,6.430341375692568,-84.70176252736583
37.1962403175767,233.89159276064558,6.240622869806673,-85.00683036559418
40.305207472236965,228.63625335510815,7.872800652034586,-83.18461885339747
39.942450907614635,229.22880714758585,7.687175681714711,-83.45885208334137
39.558413711882785,229.86143038603458,7.4893551012207435,-83.75103431663679
39.1586237702783,230.52600719023047,7.283203371186012,-84.0559188594786
38.74922347902417,231.2131437083936,7.073690036498805,-84.36690096536543
38.33638241210829,231.91306262201994,6.86664994793381,-84.67638881861595
37.92569648971487,232.6165813554831,6.66840835275727,-84.9763312536485
37.52169362569765,233.31597898012484,6.485321563192203,-85.25882341778166
27.638185132338496,251.22675145712003,2.977932211905412,-72.663223215387
27.743680741483434,251.00736023832133,2.7835377007901867,-73.909171059294
27.849225273186885,250.78828878109732,2.592661578067946,-75.15169194692854
27.95206572368212,250.5753063811177,2.408799047155874,-76.36727576316537
28.049493232702865,250.37407954392864,2.2349802987050187,-77.53415728981776
28.139037345833113,250.1897693440693,2.073601486688902,-78.63373354135891
28.21862410663092,250.0267049905998,1.9263382877258162,-79.6515483368738
28.286682225874475,249.8881655356401,1.7941396413064545,-80.5777661943972
28.879090584133955,248.57034328480248,4.012976244389656,-74.57552391330168
28.878344818800393,248.5742917376041,3.782484248166952,-75.59549567021207
28.880459225311537,248.57324646764624,3.5519787645097636,-76.62690703688996
28.884449198138263,248.56917320150612,3.326075518267785,-77.64929715470052
28.888990827854478,248.56471534846318,3.1090895223688277,-78.64269411468209
28.892552763547314,248.5629395546731,2.904737374873282,-79.58905846051006
28.89355032951719,248.56703309586013,2.715926614594887,-80.47344560664781
28.890496659728388,248.58000226450443,2.5446535632749887,-81.28473117858181
30.419047305093546,245.38328389683372,5.189008318201856,-76.84022192165551
30.3085481874974,245.60355646792436,4.939289557388526,-77.62593660257892
30.200144957379575,245.8218129099671,4.684431291916426,-78.4324705453106
30.095092519479007,246.03554348779798,4.429710800192847,-79.24362289456118
29.994100079087698,246.243221715052,4.180489683181014,-80.04258912606204
29.897300711603368,246.44439923616235,3.9418016532052773,-80.81324920668315
29.804307439044134,246.63963428411446,3.717993886583854,-81.54134390080806
29.714337082296503,246.83028119101408,3.512471623277175,-82.21537163005685
32.01443594071789,242.19986872400412,6.30024026119436,-79.074713014196
31.814219161695622,242.58346573623788,6.05195407921333,-79.66161222086315
31.61187876625321,242.97470854280485,5.794017134814787,-80.27228365521259
31.410633306843284,243.36759241610022,5.531679512921693,-80.89470225123435
31.213249320515306,243.75676784205987,5.270711476071081,-81.51561963010103
31.021804835340816,244.13802642446075,5.016963428796429,-82.12156854589254
30.837567142755347,244.5085944972289,4.775911895830434,-82.69990548634459
30.660998836934915,244.86719067339592,4.552266439062233,-83.23971883955383
33.383648251090214,239.5564047669166,7.180379088494396,-80.91265072948391
33.1251764354672,240.03690614148076,6.945930218285255,-81.35863349538728
32.85920863471874,240.53592455661826,6.699273272893663,-81.82749299621848
32.59014245595324,241.04569363563567,6.445259254115338,-82.31030292015753
32.32220784556897,241.55847480751385,6.189574865652142,-82.79670789157564
32.05907162712421,242.06730009023846,5.938345389571756,-83.27566124486661
31.803538704259662,242.56658282262688,5.697663338462495,-83.73627926094665
31.55740157973953,243.0524836464749,5.473120601027222,-84.16867078966268
34.37603240097241,237.68814957572965,7.78146718301581,-82.20356220461339
34.08606340693127,238.21612576131804,7.562708506574452,-82.56243230689648
33.78417097717962,238.7708840246968,7.3308079327464855,-82.94227432863636
33.475248728790795,239.34413129302428,7.090216499053516,-83.33606886972315
33.164308211313205,239.92705120304458,6.846394287565487,-83.73535787209215
32.85600077785895,240.51115291355026,6.605472488699718,-84.13079957148284
32.55419937550299,241.0890700885159,6.373804488164596,-84.51286984148224
32.26171952884115,241.6551542349436,6.157476669660045,-84.87259670506305
35.00747976486265,236.5191507059593,8.149443996077567,-83.00838528989499
34.702186106778896,237.06793517657445,7.942760991274743,-83.31786859454228
34.38207658922925,237.64861037499816,7.722773376762491,-83.64674818720606
34.05219309085703,238.25286216783394,7.493662274317347,-83.98906461124326
33.71789594235799,238.87149497865465,7.260701961807091,-84.33745948440207
33.38435363240465,239.49530620799797,7.0299680915447516,-84.68362302258096
33.05605906301112,240.11597652853362,6.807915543487526,-85.01889892142255
32.73646960367366,240.7267948946734,6.600890742855027,-85.33494683253076
35.37554579266865,235.84455718611127,8.359098795290047,-83.47188708477763
35.06302540525784,236.40220719271198,8.160133219143939,-83.75465004784826
34.73401582530015,236.9945993411955,7.9479281200484095,-84.05579806699363
34.39358451993422,237.6135132795489,7.726508961168894,-84.36993560631193
34.04723768343904,238.24964212118584,7.501034798806658,-84.69030329643078
33.70039773351872,238.89346955601226,7.277534383437416,-85.00916944831341
33.357888501689025,239.53619786856947,7.062504607205668,-85.3183773767871
33.0235289871047,240.1705442950943,6.862428106936345,-85.60996524572188
24.657020186374748,256.6899610841988,3.0728549221574424,-72.18256395457107
24.76414161597272,256.4530565952408,2.8673072052993556,-73.49005460083707
24.871726244721412,256.21525490432936,2.6657893291544474,-74.79267239193246
24.977333402835676,255.98200404783245,2.4719003810622127,-76.06618359493635
25.078610642126662,255.758559343193,2.288725364767654,-77.28830501324484
25.173461265439503,255.54960938421894,2.1186697973327955,-78.44012790563501
25.2601728214721,255.3589885613133,1.9633802130499247,-79.5070965473652
25.337493416065318,255.18950554773247,1.8237479765179567,-80.47945190138805
25.746590808632792,254.15111111950208,4.179577536297393,-74.19872317604748
25.759698671186904,254.12863147343853,3.934829415994009,-75.26906636503617
25.77606580074164,254.0996173814272,3.690411732699039,-76.35035146116414
25.794753855025608,254.06599364274075,3.45112869500071,-77.42141386727383
25.814560523749993,254.03026358264506,3.221428492219979,-78.46172847713484
25.834142295530444,253.99525666307537,3.005100075054477,-79.45288958701398
25.852148165736537,253.9638468959983,2.80506671398976,-80.37977119104583
25.86734194203857,253.93868954653513,2.6232928440870737,-81.23123726314675
27.101056753441995,251.09880563172354,5.434835045378599,-76.591527231226
27.016518217214678,251.285377822331,5.169075712766994,-77.415384718362
26.93493955202431,251.46760385746308,4.898164766205397,-78.2603033365231
26.85732810992139,251.64317861394568,4.627633982082235,-79.10947560175353
26.784215956334954,251.81072493122772,4.36305366895252,-79.94558403592775
26.7156503462469,251.96985474346675,4.109605353300371,-80.75212683350853
26.651252834524286,252.1210855560005,3.8717161463531076,-81.51461866887927
26.590329215057196,252.2656407320601,3.6528082365145953,-82.22147833988147
28.5088057448806,248.04004490931914,6.619221413627473,-78.959751806921
28.34365355064358,248.38618336419734,6.3547368155923465,-79.57364888491185
28.17806287589594,248.73670387083448,6.080198384151131,-80.21193643346476
28.0147936956026,249.08590650293428,5.801125993095173,-80.86213331946917
27.856177113448805,249.4287724263145,5.5235365474948726,-81.51057620913363
27.70392848737954,249.76139358192395,5.253479512134138,-82.14346507706718
27.559059956350012,250.08121975483277,4.9965668558004035,-82.7479325550951
27.421898923769096,250.3870920144419,4.7575749659177715,-83.3129601525798
29.72182684470346,245.49065089361835,7.556296897024875,-80.91421218687768
29.503611662476672,245.932894661015,7.306522247436105,-81.37879059496983
29.28039720842402,246.3897056759979,7.043853743135895,-81.86692855489589
29.056036427283985,246.85359589319208,6.773386560642205,-82.36938546286916
28.834177206559204,247.31720210543412,6.501049869397014,-82.8755033796918
28.617931989755167,247.77397047635557,6.233182271581535,-83.37397918108888
28.409637811844224,248.21870408257632,5.97603795267862,-83.85374569735744
28.210745918619427,248.64787628116363,5.735306701435679,-84.3048129869173
30.60426869590936,243.6829968151907,8.195786391364594,-82.29084830247567
30.356909670149264,244.17320444338588,7.962794746687775,-82.66292025317321
30.100698164229286,244.6858826229911,7.715824956340268,-83.05657146223191
29.83997512558767,245.21295262536603,7.45953623222282,-83.46456528404332
29.57911550044466,245.7459503270695,7.199608310628092,-83.87822708242457
29.322118700529114,246.27682481895502,6.942376873047378,-84.28802614681301
29.072261572694252,246.79867148212736,6.694359906377338,-84.68430024773413
28.831877919129422,247.306259163821,6.4617520053084645,-85.0580024980112
31.167312983772465,242.54925271219062,8.587076170738307,-83.15082355722292
30.905548217112255,243.06093918099097,8.367027035816681,-83.47039874479378
30.632375698167174,243.600046828131,8.132771255595108,-83.8098862776893
30.352300647012424,244.15842429751794,7.888669866526377,-84.16316491187638
30.07003487796729,244.72719567613893,7.640194937714956,-84.5227123782409
29.79005377562838,245.29759290524154,7.3936128313914375,-84.88007472817766
29.51618876520997,245.86178205340755,7.155537178071861,-85.22649079482717
29.25133515880748,246.41351860267224,6.932422266398148,-85.55356730500547
31.496090857836926,241.89403172538707,8.80994394475953,-83.64669959684633
31.227437240771582,242.41507844845376,8.59817316359501,-83.93786238432436
30.945884127022747,242.96633301774017,8.372234494888287,-84.24786035441532
30.65597827037192,243.5397060660652,8.136315556926705,-84.57116551259348
30.3625780803862,244.12618702424845,7.895758310917022,-84.90088364875584
30.07039668700527,244.71668447114462,7.656771464175281,-85.22916478125475
29.783564793200867,245.3028928129467,7.426004369989626,-85.54776778716224
29.505297240064355,245.87801735482483,7.210044925350145,-85.84869185044913
22.32438882531087,261.20481103499105,3.1562462932982274,-71.73604751900753
22.43050217780326,260.9569894036171,2.941085903802708,-73.09587189441586
22.537266524580936,260.70742853689325,2.730413197102146,-74.44954746553638
22.642494698516728,260.46127698106733,2.527909304787427,-75.77226720565368
22.744117527482402,260.2234231444614,2.3366990084142376,-77.04134947148262
22.840330230485833,259.9981464435433,2.1591885073732047,-78.23767026488976
22.92969855828478,259.78886202815437,1.9969926856845075,-79.34663092649934
23.011213879692598,259.5979857428637,1.8509479296081173,-80.35857358424812
23.289284962231466,258.7796360683153,4.32704885050176,-73.83572895917037
23.31165368181291,258.73700763023646,4.069852496847225,-74.94961010721975
23.337392967133127,258.68685914378597,3.8133185688246845,-76.07392443922508
23.365606770161367,258.6310679537802,3.5624069873395974,-77.18693372409923
23.395194517093284,258.57200326885675,3.321671504321606,-78.26767859854364
23.4249650343902,258.5122788552293,3.0949536894725935,-79.2974800043227
23.45375349446746,258.45449143993756,2.8851803929666273,-80.26109930423854
23.48052178935491,258.40098971991574,2.6942795792910954,-81.14742944052618
24.489384871446855,255.85991883254485,5.653983817041617,-76.33277840094793
24.424552695279107,256.01824018758276,5.374008236811442,-77.19034546927236
24.363096563717754,256.17063866567736,5.088920874889965,-78.069097200726
24.305821539876188,256.3150063140526,4.804470637920966,-78.95171531081529
24.253120660650165,256.4501007811359,4.526400815511495,-79.82046311812208
24.20497927825538,256.57558133398663,4.260009591916003,-80.65854281009648
24.161034564756335,256.6919181577231,4.009780909617986,-81.4513086981117
24.12067258257502,256.80020590493655,3.779138829939429,-82.18714762039902
25.73901065910134,252.92663682395846,6.905660650035799,-78.81178907794838
25.601747182631485,253.23959087971593,6.626582029814182,-79.4501541902085
25.465083799508726,253.55454246074632,6.33715132002397,-80.11339514207224
25.331387368857317,253.86612091730973,6.043126634196583,-80.7886325778268
25.20262845735046,254.1696366678493,5.7507366217553955,-81.46185126398206
25.080232584099058,254.4614621194737,5.466195388018311,-82.11898050921286
24.9650177621849,254.73924085587092,5.195220722987696,-82.74698172661545
24.857219034725812,255.00190625195805,4.942632472841229,-83.33477270461431
26.818759702856866,250.4742624464572,7.89605888646434,-80.86470551161453
26.633374387413216,250.88142751557058,7.63226555373949,-81.3465467861341
26.444686882016814,251.3001134933588,7.355020678742543,-81.85253398342522
26.256064100264258,251.72317561381547,7.06964244952884,-82.3731438507121
26.070654908974706,252.14365616065226,6.782275055429136,-82.89745369061654
25.89111308978797,252.55541302642794,6.499439951514483,-83.4139437671323
25.719402823785884,252.9536116223826,6.2275234566984805,-83.9114004182104
25.556716246219086,253.3349970177351,5.972287622782594,-84.37976657902432
27.606443856494096,248.7304467177569,8.572076643584642,-82.31501984045518
27.39433682358024,249.18529732783168,8.325915193541302,-82.69959758900063
27.17556398437082,249.65918062463382,8.065069749477306,-83.10630609756834
26.953956865155888,250.14432600455638,7.794394995522336,-83.5277100837027
26.73333017814815,250.63267960928815,7.5197705059584905,-83.95494177142349
26.517131065867794,251.11665014109937,7.247711856272401,-84.3783072525275
26.308149430511413,251.5897802023424,6.984875729471782,-84.78803081115296
26.108340919617394,252.04721812801307,6.737540787959528,-85.17501242915857
28.110126755996113,247.63442155029315,8.985792480097567,-83.22297755455341
27.884665802693963,248.11096543467875,8.753282416029636,-83.55226136527037
27.650282028724117,248.6112977888955,8.505789425837326,-83.90194552270628
27.410974511968,249.12753978811168,8.247846703834254,-84.26576037846249
27.17087463860278,249.65120992292682,7.985109762512271,-84.63603560267514
26.93386142004065,250.17401099553294,7.724015290330038,-85.00419224494809
26.703217868891418,250.68859183523875,7.4713132655953025,-85.3613818047402
26.481390750437907,251.1891420972073,7.233544261608934,-85.69917291123772
28.404667264278974,247.0001353260528,9.221460947099844,-83.74723504845946
28.17275998979895,247.4862837709048,8.997699189361144,-84.04656603381139
27.930602949972133,247.9989157397844,8.758962224809663,-84.36517024428524
27.682244873351003,248.5301901818683,8.509594855745856,-84.69739810285789
27.431957990455913,249.07147768882905,8.255110173396535,-85.03623409027476
27.183840032482642,249.61415676599412,8.001879577867506,-85.37372470977368
26.94144207786084,250.15041922215528,7.756684701932316,-85.7015585225676
26.707492292636754,250.67393098078966,7.526198839201281,-86.01170721507516
20.457185344165495,264.9904494352489,3.229625357792468,-71.32857808519195
20.560908924704137,264.73624890913584,3.0061367752759836,-72.73314914096781
20.66534851232541,264.47970973496547,2.7875447316861384,-74.13044348696859
20.768523805583545,264.22570735973324,2.5775962715164438,-75.49519159607267
20.868592490946515,263.9788067260728,2.3794452213562978,-76.80440167359872
20.963979723038083,263.7429353337633,2.1954931217340867,-78.03879715599287
21.05346724517675,263.5211542996571,2.0273227314732942,-79.18377267694609
21.136233198732405,263.31555176196025,1.8757188569987011,-80.22978374897137
21.319963680862873,262.66983767940866,4.4575611865351155,-73.49640104774497
21.348443758185333,262.612023207005,4.1894790477990815,-74.64798170382201
21.380258985573022,262.54605456756275,3.9223716173132352,-75.80949828460817
21.414552905030344,262.4737551535336,3.661328911385673,-76.95873812437829
21.45031095103383,262.3973666954448,3.4109892621784557,-78.07439741938686
21.486466160046238,262.31930871154606,3.175232743151352,-79.13759119996362
21.522002560989296,262.241934808869,2.956982231907181,-80.13301404063769
21.55603878743009,262.16732856209336,2.758127650331975,-81.04961199961122
22.392764185420283,259.87351047112134,5.848943860745881,-76.07917924433366
22.342842640325387,260.0085951200534,5.55640293987272,-76.96645811972493
22.29646279931146,260.13668485699674,5.258820926879491,-77.87496407319135
22.254269418822723,260.2558443151989,4.962132262356656,-78.78694683149212
22.216549247019074,260.36494227013026,4.672224334757219,-79.68432474835903
22.18324459037737,260.46366903881994,4.394488384221288,-80.55006724945028
22.154011613834886,260.55244241013355,4.133448446536244,-81.36941614360846
22.128306441356962,260.63223428039146,3.8925210171658895,-82.1307568703415
23.51081372096612,257.05882807250686,7.161872394967688,-78.65053620553348
23.395543070028637,257.34323802296734,6.869736918903658,-79.31091928665332
23.28150934392143,257.62789742949263,6.567029079987453,-79.99655681538925
23.17075467161628,257.9077485744047,6.259715953139086,-80.694222180864
23.06495908673001,258.17840039260193,5.954207536403177,-81.38960096662368
22.965320819769442,258.43646849321004,5.656854505666069,-82.0684003357979
22.87251138784224,258.6797553173531,5.373456954287425,-82.71745235701039
22.78670344888452,258.9072580629415,5.108862127629861,-83.3256388877532
24.478611648995848,254.69969611510152,8.201481954837652,-80.78682704302415
24.31965821101117,255.07588158814556,7.92500167917736,-81.28452376700766
24.15856505675191,255.46124271464748,7.634616401988373,-81.80686418086243
23.99828595654402,255.8489840959786,7.335845008538481,-82.34407182616023
23.84155687096088,256.2325351339925,7.035020507737547,-82.88499238913737
23.690661462921053,256.6061286564377,6.738820101754618,-83.41792297885681
23.547271567043477,256.9652451708916,6.453738102891509,-83.93153153692707
23.41238383836596,257.3068543924118,6.185588971195751,-84.41571748413722
25.186059467892118,253.0181328076004,8.911625141657407,-82.30041553041342
25.002665640871072,253.4412696576969,8.653439085975505,-82.69668514875934
24.814173716780093,253.88071557809027,8.379975644561979,-83.11557624150439
24.62397269959657,254.32903402383985,8.096269198978154,-83.54947225588324
24.435405058464383,254.77857903610033,7.808378325397684,-83.98933301273374
24.25146436416529,255.2221913621763,7.522975004006344,-84.42532338313909
24.07455121905488,255.65381455630802,7.246832177116265,-84.84757305598792
23.906327875428712,256.0689231591626,6.986292829833512,-85.24694545715897
25.63919403612027,251.95928294222878,9.346479309327389,-83.25000336437058
25.44349409811368,252.40402896122902,9.102525631022093,-83.5884906007724
25.24069244258406,252.8696388142371,8.842925443544296,-83.94782653834251
25.034342087381418,253.34854422653802,8.572372702333281,-84.3216045010133
24.828078924662154,253.83266801775943,8.296689182838193,-84.70202112596287
24.62528717671169,254.31416397717857,8.022462065305277,-85.08038685116897
24.428806100474166,254.78612247972802,7.7565569328455215,-85.44778009520212
24.240729889563926,255.24311302940058,7.505582412050556,-85.7957423138887
25.904477931102274,251.3457709354108,9.594282037185414,-83.79904504147603
25.702799525980385,251.80019290362725,9.359470415849419,-84.10619508374697
25.4928349457074,252.27807368330375,9.108987347044751,-84.4330295940897
25.278189970447446,252.77186547782577,8.847325710507567,-84.7737864346246
25.06263317604631,253.27333601514687,8.580155257889949,-85.12133986895131
24.84974815864015,253.77432022045275,8.313992019495329,-85.46764467417184
24.64261412632363,254.26746930965908,8.055730862718136,-85.80432989474173
24.443573885216374,254.74685640050498,7.812113275611978,-86.12334792597694
18.931520039826246,268.2088937908353,3.2944954570628555,-70.95931647739313
19.032199970496066,267.95136959715643,3.0637381911585204,-72.4024537565386
19.133595284465173,267.6910667358451,2.8382435773012062,-73.83730990854865
19.233896251317155,267.4326138804622,2.6218121441385924,-75.23823922372685
19.331444261877333,267.1802920134756,2.417619231372081,-76.58200350720071
19.424847819853664,266.9377259406374,2.2280584813726065,-77.8492175272367
19.51305845232269,266.7076770657999,2.0546811439432036,-79.0252923008954
19.59539932780757,266.49195916344064,1.8982240523349752,-80.10080133974793
19.710324093478935,265.98235356412937,4.573438992143181,-73.18361253275798
19.7427955879518,265.9131152168444,4.295792487204665,-74.3680051924194
19.77849544835016,265.8353117199967,4.019410955966401,-75.56185733911207
19.81660414596717,265.75070836157784,3.7494937927276424,-76.74256271599147
19.856180255379794,265.6614272725614,3.490748578953589,-77.88853675055972
19.896258866139405,265.5697141079602,3.247083669115346,-78.98073829459638
19.93594391954007,265.4777101448952,3.021413300504159,-80.00382618002783
19.97447886721293,265.3872704499615,2.8155894990905126,-80.94681320771483
20.67798437680727,263.29792389467934,6.022699151504641,-75.83781593201196
20.63941715401092,263.413989563088,5.719033900806595,-76.751321444958
20.604419357992608,263.52232388461056,5.410415321951629,-77.68604253494354
20.57350952265546,263.6211366862363,5.102937203565893,-78.62386143142186
20.546893421116078,263.7093847260466,4.802608451947263,-79.54640771953227
20.524483634492377,263.7867757882764,4.514895038356525,-80.43646739523912
20.50595606063207,263.8536731303538,4.244349309655797,-81.27920311304699
20.490826750325713,263.91093454913846,3.9943744251591276,-82.06301840743866
21.68667881642427,260.59197178468963,7.3911381720587155,-78.48690244064824
21.58879635236944,260.85211598536597,7.087339850403027,-79.16705075890508
21.4925396729791,261.11121212794205,6.772806182348832,-79.87274872914823
21.399685500127557,261.364484857938,6.4536870356578975,-80.59046695211474
21.311680911125986,261.60780355434247,6.136548075734104,-81.30563573478692
21.229545809041205,261.8379886060185,5.82785432876993,-82.00377716727463
21.15384026333333,262.0529699993395,5.533470177256376,-82.67162571773535
21.08469414537403,262.2517872788431,5.2582588938288275,-83.29804690659277
22.56078103865615,258.3193480293834,8.475819178333971,-80.69426418820217
22.42309365237733,258.66863555501465,8.187909528567054,-81.20643621849412
22.284075187745476,259.02527792085493,7.885723566935737,-81.74367376284937
22.14633471969233,259.3828087110241,7.574959595094938,-82.29597390592923
22.012270280960642,259.73500794291976,7.2621159970201,-82.85197937170211
21.883868262439247,260.0764371849062,6.954002987765077,-83.39983100242912
21.762570387806296,260.40284503401546,6.657202846217571,-83.92810228395012
21.649224662627397,260.71138324131203,6.377568232148489,-84.42666432059296
23.20066309423255,256.6961503533081,9.217517323898756,-82.2624155110784
23.04058992170123,257.09141701774496,8.948426253830336,-82.66951891537822
22.87655999615788,257.50082429880047,8.66355713988151,-83.0996766710309
22.71158739999578,257.9172618735889,8.36810761578033,-83.5451072789204
22.548622799719013,258.33346317939635,8.068295429812514,-83.99661665580167
22.39029056099775,258.74265657068224,7.77092829779373,-84.44424654185559
22.23868018371934,259.13913499328845,7.482875967025268,-84.87804891765053
22.095225485606736,259.5186467285928,7.210530935408094,-85.2888614241624
23.61104146879276,255.67242447885977,9.672056470836749,-83.24821009777908
23.4396382070694,256.0890381828301,9.417679173431331,-83.59532523510727
23.26248654082839,256.5241551634673,9.147087266689399,-83.96369519734002
23.082757963420416,256.97051803100527,8.865122764984811,-84.34678645535737
22.90367348069887,257.4204329850456,8.57775646379797,-84.7366762432413
22.728211271915036,257.8664642245089,8.291707526125284,-85.12457713932196
22.558853193788806,258.30209145528664,8.013939304728325,-85.50150587994254
22.397415621880526,258.72220864800397,7.751113769251509,-85.85898500113991
23.851508687129733,255.07863777755347,9.931210666256128,-83.81892551940959
23.67457723564275,255.504889055458,9.686308084788779,-84.13346593318802
23.490833744066663,255.95213953437593,9.42513364560209,-84.46806936162692
23.30350260290708,256.4131406189296,9.152317243256704,-84.81686948915586
23.115928773148486,256.8800401026159,8.873670249639556,-85.17264027672425
22.931271888341286,257.34509190401485,8.59583620018736,-85.52725488178586
22.7522293019765,257.801355356028,8.32580639384648,-85.87229162328987
22.580838419071707,258.2432542495094,8.07037637151093,-86.19968977505224
17.662244273571975,270.97984252548883,3.352179702730017,-70.62518571631179
17.759633542422723,270.7210340162325,3.115028482073948,-72.10185211236656
17.857703392263904,270.4591139451703,2.8834684503005334,-73.56933932725423
17.954786365333646,270.19848869768316,2.6613449929202457,-75.00168745042788
18.04937459734205,269.94318955977394,2.451849348720624,-76.37546107160958
18.140224797061578,269.69657998576565,2.2573653577498334,-77.67119736148753
18.22642379500401,269.4611662368904,2.0794139407544847,-78.87433825690935
18.3074088086984,269.2385309523569,1.9186874803157006,-79.97557537176581
18.371418207033965,268.8371826681407,4.676816367986963,-72.89699539970387
18.406456145927134,268.7593314323539,4.390715327971384,-74.11013473187491
18.4445841006478,268.6726474142556,4.106147473443853,-75.33228322459053
18.485016707714216,268.57883603581337,3.8284054517334383,-76.5405024125092
18.52687516949737,268.479908236413,3.562254110084462,-77.71297708887758
18.569279205823634,268.37795441911146,3.31162279493661,-78.83054564703549
18.611430316443464,268.27493036442723,3.079414308192521,-79.87785212628233
18.65267227635813,268.1724939727243,2.8674438467462777,-80.84398318773312
19.25166350166778,266.253082472074,6.178136157004608,-75.61149869095146
19.221835338769246,266.3535463293288,5.8645839603770735,-76.54824128436968
19.19552958631348,266.44576723686913,5.546174692017025,-77.5061526923746
19.17316501766067,266.52807510970746,5.229140259173892,-78.46679870548796
19.154885217609348,266.5994954211706,4.919592454250298,-79.41156760100974
19.14058230320997,266.6597429655343,4.62305863418017,-80.32309600553879
19.12995117188893,266.709126805664,4.344110856181846,-81.18649209168048
19.122558676240633,266.74840038518835,4.0861355116835005,-81.9901898651115
20.16904884718076,263.645384612866,7.596844595657518,-78.32672504655955
20.08502544426414,263.8849490890199,7.28261381405814,-79.0246250215689
20.002861857029995,264.12248842254775,6.957525734263628,-79.7483071935873
19.924118142382497,264.3534750889566,6.627891313438185,-80.48397581977338
19.850053775766614,264.5740020044112,6.300410857852112,-81.2168409958936
19.78154726345007,264.7810610144606,5.981645313880422,-81.93227157627895
19.719072812851447,264.97268355503246,5.6775103810115555,-82.61692560100371
19.662730229042143,265.14793637294866,5.392877217916204,-83.25966646706382
20.96451925187135,261.4516179513795,8.722676177478709,-80.59517995112886
20.84403769538218,261.77769292404986,8.424477441193298,-81.12053435610633
20.722797624318538,262.1096908440829,8.111695251067784,-81.67131300637443
20.603121742922863,262.4414442158216,7.790188053359774,-82.23731032327629
20.48713133290122,262.7670432784626,7.46659930854115,-82.8069905646289
20.376572727257162,263.08133379194265,7.147853271495605,-83.36836067273774
20.2727048473073,263.38029037644924,6.8406046185520575,-83.90991749935488
20.176260646032453,263.661212596211,6.55073340223968,-84.42151561117244
21.5474331889841,259.88204035375225,9.493402011194723,-82.21068531205057
21.406375992309503,260.2530208128804,9.214444963232868,-82.62777620933545
21.262208418895842,260.63639784627145,8.919284374162492,-83.06830263223219
21.117629523800385,261.0253648183587,8.613265388040556,-83.52433321890999
20.975265700475024,261.4129975422471,8.302746890138229,-83.98653668058667
20.837440244786197,261.79286493434756,7.99465486116349,-84.44484621647779
20.705992314925034,262.15956092078295,7.695939818135246,-84.889249967536
20.582175552694146,262.5090628064012,7.413032228582679,-85.31056818938275
21.921635830676525,258.8907691229539,9.966152492249693,-83.22812950291635
21.770127352352027,259.2827375762406,9.702313913211748,-83.58327515430935
21.61389387984328,259.69128776459064,9.421771950041485,-83.96004070089566
21.455783775398093,260.1094571791573,9.12950323219687,-84.35177690348455
21.298672753547397,260.52990153437815,8.831612150446643,-84.75045239959861
21.145205565880623,260.94555016708784,8.534933296545685,-85.14719343329948
20.997574781450083,261.35022113422224,8.246512847001599,-85.53296443103439
20.857375645038992,261.7390836626315,7.973054514553194,-85.89927527700067
22.14105859249457,258.3152764762235,10.235847016979353,-83.81787880281733
21.984435547347545,258.7167787908922,9.98176754226284,-84.13934415431684
21.822125609530627,259.13726560108773,9.71089622904679,-84.48121759240259
21.657028991463008,259.56977452774026,9.42798848328394,-84.83753659965919
21.492136574191257,260.00680293169114,9.138982941737389,-85.20098387859946
21.330258712776182,260.4409795581337,8.850635264770895,-85.56335980839022
21.17378255381867,260.8657204537804,8.570018891006603,-85.91619928902269
21.02450132022328,261.27574887022934,8.303972101342055,-86.25143318167873
40.3002367053465,228.09899370177013,2.7628903049709828,-73.68928951248712
40.3382113106365,228.02800945462263,2.6053041855773516,-74.724216251076
40.3730353348166,227.96304567450372,2.4491907457677904,-75.76374683069008
40.40133270781134,227.9098527860139,2.2977039807234343,-76.78698590649958
40.41943130680995,227.87463502762557,2.1537258979309746,-77.77386964989059
40.423631273993934,227.86361520864054,2.0196825511854235,-78.70655416803109
40.410484595532274,227.88258660346418,1.8974240169212808,-79.57048536093333
40.37705736643878,227.93649612299075,1.7881744732896534,-80.35504152789487
41.90898100399191,225.45445464384147,3.570322660563629,-75.15522736712899
41.815642938583586,225.59530169054193,3.3846156577806585,-76.01619121167624
41.72041331429427,225.740494372423,3.197589139155377,-76.89200084630986
41.62250812558841,225.89154339659342,3.013235321276712,-77.76462091206218
41.520492568007796,226.05096541452448,2.8354505819333156,-78.6158659112507
41.41239338603433,226.22211165609127,2.6677532019301204,-79.42874623936154
41.29590132276662,226.40885683955034,2.513058568336408,-80.18863302106696
41.16863444687111,226.61519071798497,2.3735389714904906,-80.8840800520831
43.89177245574347,222.2899983699492,4.510471992237391,-76.90356830502697
43.66573447101863,222.63257611953227,4.307460994772859,-77.58164935420199
43.43438972171063,222.9858293581313,4.099279440314454,-78.28093232732706
43.1999041929343,223.34675974126435,3.8904262563428924,-78.9870987104953
42.963754519650855,223.7133398155088,3.6856361167460125,-79.68486808387561
42.72657145189037,224.0847704147138,3.489521452956809,-80.35915071603397
42.48813208718059,224.46152115595117,3.3062334066668573,-80.99617226008245
42.24750173085211,224.84514280368944,3.1391928503208097,-81.58439676963475
45.92582800318183,219.14383104698737,5.420789165186272,-78.6390137227744
45.59478000864929,219.63471935880708,5.215373320305583,-79.15951799615324
45.25125314108552,220.14802200013511,5.001403690803369,-79.70304679912022
44.89971225291816,220.67759776853094,4.783399362514737,-80.25882058589544
44.54427968040067,221.21764407151423,4.566471328717353,-80.81466704904535
44.18830740501285,221.7633401083252,4.35595837076755,-81.35789878266874
43.834087669728646,222.3113149631199,4.157022537999079,-81.87628248436542
43.482761384852154,222.85983907239225,3.974270488526558,-82.35893758229989
47.65375814741781,216.5443376793286,6.157109334329848,-80.0733880986456
47.25716241675966,217.12016706620582,5.959336546584442,-80.4804084154635
46.84041427123003,217.72998467773613,5.75104649449577,-80.90959420158708
46.409161414011606,218.36631753595006,5.536510556058456,-81.35278635673357
45.96921354350521,219.02123869083948,5.320852070226498,-81.80030765755484
45.52594609227431,219.68721003822952,5.109725823323123,-82.24160299075405
45.08377901762894,220.35786316304524,4.908908338261586,-82.66602797416259
44.64584106025453,221.0285489522568,4.723863743197756,-83.06365552681501
48.89583548911975,214.71438430845316,6.667940223396081,-81.08457261782101
48.4652978343779,215.32999342366173,6.480311044746892,-81.42036744561912
48.00878409565036,215.98782939685296,6.281403640470326,-81.77680435972856
47.53231851407314,216.6801921664367,6.075229632442468,-82.1473579561358
47.042511516035354,217.39831716195818,5.866802794335662,-82.52399564273429
46.545896712371764,218.1332708144566,5.661869713891489,-82.89766081779757
46.04827518458796,218.8768892388352,5.46652340189176,-83.25892125443916
45.55420357207548,219.62256355850295,5.286755238176579,-83.59868241704973
49.681778855475315,213.5722591401043,6.983928141433513,-81.71663462645296
49.235444865169434,214.2043340665561,6.804533527708944,-82.01155169270203
48.75950098129651,214.88353892627327,6.613691423707819,-82.32587311944353
48.26000831093448,215.6023133187406,6.415236002126431,-82.65399528662797
47.74388747604441,216.35166125720608,6.2140809767642375,-82.98885002306164
47.21824248889529,217.12203712001408,6.015989491423207,-83.32229480734408
46.68964079492246,217.90434816643543,5.8272125252607365,-83.64567302065142
46.163499373228575,218.69086600644334,5.654044012229715,-83.95045962197199
50.13838037732396,212.91414062661627,7.165087585161215,-82.08124606164277
49.6848988448932,213.55277437389924,6.991088977760321,-82.3538582421521
49.199759627220025,214.24121416059648,6.805662709134856,-82.64508135988933
48.68897543664706,214.97207276509963,6.612539868685977,-82.94980871098593
48.159575468936325,215.73632197885044,6.416570379463449,-83.26150331676197
47.618931096824944,216.5241600911892,6.223517089211945,-83.57253812496869
47.07400800483468,217.32603675409587,6.039711980308927,-83.87470554904368
46.53069658858881,218.13362986635002,5.871616727236014,-84.15982348281864
34.47111668186267,236.88860290808555,2.8819073457860154,-73.2975433523292
34.53058964943572,236.77445369031577,2.709354517669448,-74.41675799608046
34.58897324567617,236.66312526587308,2.5388094775509287,-75.53908542563096
34.6432842611424,236.5601917622964,2.3736196813034107,-76.64234068837253
34.6903531190366,236.4715333736703,2.2167985631213694,-77.70541537401013
34.72706007058506,236.40291127565447,2.0708395463962406,-78.70971447498518
34.75056665585652,236.35955575936538,1.9376005029981482,-79.64024852145396
34.75851621955575,236.34581243440485,1.818264955322731,-80.48625178989683
35.91508998135047,234.2447396744895,3.7722186213240936,-74.93198547131752
35.85380277438005,234.34736636111182,3.568522551448531,-75.85803599475992
35.79327972676624,234.44997013937018,3.3637061716324133,-76.79888545172092
35.73281652750545,234.55396191434446,3.1620561483522396,-77.73535925879517
35.67115039176195,234.66170148664392,2.967706535987691,-78.64827426262408
35.60657853986583,234.77629949150844,2.784341204834423,-79.51985655888025
35.53714313041478,234.90130406651446,2.6149649384600293,-80.33494240033068
35.460851867012735,235.04032266124102,2.461767761586057,-81.08181140960029
37.70136974756826,231.07892418966537,4.7997052568847,-76.8764846429966
37.51661657277445,231.38936759241454,4.577676201924674,-77.6005566576909
37.33024084155617,231.70517188738512,4.350160121515303,-78.34663680055422
37.14423975619317,232.023161243328,4.12199900233113,-79.09953420974723
36.95994189396487,232.34118822097864,3.8982419120905774,-79.8431448551425
36.77789540951758,232.6583489843568,3.6837587888487837,-80.56167622010632
36.597885859854024,232.9749888448092,3.4828827082539986,-81.24082466502001
36.41907543538175,233.29250107951088,3.2991348540189005,-81.86872117841794
39.54258277472571,227.92715922042123,5.785863440269717,-78.80251706265858
39.258472394681284,228.3920588049328,5.562371032224197,-79.3535591228406
38.966676436628084,228.87363732327753,5.329560542139205,-79.92863725449197
38.6714049563412,229.3653836366263,5.0922670916872015,-80.51637843654103
38.37644877648128,229.86126490516756,4.855924180604597,-81.10400859109903
38.08481297254139,230.35634602590073,4.626165253267456,-81.67829285762836
37.798488740185796,230.8472147115924,4.408390532530706,-82.2265548002072
37.51840244078603,231.33213218211807,4.207369687057262,-82.73760839623134
41.114123586306704,225.31910404367042,6.577591154728118,-80.39171816217309
40.7666642969194,225.87386861132708,6.363553130284504,-80.81886403630024
40.40465720489457,226.45693340156936,6.13798732986213,-81.26904066604176
40.033536385087054,227.06026927944538,5.905419675937444,-81.73369346786751
39.658743700515494,227.67556137565865,5.671257016562167,-82.2027244343508
39.28518910679119,228.29505812422127,5.441434631141876,-82.66517883413803
38.916804423401814,228.91232386973894,5.22197498577987,-83.11007512337831
38.55627783082691,229.52274233149737,5.01852813576432,-83.5272430707162
42.248057455442904,223.48087645678248,7.123854750072259,-81.51064813595481
41.866964794651174,224.07867130585902,6.921640273613462,-81.86043325433631
41.46594928575804,224.71323671329026,6.707049286598502,-82.23151351752382
41.05089742430165,225.3761988530726,6.4842938117256885,-82.61707918910723
40.62808327679841,226.05828626131762,6.258625808581435,-83.00878942138091
40.20355128556554,226.7502525294909,6.036041033999924,-83.39728841966168
39.78253440219327,227.4438060153213,5.82286209049873,-83.77288746873957
39.369025269650194,228.1323559976848,5.625262716566814,-84.12630556943779
42.96740037973865,222.33266022951136,7.460553570101236,-82.20946618431198
42.570217259650214,222.94881834783754,7.267751938381135,-82.51502875039141
42.149690537670736,223.6068663811137,7.06238888277513,-82.84048686702997
41.71180289799925,224.29851227515854,6.8484634934689135,-83.18001004689435
41.263178008660184,225.01418453120286,6.6310950305700125,-83.52628225930725
40.810439291420536,225.74395942481783,6.416269256766653,-83.87091938661615
40.35956019404854,226.47856630717365,6.21044857194454,-84.20505663980109
39.91533512125073,227.21027135043207,6.02009836750163,-84.52002053735761
43.385952693995556,221.67071820602416,7.653175110310908,-82.61237588483782
42.98129011774366,222.2944735102233,7.466485788391229,-82.8938726509162
42.55133213019476,222.9629416092938,7.267259780835632,-83.19437206198492
42.10204999588278,223.66797687716698,7.059372936243712,-83.50856902219118
41.64020400849587,224.3999402926206,6.847861139474632,-83.82970969444699
41.17269752487531,225.14861500241457,6.638692944746157,-84.14995563228494
40.70589427044897,225.90424352370547,6.438398387932121,-84.46091879909676
40.24503654335082,226.65847913012124,6.253601986814674,-84.75428927216927
30.055152620631326,244.1261534212881,2.992403200940711,-72.83114208318528
30.128967025861524,243.9761516634639,2.806373671184863,-74.0256264216297
30.202866434964317,243.82672240695825,2.622887690555138,-75.2217356677805
30.274193456936494,243.6832510032574,2.445449028956478,-76.39623745730118
30.3401912724912,243.5512946724601,2.277170059633587,-77.52720436202183
30.398210934693015,243.43617364183382,2.120585225850685,-78.59549260566024
30.445901347815372,243.342599442954,1.9775426754601515,-79.58582980125252
30.481360517997597,243.2743810464265,1.8491758909639011,-80.48741134219175
31.33584052360415,241.53388976800684,3.96184131395695,-74.60730787067662
31.300778807900002,241.59967521115934,3.7415503160706907,-75.5926909167386
31.268000364427813,241.66227718979658,3.5204029963936305,-76.59265218436215
31.236810412634956,241.72310751156695,3.302940014073484,-77.58705558611592
31.20605044324575,241.78444234607213,3.093491215598969,-78.55590868657424
31.174217620590436,241.84920549841047,2.895867855364586,-79.48083026403128
31.139629803084187,241.92066319053887,2.713131915239505,-80.34628085799729
31.10060850106281,242.00208029909322,2.547468800495889,-81.14038367413875
32.92532994167329,238.42463169715325,5.074333315662906,-76.72027984158859
32.777859831705975,238.69884045711018,4.8343346978891715,-77.48730000606261
32.6311309584269,238.97423773031608,4.588650824636136,-78.27693654611109
32.48685550563223,239.24772078906983,4.342435615672494,-79.07323357552785
32.34612776986009,239.5172254007212,4.101013610745896,-79.85939040756924
32.209351143189906,239.78189520737604,3.8694697095935515,-80.61904741689206
32.07627457708952,240.0420552091777,3.6522784255840888,-81.33749919721306
31.946122828565098,240.29900738957613,3.4530259763154554,-82.00265759076963
34.57130533738128,235.32110917609953,6.136185761982932,-78.81432044870398
34.33202785252616,235.7520829134915,5.895219673588561,-79.39448351426235
34.08850370664255,236.19481646661052,5.644298192370689,-79.99957612595134
33.84450155762867,236.64279324432428,5.388559355607899,-80.61768796965993
33.603337237166805,237.09008209255873,5.133733780474284,-81.23552125721797
33.36757316061339,237.53190814894356,4.88571540125006,-81.83938378826555
33.13884624807916,237.96502415295703,4.65010387347391,-82.41624998657453
32.91784932898509,238.3878188147493,4.431794500728183,-82.95471348861902
35.983149860410364,232.74569681118564,6.98470485339211,-80.54355898750825
35.68422417360335,233.2693897932468,6.7546486694148955,-80.99012459666007
35.37508626867373,233.81614091929933,6.512157227416616,-81.46054854283794
35.060710831462934,234.3777788005063,6.262010510560327,-81.9459185424401
34.745967647466074,234.94600909471575,6.009886880952454,-82.43576945234496
34.43515381600457,235.5132328743078,5.761979905989764,-82.91881039654682
34.13162530397955,236.07324573471726,5.524528170805007,-83.38379069569083
33.83759535685451,236.62168259562242,5.303334670861764,-83.82036245969252
37.0060849672634,230.92617874592614,7.568134488093448,-81.76198266260539
36.67480551142574,231.4952277736011,7.351371987997653,-82.12528654452457
36.32850124043913,232.09576167341814,7.121208715926277,-82.51054677358928
35.97264087715427,232.7191551441465,6.882061485934349,-82.91070485857814
35.61291713946975,233.3560670701022,6.639416047291249,-83.31715708765493
35.25469597481942,233.99735191986878,6.399503396448238,-83.72030127109923
34.90251901342249,234.6349464542846,6.168853664627111,-84.11024810001412
34.55975646830766,235.26255467139666,5.953796127729757,-84.47758373617178
37.656900027772835,229.787786383516,7.926927930743668,-82.52332857303799
37.309794754259606,230.3767167778738,7.720651622748281,-82.8391232379609
36.944545573280884,231.00230166275725,7.500752702870167,-83.17533424817239
36.56676167359169,231.65593289721238,7.2714009658903604,-83.52594013561117
36.18250242307207,232.3279080377059,7.037919711043036,-83.88342109413983
35.797696422019044,233.00835782179988,6.80650791649829,-84.2391998502079
35.41757422678634,233.68822130238593,6.5838213094933185,-84.58425620490931
35.04623096336154,234.36006754575996,6.376474604372848,-84.90981547803493
38.03626100440968,229.13084971577527,8.13191100142013,-82.9624259639282
37.68164798228511,229.72825982787586,7.9324136728664225,-83.25240225328447
37.30709145132703,230.36520229926145,7.719310702851412,-83.56181161481308
36.918219794326845,231.03318136834469,7.4966285637017265,-83.88518724061628
36.521246216110335,231.72239164509165,7.26958871911142,-84.21560223346418
36.12237716610329,232.42264283708803,7.044357445779743,-84.54505529848784
35.727212497330015,233.1243700520858,6.827647595069258,-84.86502755968078
35.34025669973576,233.81952907051695,6.626226365297378,-85.16712741599774
26.666572987661347,250.100522718157,3.0920527047218465,-72.35186955077516
26.748752894228286,249.92315196604375,2.894137343249461,-73.61211574467202
26.831636462503827,249.7448217535825,2.699275734985025,-74.87257203246972
26.91283825161953,249.5707161070125,2.511096356494982,-76.10916467195203
26.989939569556473,249.4060762642578,2.332784382826119,-77.29933537579383
27.060670284561503,249.2558120311242,2.1668967853471104,-78.42354264804378
27.123065482760595,249.1241681493358,2.0152609441484546,-79.46634413313609
27.1755795899119,249.01448204685454,1.8789565193209004,-80.41696552752077
27.80082949561407,247.58530430705042,4.134802793313592,-74.24453669215818
27.785504300303472,247.61922653521898,3.8995772332589382,-75.28279714950062
27.77323757657453,247.64780334810084,3.663794012752808,-76.33529096505065
27.76332851622952,247.67247507821455,3.4322080379948177,-77.38108414939391
27.75469807894804,247.69545252103464,3.209307460655027,-78.39953630512152
27.746005189931733,247.71949035669576,2.998998707671371,-79.37180707876254
27.735793112436763,247.7475946710956,2.8043771466858263,-80.2820993555086
27.722640749792287,247.78271445076942,2.6276083907303,-81.11846656614094
29.211633741183093,244.56334923160435,5.327348857471274,-76.49842337160948
29.094963817728267,244.80267210328248,5.070834845717628,-77.3046903611521
28.980429736790352,245.04012343152462,4.808537292422237,-78.13399227014176
28.869452034900867,245.27278527628468,4.5458862456026745,-78.96971134801446
28.762896548103235,245.49875385556737,4.288441433222053,-79.79446586003755
28.661031364648522,245.717266951187,4.041462839618368,-80.59144443471277
28.563573974450556,245.92865395758992,3.8095307415918027,-81.34564622141174
28.469810651346403,246.13413384928353,3.596269025368568,-82.04484710774858
30.67782512633433,241.5387001077912,6.462042229691326,-78.73625044278914
30.47745193144791,241.93416350546136,6.20466994629736,-79.34371024569438
30.275136186573842,242.337487500523,5.936838636612732,-79.97684629624533
30.074169437129296,242.7423536974397,5.663967135764947,-80.6232667194635
29.8773911401914,243.14309399786146,5.392052024924072,-81.26922004455194
29.686946077395785,243.53520620516974,5.127211133418147,-81.90063422963121
29.504157041641523,243.9156730490783,4.875206233735159,-82.50421073666783
29.329527294842556,244.28303675311452,4.641024328710663,-83.06839139473722
31.940742068633213,239.02091528915312,7.36647080822487,-80.58819573449688
31.68517443781788,239.51008614490252,7.12109436336191,-81.05334245480707
31.422532284947675,240.01790284012696,6.862506015844555,-81.54310060830957
31.157253725362786,240.53631410055098,6.595731474091312,-82.04823161887947
30.893604369398993,241.05727538310325,6.326702149991472,-82.55794567045469
30.63527951310137,241.5735190387344,6.061843108267469,-83.06066570832142
30.38510385798759,242.07919215564777,5.807577416894138,-83.54492437452585
30.14488105431044,242.57024303132835,5.569829714860416,-84.00024294515562
32.85920386553094,237.2372842273618,7.987209481095968,-81.89551221955828
32.57319295485205,237.7731398661469,7.7563442153977045,-82.27192745727864
32.275860140304246,238.33585164253142,7.511167400934038,-82.67093844436047
31.972147322480673,238.91683000634168,7.256300482585508,-83.08526103722194
31.667103896506642,239.5069309143114,6.997453637748111,-83.50605939134736
31.36540620354719,240.0973322442211,6.741075017179991,-83.92352111362494
31.070938629313012,240.68036231934752,6.493877778733427,-84.32759462746446
30.786516295674485,241.2501175449026,6.262320317220284,-84.70876757201252
33.445147819100924,236.11917974504397,8.368495639999919,-82.71348557869948
33.14399398957536,236.6759448479492,8.149045091912374,-83.03927940561142
32.828722483610385,237.26466965469882,7.91500825487718,-83.38601776715005
32.50444125207956,237.87672459307467,7.670729214531315,-83.74750929474568
32.17656374192668,238.50255938006194,7.421730928785445,-84.11605680230318
31.850294713781775,239.13260602365264,7.174412552641942,-84.48292107503592
31.530145105535812,239.75820092050625,6.9356040567036485,-84.83895717856265
31.21957314783621,240.3723389492947,6.7120466493270445,-85.17531833417488
33.78728773394541,235.47316755465573,8.58617503153945,-83.18563133983231
33.478843706640454,236.03905769845431,8.374093236280489,-83.48392555977352
33.154653790119795,236.63977224456033,8.14742378340874,-83.8021054084547
32.81986587861157,237.2667613495459,7.910348922072334,-84.1345631725829
32.48005299039629,237.91034361557328,7.668273572812492,-84.47422420775563
32.140685581894445,238.56061256425568,7.427551814661209,-84.81295255311998
31.80661428354858,239.20839825086944,7.195062830001105,-85.14212698095774
31.481664243216322,239.8460951749014,6.977696334075476,-85.45329990632294
24.017128772672983,255.0753085115477,3.18080131194327,-71.89036959797811
24.103514699650727,254.87799324392543,2.972484094874439,-73.2075690036965
24.19090182344756,254.6786723912465,2.7676931203346706,-74.52367058960415
24.277131866074416,254.4823240362024,2.570156724896738,-75.81392151754841
24.36006225763232,254.29388959860975,2.3831133661875934,-77.05527761201446
24.43772626320848,254.1179064660986,2.2091300138188497,-78.22791058675853
24.508463735886593,253.95820764318458,2.050007196881944,-79.31628551932835
24.571007744065234,253.81772214007304,1.9067704673793597,-80.30970089237448
25.026213417914658,252.64595594300224,4.2903490845131405,-73.87849122433533
25.025164794308118,252.65377168866158,4.041847103003342,-74.9633300036629
25.027514568237187,252.65479275310113,3.793096808874904,-76.06198581823062
25.032558695763683,252.65048361832174,3.5490325890372265,-77.15286546625987
25.0392867753862,252.64298821317914,3.314270398415944,-78.21480859708389
25.04649303389234,252.63489976992344,3.092787038762271,-79.22862996312949
25.052906269733565,252.62898303785,2.887694547948636,-80.1783607185526
25.057315802313926,252.62789825322372,2.7011297427096,-81.05204261551822
26.282667534606173,249.7231877840449,5.556768812811911,-76.249360416193
26.190386062397657,249.93140261129085,5.285324735286737,-77.09098420494597
26.10101386451747,250.1355635273872,5.0080721460319575,-77.95590636586556
26.015715727102847,250.33296781976068,4.730681597084791,-78.82694159332122
25.935165374400476,250.52188309306513,4.4589111820530425,-79.68622651320811
25.859524139693796,250.70163978280024,4.19816240255264,-80.51658996946044
25.78849306512077,250.8725662004062,3.9530930193613933,-81.30281761091433
25.721421274790508,251.03579242560477,3.7273446592725636,-82.03260978052457
27.59159830675392,246.79073540763517,6.759855997728253,-78.60881265551613
27.42338436965689,247.15260734188814,6.487387535066829,-79.24147152649276
27.25472368500574,247.51935707991115,6.204073210715551,-79.90041031577954
27.0884683584537,247.8849512829798,5.915586127800358,-80.57280894747491
26.927038529291284,248.24403759122498,5.628156404416139,-81.24452491480059
26.772226739406463,248.5924075930534,5.348091093271161,-81.90117218593792
26.625104407596677,248.92726995749342,5.0812818522203616,-82.529238995416
26.48603639553067,249.24730144558413,4.832779862463228,-83.1170675204303
28.72266490582975,244.3425965912592,7.717767930443244,-80.56666716334502
28.503835089322234,244.79780103474187,7.458068605489736,-81.04935026911569
28.280138705961157,245.26809600764088,7.184509693799712,-81.55730651397293
28.05549540522727,245.745685147394,6.9023477634630845,-82.08099965804156
27.833618018877857,246.22287241903365,6.617744350759686,-82.60935220495449
27.61767573023522,246.69277901906742,6.337327647580433,-83.13054255752847
27.41004909146178,247.14992208000345,6.0676752323003535,-83.63292782279466
27.21221685842527,247.59055197854113,5.814805242190597,-84.10593592694757
29.547757535291797,242.6037331150454,8.374773992339993,-81.95203326726514
29.300661418053533,243.10612727603558,8.130566037241584,-82.34103968297958
29.044961700588026,243.6315222155095,7.871259117440636,-82.75323540773554
28.78507012783752,244.17152627036734,7.601672737999171,-83.18112850466692
28.525429388019848,244.71732281044973,7.32772676753028,-83.6156749263157
28.27009700144896,245.260501358619,7.056064992431061,-84.0468801892641
28.022393849994597,245.79382377943068,6.793558958159395,-84.4645576844707
27.784679885832848,246.3117834858376,6.546770446136698,-84.85912385181823
30.075361621655976,241.5115792137115,8.778178706314693,-82.82033366407897
29.8140330043795,242.0354645112915,8.546167291972575,-83.15584987284478
29.541609522354474,242.58732247744294,8.29872022444491,-83.51282132666056
29.262679508771626,243.15867705994089,8.040353718484832,-83.88490096241382
28.982034955275957,243.74027685974028,7.776781027429336,-84.26423171720249
28.70421983454343,244.32296260904855,7.514584608593931,-84.64193435913054
28.433117909268454,244.89852772374408,7.260747773851607,-85.0087604705398
28.171656750549978,245.4604085033882,7.02211610116956,-85.35581034269353
30.383903047527895,240.87978137926507,9.008434495408043,-83.3220741490455
30.115650990445005,241.41320532184832,8.784299495713311,-83.62852243571814
29.834842153924356,241.97741210109314,8.544702196703431,-83.95530693242974
29.546116962315573,242.5639778695626,8.293980809947728,-84.29669159219556
29.254424385352895,243.1635011841369,8.037716713002638,-84.64546999531787
28.96455667650141,243.76647621519,7.782438064864863,-84.99338956551865
28.68070544646707,244.36419777558282,7.535171919157052,-85.3317448343767
28.406124354831185,244.94952268993828,7.302910419706258,-85.65204807545285
21.903299487696287,259.26494147217215,3.259583403460518,-71.45950994586111
21.991234053977315,259.0534870221961,3.042163700816837,-72.82600538172237
22.08028823032352,258.8392994179347,2.8287021786438804,-74.19020814568957
22.168493818443906,258.6271540481575,2.6230074810256045,-75.52681624658976
22.25393391047428,258.42171485759627,2.428357596521158,-76.81240381411207
22.33488525684254,258.22718673900687,2.247321149962415,-78.02693654404582
22.409928793216704,258.0470437609525,2.0816689076801937,-79.15483878057103
22.478015925205554,257.8838641399548,1.932373926348893,-80.18550641571979
22.80747231049675,256.92125486256424,4.429521022873537,-73.52637544382358
22.81658649531004,256.9082116534798,4.169263192052657,-74.65209048705478
22.829197945662063,256.88740428722497,3.9090621145436772,-75.79117381061032
22.84460563304444,256.8603077327015,3.654003101814759,-76.92148401379359
22.861860587723214,256.8289940898747,3.4088053987095366,-78.02144405471711
22.87987111434175,256.79590244878943,3.1774983431064525,-79.07160518919106
22.897518625922064,256.7635763409883,2.963199255052523,-80.0558884457589
22.913763654794877,256.73441609302364,2.7680113849278123,-80.96236134880324
23.933546321420867,254.09873759696202,5.763363259174987,-75.99466660471703
23.86026601217069,254.2802297873102,5.478529457658636,-76.86790963055985
23.79029384401291,254.45612103372608,5.187911456600996,-77.7645990041074
23.724583608557747,254.62391595202618,4.897388157105744,-78.66706339489915
23.663656249619756,254.78203734399725,4.612884898212448,-79.55703843256414
23.607593584218943,254.92989174422806,4.33991713230022,-80.4170681804582
23.556092569694144,255.06779408498366,4.083199412569016,-81.2317825944446
23.508562904254806,255.19678082336975,3.8463772901222026,-81.9888491205115
25.10831730271862,251.2612138167971,7.029717761671614,-78.45691742296484
24.96612448911265,251.59287523186117,6.743521884807693,-79.11259764770216
24.824445192409605,251.92715624330992,6.4461864518555245,-79.79503803325841
24.685753310364504,252.25832933066138,6.1436117343863845,-80.49103968610936
24.552119269932735,252.58135559419222,5.842231040216806,-81.18612359950173
24.425051288920745,252.89230097248551,5.548510627813771,-81.86564319155643
24.305426234374796,253.18857248793614,5.268445095105774,-82.51592245179042
24.193511714873456,253.46895115881784,5.007129529397348,-83.12523976923643
26.12576788575717,248.88630330571326,8.037843534071797,-80.50579544429986
25.93728881599289,249.3100588166726,7.764952802808077,-81.00482836956364
25.745489591338202,249.74608604902855,7.477667584600607,-81.52970462154147
25.553828334056906,250.18689690199108,7.1814569003336475,-82.07061758317926
25.365542904020447,250.6251674972793,6.882688279628304,-82.6162351781878
25.18336450249591,251.0544037415391,6.588165916321918,-83.15452692015215
25.009316423000357,251.4694664999988,6.30459583585113,-83.67370652965396
24.84462707862322,251.8668705723656,6.03806655616042,-84.16313736408365
26.86974005878333,247.19542100426037,8.729344486541601,-81.95922763503825
26.65518100422775,247.6662869928811,8.472727860013118,-82.36017435234528
26.434002412284517,248.1570089931074,8.200340075565762,-82.78484696169552
26.21013147146818,248.6594690796874,7.9171873898032725,-83.22556184006059
25.987478161416043,249.16522361891862,7.629381600991997,-83.67308747827624
25.769574699352635,249.66628656815166,7.343740090660159,-84.11727012658983
25.5592783290372,250.15583841013418,7.067268926929698,-84.54781167096722
25.358588564875582,250.62873253246147,6.806611953833964,-84.95507570756013
27.34636957723386,246.1314899273333,9.153985643556219,-82.87188192146559
27.11856407156857,246.6240870130829,8.910218091016256,-83.21673717061712
26.881916827927036,247.14135109205276,8.650277298433025,-83.58352507464947
26.640532682409074,247.67504740256823,8.378844696190558,-83.96575388314999
26.39864981534515,248.21628333437047,8.101810070328106,-84.35542218236915
26.160244477888536,248.7563329375054,7.825921140588576,-84.74352659257681
25.92867820447491,249.28744016917915,7.558293780847331,-85.12073188771178
25.706451678903996,249.80345093037448,7.305858053050652,-85.47809936488626
27.625452294974984,245.51530124914305,9.396388504248245,-83.3998783271419
27.39115600982749,246.01766443170848,9.160929981362678,-83.71422876636291
27.14670602433595,246.5474293882618,8.909242627983138,-84.04934639279068
26.896265121849357,247.09639234551622,8.645815888468995,-84.39937605716318
26.64422183542021,247.6554982253558,8.376396630625,-84.75699152977973
26.39478112271556,248.21567448379093,8.107671069045315,-85.11383706039416
26.15158211216945,248.76867974652137,7.846795383932269,-85.4611360935232
25.917415065482473,249.3078048317851,7.600845638655371,-85.79037174729974
20.18379830886797,262.8354520169018,3.329627055448377,-71.06307784977243
20.271660330607663,262.61417968084,3.1042107460323463,-72.472407407814
20.360662400250796,262.389655219993,2.883145626549681,-73.8783567164169
20.448996084618827,262.16645983628945,2.670305590630238,-75.2551754221239
20.534929971433613,261.9490043569707,2.4689981418194593,-76.57913432408142
20.61693754287687,261.74119926412857,2.2817882091442345,-77.83005041371031
20.693791806251678,261.5462071766765,2.110415809028161,-78.99234155256377
20.764616374258573,261.36630580342256,1.9558040393749305,-80.0555141396446
21.000460423892648,260.5729709666818,4.554033623403075,-73.19562252143226
21.01677622949856,260.54342258958224,4.2833569532623255,-74.35724945340992
21.036559210262446,260.50545801593836,4.013029680993455,-75.53178910477526
21.0591165971819,260.46054898377434,3.7482652056790458,-76.69663857542722
21.083554655711254,260.4106922129418,3.4938669328534813,-77.82988435416131
21.108878074298417,260.35818161232754,3.2539036018709275,-78.91187487472784
21.134093968011054,260.3053602096593,3.031490364892916,-79.92646363876783
21.158302157196946,260.2543969593844,2.828694832750804,-80.86176726716319
22.017184600763468,257.8463516801518,5.949109659404165,-75.74571772005447
21.95867861409815,258.0052674833085,5.652295703274778,-76.64717236016166
21.90365954631516,258.1574804004436,5.349753205619634,-77.57213929762726
21.852910975506575,258.3006801434373,5.047541623385026,-78.50253022776201
21.806834542450453,258.4334208182775,4.751728209634323,-79.41974334671097
21.765453952718786,258.5551662987142,4.467920628903198,-80.30609633697391
21.728469762667437,258.6662078533545,4.200874849811584,-81.14610642320318
21.69534731052621,258.76748756074863,3.9542312640127117,-81.92743661582263
23.078603172988526,255.10081897147123,7.2735194225295965,-78.29529113326866
22.95733755632458,255.4059781067684,6.974910655347137,-78.9718839902764
22.83720052354595,255.71204136784533,6.664940195740534,-79.67561640239278
22.720349286572464,256.0135764327819,6.349709704405886,-80.39295553587714
22.60856834760965,256.30583274954324,6.035828781444013,-81.10913276966073
22.50313945494969,256.5851176816236,5.729898118261757,-81.80928314617772
22.404789797294367,256.84900439400985,5.437993854335254,-82.47960453957405
22.313718762591034,257.0963507721261,5.165239954465677,-83.10833783812518
23.999300611208213,252.79791667098635,8.328262973358274,-80.42255718301722
23.835663859415835,253.19344682066517,8.043325714583213,-80.93670469507595
23.669798421637207,253.59901630321093,7.743552124597213,-81.47718294652665
23.504766470035534,254.00745387206234,7.434604362824397,-82.03394065428162
23.343408387264525,254.4117946037196,7.123032896243409,-82.59542057781076
23.188097408662028,254.8058984976682,6.815793987314373,-83.14941271905671
23.040572000242502,255.18493059204266,6.519699608378395,-83.68401515294889
22.901868609834064,255.5456273988692,6.240891218547717,-84.18854629062949
24.67372739002082,251.1548450502896,9.052123750029084,-81.93533115578244
24.486065283481675,251.59703235223503,8.78408864889452,-82.34748331947357
24.29324226183575,252.05652255840502,8.499710087622985,-82.78383960611599
24.09876201939902,252.5254963423675,8.204167362713017,-83.23654004799246
23.906081528242836,252.99588336878742,7.903745756031436,-83.69618435228593
23.718296896521615,253.4600997616155,7.605415289873932,-84.15247930914241
23.537889602562743,253.91170590815128,7.316295867727467,-84.59503369838923
23.366575374418005,254.3458683864545,7.043095629483374,-85.01417299128688
25.106446979338628,250.11931866043915,9.49683966686942,-82.88700395072047
24.906506527162925,250.58324085985714,9.242199757972653,-83.24072562126373
24.699413626933826,251.06910879233382,8.970748995266733,-83.6168176023862
24.488845558601803,251.56896304696107,8.687324316452179,-84.00865301581466
24.278564433389302,252.07428012253948,8.397976644663665,-84.40809994106792
24.07207079919282,252.57675202207375,8.109600862072531,-84.80604469288285
23.87229877160873,253.06903807584686,7.8294265503364775,-85.19307850455003
23.681408771139655,253.54534666259357,7.564451414824956,-85.56023427038618
25.36007802573519,249.5189427176872,9.750781249778525,-83.43823069100421
25.154090555941476,249.9927240786055,9.504819378981928,-83.7601440609731
24.939769260996265,250.49110247487224,9.241960888973468,-84.1032266889858
24.720851113787134,251.00613415857723,8.966838449862259,-84.46151240952148
24.501240255146108,251.52912553654556,8.685351423411724,-84.827565424839
24.28464677171478,252.05142674230441,8.404327647099615,-85.19293795138255
24.07425513507246,252.56522783657957,8.131034916279717,-85.54879279047957
23.87248384842221,253.06420717201746,7.872617220732461,-85.8865920983805
18.760183726030682,265.91319186401273,3.392144083230843,-70.70058065534303
18.84701697555119,265.6852527744996,3.159663076304851,-72.14735151699496
18.93495825061829,265.45368127903924,2.9318900115493,-73.58975445763583
19.022334395468665,265.2228753551492,2.7127532337872773,-75.00166514682901
19.107567831809618,264.9970165049159,2.505582309081777,-76.35911135923206
19.189292531986247,264.7797551786556,2.312935067976456,-77.64180251431264
19.266436048120287,264.57398371412523,2.1365209046185645,-78.83417252554266
19.338259065613354,264.38172203282636,1.9772158624451759,-79.92584415022965
19.50364538345041,263.72578665475316,4.66571779701057,-72.88858095614829
19.52506461400354,263.6832000455655,4.385775088722398,-74.08187724700426
19.54985464332417,263.6317555231456,4.1064585539267675,-75.28763692540852
19.577334493510815,263.5729105644029,3.8330907249723114,-76.48286849092284
19.606659952945925,263.50858528692305,3.57054489322739,-77.64537991704151
19.636917422197318,263.4409384295226,3.3229193771808725,-78.75536303872045
19.667218010882223,263.37213255964963,3.0933223372743757,-79.79663342786543
19.69677530665105,263.30413182781456,2.8837852985223518,-80.75737085933503
20.428565864762998,261.08839970912857,6.116344120561628,-75.50806900430466
20.381609010852237,261.2283468761497,5.808800286092159,-76.43471769389222
20.338190048616898,261.36079883409957,5.4956026142478205,-77.38488768054702
20.2989559588696,261.4836048275576,5.182967926625781,-78.3401298052351
20.264215214610832,261.59542714213416,4.877084125984503,-79.28155905869635
20.233949238656265,261.6957702330868,4.5836347933067305,-80.1913084848817
20.207866374381336,261.78489485853925,4.307405851041886,-81.05381484701549
20.18548156475659,261.8636513209913,4.0520266181174724,-81.85675585454736
21.39431128115532,258.4292696056854,7.4938360213032436,-78.13239260196517
21.28991521270961,258.71143276883566,7.184021339251491,-78.82794029685945
21.1870405190197,258.993185297101,6.862675925286029,-79.55092862802206
21.08758212720577,259.26936511589963,6.536080511525563,-80.28752876910403
20.993091769185245,259.53547765491004,6.210998225136117,-81.0227209200006
20.90467031540307,259.7880382379268,5.894143192705611,-81.74145831372341
20.82292923872319,260.0247560169449,5.591657129114981,-82.42983928512314
20.74801944105972,260.24454421802,5.308681769732077,-83.07608675326915
22.23285489824018,256.19472472678626,8.591598392689255,-80.32751907120264
22.089546697886746,256.5653053276239,8.295702796031188,-80.85557051189957
21.944790548147086,256.9441456393172,7.984603848237738,-81.41036898011161
21.80131399292558,257.32437792474224,7.664138248460871,-81.98164218240046
21.66162760509534,257.6993676797766,7.341018532982152,-82.55763349696562
21.527812823452358,258.06329064139163,7.022332363524913,-83.12597832135059
21.401380597107067,258.4115747194152,6.714979596837835,-83.67468028376008
21.283218648541148,258.74114030947777,6.425140982224489,-84.19302829391374
22.84791504796812,254.59748212818667,9.345571108064314,-81.8921996675175
22.682444731986063,255.01404683471426,9.06708770663687,-82.31479255747433
22.512900331175494,255.4458337891826,8.77177210884878,-82.76201327469575
22.342422717784494,255.88531992359052,8.464962318937754,-83.22584008334032
22.174088273509323,256.3247874047554,8.153099325126163,-83.69672108869143
22.010633488610125,256.75701807602195,7.843287396842584,-84.16423963532286
21.854235217849745,257.1759085460668,7.5427423393603785,-84.61792744909414
21.706384603421082,257.5768930861395,7.25822256759675,-85.04808279258287
23.243005806524906,253.58938164213146,9.809084003504651,-82.87826490611484
23.066159602208916,254.02753334125148,9.544456678412473,-83.2403306664152
22.8834436599096,254.4853852303782,9.262467127666172,-83.62516281736568
22.698165179478007,254.95525949014277,8.968095780868563,-84.02601052323772
22.513683579686703,255.42898612599527,8.667539973972394,-84.43462241741383
22.333103953374252,255.89864300631484,8.36782474653901,-84.84178703767653
22.159011474305622,256.35726092878184,8.076276968544441,-85.23803303641614
21.993294454965223,256.7993627505641,7.799948224733394,-85.61437307416644
23.474771734939686,253.0043470034745,10.073872786084717,-83.45006952206
23.29230329990042,253.45235971575653,9.818240613384502,-83.77914933785526
23.102895437152345,253.9226404345358,9.54513008481935,-84.12976806225365
22.909915003362748,254.40751481678697,9.259307321666135,-84.49585640109987
22.716854322530043,254.89863956810694,8.966810734810357,-84.86987827215489
22.52701048132753,255.38775777033985,8.674594205631726,-85.24330353547329
22.34319518129886,255.86744791502232,8.390021623867709,-85.60724298123813
22.167528071846586,256.33172703620636,8.12029162738801,-85.95314410563145
43.55579044123434,220.9944190959771,2.7817092760875024,-73.65837705955744
43.549772913094564,220.99331365655866,2.6314185598334325,-74.649383730182
43.53951877549517,220.99971538813472,2.4819105535303523,-75.6486739186617
43.52194392972814,221.01866411032148,2.336291886495637,-76.63587161061346
43.49351213834507,221.05587013011382,2.197460520458902,-77.59107580228937
43.4504899941506,221.11732552709609,2.067913063923241,-78.49626713609938
43.38924254669858,221.20885890855334,1.9496100770669256,-79.33643856575871
43.30653788962131,221.33567953942756,1.843909053972432,-80.10032436389713
45.129207963211954,218.55880777148204,3.5393799758583797,-74.9964844022334
44.99729480318642,218.74822784812753,3.3618649897022856,-75.82965158458133
44.86142878793035,218.94510430748412,3.1825236090084936,-76.67976686490948
44.72115302684547,219.15045094976338,3.005239973611848,-77.52923917688328
44.575281334875314,219.36634596865397,2.8338673431088646,-78.36007862869673
44.42197214075458,219.59582903046942,2.6719459589039545,-79.15523344771547
44.258917262276626,219.84263117151013,2.5224690187082177,-79.8997840154927
44.083620111369434,220.1107706520326,2.3877268098911064,-80.58182260996789
47.075408292537695,215.62775634829478,4.433639928763047,-76.60842227291847
46.81556301009394,216.00015119812585,4.237736885523506,-77.27295544320445
46.547601512482906,216.38702017010328,4.036410344919016,-77.95985639066457
46.27397836796558,216.78520426994007,3.8340378378599786,-78.65508558682703
45.996467436184105,217.19244663612662,3.635284457778294,-79.34348576206688
45.71595386057013,217.6077087026708,3.444753680407436,-80.00991476196639
45.432386770423996,218.0312670091703,3.2666471938820334,-80.64037894904045
45.14490434636244,218.46456354043784,3.1044857509496575,-81.22299007615409
49.07912405319143,212.69697493380932,5.311180021417876,-78.22465818154295
48.71737152122493,213.2051836498849,5.110347745563843,-78.74144197301197
48.339907304992245,213.73947747991232,4.900844458334275,-79.28209120966004
47.95141300679047,214.2938388215496,4.687103871359165,-79.83595215918102
47.55630390529742,214.86246399703816,4.474190261136921,-80.39087505975336
47.15825258344574,215.4404350889864,4.267446204678386,-80.93407423540722
46.75984736694973,216.02423415803716,4.072091828753739,-81.45309905372507
46.362459448291425,216.61198369740953,3.892840795343625,-81.93675370500613
50.78690718376053,210.26315505455776,6.029029972080589,-79.57222764250079
50.36101944457495,210.85000846291712,5.833137265613408,-79.98098347996458
49.9115526539964,211.474113738991,5.62658748211342,-80.41272426990628
49.44431563182166,212.1282663829525,5.4136127084281425,-80.85932862865732
48.9653950103298,212.80467608730746,5.1993318738468135,-81.31107521152217
48.48052007690745,213.4958117658003,4.989441302308883,-81.75726991542918
47.99448777372277,214.19521047955334,4.789809576082808,-82.1870357120075
47.51077228663121,214.89807220090614,4.6060396694996095,-82.59013567393744
52.017833585873724,208.5430286283002,6.531177008864529,-80.52852404452831
51.55840209888435,209.1671971005516,6.343353668304802,-80.86866098795431
51.06947609817893,209.83652528965808,6.144018525709608,-81.2303097937241
50.55721236814771,210.5436267589916,5.937175207905802,-81.60694603958028
50.028490824690174,211.2799246727597,5.727866635654442,-81.99046399097917
49.49022093608813,212.03653458441985,5.521915543922568,-82.37164942506139
48.94863441734644,212.8052180275348,5.325542054966435,-82.740829638786
48.40871264870697,213.5792066201978,5.1449117166140494,-83.08860156992236
52.798249747050434,207.46650548283188,6.843471411672201,-81.12893894453586
52.323032380185026,208.1063644569497,6.662558581664487,-81.42936231168183
51.81463506690643,208.79609439642675,6.469874759734691,-81.75010190841117
51.27923925425274,209.52845410370875,6.26926234362712,-82.08554254735935
50.72403424868037,210.29464576317,6.065683709421748,-82.42853350642773
50.156515965427694,211.08518101055154,5.865000334993396,-82.77076948593489
49.583717580779,211.8908911150175,5.673614629499287,-83.10335261295398
49.01153243817914,212.70387283793073,5.498020677494773,-83.41745210753804
53.252217190554184,206.84513401418516,7.023088253452479,-81.47623701375147
52.76977887846609,207.4913575957721,6.846807028598843,-81.75487595457837
52.2520820924921,208.19002986310153,6.65871247423811,-82.05306239542453
51.70525468635828,208.93407902105727,6.462551507282488,-82.36567423105933
51.13659567727889,209.71467368160577,6.2632327608537155,-82.6860896020647
50.553878901150384,210.5220671218984,6.066629679753531,-83.00651828187893
49.96455727139503,211.3466261220224,5.879239879488837,-83.31851291064218
49.375028709849445,212.17983987561732,5.707740991121835,-83.61358855895975
37.235271086334535,230.02738546646964,2.8978825581896617,-73.35846792533536
37.25493541533565,229.98463015181412,2.7329415296015145,-74.43136304351117
37.27293575956702,229.94573548174762,2.569224301311552,-75.51146384453398
37.28653168845068,229.91563083926334,2.4100475019317016,-76.57703590824144
37.292642482570514,229.89979425213087,2.2584611656863105,-77.6070353889037
37.28808060455796,229.90385592708503,2.1170510293532576,-78.58257792579285
37.26980608299712,229.93317182964176,1.9878057457457894,-79.48810537552573
37.235171549515506,229.9924158373878,1.8720590742888386,-80.31210307936983
38.67612978177482,227.54175198690453,3.73388877396464,-74.86291586801948
38.577142301480094,227.6988462725322,3.5390152860259403,-75.75903280378853
38.47747709891151,227.85865563640795,3.3424103864795143,-76.6723434012258
38.376781189256434,228.02202193858875,3.1482597222679334,-77.58408882050738
38.274044759990964,228.19083735604545,2.960669956059037,-78.47522101576313
38.16768953301523,228.36790843175007,2.783368304737076,-79.32782073746182
38.05574926931626,228.55667068854063,2.619460876295579,-80.1263398123539
37.936112072498645,228.76079930089094,2.471278068918863,-80.85850453916395
40.462015832074854,224.55559053672235,4.710476501693898,-76.66670162983274
40.24142108363265,224.90497672370557,4.49638915445413,-77.37562054454246
40.01695230954848,225.26346784511867,4.276479269443217,-78.10787474323915
39.79100402258691,225.62753878823185,4.055462358191118,-78.84854823272383
39.56528174954027,225.9946555496836,3.838323692247783,-79.58162958139141
39.34063836257888,226.3635602846138,3.6299394229702338,-80.29122076825921
39.11705724761988,226.73433466543636,3.434714636552127,-80.96273116436473
38.89378252580843,227.10822924047852,3.2562942443728935,-81.58386727604118
42.30611737681239,221.57312424309796,5.659166237368296,-78.46737233321019
41.987373147364025,222.0659972517569,5.4411437332351325,-79.01374957404222
41.6580923514776,222.5795470539854,5.2136425540258955,-79.5850728823863
41.32286869541734,223.1071517927512,4.981400209446588,-80.17009440359233
40.98593083872445,223.6425445047492,4.7498008446940005,-80.75604405026813
40.650716752747485,224.18048433948127,4.524489196218527,-81.32955291894605
40.319589797799715,224.71724423348581,4.310939618096087,-81.87767850723534
39.99374938508356,225.25081710110598,4.114050134477441,-82.38886472617713
43.882715337352884,219.09801382254904,6.428698779079842,-79.9633683189335
43.50111519985643,219.67478446724022,6.217373161841604,-80.39186799579332
43.1017463060792,220.28372084609924,5.994370847548105,-80.84424721463606
42.690392983944086,220.91683570584436,5.764165835041697,-81.31198238639851
42.27295365347432,221.56569946768622,5.532155107027307,-81.7849124630316
41.85484559690388,222.22231730138319,5.304318835096704,-82.2519126322225
41.44049398277833,222.87993430692023,5.086783450926875,-82.70172803725085
41.03300837483879,223.53360136058035,4.885356109289412,-83.12383314913808
45.02193636282411,217.34936779129552,6.963720284825045,-81.02225300267527
44.606754262814036,217.9665691336982,6.762058363478082,-81.37636820418805
44.16821671201314,218.62422334844052,6.547797737570698,-81.75266855604005
43.71253419965842,219.31406549240512,6.325132413972866,-82.14433278020783
43.24644178294337,220.02676778234525,6.099338922051685,-82.54292473932648
42.776532524568175,220.75287377917144,5.8764919439515175,-82.93889947322904
42.308608909933774,221.4837698339032,5.663051702326439,-83.32228904052667
41.84718549298439,222.21249275847887,5.465382865250905,-83.6834618778355
45.7454379001633,216.25525121055185,7.295151360018056,-81.68595480487045
45.314068956425665,216.88984196813476,7.101506382422401,-81.99722171337726
44.85580419531949,217.5698824985426,6.894997886899916,-82.32931730941912
44.3769347980439,218.287212691046,6.679625753132702,-82.6763836642067
43.88454696590126,219.0322258142668,6.460555021837721,-83.03099767522308
43.385836142037085,219.79479810718948,6.243873348708685,-83.38457977086058
42.887390938342826,220.56532866192865,6.036205159673727,-83.72798521669009
42.39459019123393,221.33568274740475,5.844232499642266,-84.05219375405383
46.16672972559183,215.62381604589828,7.485330172008052,-82.06947007681438
45.72778074906092,216.26566376646,7.296985598788071,-82.3573035360626
45.2599175101837,216.95571752331767,7.095744641393732,-82.66510000184473
44.76941133605631,217.6859705870843,6.885493274376451,-82.98752142937666
44.26348593970523,218.44675496999827,6.671324535394385,-83.31770327552137
43.749629906954716,219.22765466206727,6.4593219785893865,-83.64761046738236
43.234848182632376,220.01857350650891,6.256192286547497,-83.96857631754905
42.725003980326,220.81074462643014,6.0687925998650885,-84.27194728988603
32.37563751312086,237.60760308283866,3.0089223604995303,-72.9434756250448
32.4156327897853,237.52541763772143,2.830392924189874,-74.09184422293144
32.45554622397983,237.44436426132847,2.6535621279605746,-75.24621591455382
32.49290580268025,237.3692858653745,2.4819228178626136,-76.3837122669915
32.524998558199194,237.30544545587634,2.31864456099279,-77.48236330053089
32.54908181133431,237.25813087300068,2.1663737429717957,-78.52262274994935
32.56259833632467,237.23225655850808,2.0271054531573838,-79.48854884339433
32.56336913539423,237.2320092195588,1.9021354571316764,-80.36850437589008
33.673105310723535,235.12530160793318,3.921872384789045,-74.59417871204184
33.60399452497224,235.24673284363007,3.710531827668513,-75.54920732587753
33.53630089723435,235.367128689708,3.4976351229428504,-76.52147105446754
33.46965836383409,235.48732197683358,3.287637435437437,-77.49119309716981
33.40313061295923,235.60914473830167,3.0848622289576486,-78.43843767870496
33.33530932668401,235.73526266333326,2.8931874088720897,-79.34458818241387
33.264481424770324,235.8688851050335,2.7157988254006185,-80.19363006138849
33.18883682584397,236.01339798013268,2.5550415476771375,-80.97305214513773
35.28547950016864,232.14279120924232,4.980624595076368,-76.56959379885723
35.10356140453411,232.46105754029384,4.748931373924928,-77.32075791383456
34.92076775233488,232.78381648636093,4.511124236371708,-78.09604845262112
34.73924173603491,233.1074853075722,4.2722356912220105,-78.87976220970086
34.56046361753354,233.42952229853296,4.037540809190725,-79.65514641994275
34.385131437474016,233.74866848115246,3.8121517950569475,-80.40567477025223
34.213170876494104,234.0649735438137,3.6006395114714733,-81.11628584578811
34.04386366664844,234.37961201170324,3.406737866974448,-81.77439943407833
36.956734004328325,229.16134689539763,6.001893790303715,-78.53892064178793
36.682540968393425,229.62774135821144,5.766922620346362,-79.11380542746852
36.40183228495409,230.10974879323743,5.521762852822913,-79.71462558426484
36.1188470733698,230.60053713862945,5.271449736245443,-80.32958924945045
35.8373960835832,231.09376010618737,5.021669310207943,-80.94537897255718
35.56050056789552,231.58419566251033,4.778340774029058,-81.54813019923436
35.29016861880249,232.06818743837883,4.547158519650748,-82.1245035278142
35.02734603180579,232.54380696109646,4.3331697495377295,-82.66267225096318
38.39137498029282,226.68398470864824,6.825442212699881,-80.17366498241269
38.05705907604433,227.23809564257567,6.59868630960769,-80.62121782205269
37.70979697324972,227.8192491025748,6.359301920815718,-81.0935190322811
37.35503199794546,228.4190905683802,6.112007095503632,-81.5816816520524
36.99818276686796,229.02898844552809,5.862468735457195,-82.07516040234843
36.64411214717258,229.64090309313664,5.616932803091926,-82.5624665695709
36.296692937989846,230.24815562952935,5.381757190828927,-83.03204083199026
35.958553317476124,230.8459431112084,5.162922260814448,-83.47314188615624
39.43156302797398,224.93173957266646,7.395583425676778,-81.3301930520912
39.06447987861466,225.5288661979806,7.1799622088237705,-81.69768077436845
38.6793463906861,226.16144476848973,6.950695430392072,-82.08803249248173
38.28208677444078,226.82073882273286,6.712171270785804,-82.49416940331541
37.87896539494744,227.49711847162476,6.469896164070195,-82.90737543250384
37.47597527949175,228.1810075055571,6.23018422860496,-83.3178343714278
37.07826869716925,228.8638336410979,5.999715096449647,-83.71534732808199
36.68974354850785,229.53878918447109,5.785026375264458,-84.09011769647982
40.0937482247292,223.83447070453866,7.747799347802846,-82.05489233078852
39.71053852784557,224.45052203040788,7.541249849025945,-82.37638831868634
39.30598894498945,225.10716124390916,7.320765889134606,-82.71924326292907
38.88615288313045,225.79570131647912,7.090508237112114,-83.07739686575542
38.457670940307544,226.50617319086027,6.855841807473394,-83.44320399032341
38.02713242507271,227.22827953800856,6.623070525100171,-83.80786737053819
37.600434032048845,227.95242823291787,6.399022427767914,-84.16205813768136
37.18226875035591,228.67063090145697,6.190544706331508,-84.49662504463087
40.47990461935188,223.20089511284831,7.949575109871177,-82.47358734343462
40.08899734763253,223.82505240324997,7.748975201545983,-82.7699788680074
39.6748552694807,224.4926538055299,7.5344070155425245,-83.08677076629513
39.243543679792964,225.19513852853902,7.309898171099431,-83.41845034851497
38.80186131027724,225.92244357292938,7.080723369776287,-83.75796083151833
38.356693322201835,226.66394963863172,6.8531666575443575,-84.09707958941154
37.91433692164387,227.40954634577827,6.634127190292751,-84.42698085688866
37.4799350377083,228.15060454884076,6.4306198771020435,-84.73890061581565
28.617161503125086,243.95263672707713,3.1112057385411975,-72.48564434662967
28.6714462172314,243.83694975935902,2.9204088359237264,-73.701712845281
28.726535119811597,243.72047742118534,2.7317891683663182,-74.92253641198396
28.780178138932207,243.60796984676793,2.548983658161178,-76.12429514794864
28.829966911870507,243.50447431899485,2.3752532348186617,-77.28428305950766
28.873524048977327,243.41494924926405,2.2132821455808167,-78.38246275625626
28.908684249139295,243.3438975453777,2.06505651307379,-79.4026408844935
28.93364507093823,243.29506309033403,1.9318258423184684,-80.33314924372544
29.778074447339705,241.50778089966795,4.097171199690491,-74.26058480176845
29.733285965423885,241.59537620876552,3.87065396992493,-75.26938013510537
29.691116264519117,241.67919370670833,3.642813707695389,-76.29527259640167
29.651150342761465,241.7601281070413,3.418339310020214,-77.31761811211399
29.61249005093264,241.83999885475438,3.201734582002567,-78.31575122642951
29.573856332992886,241.92136341521106,2.996994368205749,-79.27051164717294
29.533741929033923,242.00722944033808,2.807357058072056,-80.16554859997622
29.490587431603835,242.10071558504998,2.6351628373218787,-80.98821595494827
31.223820763452405,238.56788432048248,5.235052848387592,-76.38413710229715
31.075885382648288,238.85300164082855,4.986804393268341,-77.17468327485044
30.929003882029658,239.13898660073525,4.732256903007718,-77.98995123401238
30.785011463433875,239.4223763060414,4.476731543766736,-78.81354082587359
30.645128848351074,239.70075987028432,4.225757866877307,-79.62806640747878
30.50988082162835,239.9729743978475,3.9846463045595955,-80.41648809471505
30.37912448885859,240.23909916477714,3.758097176028225,-81.16338523097241
30.252172098109018,240.50026422915167,3.549903341570952,-81.85598350051087
32.727510621783296,235.62398562141956,6.327631247346181,-78.50212177275009
32.494244499258215,236.05908338479603,6.076409258350786,-79.10412232341199
32.25733205409279,236.50550730613406,5.814410913146509,-79.73291571951624
32.020553989305654,236.9564822674766,5.546954808668715,-80.3762148328713
31.787238046085236,237.40581584153293,5.2800043348831425,-81.02022033572712
31.559960464146677,237.8484888260545,5.019721073078625,-81.65064854416309
31.34037493033365,238.2810442290644,4.771984092068964,-82.25384218983541
31.129192926588104,238.7017094021001,4.541955401160873,-82.81777847828867
34.023400871512514,233.17261929074127,7.205404733628658,-80.26182993580416
33.73370898753789,233.6976701834958,6.963609488717287,-80.72775956332524
33.43475199737881,234.24516391378037,6.708342536927746,-81.21924683873381
33.13148284799685,234.80668978576773,6.4445632842671925,-81.72707165386399
32.82873372474148,235.3737089856452,6.178195792197361,-82.2403469079739
32.53075506912507,235.93839049940803,5.915729736944179,-82.74727175049249
32.24085479525216,236.494326834712,5.663725758017271,-83.23603880078046
31.961203732530194,237.0369908002224,5.4283069650643165,-83.69574359712382
34.9662516755202,231.43544968763342,7.8114699781490495,-81.50788559948559
34.64529044746074,232.00534601539653,7.582084099421279,-81.88835061765553
34.31049168657719,232.6060214497131,7.338092947754901,-82.29234510946158
33.967314452565816,233.22859065437282,7.084082112641133,-82.7125579465481
33.62141364614687,233.8634440752611,6.82578257689418,-83.1400269232237
33.27809545844761,234.50117859866745,6.569733536163961,-83.56470515084001
32.94182930137118,235.1335029405168,6.322812143002851,-83.97620686431065
32.6159118392351,235.75393608242362,6.091703541379398,-84.36461152391219
35.56797938387856,230.34611726750816,8.18524084404256,-82.28921481208594
35.23136898771744,230.93614009643926,7.965874761708044,-82.62064324443692
34.87792955110854,231.5620946003459,7.731573830074809,-82.97397059244413
34.51328167313191,232.21508974724256,7.486664804658521,-83.34295954380642
34.143463072237125,232.8851249095452,7.236711066631178,-83.71977320362039
33.7743495648787,233.5620424708176,6.9882221484417455,-84.09543453930459
33.41109838215735,234.23652125122058,6.748212711045159,-84.4604679570515
33.05772146490934,234.90091716146443,6.523672996708279,-84.80562805172539
35.919434869798266,229.71658006179163,8.399148927608083,-82.7408252213755
35.57524531143201,230.31540870589214,8.186327824950366,-83.04551107991482
35.21248685044981,230.95305758486637,7.958526369749417,-83.37105596031952
34.83681675882939,231.62073058323776,7.719919983417102,-83.71179751177522
34.454440512321995,232.30830434822343,7.475964721867477,-84.06051745670243
34.07152244556351,233.00527592038952,7.233137205099212,-84.4088404854638
33.69359375236699,233.70179629577586,6.998514062551555,-84.74781796700367
33.325075249310686,234.3895853177717,6.779248242658361,-85.06860938951229
25.67024400357627,249.28719255590443,3.2036443644041315,-72.02613307362559
25.7338122319638,249.14469938367523,3.0019271530770686,-73.30201969026716
25.798640197204712,249.00010155137716,2.802849154256505,-74.58143184514654
25.862666741202155,248.85804110705504,2.6101644824653345,-75.83977664457757
25.923737783335394,248.72334819166298,2.4272024673856576,-77.05377295901297
25.979775559827093,248.60066851164902,2.2566691031401764,-78.20301918257553
26.02893178182477,248.4941275024766,2.1005315730762155,-79.27116830199282
26.069705904712812,248.40707159051652,1.9599894174281793,-80.24658246286579
26.7096134215304,246.89787028551874,4.257407301520846,-73.90519430352519
26.683544387685078,246.9557856108874,4.017145918963372,-74.9622725096909
26.660718041750357,247.00799086199098,3.7758273492225474,-76.03618068510141
26.64067079777145,247.0554580271043,3.538340116473913,-77.10554428544695
26.622534760219217,247.10000055681698,3.3093363854112794,-78.14910170417227
26.60513981616863,247.14407347426675,3.0929000870882652,-79.14727437788683
26.587152073265,247.19049235010803,2.8923014240929548,-80.08347622611669
26.567222955476314,247.24212295486805,2.709862532160267,-80.94499981223076
28.005677434028158,244.0221316567195,5.4696749065081445,-76.1545265180326
27.885852349403777,244.2756552528692,5.206172147821748,-76.98118808835675
27.768249443725693,244.52732215977625,4.9362729630919455,-77.83298837893706
27.654409324995523,244.7738673847759,4.66555561732273,-78.69291797380554
27.545315710555197,245.0130601399226,4.399768924968293,-79.54305677596177
27.441343306708223,245.24385824771585,4.144387173445012,-80.36594778712784
27.342296978726743,245.46637899187064,3.904209172256858,-81.14590171910372
27.247526799396958,245.68170545429925,3.6830629785260527,-81.87002157028869
29.357190434369976,241.13707307027437,6.630433290198683,-78.40105507188241
29.159145255199384,241.54032170636907,6.36397216250499,-79.02847443851823
28.959410268415482,241.9514552518509,6.086265889015928,-79.68340130960121
28.76130557609622,242.36390170841335,5.802895856804038,-80.35310089648273
28.567701198760687,242.7717329440128,5.520074515427649,-81.02335203170102
28.380772426674575,243.17020370334228,5.244172945672277,-81.67951883599974
28.20187080900313,243.55609021910345,4.981222103636367,-82.30769040597065
28.03152346891968,243.92778130243863,4.7364688937261965,-82.8957068772875
30.5257702312401,238.7290505069448,7.561010488166557,-80.2709395160944
30.27540020546458,239.22312753278587,7.304892649227981,-80.75441936335746
30.018455369985418,239.7357651417143,7.034580803918104,-81.26418345977437
29.759367406729254,240.25868826440205,6.755266690405978,-81.79070464710783
29.502389527890955,240.78361235119993,6.473113532622345,-82.3227900118602
29.251200988541523,241.3030339540947,6.194829555339924,-82.84836932853582
29.0086094890617,241.81088886110922,5.927149247885816,-83.35543159519257
28.77640282919425,242.3029553435685,5.676309387610104,-83.83295165054824
31.378609038246314,237.01891061407053,8.202618022986973,-81.59723739569979
31.09886127539823,237.5589188507423,7.959972850425821,-81.99026056807396
30.808476207308892,238.12563065633614,7.7018722107891024,-82.40744179843047
30.51239251069293,238.71022464674823,7.433097397690696,-82.84125555645387
30.215642490553478,239.30330268849792,7.159593791742422,-83.28251844906603
29.922874113597896,239.89578705915113,6.888107606802577,-83.72098333484118
29.637937133671,240.47976933340365,6.625690619108976,-84.14610844666812
29.363609272079533,241.04914975354419,6.379149659295844,-84.54788132623634
31.924145976053886,235.9448177259158,8.597961042684352,-82.42991778345268
31.629506940693044,236.5057793573199,8.366158210447885,-82.77103682977673
31.321537960185243,237.0985322642474,8.118517688682386,-83.13458482399695
31.005357024126504,237.7142005807846,7.85953449297416,-83.5141622062187
30.686370514838462,238.3429581940679,7.594964481421147,-83.90176173516392
30.36975878636261,238.97495660573526,7.331509821597944,-84.28825026867945
30.059996594019204,239.60126792938243,7.076352538622275,-84.66403151127763
29.76049915308072,240.21466184114732,6.836603993674128,-85.01978993947978
32.24325564513706,235.32345709723006,8.824100335315494,-82.91159237426201
31.94132598704508,235.8937407800408,8.599369008366974,-83.22440935066754
31.624488176524277,236.4986870099511,8.358734955044307,-83.55854752213628
31.297912469224762,237.12948692502746,8.106524986877519,-83.9082097135248
30.96717439856112,237.77616827258967,7.848373099426559,-84.26603517836874
30.63772756354799,238.42852402354418,7.5909377840415395,-84.62351789039408
30.314389864507913,239.07709905242095,7.341456491853916,-84.97160913482026
30.000943536005526,239.71404139848985,7.107200399782225,-85.30141284692336
23.3199031061091,253.80897152269432,3.2865219132843966,-71.58562145369014
23.389114785557275,253.64571334932222,3.0751328229035257,-72.914045658493
23.45979120970173,253.47944029614214,2.866817978274874,-74.24482011455706
23.530033452085316,253.31467374131637,2.6654266110385336,-75.55271996480127
23.597899979594906,253.15603048171428,2.4743396455732074,-76.81400808235483
23.661558563022545,253.00786515109246,2.2962733444890397,-78.00801595515829
23.719416935978696,252.8739624752232,2.133170158666979,-79.11831104888981
23.770216233242262,252.7573166408748,1.9861788936668303,-80.1333248691177
24.254637626011863,251.48269817270898,4.402475547133873,-73.55188459149296
24.242604427561126,251.5156145307077,4.149874526387902,-74.65196394431337
24.23409252343178,251.5414766303253,3.8964953332093395,-75.76852512165574
24.228601047276772,251.5613245297048,3.647396472121407,-76.8795782077671
24.22529210157003,251.5769576881322,3.407351517888778,-77.96337765928294
24.22309065614793,251.59072709674678,3.1805123371242523,-79.00002047755619
24.220809650594813,251.6052643377623,2.9701659728969863,-79.97276057093983
24.217277054561563,251.623198257371,2.778608316287284,-80.86888010265065
25.42083536849296,248.68063277548913,5.683640626711077,-75.90761495468044
25.323601416704165,248.90571484377128,5.4062505882955,-76.76704823427876
25.22926326360105,249.1269289930512,5.122431763745896,-77.65189307382165
25.13910607268251,249.3412279782304,4.837988817397231,-78.5446105877704
25.05391584436229,249.54656375178843,4.558858187453586,-79.42682974035871
24.97394864536422,249.74200770993602,4.290648259014241,-80.28075820096711
24.89897638518341,249.92770360345614,4.038232301633021,-81.09050529895804
24.828392614941027,250.10467731407329,3.805455956432103,-81.84310436739017
26.639031093078202,245.86459438610152,6.908420657976245,-78.26452553113904
26.47029877080298,246.23775853368807,6.6278823709016645,-78.9154909784543
26.3011843883841,246.61610848120662,6.335732697794826,-79.59454513708765
26.13459089428062,246.99333950253754,6.03779200677205,-80.28855208289136
25.972989820319018,247.3638227213902,5.740493235322702,-80.98292288609615
25.818220327924713,247.72309562448865,5.450386689557952,-81.66272563354852
25.671391658499413,248.0681578197256,5.173626259916778,-82.31385008499456
25.53289518151969,248.39753669669514,4.915520280151981,-82.92404202731237
27.694998828997715,243.50886209796383,7.8893336731800146,-80.23061435613101
27.47802841493834,243.97272448036557,7.619810523691982,-80.73066061085812
27.256416941952377,244.45196620172092,7.335485416170951,-81.25762763597326
27.03410592709057,244.9385480214324,7.041768531334026,-81.80170602260904
26.814828146365908,245.42450945496495,6.745041290553826,-82.35142939014744
26.601768756730255,245.90271088085728,6.452204680877931,-82.89449509593342
26.39731946833346,246.367435810875,6.17014041657827,-83.41872387203983
26.202963830614987,246.8147499932185,5.90517371445157,-83.91300317860602
28.467600695609022,241.8322838223922,8.565272062201842,-81.62800074399964
28.223279996830097,242.34255645917918,8.310092836407128,-82.03305728131936
27.970710697486602,242.87609842422563,8.038719482015921,-82.46284862470596
27.71432662014063,243.4242737771944,7.756122119274123,-82.90965000603585
27.45858677361517,243.9779897762447,7.468446341094928,-83.36407766969265
27.2075577656643,244.52855253149738,7.182625447472958,-83.81570842867161
26.96456193922342,245.06845970745078,6.905862329197529,-84.25387071503471
26.73195376669872,245.59198311459798,6.645062912061585,-84.66848207426862
28.962786303410642,240.77757552025483,8.98165218433042,-82.5066503692576
28.704470186102675,241.3092984851342,8.738016378136948,-82.85715564462241
28.43548825373251,241.86926669024132,8.477745080206368,-83.2305926670617
28.160460355242822,242.44875028346743,8.205498983688189,-83.62041022305951
27.884201791987326,243.03820569597545,7.927216191143287,-84.01844714311969
27.61127029889233,243.62816617203652,7.649775612550882,-84.41543235569772
27.345552598062227,244.21013180459906,7.380506743406803,-84.80166797006605
27.089969456753508,244.77728575433994,7.126621380380997,-85.1677855906906
29.252820109049203,240.1667946688679,9.219792018285855,-83.01541493458586
28.987597775650634,240.7081843517633,8.98368507180902,-83.33616400896808
28.710284136876517,241.28064281516964,8.730853136940762,-83.6786822599685
28.425559522984685,241.87548484103257,8.465773383353891,-84.0370478900219
28.13840434132363,242.48300330335198,8.194250212609068,-84.40377101703494
27.85363074487092,243.09336772452608,7.923110367095009,-84.77023046084845
27.575437500149764,243.697558816377,7.659734325104132,-85.12729339699115
27.307073425435934,244.2881580690955,7.41149241294867,-85.46602245953157
21.41206596074699,257.67915363205043,3.360705531389959,-71.173011856902
21.484432601995792,257.5000876626692,3.140747655380423,-72.5475677433511
21.558327554085544,257.31736933395166,2.9242681737461576,-73.92337081998348
21.631991589035877,257.1353924293831,2.715194268043503,-75.27467404499967
21.703661248475626,256.9585690227055,2.5169458058997263,-76.57737689373428
21.77170600352064,256.79098685778075,2.3322415555603624,-77.8106148666476
21.83474088807917,256.6361264357732,2.162996182662937,-78.95791672341123
21.891700949219743,256.49667230636464,2.0103087039788536,-80.00780692282186
22.25796938590284,255.41732250852084,4.53337842753674,-73.21274352699184
22.256360812614577,255.429592858067,4.2697291085576365,-74.35101979869759
22.258354135263225,255.43387408000015,4.005580873678153,-75.50538600653402
22.263423301485027,255.43125752471644,3.7461375797136656,-76.6533300664565
22.270761147209797,255.4235178175138,3.4962725148137657,-77.77271220315272
22.279375984766496,255.41290086663324,3.26018939099573,-78.84337691963214
22.28820491953432,255.4018641741368,3.041181716735701,-79.84847222703924
22.29622305051837,255.3928179738552,2.841514488066477,-80.77530370309408
23.31326057819537,252.6911973573849,5.8778422786552165,-75.65878035781584
23.233988782773302,252.89141139057077,5.5878831819938215,-76.54779042943275
23.157978345320508,253.08627672887215,5.291508216409465,-77.46237589038114
23.08630195852486,253.27295548335806,4.994720538204608,-78.38453865507842
23.01958656835862,253.44956539196244,4.703617331557357,-79.29552495460767
22.95799776363853,253.61527332338844,4.4239167374534745,-80.17727272763263
22.901289280424137,253.77023471521497,4.160547915151846,-81.01374153985898
22.848899661915745,253.91540972077402,3.9173617430963463,-81.79193231684198
24.4167125428551,249.94732837444977,7.162081330042739,-78.11052108194248
24.272022662041113,250.29316351626713,6.868654453755679,-78.78312367567523
24.127818758680803,250.64208148278854,6.563331806398278,-79.48428343290115
23.98664417982314,250.98805997937987,6.252149492168499,-80.20050528659993
23.85063611267349,251.32576548822138,5.941734212043282,-80.9168805379547
23.721360036344226,251.6509989022376,5.638789351177554,-81.61822697181302
23.59973508425612,251.96095699511093,5.349567794838041,-82.290278477535
23.48605453745045,252.25427760149483,5.079421092712928,-82.92071896078758
25.37496928449497,247.64725155186494,8.19031673603319,-80.1604283468409
25.18587405334074,248.08298759971498,7.908388460678399,-80.67596246534983
24.99352692313376,248.53152371134556,7.611149655316015,-81.21896765408512
24.801434380482778,248.9850982420019,7.304212551084399,-81.7793762114696
24.612881372686378,249.4360914602868,6.994155252907917,-82.34547760726483
24.43063979141522,249.87772044969114,6.688047530254432,-82.90476783000264
24.256763307675886,250.30459233792567,6.392894320534043,-83.44493026411732
24.092498378255076,250.71302464558798,6.115089291603576,-83.95478869456194
26.07747795487141,246.00702079097712,8.89888114318727,-81.62052978785778
25.8630238871808,246.48920419092767,8.632008206239256,-82.03699831132546
25.64210197809879,246.99180403992622,8.348304741764942,-82.47872130094908
25.418688205947035,247.50642918199392,8.052919259323042,-82.93778902031534
25.19673921214255,248.02432630296406,7.7521812011300195,-83.40463632426453
24.9798272783099,248.53719120081323,7.453191177251427,-83.86868394224712
24.770838314993213,249.03791096188695,7.163281424653672,-84.3191521608454
24.571788165631343,249.52109466781042,6.889437427784627,-84.74590589231684
26.528468753100228,244.9735999922693,9.335412403268947,-82.54010492749305
26.30094831193784,245.4774746223233,9.080677772266919,-82.89960764541094
26.064785850450647,246.00660718724373,8.808609940525411,-83.2825076791482
25.824142432787003,246.55248347894712,8.524028170395178,-83.68211288420692
25.583309819080945,247.1058860145477,8.233040533982061,-84.09012070439493
25.34631036416948,247.65774606220685,7.942685542359459,-84.49713767594582
25.116539358671922,248.19998101053852,7.66042107703143,-84.8933795505029
24.896516743591103,248.726156367725,7.393541052526936,-85.26943816201118
26.79290682541613,244.37454898406014,9.58510534612824,-83.07312725960028
26.55890214476186,244.8882957744608,9.338294810799113,-83.40153532963416
26.314966549804545,245.4300611166442,9.074034176875625,-83.75213555772314
26.065325653218377,245.99135667164265,8.79694628516948,-84.11888935021916
25.814428751980028,246.56279045149995,8.512995449667029,-84.49418849181745
25.566533231034132,247.13493011219595,8.22916158465498,-84.8693090491403
25.32531736475646,247.69918584474962,7.9529506839963275,-85.23504643719194
25.0935945971016,248.24854384662748,7.691814985618981,-85.58243250716833
19.837285621286235,261.024719470657,3.4272245814849307,-70.79097060777232
19.91115664767001,260.8337386343218,3.1996510122516386,-72.2061573330855
19.986541242238783,260.6386503001606,2.975928813228448,-73.62156256740417
20.061801127589515,260.44371786952945,2.760049713096593,-75.01100720601252
20.135322704375515,260.2531603204721,2.5554632277203546,-76.35009703653927
20.2056420699559,260.0708229070856,2.3648854286083942,-77.61782339888812
20.27154311579724,259.89991595556813,2.1902018751794397,-78.79770828423025
20.33211733683458,259.7428527863476,2.032463662352648,-79.87838246037738
20.608019579047742,258.82549435982213,4.651534916576179,-72.8931518450282
20.61414699532344,258.82085057280256,4.377985527911575,-74.06538922090934
20.62384662654678,258.80756396972333,4.104209401631931,-75.25330414005953
20.636577106630604,258.7867603833005,3.835534871321642,-76.43394217577706
20.651562032050347,258.76018021028653,3.5769183210724806,-77.58483594311407
20.66788264092969,258.7299653979693,3.332603021656804,-78.68563322873348
20.68458098139098,258.69841091329073,3.105881861869707,-79.71941483668583
20.700754631580242,258.667727639827,2.8989866162265105,-80.6735317553799
21.56906092808533,256.1736060843706,6.053942343747498,-75.41636411375472
21.504062890671733,256.35237528939126,5.752626832699088,-76.33202253521235
21.442503435192275,256.524700034533,5.44493867140732,-77.27334044454317
21.385281374882283,256.6879317921205,5.13705539574496,-78.22191939167767
21.332896988384075,256.8403318784404,4.835211791178603,-79.15868215772288
21.285447742717295,256.9811426831465,4.545216928421889,-80.06534540720273
21.242679127916926,257.11051866024667,4.27204164046357,-80.9257585492777
21.204073121382724,257.2293495951973,4.019533510437819,-81.72691628836152
22.574420769821025,253.50101495643239,7.393072609602218,-77.94993727008371
22.44937801631109,253.8225215946656,7.0878954511274745,-78.64233682386767
22.325397145759624,254.14546665817457,6.770602218691278,-79.36366929679096
22.204717604275423,254.46410191900176,6.447422588573564,-80.10011902169336
22.0892000728672,254.77336773471234,6.125153531646771,-80.83649795196331
21.980188673005394,255.06930032785047,5.810628705349788,-81.55741387265611
21.87845406081118,255.34926358601595,5.510181484995675,-82.24847623424917
21.784218496555734,255.61198048480435,5.229192694612832,-82.89733189481676
23.448602514727558,251.2565992949583,8.465424593161083,-80.07302962411799
23.282629295662705,251.66680191833186,8.172091306490712,-80.60294807091516
23.114410179642547,252.08771339794535,7.863021664773508,-81.16081094348914
22.947075940428924,252.51185812461205,7.54401296550312,-81.73631497550346
22.783533392294938,252.93194657973484,7.221819531336504,-82.31753177403833
22.62621285439064,253.34152671207826,6.903658399180082,-82.89178277474484
22.476895136048796,253.73549439372175,6.596637791867987,-83.44663820638907
22.33664164938322,254.1103819076332,6.307203673466879,-83.97087717733207
24.090459340844603,249.6531588753927,9.20467438710753,-81.58847832986292
23.90098985589631,250.10954740539327,8.926980605396185,-82.01568115705876
23.7063904293524,250.58398909701677,8.6319086840498,-82.46860224923796
23.510235327058734,251.0683591756075,8.32477330143339,-82.93916067991223
23.316051199973025,251.55424407213542,8.01207130882688,-83.41762658136865
23.126995936603088,252.03371099068727,7.70105132125338,-83.89328377679331
22.945598027627018,252.50000223056395,7.399156509522886,-84.35526048785275
22.773602920588157,252.94802362406298,7.113435563672042,-84.79338311078712
24.50305311737053,248.64148901168625,9.660282292557998,-82.54445735961667
24.30141617155104,249.1196257221319,9.395233427914404,-82.9125053518955
24.09268494976394,249.62051559743213,9.11224283918086,-83.30437612078126
23.880613765076678,250.1358894872782,8.816279255329261,-83.71324601820736
23.66904223733358,250.65686409423512,8.51360704239971,-84.13068314566799
23.46154055652832,251.17475543032438,8.21140768073185,-84.54718486522954
23.26109777481239,251.68186752058614,7.917250151112703,-84.95289315193908
23.069910376406554,252.17210706583282,7.63849496807093,-85.33837027381699
24.745196582768198,248.05449957020372,9.920958210582672,-83.09916673108447
24.537497058540147,248.5426104425635,9.664175612590437,-83.43489728838551
24.321533745875,249.05616546631984,9.389306001479895,-83.79321245516914
24.101126585187913,249.58690674941448,9.101110550320785,-84.16796423353158
23.880263858920976,250.12576986306206,8.805701555794572,-84.55143564803323
23.662732232528988,250.6637109357405,8.51019697867311,-84.93481060206146
23.451777673655965,251.19254115741006,8.222212152724675,-85.30882284590994
23.249860286454176,251.7056106957915,7.949266383533703,-85.66448155478136
